timestamp, index, name, utilization.gpu [%], utilization.memory [%], memory.total [MiB], memory.used [MiB], memory.free [MiB], power.draw [W], temperature.gpu
2026/06/18 12:17:42.390, 0, Tesla V100-SXM2-32GB, 0 %, 0 %, 32768 MiB, 0 MiB, 32495 MiB, 73.37 W, 56
2026/06/18 12:17:43.391, 0, Tesla V100-SXM2-32GB, 0 %, 0 %, 32768 MiB, 0 MiB, 32495 MiB, 61.65 W, 56
2026/06/18 12:17:44.393, 0, Tesla V100-SXM2-32GB, 0 %, 0 %, 32768 MiB, 0 MiB, 32495 MiB, 61.41 W, 55
2026/06/18 12:17:45.394, 0, Tesla V100-SXM2-32GB, 0 %, 0 %, 32768 MiB, 0 MiB, 32495 MiB, 61.20 W, 55
2026/06/18 12:17:46.396, 0, Tesla V100-SXM2-32GB, 0 %, 0 %, 32768 MiB, 0 MiB, 32495 MiB, 46.65 W, 54
2026/06/18 12:17:47.397, 0, Tesla V100-SXM2-32GB, 0 %, 0 %, 32768 MiB, 4 MiB, 32491 MiB, 46.14 W, 54
2026/06/18 12:17:48.399, 0, Tesla V100-SXM2-32GB, 0 %, 0 %, 32768 MiB, 580 MiB, 31915 MiB, 62.00 W, 54
2026/06/18 12:17:49.400, 0, Tesla V100-SXM2-32GB, 27 %, 13 %, 32768 MiB, 4604 MiB, 27891 MiB, 62.90 W, 54
2026/06/18 12:17:50.410, 0, Tesla V100-SXM2-32GB, 96 %, 58 %, 32768 MiB, 4812 MiB, 27683 MiB, 250.66 W, 59
2026/06/18 12:17:51.411, 0, Tesla V100-SXM2-32GB, 66 %, 38 %, 32768 MiB, 4812 MiB, 27683 MiB, 249.53 W, 59
2026/06/18 12:17:52.413, 0, Tesla V100-SXM2-32GB, 95 %, 59 %, 32768 MiB, 4812 MiB, 27683 MiB, 250.37 W, 60
2026/06/18 12:17:53.414, 0, Tesla V100-SXM2-32GB, 96 %, 57 %, 32768 MiB, 4812 MiB, 27683 MiB, 265.45 W, 60
2026/06/18 12:17:54.415, 0, Tesla V100-SXM2-32GB, 96 %, 58 %, 32768 MiB, 4812 MiB, 27683 MiB, 251.25 W, 61
2026/06/18 12:17:55.421, 0, Tesla V100-SXM2-32GB, 95 %, 59 %, 32768 MiB, 4812 MiB, 27683 MiB, 229.12 W, 61
2026/06/18 12:17:56.422, 0, Tesla V100-SXM2-32GB, 96 %, 58 %, 32768 MiB, 4812 MiB, 27683 MiB, 262.36 W, 61
2026/06/18 12:17:57.424, 0, Tesla V100-SXM2-32GB, 96 %, 58 %, 32768 MiB, 4812 MiB, 27683 MiB, 255.04 W, 61
2026/06/18 12:17:58.425, 0, Tesla V100-SXM2-32GB, 96 %, 59 %, 32768 MiB, 4812 MiB, 27683 MiB, 234.87 W, 61
2026/06/18 12:17:59.427, 0, Tesla V100-SXM2-32GB, 95 %, 57 %, 32768 MiB, 4812 MiB, 27683 MiB, 264.33 W, 61
2026/06/18 12:18:00.428, 0, Tesla V100-SXM2-32GB, 96 %, 58 %, 32768 MiB, 4812 MiB, 27683 MiB, 257.42 W, 62
2026/06/18 12:18:01.430, 0, Tesla V100-SXM2-32GB, 96 %, 58 %, 32768 MiB, 4812 MiB, 27683 MiB, 256.77 W, 62
2026/06/18 12:18:02.432, 0, Tesla V100-SXM2-32GB, 96 %, 58 %, 32768 MiB, 4812 MiB, 27683 MiB, 266.77 W, 62
2026/06/18 12:18:03.433, 0, Tesla V100-SXM2-32GB, 96 %, 58 %, 32768 MiB, 4812 MiB, 27683 MiB, 248.98 W, 62
2026/06/18 12:18:04.435, 0, Tesla V100-SXM2-32GB, 96 %, 58 %, 32768 MiB, 4812 MiB, 27683 MiB, 258.72 W, 62
2026/06/18 12:18:05.438, 0, Tesla V100-SXM2-32GB, 96 %, 58 %, 32768 MiB, 4812 MiB, 27683 MiB, 265.64 W, 62
2026/06/18 12:18:06.440, 0, Tesla V100-SXM2-32GB, 96 %, 59 %, 32768 MiB, 4812 MiB, 27683 MiB, 254.39 W, 62
2026/06/18 12:18:07.442, 0, Tesla V100-SXM2-32GB, 96 %, 58 %, 32768 MiB, 4812 MiB, 27683 MiB, 258.24 W, 62
2026/06/18 12:18:08.443, 0, Tesla V100-SXM2-32GB, 96 %, 58 %, 32768 MiB, 4812 MiB, 27683 MiB, 265.52 W, 62
2026/06/18 12:18:09.446, 0, Tesla V100-SXM2-32GB, 96 %, 59 %, 32768 MiB, 4812 MiB, 27683 MiB, 257.29 W, 63
2026/06/18 12:18:10.448, 0, Tesla V100-SXM2-32GB, 88 %, 53 %, 32768 MiB, 4812 MiB, 27683 MiB, 89.58 W, 61
2026/06/18 12:18:11.450, 0, Tesla V100-SXM2-32GB, 0 %, 0 %, 32768 MiB, 4812 MiB, 27683 MiB, 77.56 W, 57
2026/06/18 12:18:12.452, 0, Tesla V100-SXM2-32GB, 0 %, 0 %, 32768 MiB, 4812 MiB, 27683 MiB, 73.71 W, 56
2026/06/18 12:18:13.454, 0, Tesla V100-SXM2-32GB, 0 %, 0 %, 32768 MiB, 4812 MiB, 27683 MiB, 73.23 W, 56
2026/06/18 12:18:14.455, 0, Tesla V100-SXM2-32GB, 0 %, 0 %, 32768 MiB, 4812 MiB, 27683 MiB, 73.28 W, 55
2026/06/18 12:18:15.456, 0, Tesla V100-SXM2-32GB, 96 %, 59 %, 32768 MiB, 4812 MiB, 27683 MiB, 238.04 W, 60
2026/06/18 12:18:16.458, 0, Tesla V100-SXM2-32GB, 96 %, 58 %, 32768 MiB, 4812 MiB, 27683 MiB, 255.00 W, 61
2026/06/18 12:18:17.459, 0, Tesla V100-SXM2-32GB, 96 %, 58 %, 32768 MiB, 4812 MiB, 27683 MiB, 245.03 W, 61
2026/06/18 12:18:18.461, 0, Tesla V100-SXM2-32GB, 96 %, 59 %, 32768 MiB, 4812 MiB, 27683 MiB, 259.32 W, 61
2026/06/18 12:18:19.462, 0, Tesla V100-SXM2-32GB, 95 %, 57 %, 32768 MiB, 4812 MiB, 27683 MiB, 252.01 W, 62
2026/06/18 12:18:20.463, 0, Tesla V100-SXM2-32GB, 96 %, 58 %, 32768 MiB, 4812 MiB, 27683 MiB, 244.55 W, 61
2026/06/18 12:18:21.465, 0, Tesla V100-SXM2-32GB, 96 %, 58 %, 32768 MiB, 4812 MiB, 27683 MiB, 253.74 W, 62
2026/06/18 12:18:22.467, 0, Tesla V100-SXM2-32GB, 96 %, 58 %, 32768 MiB, 4812 MiB, 27683 MiB, 257.89 W, 62
2026/06/18 12:18:23.468, 0, Tesla V100-SXM2-32GB, 96 %, 58 %, 32768 MiB, 4812 MiB, 27683 MiB, 240.42 W, 61
2026/06/18 12:18:24.469, 0, Tesla V100-SXM2-32GB, 96 %, 59 %, 32768 MiB, 4812 MiB, 27683 MiB, 260.93 W, 62
2026/06/18 12:18:25.471, 0, Tesla V100-SXM2-32GB, 96 %, 58 %, 32768 MiB, 4812 MiB, 27683 MiB, 260.15 W, 62
2026/06/18 12:18:26.472, 0, Tesla V100-SXM2-32GB, 96 %, 58 %, 32768 MiB, 4812 MiB, 27683 MiB, 255.68 W, 62
2026/06/18 12:18:27.483, 0, Tesla V100-SXM2-32GB, 96 %, 59 %, 32768 MiB, 4812 MiB, 27683 MiB, 257.89 W, 62
2026/06/18 12:18:28.484, 0, Tesla V100-SXM2-32GB, 96 %, 57 %, 32768 MiB, 4812 MiB, 27683 MiB, 260.10 W, 62
2026/06/18 12:18:29.486, 0, Tesla V100-SXM2-32GB, 96 %, 58 %, 32768 MiB, 4812 MiB, 27683 MiB, 250.13 W, 62
2026/06/18 12:18:30.487, 0, Tesla V100-SXM2-32GB, 96 %, 59 %, 32768 MiB, 4812 MiB, 27683 MiB, 260.45 W, 63
2026/06/18 12:18:31.489, 0, Tesla V100-SXM2-32GB, 96 %, 57 %, 32768 MiB, 4812 MiB, 27683 MiB, 257.24 W, 63
2026/06/18 12:18:32.490, 0, Tesla V100-SXM2-32GB, 96 %, 58 %, 32768 MiB, 4812 MiB, 27683 MiB, 246.62 W, 62
2026/06/18 12:18:33.491, 0, Tesla V100-SXM2-32GB, 95 %, 58 %, 32768 MiB, 4812 MiB, 27683 MiB, 250.89 W, 63
2026/06/18 12:18:34.493, 0, Tesla V100-SXM2-32GB, 96 %, 57 %, 32768 MiB, 4812 MiB, 27683 MiB, 255.51 W, 63
2026/06/18 12:18:35.494, 0, Tesla V100-SXM2-32GB, 96 %, 58 %, 32768 MiB, 4812 MiB, 27683 MiB, 196.87 W, 63
2026/06/18 12:18:36.496, 0, Tesla V100-SXM2-32GB, 96 %, 57 %, 32768 MiB, 4812 MiB, 27683 MiB, 251.36 W, 63
2026/06/18 12:18:37.497, 0, Tesla V100-SXM2-32GB, 96 %, 58 %, 32768 MiB, 4812 MiB, 27683 MiB, 229.63 W, 63
2026/06/18 12:18:38.499, 0, Tesla V100-SXM2-32GB, 96 %, 59 %, 32768 MiB, 4812 MiB, 27683 MiB, 259.50 W, 63
2026/06/18 12:18:39.500, 0, Tesla V100-SXM2-32GB, 96 %, 58 %, 32768 MiB, 4812 MiB, 27683 MiB, 261.53 W, 63
2026/06/18 12:18:40.502, 0, Tesla V100-SXM2-32GB, 96 %, 57 %, 32768 MiB, 4812 MiB, 27683 MiB, 228.83 W, 63
2026/06/18 12:18:41.503, 0, Tesla V100-SXM2-32GB, 96 %, 59 %, 32768 MiB, 4812 MiB, 27683 MiB, 255.51 W, 63
2026/06/18 12:18:42.504, 0, Tesla V100-SXM2-32GB, 79 %, 48 %, 32768 MiB, 4812 MiB, 27683 MiB, 261.45 W, 62
2026/06/18 12:18:43.506, 0, Tesla V100-SXM2-32GB, 96 %, 58 %, 32768 MiB, 4812 MiB, 27683 MiB, 255.38 W, 63
2026/06/18 12:18:44.508, 0, Tesla V100-SXM2-32GB, 96 %, 58 %, 32768 MiB, 4812 MiB, 27683 MiB, 205.22 W, 63
2026/06/18 12:18:45.509, 0, Tesla V100-SXM2-32GB, 96 %, 59 %, 32768 MiB, 4812 MiB, 27683 MiB, 258.85 W, 63
2026/06/18 12:18:46.511, 0, Tesla V100-SXM2-32GB, 96 %, 58 %, 32768 MiB, 4812 MiB, 27683 MiB, 254.56 W, 63
2026/06/18 12:18:47.512, 0, Tesla V100-SXM2-32GB, 96 %, 59 %, 32768 MiB, 4812 MiB, 27683 MiB, 242.97 W, 63
2026/06/18 12:18:48.514, 0, Tesla V100-SXM2-32GB, 96 %, 58 %, 32768 MiB, 4812 MiB, 27683 MiB, 266.17 W, 63
2026/06/18 12:18:49.515, 0, Tesla V100-SXM2-32GB, 96 %, 59 %, 32768 MiB, 4812 MiB, 27683 MiB, 262.18 W, 64
2026/06/18 12:18:50.517, 0, Tesla V100-SXM2-32GB, 96 %, 58 %, 32768 MiB, 4812 MiB, 27683 MiB, 240.10 W, 64
2026/06/18 12:18:51.518, 0, Tesla V100-SXM2-32GB, 96 %, 58 %, 32768 MiB, 4812 MiB, 27683 MiB, 264.86 W, 63
2026/06/18 12:18:52.519, 0, Tesla V100-SXM2-32GB, 96 %, 58 %, 32768 MiB, 4812 MiB, 27683 MiB, 255.72 W, 64
2026/06/18 12:18:53.521, 0, Tesla V100-SXM2-32GB, 96 %, 58 %, 32768 MiB, 4812 MiB, 27683 MiB, 248.84 W, 64
2026/06/18 12:18:54.522, 0, Tesla V100-SXM2-32GB, 96 %, 58 %, 32768 MiB, 4812 MiB, 27683 MiB, 267.24 W, 64
2026/06/18 12:18:55.524, 0, Tesla V100-SXM2-32GB, 96 %, 59 %, 32768 MiB, 4812 MiB, 27683 MiB, 247.08 W, 64
2026/06/18 12:18:56.525, 0, Tesla V100-SXM2-32GB, 96 %, 58 %, 32768 MiB, 4812 MiB, 27683 MiB, 261.23 W, 64
2026/06/18 12:18:57.527, 0, Tesla V100-SXM2-32GB, 96 %, 58 %, 32768 MiB, 4812 MiB, 27683 MiB, 264.21 W, 64
2026/06/18 12:18:58.528, 0, Tesla V100-SXM2-32GB, 96 %, 59 %, 32768 MiB, 4812 MiB, 27683 MiB, 260.75 W, 64
2026/06/18 12:18:59.530, 0, Tesla V100-SXM2-32GB, 96 %, 58 %, 32768 MiB, 4812 MiB, 27683 MiB, 255.51 W, 64
2026/06/18 12:19:00.531, 0, Tesla V100-SXM2-32GB, 96 %, 58 %, 32768 MiB, 4812 MiB, 27683 MiB, 260.75 W, 64
2026/06/18 12:19:01.533, 0, Tesla V100-SXM2-32GB, 96 %, 59 %, 32768 MiB, 4812 MiB, 27683 MiB, 251.05 W, 64
2026/06/18 12:19:02.534, 0, Tesla V100-SXM2-32GB, 96 %, 58 %, 32768 MiB, 4812 MiB, 27683 MiB, 259.80 W, 64
2026/06/18 12:19:03.535, 0, Tesla V100-SXM2-32GB, 96 %, 58 %, 32768 MiB, 4812 MiB, 27683 MiB, 255.65 W, 64
2026/06/18 12:19:04.537, 0, Tesla V100-SXM2-32GB, 96 %, 59 %, 32768 MiB, 4812 MiB, 27683 MiB, 254.69 W, 64
2026/06/18 12:19:05.538, 0, Tesla V100-SXM2-32GB, 96 %, 57 %, 32768 MiB, 4812 MiB, 27683 MiB, 254.52 W, 64
2026/06/18 12:19:06.540, 0, Tesla V100-SXM2-32GB, 96 %, 58 %, 32768 MiB, 4812 MiB, 27683 MiB, 256.46 W, 64
2026/06/18 12:19:07.541, 0, Tesla V100-SXM2-32GB, 96 %, 60 %, 32768 MiB, 4812 MiB, 27683 MiB, 258.50 W, 64
2026/06/18 12:19:08.542, 0, Tesla V100-SXM2-32GB, 96 %, 57 %, 32768 MiB, 4812 MiB, 27683 MiB, 251.22 W, 64
2026/06/18 12:19:09.544, 0, Tesla V100-SXM2-32GB, 96 %, 58 %, 32768 MiB, 4812 MiB, 27683 MiB, 158.10 W, 64
2026/06/18 12:19:10.546, 0, Tesla V100-SXM2-32GB, 96 %, 58 %, 32768 MiB, 4812 MiB, 27683 MiB, 255.34 W, 64
2026/06/18 12:19:11.547, 0, Tesla V100-SXM2-32GB, 95 %, 59 %, 32768 MiB, 4812 MiB, 27683 MiB, 255.34 W, 64
2026/06/18 12:19:12.548, 0, Tesla V100-SXM2-32GB, 96 %, 58 %, 32768 MiB, 4812 MiB, 27683 MiB, 252.96 W, 64
2026/06/18 12:19:13.550, 0, Tesla V100-SXM2-32GB, 96 %, 57 %, 32768 MiB, 4812 MiB, 27683 MiB, 247.39 W, 64
2026/06/18 12:19:14.552, 0, Tesla V100-SXM2-32GB, 96 %, 59 %, 32768 MiB, 4812 MiB, 27683 MiB, 248.05 W, 64
2026/06/18 12:19:15.554, 0, Tesla V100-SXM2-32GB, 96 %, 58 %, 32768 MiB, 4812 MiB, 27683 MiB, 258.55 W, 64
2026/06/18 12:19:16.556, 0, Tesla V100-SXM2-32GB, 96 %, 59 %, 32768 MiB, 4812 MiB, 27683 MiB, 258.72 W, 64
2026/06/18 12:19:17.558, 0, Tesla V100-SXM2-32GB, 85 %, 50 %, 32768 MiB, 4812 MiB, 27683 MiB, 259.63 W, 64
2026/06/18 12:19:18.560, 0, Tesla V100-SXM2-32GB, 92 %, 57 %, 32768 MiB, 4812 MiB, 27683 MiB, 267.72 W, 64
2026/06/18 12:19:19.562, 0, Tesla V100-SXM2-32GB, 96 %, 57 %, 32768 MiB, 4812 MiB, 27683 MiB, 258.59 W, 64
2026/06/18 12:19:20.565, 0, Tesla V100-SXM2-32GB, 96 %, 58 %, 32768 MiB, 4812 MiB, 27683 MiB, 226.10 W, 64
2026/06/18 12:19:21.568, 0, Tesla V100-SXM2-32GB, 95 %, 59 %, 32768 MiB, 4812 MiB, 27683 MiB, 255.99 W, 64
2026/06/18 12:19:22.570, 0, Tesla V100-SXM2-32GB, 96 %, 58 %, 32768 MiB, 4812 MiB, 27683 MiB, 253.78 W, 64
2026/06/18 12:19:23.572, 0, Tesla V100-SXM2-32GB, 50 %, 30 %, 32768 MiB, 4812 MiB, 27683 MiB, 255.45 W, 64
2026/06/18 12:19:24.574, 0, Tesla V100-SXM2-32GB, 96 %, 59 %, 32768 MiB, 4812 MiB, 27683 MiB, 236.61 W, 64
2026/06/18 12:19:25.576, 0, Tesla V100-SXM2-32GB, 96 %, 58 %, 32768 MiB, 4812 MiB, 27683 MiB, 259.67 W, 64
2026/06/18 12:19:26.578, 0, Tesla V100-SXM2-32GB, 96 %, 58 %, 32768 MiB, 4812 MiB, 27683 MiB, 254.56 W, 64
2026/06/18 12:19:27.580, 0, Tesla V100-SXM2-32GB, 96 %, 59 %, 32768 MiB, 4812 MiB, 27683 MiB, 239.63 W, 64
2026/06/18 12:19:28.582, 0, Tesla V100-SXM2-32GB, 96 %, 58 %, 32768 MiB, 4812 MiB, 27683 MiB, 256.77 W, 64
2026/06/18 12:19:29.584, 0, Tesla V100-SXM2-32GB, 96 %, 58 %, 32768 MiB, 4812 MiB, 27683 MiB, 261.45 W, 64
2026/06/18 12:19:30.586, 0, Tesla V100-SXM2-32GB, 96 %, 59 %, 32768 MiB, 4812 MiB, 27683 MiB, 232.32 W, 64
2026/06/18 12:19:31.588, 0, Tesla V100-SXM2-32GB, 96 %, 58 %, 32768 MiB, 4812 MiB, 27683 MiB, 263.73 W, 64
2026/06/18 12:19:32.591, 0, Tesla V100-SXM2-32GB, 96 %, 58 %, 32768 MiB, 4812 MiB, 27683 MiB, 257.55 W, 64
2026/06/18 12:19:33.593, 0, Tesla V100-SXM2-32GB, 96 %, 59 %, 32768 MiB, 4812 MiB, 27683 MiB, 227.55 W, 64
2026/06/18 12:19:34.594, 0, Tesla V100-SXM2-32GB, 96 %, 58 %, 32768 MiB, 4812 MiB, 27683 MiB, 255.47 W, 65
2026/06/18 12:19:35.596, 0, Tesla V100-SXM2-32GB, 96 %, 58 %, 32768 MiB, 4812 MiB, 27683 MiB, 257.89 W, 65
2026/06/18 12:19:36.598, 0, Tesla V100-SXM2-32GB, 96 %, 59 %, 32768 MiB, 4812 MiB, 27683 MiB, 216.11 W, 65
2026/06/18 12:19:37.600, 0, Tesla V100-SXM2-32GB, 87 %, 53 %, 32768 MiB, 4812 MiB, 27683 MiB, 256.20 W, 64
2026/06/18 12:19:38.602, 0, Tesla V100-SXM2-32GB, 96 %, 59 %, 32768 MiB, 4812 MiB, 27683 MiB, 242.81 W, 64
2026/06/18 12:19:39.604, 0, Tesla V100-SXM2-32GB, 96 %, 58 %, 32768 MiB, 4812 MiB, 27683 MiB, 272.48 W, 64
2026/06/18 12:19:40.606, 0, Tesla V100-SXM2-32GB, 96 %, 58 %, 32768 MiB, 4812 MiB, 27683 MiB, 254.87 W, 65
2026/06/18 12:19:41.608, 0, Tesla V100-SXM2-32GB, 96 %, 59 %, 32768 MiB, 4812 MiB, 27683 MiB, 255.04 W, 65
2026/06/18 12:19:42.611, 0, Tesla V100-SXM2-32GB, 96 %, 58 %, 32768 MiB, 4812 MiB, 27683 MiB, 272.77 W, 64
2026/06/18 12:19:43.613, 0, Tesla V100-SXM2-32GB, 96 %, 58 %, 32768 MiB, 4812 MiB, 27683 MiB, 262.06 W, 65
2026/06/18 12:19:44.615, 0, Tesla V100-SXM2-32GB, 96 %, 59 %, 32768 MiB, 4812 MiB, 27683 MiB, 257.42 W, 65
2026/06/18 12:19:45.617, 0, Tesla V100-SXM2-32GB, 96 %, 58 %, 32768 MiB, 4812 MiB, 27683 MiB, 268.67 W, 64
2026/06/18 12:19:46.619, 0, Tesla V100-SXM2-32GB, 96 %, 58 %, 32768 MiB, 4812 MiB, 27683 MiB, 249.77 W, 65
2026/06/18 12:19:47.622, 0, Tesla V100-SXM2-32GB, 99 %, 57 %, 32768 MiB, 4812 MiB, 27683 MiB, 251.80 W, 64
2026/06/18 12:19:48.624, 0, Tesla V100-SXM2-32GB, 99 %, 56 %, 32768 MiB, 4812 MiB, 27683 MiB, 245.32 W, 65
2026/06/18 12:19:49.627, 0, Tesla V100-SXM2-32GB, 99 %, 54 %, 32768 MiB, 4812 MiB, 27683 MiB, 260.28 W, 65
2026/06/18 12:19:50.629, 0, Tesla V100-SXM2-32GB, 99 %, 55 %, 32768 MiB, 4812 MiB, 27683 MiB, 254.56 W, 65
2026/06/18 12:19:51.632, 0, Tesla V100-SXM2-32GB, 0 %, 0 %, 32768 MiB, 4812 MiB, 27683 MiB, 78.31 W, 59
2026/06/18 12:19:52.633, 0, Tesla V100-SXM2-32GB, 8 %, 0 %, 32768 MiB, 4812 MiB, 27683 MiB, 78.14 W, 58
2026/06/18 12:19:53.635, 0, Tesla V100-SXM2-32GB, 29 %, 14 %, 32768 MiB, 4812 MiB, 27683 MiB, 179.28 W, 60
2026/06/18 12:19:54.636, 0, Tesla V100-SXM2-32GB, 96 %, 58 %, 32768 MiB, 4812 MiB, 27683 MiB, 255.11 W, 63
2026/06/18 12:19:55.639, 0, Tesla V100-SXM2-32GB, 95 %, 59 %, 32768 MiB, 4812 MiB, 27683 MiB, 259.24 W, 63
2026/06/18 12:19:56.640, 0, Tesla V100-SXM2-32GB, 95 %, 57 %, 32768 MiB, 4812 MiB, 27683 MiB, 236.77 W, 63
2026/06/18 12:19:57.642, 0, Tesla V100-SXM2-32GB, 96 %, 58 %, 32768 MiB, 4812 MiB, 27683 MiB, 264.32 W, 64
2026/06/18 12:19:58.643, 0, Tesla V100-SXM2-32GB, 96 %, 58 %, 32768 MiB, 4812 MiB, 27683 MiB, 256.37 W, 64
2026/06/18 12:19:59.645, 0, Tesla V100-SXM2-32GB, 96 %, 58 %, 32768 MiB, 4812 MiB, 27683 MiB, 220.55 W, 64
2026/06/18 12:20:00.646, 0, Tesla V100-SXM2-32GB, 95 %, 58 %, 32768 MiB, 4812 MiB, 27683 MiB, 265.16 W, 64
2026/06/18 12:20:01.647, 0, Tesla V100-SXM2-32GB, 96 %, 58 %, 32768 MiB, 4812 MiB, 27683 MiB, 256.46 W, 64
2026/06/18 12:20:02.649, 0, Tesla V100-SXM2-32GB, 96 %, 58 %, 32768 MiB, 4812 MiB, 27683 MiB, 209.72 W, 64
2026/06/18 12:20:03.650, 0, Tesla V100-SXM2-32GB, 96 %, 59 %, 32768 MiB, 4812 MiB, 27683 MiB, 264.69 W, 64
2026/06/18 12:20:04.652, 0, Tesla V100-SXM2-32GB, 96 %, 58 %, 32768 MiB, 4812 MiB, 27683 MiB, 246.46 W, 64
2026/06/18 12:20:05.653, 0, Tesla V100-SXM2-32GB, 96 %, 57 %, 32768 MiB, 4812 MiB, 27683 MiB, 257.42 W, 64
2026/06/18 12:20:06.655, 0, Tesla V100-SXM2-32GB, 96 %, 58 %, 32768 MiB, 4812 MiB, 27683 MiB, 263.14 W, 64
2026/06/18 12:20:07.656, 0, Tesla V100-SXM2-32GB, 96 %, 59 %, 32768 MiB, 4812 MiB, 27683 MiB, 248.98 W, 64
2026/06/18 12:20:08.657, 0, Tesla V100-SXM2-32GB, 96 %, 58 %, 32768 MiB, 4812 MiB, 27683 MiB, 256.64 W, 64
2026/06/18 12:20:09.659, 0, Tesla V100-SXM2-32GB, 96 %, 57 %, 32768 MiB, 4812 MiB, 27683 MiB, 254.73 W, 64
2026/06/18 12:20:10.660, 0, Tesla V100-SXM2-32GB, 80 %, 47 %, 32768 MiB, 4812 MiB, 27683 MiB, 266.17 W, 64
2026/06/18 12:20:11.662, 0, Tesla V100-SXM2-32GB, 95 %, 58 %, 32768 MiB, 4812 MiB, 27683 MiB, 256.64 W, 64
2026/06/18 12:20:12.663, 0, Tesla V100-SXM2-32GB, 96 %, 57 %, 32768 MiB, 4812 MiB, 27683 MiB, 249.46 W, 64
2026/06/18 12:20:13.665, 0, Tesla V100-SXM2-32GB, 96 %, 59 %, 32768 MiB, 4812 MiB, 27683 MiB, 255.51 W, 64
2026/06/18 12:20:14.666, 0, Tesla V100-SXM2-32GB, 96 %, 58 %, 32768 MiB, 4812 MiB, 27683 MiB, 262.54 W, 64
2026/06/18 12:20:15.668, 0, Tesla V100-SXM2-32GB, 96 %, 58 %, 32768 MiB, 4812 MiB, 27683 MiB, 247.89 W, 64
2026/06/18 12:20:16.670, 0, Tesla V100-SXM2-32GB, 96 %, 59 %, 32768 MiB, 4812 MiB, 27683 MiB, 254.25 W, 64
2026/06/18 12:20:17.672, 0, Tesla V100-SXM2-32GB, 96 %, 58 %, 32768 MiB, 4812 MiB, 27683 MiB, 259.15 W, 64
2026/06/18 12:20:18.674, 0, Tesla V100-SXM2-32GB, 96 %, 59 %, 32768 MiB, 4812 MiB, 27683 MiB, 244.72 W, 64
2026/06/18 12:20:19.676, 0, Tesla V100-SXM2-32GB, 96 %, 59 %, 32768 MiB, 4812 MiB, 27683 MiB, 246.31 W, 64
2026/06/18 12:20:20.678, 0, Tesla V100-SXM2-32GB, 96 %, 58 %, 32768 MiB, 4812 MiB, 27683 MiB, 250.75 W, 65
2026/06/18 12:20:21.680, 0, Tesla V100-SXM2-32GB, 96 %, 58 %, 32768 MiB, 4812 MiB, 27683 MiB, 257.55 W, 65
2026/06/18 12:20:22.683, 0, Tesla V100-SXM2-32GB, 96 %, 59 %, 32768 MiB, 4812 MiB, 27683 MiB, 240.43 W, 64
2026/06/18 12:20:23.684, 0, Tesla V100-SXM2-32GB, 96 %, 58 %, 32768 MiB, 4812 MiB, 27683 MiB, 265.22 W, 64
2026/06/18 12:20:24.686, 0, Tesla V100-SXM2-32GB, 96 %, 58 %, 32768 MiB, 4812 MiB, 27683 MiB, 261.88 W, 65
2026/06/18 12:20:25.687, 0, Tesla V100-SXM2-32GB, 96 %, 59 %, 32768 MiB, 4812 MiB, 27683 MiB, 232.49 W, 65
2026/06/18 12:20:26.690, 0, Tesla V100-SXM2-32GB, 95 %, 58 %, 32768 MiB, 4812 MiB, 27683 MiB, 252.31 W, 65
2026/06/18 12:20:27.692, 0, Tesla V100-SXM2-32GB, 96 %, 58 %, 32768 MiB, 4812 MiB, 27683 MiB, 267.60 W, 65
2026/06/18 12:20:28.694, 0, Tesla V100-SXM2-32GB, 96 %, 59 %, 32768 MiB, 4812 MiB, 27683 MiB, 225.32 W, 64
2026/06/18 12:20:29.696, 0, Tesla V100-SXM2-32GB, 96 %, 58 %, 32768 MiB, 4812 MiB, 27683 MiB, 270.94 W, 65
2026/06/18 12:20:30.698, 0, Tesla V100-SXM2-32GB, 96 %, 58 %, 32768 MiB, 4812 MiB, 27683 MiB, 260.28 W, 65
2026/06/18 12:20:31.701, 0, Tesla V100-SXM2-32GB, 96 %, 59 %, 32768 MiB, 4812 MiB, 27683 MiB, 217.02 W, 65
2026/06/18 12:20:32.703, 0, Tesla V100-SXM2-32GB, 88 %, 53 %, 32768 MiB, 4812 MiB, 27683 MiB, 257.63 W, 64
2026/06/18 12:20:33.704, 0, Tesla V100-SXM2-32GB, 96 %, 58 %, 32768 MiB, 4812 MiB, 27683 MiB, 257.80 W, 65
2026/06/18 12:20:34.706, 0, Tesla V100-SXM2-32GB, 95 %, 59 %, 32768 MiB, 4812 MiB, 27683 MiB, 259.72 W, 65
2026/06/18 12:20:35.709, 0, Tesla V100-SXM2-32GB, 96 %, 57 %, 32768 MiB, 4812 MiB, 27683 MiB, 249.82 W, 65
2026/06/18 12:20:36.711, 0, Tesla V100-SXM2-32GB, 96 %, 58 %, 32768 MiB, 4812 MiB, 27683 MiB, 253.47 W, 65
2026/06/18 12:20:37.713, 0, Tesla V100-SXM2-32GB, 95 %, 59 %, 32768 MiB, 4812 MiB, 27683 MiB, 260.15 W, 64
2026/06/18 12:20:38.714, 0, Tesla V100-SXM2-32GB, 96 %, 58 %, 32768 MiB, 4812 MiB, 27683 MiB, 260.10 W, 65
2026/06/18 12:20:39.716, 0, Tesla V100-SXM2-32GB, 96 %, 58 %, 32768 MiB, 4812 MiB, 27683 MiB, 256.68 W, 65
2026/06/18 12:20:40.718, 0, Tesla V100-SXM2-32GB, 29 %, 18 %, 32768 MiB, 4812 MiB, 27683 MiB, 265.15 W, 63
2026/06/18 12:20:41.720, 0, Tesla V100-SXM2-32GB, 51 %, 33 %, 32768 MiB, 4812 MiB, 27683 MiB, 80.71 W, 62
2026/06/18 12:20:42.722, 0, Tesla V100-SXM2-32GB, 96 %, 59 %, 32768 MiB, 4812 MiB, 27683 MiB, 199.69 W, 65
2026/06/18 12:20:43.723, 0, Tesla V100-SXM2-32GB, 96 %, 58 %, 32768 MiB, 4812 MiB, 27683 MiB, 265.04 W, 65
2026/06/18 12:20:44.726, 0, Tesla V100-SXM2-32GB, 96 %, 58 %, 32768 MiB, 4812 MiB, 27683 MiB, 261.28 W, 65
2026/06/18 12:20:45.728, 0, Tesla V100-SXM2-32GB, 96 %, 59 %, 32768 MiB, 4812 MiB, 27683 MiB, 208.28 W, 65
2026/06/18 12:20:46.729, 0, Tesla V100-SXM2-32GB, 96 %, 58 %, 32768 MiB, 4812 MiB, 27683 MiB, 264.21 W, 65
2026/06/18 12:20:47.731, 0, Tesla V100-SXM2-32GB, 96 %, 58 %, 32768 MiB, 4812 MiB, 27683 MiB, 247.72 W, 65
2026/06/18 12:20:48.733, 0, Tesla V100-SXM2-32GB, 96 %, 59 %, 32768 MiB, 4812 MiB, 27683 MiB, 217.65 W, 65
2026/06/18 12:20:49.737, 0, Tesla V100-SXM2-32GB, 96 %, 57 %, 32768 MiB, 4812 MiB, 27683 MiB, 271.78 W, 65
2026/06/18 12:20:50.739, 0, Tesla V100-SXM2-32GB, 96 %, 58 %, 32768 MiB, 4812 MiB, 27683 MiB, 257.94 W, 65
2026/06/18 12:20:51.741, 0, Tesla V100-SXM2-32GB, 96 %, 59 %, 32768 MiB, 4812 MiB, 27683 MiB, 231.99 W, 65
2026/06/18 12:20:52.743, 0, Tesla V100-SXM2-32GB, 96 %, 58 %, 32768 MiB, 4812 MiB, 27683 MiB, 261.76 W, 65
2026/06/18 12:20:53.745, 0, Tesla V100-SXM2-32GB, 96 %, 58 %, 32768 MiB, 4812 MiB, 27683 MiB, 262.28 W, 65
2026/06/18 12:20:54.747, 0, Tesla V100-SXM2-32GB, 96 %, 59 %, 32768 MiB, 4812 MiB, 27683 MiB, 234.22 W, 65
2026/06/18 12:20:55.749, 0, Tesla V100-SXM2-32GB, 96 %, 57 %, 32768 MiB, 4812 MiB, 27683 MiB, 260.63 W, 65
2026/06/18 12:20:56.751, 0, Tesla V100-SXM2-32GB, 96 %, 58 %, 32768 MiB, 4812 MiB, 27683 MiB, 258.72 W, 65
2026/06/18 12:20:57.752, 0, Tesla V100-SXM2-32GB, 96 %, 59 %, 32768 MiB, 4812 MiB, 27683 MiB, 242.51 W, 65
2026/06/18 12:20:58.754, 0, Tesla V100-SXM2-32GB, 20 %, 15 %, 32768 MiB, 4812 MiB, 27683 MiB, 253.33 W, 64
2026/06/18 12:20:59.755, 0, Tesla V100-SXM2-32GB, 96 %, 58 %, 32768 MiB, 4812 MiB, 27683 MiB, 256.64 W, 64
2026/06/18 12:21:00.757, 0, Tesla V100-SXM2-32GB, 88 %, 53 %, 32768 MiB, 4812 MiB, 27683 MiB, 171.96 W, 63
2026/06/18 12:21:01.758, 0, Tesla V100-SXM2-32GB, 96 %, 58 %, 32768 MiB, 4812 MiB, 27683 MiB, 271.19 W, 65
2026/06/18 12:21:02.760, 0, Tesla V100-SXM2-32GB, 96 %, 58 %, 32768 MiB, 4812 MiB, 27683 MiB, 256.33 W, 65
2026/06/18 12:21:03.762, 0, Tesla V100-SXM2-32GB, 96 %, 58 %, 32768 MiB, 4812 MiB, 27683 MiB, 229.46 W, 65
2026/06/18 12:21:04.763, 0, Tesla V100-SXM2-32GB, 96 %, 59 %, 32768 MiB, 4812 MiB, 27683 MiB, 258.80 W, 65
2026/06/18 12:21:05.765, 0, Tesla V100-SXM2-32GB, 96 %, 58 %, 32768 MiB, 4812 MiB, 27683 MiB, 248.98 W, 65
2026/06/18 12:21:06.766, 0, Tesla V100-SXM2-32GB, 96 %, 58 %, 32768 MiB, 4812 MiB, 27683 MiB, 227.38 W, 65
2026/06/18 12:21:07.768, 0, Tesla V100-SXM2-32GB, 96 %, 59 %, 32768 MiB, 4812 MiB, 27683 MiB, 260.70 W, 65
2026/06/18 12:21:08.769, 0, Tesla V100-SXM2-32GB, 96 %, 58 %, 32768 MiB, 4812 MiB, 27683 MiB, 249.79 W, 65
2026/06/18 12:21:09.771, 0, Tesla V100-SXM2-32GB, 96 %, 58 %, 32768 MiB, 4812 MiB, 27683 MiB, 217.06 W, 65
2026/06/18 12:21:10.772, 0, Tesla V100-SXM2-32GB, 96 %, 59 %, 32768 MiB, 4812 MiB, 27683 MiB, 271.24 W, 65
2026/06/18 12:21:11.773, 0, Tesla V100-SXM2-32GB, 96 %, 58 %, 32768 MiB, 4812 MiB, 27683 MiB, 249.18 W, 65
2026/06/18 12:21:12.775, 0, Tesla V100-SXM2-32GB, 96 %, 58 %, 32768 MiB, 4812 MiB, 27683 MiB, 217.02 W, 65
2026/06/18 12:21:13.776, 0, Tesla V100-SXM2-32GB, 96 %, 59 %, 32768 MiB, 4812 MiB, 27683 MiB, 267.07 W, 65
2026/06/18 12:21:14.778, 0, Tesla V100-SXM2-32GB, 96 %, 57 %, 32768 MiB, 4812 MiB, 27683 MiB, 256.46 W, 65
2026/06/18 12:21:15.779, 0, Tesla V100-SXM2-32GB, 96 %, 58 %, 32768 MiB, 4812 MiB, 27683 MiB, 198.26 W, 65
2026/06/18 12:21:16.780, 0, Tesla V100-SXM2-32GB, 96 %, 59 %, 32768 MiB, 4812 MiB, 27683 MiB, 275.15 W, 65
2026/06/18 12:21:17.782, 0, Tesla V100-SXM2-32GB, 96 %, 57 %, 32768 MiB, 4812 MiB, 27683 MiB, 262.18 W, 65
2026/06/18 12:21:18.784, 0, Tesla V100-SXM2-32GB, 96 %, 58 %, 32768 MiB, 4812 MiB, 27683 MiB, 207.53 W, 65
2026/06/18 12:21:19.785, 0, Tesla V100-SXM2-32GB, 95 %, 58 %, 32768 MiB, 4812 MiB, 27683 MiB, 263.26 W, 65
2026/06/18 12:21:20.786, 0, Tesla V100-SXM2-32GB, 96 %, 57 %, 32768 MiB, 4812 MiB, 27683 MiB, 249.15 W, 65
2026/06/18 12:21:21.788, 0, Tesla V100-SXM2-32GB, 96 %, 58 %, 32768 MiB, 4812 MiB, 27683 MiB, 231.52 W, 65
2026/06/18 12:21:22.789, 0, Tesla V100-SXM2-32GB, 95 %, 59 %, 32768 MiB, 4812 MiB, 27683 MiB, 269.33 W, 65
2026/06/18 12:21:23.791, 0, Tesla V100-SXM2-32GB, 96 %, 58 %, 32768 MiB, 4812 MiB, 27683 MiB, 251.87 W, 65
2026/06/18 12:21:24.792, 0, Tesla V100-SXM2-32GB, 96 %, 57 %, 32768 MiB, 4812 MiB, 27683 MiB, 231.84 W, 65
2026/06/18 12:21:25.793, 0, Tesla V100-SXM2-32GB, 96 %, 59 %, 32768 MiB, 4812 MiB, 27683 MiB, 270.76 W, 65
2026/06/18 12:21:26.795, 0, Tesla V100-SXM2-32GB, 96 %, 58 %, 32768 MiB, 4812 MiB, 27683 MiB, 261.41 W, 65
2026/06/18 12:21:27.796, 0, Tesla V100-SXM2-32GB, 96 %, 58 %, 32768 MiB, 4812 MiB, 27683 MiB, 257.24 W, 65
2026/06/18 12:21:28.798, 0, Tesla V100-SXM2-32GB, 96 %, 59 %, 32768 MiB, 4812 MiB, 27683 MiB, 260.75 W, 65
2026/06/18 12:21:29.799, 0, Tesla V100-SXM2-32GB, 96 %, 57 %, 32768 MiB, 4812 MiB, 27683 MiB, 256.94 W, 65
2026/06/18 12:21:30.801, 0, Tesla V100-SXM2-32GB, 96 %, 58 %, 32768 MiB, 4812 MiB, 27683 MiB, 253.13 W, 65
2026/06/18 12:21:31.803, 0, Tesla V100-SXM2-32GB, 95 %, 59 %, 32768 MiB, 4812 MiB, 27683 MiB, 258.07 W, 65
2026/06/18 12:21:32.805, 0, Tesla V100-SXM2-32GB, 96 %, 57 %, 32768 MiB, 4812 MiB, 27683 MiB, 249.15 W, 65
2026/06/18 12:21:33.807, 0, Tesla V100-SXM2-32GB, 96 %, 58 %, 32768 MiB, 4812 MiB, 27683 MiB, 257.46 W, 65
2026/06/18 12:21:34.810, 0, Tesla V100-SXM2-32GB, 96 %, 59 %, 32768 MiB, 4812 MiB, 27683 MiB, 265.04 W, 65
2026/06/18 12:21:35.812, 0, Tesla V100-SXM2-32GB, 96 %, 58 %, 32768 MiB, 4812 MiB, 27683 MiB, 254.08 W, 65
2026/06/18 12:21:36.814, 0, Tesla V100-SXM2-32GB, 96 %, 58 %, 32768 MiB, 4812 MiB, 27683 MiB, 260.10 W, 66
2026/06/18 12:21:37.816, 0, Tesla V100-SXM2-32GB, 96 %, 59 %, 32768 MiB, 4812 MiB, 27683 MiB, 258.20 W, 65
2026/06/18 12:21:38.818, 0, Tesla V100-SXM2-32GB, 96 %, 58 %, 32768 MiB, 4812 MiB, 27683 MiB, 250.75 W, 66
2026/06/18 12:21:39.820, 0, Tesla V100-SXM2-32GB, 96 %, 59 %, 32768 MiB, 4812 MiB, 27683 MiB, 251.87 W, 66
2026/06/18 12:21:40.822, 0, Tesla V100-SXM2-32GB, 96 %, 58 %, 32768 MiB, 4812 MiB, 27683 MiB, 264.44 W, 65
2026/06/18 12:21:41.824, 0, Tesla V100-SXM2-32GB, 96 %, 58 %, 32768 MiB, 4812 MiB, 27683 MiB, 262.23 W, 66
2026/06/18 12:21:42.826, 0, Tesla V100-SXM2-32GB, 96 %, 59 %, 32768 MiB, 4812 MiB, 27683 MiB, 267.90 W, 66
2026/06/18 12:21:43.828, 0, Tesla V100-SXM2-32GB, 96 %, 58 %, 32768 MiB, 4812 MiB, 27683 MiB, 269.51 W, 65
2026/06/18 12:21:44.830, 0, Tesla V100-SXM2-32GB, 96 %, 58 %, 32768 MiB, 4812 MiB, 27683 MiB, 248.87 W, 66
2026/06/18 12:21:45.832, 0, Tesla V100-SXM2-32GB, 58 %, 37 %, 32768 MiB, 4812 MiB, 27683 MiB, 81.94 W, 63
2026/06/18 12:21:46.834, 0, Tesla V100-SXM2-32GB, 99 %, 56 %, 32768 MiB, 4840 MiB, 27655 MiB, 266.59 W, 65
2026/06/18 12:21:47.836, 0, Tesla V100-SXM2-32GB, 99 %, 55 %, 32768 MiB, 4840 MiB, 27655 MiB, 247.10 W, 66
2026/06/18 12:21:48.838, 0, Tesla V100-SXM2-32GB, 99 %, 57 %, 32768 MiB, 4840 MiB, 27655 MiB, 255.72 W, 66
2026/06/18 12:21:49.840, 0, Tesla V100-SXM2-32GB, 99 %, 56 %, 32768 MiB, 4840 MiB, 27655 MiB, 81.72 W, 63
2026/06/18 12:21:50.842, 0, Tesla V100-SXM2-32GB, 0 %, 0 %, 32768 MiB, 4840 MiB, 27655 MiB, 79.42 W, 60
2026/06/18 12:21:51.843, 0, Tesla V100-SXM2-32GB, 8 %, 0 %, 32768 MiB, 4840 MiB, 27655 MiB, 78.83 W, 59
2026/06/18 12:21:52.846, 0, Tesla V100-SXM2-32GB, 0 %, 0 %, 32768 MiB, 4840 MiB, 27655 MiB, 62.94 W, 58
2026/06/18 12:21:53.847, 0, Tesla V100-SXM2-32GB, 96 %, 57 %, 32768 MiB, 4840 MiB, 27655 MiB, 259.72 W, 63
2026/06/18 12:21:54.849, 0, Tesla V100-SXM2-32GB, 96 %, 58 %, 32768 MiB, 4840 MiB, 27655 MiB, 247.43 W, 64
2026/06/18 12:21:55.852, 0, Tesla V100-SXM2-32GB, 94 %, 58 %, 32768 MiB, 4840 MiB, 27655 MiB, 240.26 W, 64
2026/06/18 12:21:56.853, 0, Tesla V100-SXM2-32GB, 96 %, 57 %, 32768 MiB, 4840 MiB, 27655 MiB, 273.62 W, 64
2026/06/18 12:21:57.854, 0, Tesla V100-SXM2-32GB, 96 %, 58 %, 32768 MiB, 4840 MiB, 27655 MiB, 255.99 W, 64
2026/06/18 12:21:58.856, 0, Tesla V100-SXM2-32GB, 95 %, 59 %, 32768 MiB, 4840 MiB, 27655 MiB, 240.43 W, 65
2026/06/18 12:21:59.857, 0, Tesla V100-SXM2-32GB, 96 %, 57 %, 32768 MiB, 4840 MiB, 27655 MiB, 267.60 W, 64
2026/06/18 12:22:00.859, 0, Tesla V100-SXM2-32GB, 96 %, 58 %, 32768 MiB, 4840 MiB, 27655 MiB, 247.10 W, 65
2026/06/18 12:22:01.860, 0, Tesla V100-SXM2-32GB, 96 %, 60 %, 32768 MiB, 4840 MiB, 27655 MiB, 259.67 W, 65
2026/06/18 12:22:02.861, 0, Tesla V100-SXM2-32GB, 96 %, 58 %, 32768 MiB, 4840 MiB, 27655 MiB, 269.81 W, 65
2026/06/18 12:22:03.863, 0, Tesla V100-SXM2-32GB, 96 %, 59 %, 32768 MiB, 4840 MiB, 27655 MiB, 253.78 W, 65
2026/06/18 12:22:04.864, 0, Tesla V100-SXM2-32GB, 43 %, 25 %, 32768 MiB, 4840 MiB, 27655 MiB, 266.04 W, 64
2026/06/18 12:22:05.866, 0, Tesla V100-SXM2-32GB, 32 %, 22 %, 32768 MiB, 4840 MiB, 27655 MiB, 260.45 W, 63
2026/06/18 12:22:06.867, 0, Tesla V100-SXM2-32GB, 95 %, 59 %, 32768 MiB, 4840 MiB, 27655 MiB, 247.60 W, 65
2026/06/18 12:22:07.869, 0, Tesla V100-SXM2-32GB, 95 %, 58 %, 32768 MiB, 4840 MiB, 27655 MiB, 238.52 W, 65
2026/06/18 12:22:08.878, 0, Tesla V100-SXM2-32GB, 96 %, 59 %, 32768 MiB, 4840 MiB, 27655 MiB, 261.88 W, 65
2026/06/18 12:22:09.880, 0, Tesla V100-SXM2-32GB, 96 %, 57 %, 32768 MiB, 4840 MiB, 27655 MiB, 253.91 W, 65
2026/06/18 12:22:10.881, 0, Tesla V100-SXM2-32GB, 96 %, 58 %, 32768 MiB, 4840 MiB, 27655 MiB, 228.03 W, 65
2026/06/18 12:22:11.883, 0, Tesla V100-SXM2-32GB, 95 %, 58 %, 32768 MiB, 4840 MiB, 27655 MiB, 253.61 W, 65
2026/06/18 12:22:12.884, 0, Tesla V100-SXM2-32GB, 96 %, 57 %, 32768 MiB, 4840 MiB, 27655 MiB, 259.80 W, 65
2026/06/18 12:22:13.886, 0, Tesla V100-SXM2-32GB, 96 %, 58 %, 32768 MiB, 4840 MiB, 27655 MiB, 225.02 W, 65
2026/06/18 12:22:14.887, 0, Tesla V100-SXM2-32GB, 95 %, 59 %, 32768 MiB, 4840 MiB, 27655 MiB, 265.52 W, 65
2026/06/18 12:22:15.889, 0, Tesla V100-SXM2-32GB, 96 %, 57 %, 32768 MiB, 4840 MiB, 27655 MiB, 250.75 W, 65
2026/06/18 12:22:16.890, 0, Tesla V100-SXM2-32GB, 96 %, 58 %, 32768 MiB, 4840 MiB, 27655 MiB, 227.05 W, 65
2026/06/18 12:22:17.892, 0, Tesla V100-SXM2-32GB, 95 %, 59 %, 32768 MiB, 4840 MiB, 27655 MiB, 272.67 W, 65
2026/06/18 12:22:18.893, 0, Tesla V100-SXM2-32GB, 96 %, 58 %, 32768 MiB, 4840 MiB, 27655 MiB, 255.38 W, 65
2026/06/18 12:22:19.894, 0, Tesla V100-SXM2-32GB, 96 %, 58 %, 32768 MiB, 4840 MiB, 27655 MiB, 200.99 W, 65
2026/06/18 12:22:20.896, 0, Tesla V100-SXM2-32GB, 96 %, 59 %, 32768 MiB, 4840 MiB, 27655 MiB, 267.54 W, 65
2026/06/18 12:22:21.897, 0, Tesla V100-SXM2-32GB, 96 %, 58 %, 32768 MiB, 4840 MiB, 27655 MiB, 257.59 W, 65
2026/06/18 12:22:22.899, 0, Tesla V100-SXM2-32GB, 96 %, 58 %, 32768 MiB, 4840 MiB, 27655 MiB, 213.82 W, 65
2026/06/18 12:22:23.901, 0, Tesla V100-SXM2-32GB, 96 %, 59 %, 32768 MiB, 4840 MiB, 27655 MiB, 275.23 W, 65
2026/06/18 12:22:24.902, 0, Tesla V100-SXM2-32GB, 96 %, 58 %, 32768 MiB, 4840 MiB, 27655 MiB, 251.39 W, 66
2026/06/18 12:22:25.904, 0, Tesla V100-SXM2-32GB, 96 %, 59 %, 32768 MiB, 4840 MiB, 27655 MiB, 187.05 W, 66
2026/06/18 12:22:26.905, 0, Tesla V100-SXM2-32GB, 95 %, 59 %, 32768 MiB, 4840 MiB, 27655 MiB, 262.36 W, 65
2026/06/18 12:22:27.906, 0, Tesla V100-SXM2-32GB, 96 %, 57 %, 32768 MiB, 4840 MiB, 27655 MiB, 257.59 W, 66
2026/06/18 12:22:28.908, 0, Tesla V100-SXM2-32GB, 96 %, 58 %, 32768 MiB, 4840 MiB, 27655 MiB, 255.68 W, 66
2026/06/18 12:22:29.909, 0, Tesla V100-SXM2-32GB, 94 %, 58 %, 32768 MiB, 4840 MiB, 27655 MiB, 261.41 W, 66
2026/06/18 12:22:30.910, 0, Tesla V100-SXM2-32GB, 96 %, 57 %, 32768 MiB, 4840 MiB, 27655 MiB, 257.89 W, 66
2026/06/18 12:22:31.912, 0, Tesla V100-SXM2-32GB, 96 %, 58 %, 32768 MiB, 4840 MiB, 27655 MiB, 258.72 W, 66
2026/06/18 12:22:32.913, 0, Tesla V100-SXM2-32GB, 90 %, 54 %, 32768 MiB, 4840 MiB, 27655 MiB, 206.86 W, 65
2026/06/18 12:22:33.916, 0, Tesla V100-SXM2-32GB, 31 %, 18 %, 32768 MiB, 4840 MiB, 27655 MiB, 258.05 W, 64
2026/06/18 12:22:34.918, 0, Tesla V100-SXM2-32GB, 96 %, 58 %, 32768 MiB, 4840 MiB, 27655 MiB, 261.80 W, 66
2026/06/18 12:22:35.920, 0, Tesla V100-SXM2-32GB, 95 %, 59 %, 32768 MiB, 4840 MiB, 27655 MiB, 233.42 W, 66
2026/06/18 12:22:36.922, 0, Tesla V100-SXM2-32GB, 96 %, 57 %, 32768 MiB, 4840 MiB, 27655 MiB, 255.51 W, 66
2026/06/18 12:22:37.924, 0, Tesla V100-SXM2-32GB, 96 %, 58 %, 32768 MiB, 4840 MiB, 27655 MiB, 266.35 W, 66
2026/06/18 12:22:38.926, 0, Tesla V100-SXM2-32GB, 95 %, 58 %, 32768 MiB, 4840 MiB, 27655 MiB, 237.41 W, 66
2026/06/18 12:22:39.928, 0, Tesla V100-SXM2-32GB, 96 %, 58 %, 32768 MiB, 4840 MiB, 27655 MiB, 275.12 W, 66
2026/06/18 12:22:40.931, 0, Tesla V100-SXM2-32GB, 96 %, 58 %, 32768 MiB, 4840 MiB, 27655 MiB, 261.71 W, 66
2026/06/18 12:22:41.933, 0, Tesla V100-SXM2-32GB, 96 %, 59 %, 32768 MiB, 4840 MiB, 27655 MiB, 234.38 W, 66
2026/06/18 12:22:42.935, 0, Tesla V100-SXM2-32GB, 96 %, 58 %, 32768 MiB, 4840 MiB, 27655 MiB, 259.15 W, 66
2026/06/18 12:22:43.937, 0, Tesla V100-SXM2-32GB, 95 %, 58 %, 32768 MiB, 4840 MiB, 27655 MiB, 255.51 W, 66
2026/06/18 12:22:44.940, 0, Tesla V100-SXM2-32GB, 95 %, 59 %, 32768 MiB, 4840 MiB, 27655 MiB, 233.11 W, 66
2026/06/18 12:22:45.942, 0, Tesla V100-SXM2-32GB, 96 %, 57 %, 32768 MiB, 4840 MiB, 27655 MiB, 265.70 W, 66
2026/06/18 12:22:46.944, 0, Tesla V100-SXM2-32GB, 96 %, 58 %, 32768 MiB, 4840 MiB, 27655 MiB, 250.44 W, 66
2026/06/18 12:22:47.947, 0, Tesla V100-SXM2-32GB, 95 %, 59 %, 32768 MiB, 4840 MiB, 27655 MiB, 230.72 W, 66
2026/06/18 12:22:48.949, 0, Tesla V100-SXM2-32GB, 96 %, 58 %, 32768 MiB, 4840 MiB, 27655 MiB, 265.99 W, 66
2026/06/18 12:22:49.951, 0, Tesla V100-SXM2-32GB, 96 %, 58 %, 32768 MiB, 4840 MiB, 27655 MiB, 251.87 W, 66
2026/06/18 12:22:50.953, 0, Tesla V100-SXM2-32GB, 96 %, 59 %, 32768 MiB, 4840 MiB, 27655 MiB, 204.80 W, 66
2026/06/18 12:22:51.955, 0, Tesla V100-SXM2-32GB, 95 %, 57 %, 32768 MiB, 4840 MiB, 27655 MiB, 273.99 W, 66
2026/06/18 12:22:52.956, 0, Tesla V100-SXM2-32GB, 96 %, 57 %, 32768 MiB, 4840 MiB, 27655 MiB, 251.22 W, 67
2026/06/18 12:22:53.958, 0, Tesla V100-SXM2-32GB, 96 %, 59 %, 32768 MiB, 4840 MiB, 27655 MiB, 205.08 W, 66
2026/06/18 12:22:54.959, 0, Tesla V100-SXM2-32GB, 96 %, 58 %, 32768 MiB, 4840 MiB, 27655 MiB, 271.05 W, 66
2026/06/18 12:22:55.961, 0, Tesla V100-SXM2-32GB, 96 %, 58 %, 32768 MiB, 4840 MiB, 27655 MiB, 251.87 W, 67
2026/06/18 12:22:56.962, 0, Tesla V100-SXM2-32GB, 96 %, 59 %, 32768 MiB, 4840 MiB, 27655 MiB, 223.41 W, 67
2026/06/18 12:22:57.964, 0, Tesla V100-SXM2-32GB, 96 %, 58 %, 32768 MiB, 4840 MiB, 27655 MiB, 262.36 W, 66
2026/06/18 12:22:58.965, 0, Tesla V100-SXM2-32GB, 96 %, 59 %, 32768 MiB, 4840 MiB, 27655 MiB, 259.20 W, 67
2026/06/18 12:22:59.967, 0, Tesla V100-SXM2-32GB, 96 %, 58 %, 32768 MiB, 4840 MiB, 27655 MiB, 224.37 W, 67
2026/06/18 12:23:00.968, 0, Tesla V100-SXM2-32GB, 96 %, 58 %, 32768 MiB, 4840 MiB, 27655 MiB, 261.88 W, 67
2026/06/18 12:23:01.970, 0, Tesla V100-SXM2-32GB, 96 %, 59 %, 32768 MiB, 4840 MiB, 27655 MiB, 250.75 W, 67
2026/06/18 12:23:02.971, 0, Tesla V100-SXM2-32GB, 96 %, 58 %, 32768 MiB, 4840 MiB, 27655 MiB, 245.05 W, 67
2026/06/18 12:23:03.973, 0, Tesla V100-SXM2-32GB, 96 %, 58 %, 32768 MiB, 4840 MiB, 27655 MiB, 270.17 W, 67
2026/06/18 12:23:04.974, 0, Tesla V100-SXM2-32GB, 96 %, 59 %, 32768 MiB, 4840 MiB, 27655 MiB, 263.67 W, 67
2026/06/18 12:23:05.976, 0, Tesla V100-SXM2-32GB, 96 %, 58 %, 32768 MiB, 4840 MiB, 27655 MiB, 263.49 W, 67
2026/06/18 12:23:06.977, 0, Tesla V100-SXM2-32GB, 96 %, 58 %, 32768 MiB, 4840 MiB, 27655 MiB, 268.85 W, 67
2026/06/18 12:23:07.979, 0, Tesla V100-SXM2-32GB, 96 %, 59 %, 32768 MiB, 4840 MiB, 27655 MiB, 255.51 W, 67
2026/06/18 12:23:08.980, 0, Tesla V100-SXM2-32GB, 96 %, 58 %, 32768 MiB, 4840 MiB, 27655 MiB, 252.31 W, 67
2026/06/18 12:23:09.982, 0, Tesla V100-SXM2-32GB, 96 %, 58 %, 32768 MiB, 4840 MiB, 27655 MiB, 268.38 W, 67
2026/06/18 12:23:10.983, 0, Tesla V100-SXM2-32GB, 96 %, 59 %, 32768 MiB, 4840 MiB, 27655 MiB, 268.44 W, 67
2026/06/18 12:23:11.985, 0, Tesla V100-SXM2-32GB, 96 %, 58 %, 32768 MiB, 4840 MiB, 27655 MiB, 263.79 W, 67
2026/06/18 12:23:12.989, 0, Tesla V100-SXM2-32GB, 96 %, 58 %, 32768 MiB, 4840 MiB, 27655 MiB, 266.95 W, 67
2026/06/18 12:23:13.991, 0, Tesla V100-SXM2-32GB, 96 %, 59 %, 32768 MiB, 4840 MiB, 27655 MiB, 255.34 W, 67
2026/06/18 12:23:14.992, 0, Tesla V100-SXM2-32GB, 96 %, 58 %, 32768 MiB, 4840 MiB, 27655 MiB, 270.28 W, 67
2026/06/18 12:23:15.994, 0, Tesla V100-SXM2-32GB, 96 %, 59 %, 32768 MiB, 4840 MiB, 27655 MiB, 266.77 W, 67
2026/06/18 12:23:16.995, 0, Tesla V100-SXM2-32GB, 96 %, 57 %, 32768 MiB, 4840 MiB, 27655 MiB, 259.02 W, 67
2026/06/18 12:23:17.997, 0, Tesla V100-SXM2-32GB, 96 %, 58 %, 32768 MiB, 4840 MiB, 27655 MiB, 259.85 W, 67
2026/06/18 12:23:18.998, 0, Tesla V100-SXM2-32GB, 95 %, 59 %, 32768 MiB, 4840 MiB, 27655 MiB, 263.61 W, 67
2026/06/18 12:23:20.000, 0, Tesla V100-SXM2-32GB, 84 %, 51 %, 32768 MiB, 4840 MiB, 27655 MiB, 267.66 W, 67
2026/06/18 12:23:21.001, 0, Tesla V100-SXM2-32GB, 96 %, 58 %, 32768 MiB, 4840 MiB, 27655 MiB, 257.26 W, 67
2026/06/18 12:23:22.003, 0, Tesla V100-SXM2-32GB, 95 %, 59 %, 32768 MiB, 4840 MiB, 27655 MiB, 256.85 W, 67
2026/06/18 12:23:23.004, 0, Tesla V100-SXM2-32GB, 96 %, 57 %, 32768 MiB, 4840 MiB, 27655 MiB, 268.14 W, 67
2026/06/18 12:23:24.006, 0, Tesla V100-SXM2-32GB, 96 %, 58 %, 32768 MiB, 4840 MiB, 27655 MiB, 263.01 W, 67
2026/06/18 12:23:25.007, 0, Tesla V100-SXM2-32GB, 95 %, 59 %, 32768 MiB, 4840 MiB, 27655 MiB, 252.82 W, 67
2026/06/18 12:23:26.008, 0, Tesla V100-SXM2-32GB, 96 %, 58 %, 32768 MiB, 4840 MiB, 27655 MiB, 253.44 W, 67
2026/06/18 12:23:27.010, 0, Tesla V100-SXM2-32GB, 96 %, 58 %, 32768 MiB, 4840 MiB, 27655 MiB, 259.67 W, 68
2026/06/18 12:23:28.011, 0, Tesla V100-SXM2-32GB, 58 %, 33 %, 32768 MiB, 4840 MiB, 27655 MiB, 263.51 W, 66
2026/06/18 12:23:29.013, 0, Tesla V100-SXM2-32GB, 20 %, 15 %, 32768 MiB, 4840 MiB, 27655 MiB, 81.94 W, 64
2026/06/18 12:23:30.014, 0, Tesla V100-SXM2-32GB, 95 %, 59 %, 32768 MiB, 4840 MiB, 27655 MiB, 224.31 W, 67
2026/06/18 12:23:31.016, 0, Tesla V100-SXM2-32GB, 96 %, 57 %, 32768 MiB, 4840 MiB, 27655 MiB, 274.46 W, 67
2026/06/18 12:23:32.017, 0, Tesla V100-SXM2-32GB, 96 %, 58 %, 32768 MiB, 4840 MiB, 27655 MiB, 248.68 W, 67
2026/06/18 12:23:33.019, 0, Tesla V100-SXM2-32GB, 96 %, 59 %, 32768 MiB, 4840 MiB, 27655 MiB, 213.34 W, 67
2026/06/18 12:23:34.022, 0, Tesla V100-SXM2-32GB, 96 %, 57 %, 32768 MiB, 4840 MiB, 27655 MiB, 280.00 W, 67
2026/06/18 12:23:35.023, 0, Tesla V100-SXM2-32GB, 96 %, 58 %, 32768 MiB, 4840 MiB, 27655 MiB, 251.70 W, 67
2026/06/18 12:23:36.025, 0, Tesla V100-SXM2-32GB, 95 %, 58 %, 32768 MiB, 4840 MiB, 27655 MiB, 225.95 W, 67
2026/06/18 12:23:37.026, 0, Tesla V100-SXM2-32GB, 96 %, 57 %, 32768 MiB, 4840 MiB, 27655 MiB, 262.96 W, 67
2026/06/18 12:23:38.027, 0, Tesla V100-SXM2-32GB, 96 %, 58 %, 32768 MiB, 4840 MiB, 27655 MiB, 250.27 W, 67
2026/06/18 12:23:39.029, 0, Tesla V100-SXM2-32GB, 94 %, 58 %, 32768 MiB, 4840 MiB, 27655 MiB, 256.33 W, 67
2026/06/18 12:23:40.030, 0, Tesla V100-SXM2-32GB, 96 %, 57 %, 32768 MiB, 4840 MiB, 27655 MiB, 272.01 W, 67
2026/06/18 12:23:41.032, 0, Tesla V100-SXM2-32GB, 96 %, 58 %, 32768 MiB, 4840 MiB, 27655 MiB, 260.15 W, 68
2026/06/18 12:23:42.033, 0, Tesla V100-SXM2-32GB, 95 %, 59 %, 32768 MiB, 4840 MiB, 27655 MiB, 245.82 W, 68
2026/06/18 12:23:43.036, 0, Tesla V100-SXM2-32GB, 96 %, 58 %, 32768 MiB, 4840 MiB, 27655 MiB, 271.53 W, 67
2026/06/18 12:23:44.038, 0, Tesla V100-SXM2-32GB, 96 %, 57 %, 32768 MiB, 4840 MiB, 27655 MiB, 250.27 W, 68
2026/06/18 12:23:45.040, 0, Tesla V100-SXM2-32GB, 96 %, 59 %, 32768 MiB, 4840 MiB, 27655 MiB, 251.36 W, 68
2026/06/18 12:23:46.042, 0, Tesla V100-SXM2-32GB, 75 %, 44 %, 32768 MiB, 4840 MiB, 27655 MiB, 263.14 W, 67
2026/06/18 12:23:47.045, 0, Tesla V100-SXM2-32GB, 99 %, 56 %, 32768 MiB, 4840 MiB, 27655 MiB, 260.45 W, 68
2026/06/18 12:23:48.047, 0, Tesla V100-SXM2-32GB, 99 %, 55 %, 32768 MiB, 4840 MiB, 27655 MiB, 254.25 W, 68
2026/06/18 12:23:49.049, 0, Tesla V100-SXM2-32GB, 99 %, 54 %, 32768 MiB, 4840 MiB, 27655 MiB, 265.93 W, 68
2026/06/18 12:23:50.050, 0, Tesla V100-SXM2-32GB, 8 %, 0 %, 32768 MiB, 4840 MiB, 27655 MiB, 81.24 W, 63
2026/06/18 12:23:51.051, 0, Tesla V100-SXM2-32GB, 0 %, 0 %, 32768 MiB, 4840 MiB, 27655 MiB, 77.00 W, 62
2026/06/18 12:23:52.053, 0, Tesla V100-SXM2-32GB, 0 %, 0 %, 32768 MiB, 4840 MiB, 27655 MiB, 76.47 W, 61
2026/06/18 12:23:53.054, 0, Tesla V100-SXM2-32GB, 32 %, 17 %, 32768 MiB, 4840 MiB, 27655 MiB, 168.82 W, 62
2026/06/18 12:23:54.056, 0, Tesla V100-SXM2-32GB, 96 %, 58 %, 32768 MiB, 4840 MiB, 27655 MiB, 265.75 W, 65
2026/06/18 12:23:55.057, 0, Tesla V100-SXM2-32GB, 96 %, 59 %, 32768 MiB, 4840 MiB, 27655 MiB, 254.25 W, 66
2026/06/18 12:23:56.059, 0, Tesla V100-SXM2-32GB, 96 %, 58 %, 32768 MiB, 4840 MiB, 27655 MiB, 260.15 W, 66
2026/06/18 12:23:57.060, 0, Tesla V100-SXM2-32GB, 96 %, 58 %, 32768 MiB, 4840 MiB, 27655 MiB, 259.80 W, 66
2026/06/18 12:23:58.061, 0, Tesla V100-SXM2-32GB, 96 %, 59 %, 32768 MiB, 4840 MiB, 27655 MiB, 259.98 W, 66
2026/06/18 12:23:59.063, 0, Tesla V100-SXM2-32GB, 96 %, 58 %, 32768 MiB, 4840 MiB, 27655 MiB, 267.60 W, 67
2026/06/18 12:24:00.064, 0, Tesla V100-SXM2-32GB, 96 %, 58 %, 32768 MiB, 4840 MiB, 27655 MiB, 253.95 W, 66
2026/06/18 12:24:01.066, 0, Tesla V100-SXM2-32GB, 96 %, 59 %, 32768 MiB, 4840 MiB, 27655 MiB, 261.10 W, 67
2026/06/18 12:24:02.067, 0, Tesla V100-SXM2-32GB, 96 %, 58 %, 32768 MiB, 4840 MiB, 27655 MiB, 259.67 W, 67
2026/06/18 12:24:03.069, 0, Tesla V100-SXM2-32GB, 96 %, 58 %, 32768 MiB, 4840 MiB, 27655 MiB, 241.86 W, 66
2026/06/18 12:24:04.071, 0, Tesla V100-SXM2-32GB, 96 %, 59 %, 32768 MiB, 4840 MiB, 27655 MiB, 256.33 W, 67
2026/06/18 12:24:05.072, 0, Tesla V100-SXM2-32GB, 96 %, 58 %, 32768 MiB, 4840 MiB, 27655 MiB, 255.34 W, 67
2026/06/18 12:24:06.074, 0, Tesla V100-SXM2-32GB, 96 %, 58 %, 32768 MiB, 4840 MiB, 27655 MiB, 240.90 W, 67
2026/06/18 12:24:07.076, 0, Tesla V100-SXM2-32GB, 96 %, 59 %, 32768 MiB, 4840 MiB, 27655 MiB, 255.34 W, 67
2026/06/18 12:24:08.078, 0, Tesla V100-SXM2-32GB, 96 %, 58 %, 32768 MiB, 4840 MiB, 27655 MiB, 260.93 W, 67
2026/06/18 12:24:09.080, 0, Tesla V100-SXM2-32GB, 34 %, 23 %, 32768 MiB, 4840 MiB, 27655 MiB, 160.22 W, 63
2026/06/18 12:24:10.082, 0, Tesla V100-SXM2-32GB, 96 %, 58 %, 32768 MiB, 4840 MiB, 27655 MiB, 274.90 W, 67
2026/06/18 12:24:11.086, 0, Tesla V100-SXM2-32GB, 96 %, 58 %, 32768 MiB, 4840 MiB, 27655 MiB, 252.65 W, 67
2026/06/18 12:24:12.087, 0, Tesla V100-SXM2-32GB, 96 %, 58 %, 32768 MiB, 4840 MiB, 27655 MiB, 221.17 W, 67
2026/06/18 12:24:13.089, 0, Tesla V100-SXM2-32GB, 96 %, 58 %, 32768 MiB, 4840 MiB, 27655 MiB, 277.33 W, 67
2026/06/18 12:24:14.090, 0, Tesla V100-SXM2-32GB, 96 %, 58 %, 32768 MiB, 4840 MiB, 27655 MiB, 251.39 W, 67
2026/06/18 12:24:15.092, 0, Tesla V100-SXM2-32GB, 96 %, 58 %, 32768 MiB, 4840 MiB, 27655 MiB, 201.60 W, 67
2026/06/18 12:24:16.093, 0, Tesla V100-SXM2-32GB, 96 %, 59 %, 32768 MiB, 4840 MiB, 27655 MiB, 266.77 W, 67
2026/06/18 12:24:17.095, 0, Tesla V100-SXM2-32GB, 96 %, 58 %, 32768 MiB, 4840 MiB, 27655 MiB, 264.62 W, 67
2026/06/18 12:24:18.097, 0, Tesla V100-SXM2-32GB, 96 %, 58 %, 32768 MiB, 4840 MiB, 27655 MiB, 236.77 W, 67
2026/06/18 12:24:19.099, 0, Tesla V100-SXM2-32GB, 96 %, 59 %, 32768 MiB, 4840 MiB, 27655 MiB, 268.74 W, 67
2026/06/18 12:24:20.100, 0, Tesla V100-SXM2-32GB, 96 %, 57 %, 32768 MiB, 4840 MiB, 27655 MiB, 259.02 W, 67
2026/06/18 12:24:21.102, 0, Tesla V100-SXM2-32GB, 96 %, 57 %, 32768 MiB, 4840 MiB, 27655 MiB, 243.45 W, 67
2026/06/18 12:24:22.103, 0, Tesla V100-SXM2-32GB, 96 %, 58 %, 32768 MiB, 4840 MiB, 27655 MiB, 276.95 W, 67
2026/06/18 12:24:23.105, 0, Tesla V100-SXM2-32GB, 96 %, 58 %, 32768 MiB, 4840 MiB, 27655 MiB, 256.16 W, 67
2026/06/18 12:24:24.106, 0, Tesla V100-SXM2-32GB, 96 %, 59 %, 32768 MiB, 4840 MiB, 27655 MiB, 246.15 W, 67
2026/06/18 12:24:25.108, 0, Tesla V100-SXM2-32GB, 96 %, 57 %, 32768 MiB, 4840 MiB, 27655 MiB, 273.14 W, 67
2026/06/18 12:24:26.109, 0, Tesla V100-SXM2-32GB, 96 %, 58 %, 32768 MiB, 4840 MiB, 27655 MiB, 260.75 W, 68
2026/06/18 12:24:27.111, 0, Tesla V100-SXM2-32GB, 96 %, 59 %, 32768 MiB, 4840 MiB, 27655 MiB, 260.45 W, 68
2026/06/18 12:24:28.112, 0, Tesla V100-SXM2-32GB, 96 %, 57 %, 32768 MiB, 4840 MiB, 27655 MiB, 268.26 W, 67
2026/06/18 12:24:29.113, 0, Tesla V100-SXM2-32GB, 96 %, 58 %, 32768 MiB, 4840 MiB, 27655 MiB, 263.19 W, 68
2026/06/18 12:24:30.115, 0, Tesla V100-SXM2-32GB, 95 %, 59 %, 32768 MiB, 4840 MiB, 27655 MiB, 261.23 W, 68
2026/06/18 12:24:31.116, 0, Tesla V100-SXM2-32GB, 96 %, 57 %, 32768 MiB, 4840 MiB, 27655 MiB, 268.85 W, 67
2026/06/18 12:24:32.118, 0, Tesla V100-SXM2-32GB, 96 %, 58 %, 32768 MiB, 4840 MiB, 27655 MiB, 266.65 W, 68
2026/06/18 12:24:33.119, 0, Tesla V100-SXM2-32GB, 96 %, 60 %, 32768 MiB, 4840 MiB, 27655 MiB, 260.10 W, 68
2026/06/18 12:24:34.121, 0, Tesla V100-SXM2-32GB, 96 %, 58 %, 32768 MiB, 4840 MiB, 27655 MiB, 269.33 W, 68
2026/06/18 12:24:35.123, 0, Tesla V100-SXM2-32GB, 96 %, 58 %, 32768 MiB, 4840 MiB, 27655 MiB, 253.44 W, 68
2026/06/18 12:24:36.125, 0, Tesla V100-SXM2-32GB, 96 %, 59 %, 32768 MiB, 4840 MiB, 27655 MiB, 260.10 W, 68
2026/06/18 12:24:37.127, 0, Tesla V100-SXM2-32GB, 96 %, 58 %, 32768 MiB, 4840 MiB, 27655 MiB, 267.60 W, 67
2026/06/18 12:24:38.129, 0, Tesla V100-SXM2-32GB, 96 %, 58 %, 32768 MiB, 4840 MiB, 27655 MiB, 261.88 W, 68
2026/06/18 12:24:39.132, 0, Tesla V100-SXM2-32GB, 96 %, 59 %, 32768 MiB, 4840 MiB, 27655 MiB, 254.73 W, 68
2026/06/18 12:24:40.133, 0, Tesla V100-SXM2-32GB, 96 %, 58 %, 32768 MiB, 4840 MiB, 27655 MiB, 266.17 W, 67
2026/06/18 12:24:41.135, 0, Tesla V100-SXM2-32GB, 96 %, 57 %, 32768 MiB, 4840 MiB, 27655 MiB, 264.44 W, 68
2026/06/18 12:24:42.137, 0, Tesla V100-SXM2-32GB, 96 %, 59 %, 32768 MiB, 4840 MiB, 27655 MiB, 261.23 W, 68
2026/06/18 12:24:43.140, 0, Tesla V100-SXM2-32GB, 96 %, 58 %, 32768 MiB, 4840 MiB, 27655 MiB, 256.94 W, 68
2026/06/18 12:24:44.143, 0, Tesla V100-SXM2-32GB, 96 %, 58 %, 32768 MiB, 4840 MiB, 27655 MiB, 261.88 W, 68
2026/06/18 12:24:45.144, 0, Tesla V100-SXM2-32GB, 96 %, 59 %, 32768 MiB, 4840 MiB, 27655 MiB, 266.53 W, 68
2026/06/18 12:24:46.146, 0, Tesla V100-SXM2-32GB, 96 %, 58 %, 32768 MiB, 4840 MiB, 27655 MiB, 250.44 W, 68
2026/06/18 12:24:47.148, 0, Tesla V100-SXM2-32GB, 96 %, 58 %, 32768 MiB, 4840 MiB, 27655 MiB, 265.22 W, 68
2026/06/18 12:24:48.151, 0, Tesla V100-SXM2-32GB, 96 %, 59 %, 32768 MiB, 4840 MiB, 27655 MiB, 263.79 W, 68
2026/06/18 12:24:49.153, 0, Tesla V100-SXM2-32GB, 96 %, 58 %, 32768 MiB, 4840 MiB, 27655 MiB, 254.73 W, 68
2026/06/18 12:24:50.155, 0, Tesla V100-SXM2-32GB, 96 %, 59 %, 32768 MiB, 4840 MiB, 27655 MiB, 267.60 W, 68
2026/06/18 12:24:51.156, 0, Tesla V100-SXM2-32GB, 96 %, 58 %, 32768 MiB, 4840 MiB, 27655 MiB, 258.24 W, 68
2026/06/18 12:24:52.158, 0, Tesla V100-SXM2-32GB, 96 %, 58 %, 32768 MiB, 4840 MiB, 27655 MiB, 262.68 W, 67
2026/06/18 12:24:53.160, 0, Tesla V100-SXM2-32GB, 77 %, 45 %, 32768 MiB, 4840 MiB, 27655 MiB, 267.66 W, 66
2026/06/18 12:24:54.162, 0, Tesla V100-SXM2-32GB, 95 %, 59 %, 32768 MiB, 4840 MiB, 27655 MiB, 263.72 W, 68
2026/06/18 12:24:55.163, 0, Tesla V100-SXM2-32GB, 96 %, 57 %, 32768 MiB, 4840 MiB, 27655 MiB, 257.46 W, 68
2026/06/18 12:24:56.165, 0, Tesla V100-SXM2-32GB, 96 %, 57 %, 32768 MiB, 4840 MiB, 27655 MiB, 261.41 W, 67
2026/06/18 12:24:57.167, 0, Tesla V100-SXM2-32GB, 96 %, 58 %, 32768 MiB, 4840 MiB, 27655 MiB, 209.06 W, 68
2026/06/18 12:24:58.169, 0, Tesla V100-SXM2-32GB, 96 %, 58 %, 32768 MiB, 4840 MiB, 27655 MiB, 275.34 W, 68
2026/06/18 12:24:59.171, 0, Tesla V100-SXM2-32GB, 96 %, 59 %, 32768 MiB, 4840 MiB, 27655 MiB, 264.14 W, 68
2026/06/18 12:25:00.173, 0, Tesla V100-SXM2-32GB, 96 %, 58 %, 32768 MiB, 4840 MiB, 27655 MiB, 210.48 W, 68
2026/06/18 12:25:01.175, 0, Tesla V100-SXM2-32GB, 96 %, 58 %, 32768 MiB, 4840 MiB, 27655 MiB, 269.99 W, 68
2026/06/18 12:25:02.177, 0, Tesla V100-SXM2-32GB, 96 %, 59 %, 32768 MiB, 4840 MiB, 27655 MiB, 252.35 W, 68
2026/06/18 12:25:03.179, 0, Tesla V100-SXM2-32GB, 96 %, 58 %, 32768 MiB, 4840 MiB, 27655 MiB, 236.29 W, 68
2026/06/18 12:25:04.181, 0, Tesla V100-SXM2-32GB, 96 %, 59 %, 32768 MiB, 4840 MiB, 27655 MiB, 266.47 W, 68
2026/06/18 12:25:05.183, 0, Tesla V100-SXM2-32GB, 96 %, 58 %, 32768 MiB, 4840 MiB, 27655 MiB, 253.13 W, 68
2026/06/18 12:25:06.185, 0, Tesla V100-SXM2-32GB, 96 %, 58 %, 32768 MiB, 4840 MiB, 27655 MiB, 259.20 W, 68
2026/06/18 12:25:07.187, 0, Tesla V100-SXM2-32GB, 96 %, 59 %, 32768 MiB, 4840 MiB, 27655 MiB, 272.01 W, 68
2026/06/18 12:25:08.189, 0, Tesla V100-SXM2-32GB, 96 %, 58 %, 32768 MiB, 4840 MiB, 27655 MiB, 260.15 W, 68
2026/06/18 12:25:09.191, 0, Tesla V100-SXM2-32GB, 96 %, 58 %, 32768 MiB, 4840 MiB, 27655 MiB, 254.73 W, 68
2026/06/18 12:25:10.192, 0, Tesla V100-SXM2-32GB, 96 %, 59 %, 32768 MiB, 4840 MiB, 27655 MiB, 269.15 W, 68
2026/06/18 12:25:11.195, 0, Tesla V100-SXM2-32GB, 96 %, 58 %, 32768 MiB, 4840 MiB, 27655 MiB, 264.92 W, 68
2026/06/18 12:25:12.197, 0, Tesla V100-SXM2-32GB, 96 %, 58 %, 32768 MiB, 4840 MiB, 27655 MiB, 258.89 W, 68
2026/06/18 12:25:13.198, 0, Tesla V100-SXM2-32GB, 96 %, 59 %, 32768 MiB, 4840 MiB, 27655 MiB, 274.57 W, 68
2026/06/18 12:25:14.200, 0, Tesla V100-SXM2-32GB, 96 %, 58 %, 32768 MiB, 4840 MiB, 27655 MiB, 252.65 W, 68
2026/06/18 12:25:15.202, 0, Tesla V100-SXM2-32GB, 96 %, 58 %, 32768 MiB, 4840 MiB, 27655 MiB, 249.15 W, 68
2026/06/18 12:25:16.205, 0, Tesla V100-SXM2-32GB, 96 %, 59 %, 32768 MiB, 4840 MiB, 27655 MiB, 270.28 W, 68
2026/06/18 12:25:17.207, 0, Tesla V100-SXM2-32GB, 96 %, 58 %, 32768 MiB, 4840 MiB, 27655 MiB, 250.75 W, 68
2026/06/18 12:25:18.210, 0, Tesla V100-SXM2-32GB, 96 %, 58 %, 32768 MiB, 4840 MiB, 27655 MiB, 249.01 W, 68
2026/06/18 12:25:19.212, 0, Tesla V100-SXM2-32GB, 96 %, 59 %, 32768 MiB, 4840 MiB, 27655 MiB, 273.33 W, 68
2026/06/18 12:25:20.213, 0, Tesla V100-SXM2-32GB, 96 %, 58 %, 32768 MiB, 4840 MiB, 27655 MiB, 260.45 W, 68
2026/06/18 12:25:21.215, 0, Tesla V100-SXM2-32GB, 96 %, 58 %, 32768 MiB, 4840 MiB, 27655 MiB, 267.72 W, 68
2026/06/18 12:25:22.217, 0, Tesla V100-SXM2-32GB, 96 %, 59 %, 32768 MiB, 4840 MiB, 27655 MiB, 271.71 W, 68
2026/06/18 12:25:23.219, 0, Tesla V100-SXM2-32GB, 96 %, 58 %, 32768 MiB, 4840 MiB, 27655 MiB, 263.19 W, 68
2026/06/18 12:25:24.221, 0, Tesla V100-SXM2-32GB, 96 %, 58 %, 32768 MiB, 4840 MiB, 27655 MiB, 267.31 W, 68
2026/06/18 12:25:25.223, 0, Tesla V100-SXM2-32GB, 96 %, 59 %, 32768 MiB, 4840 MiB, 27655 MiB, 268.38 W, 68
2026/06/18 12:25:26.226, 0, Tesla V100-SXM2-32GB, 96 %, 57 %, 32768 MiB, 4840 MiB, 27655 MiB, 265.04 W, 68
2026/06/18 12:25:27.227, 0, Tesla V100-SXM2-32GB, 96 %, 58 %, 32768 MiB, 4840 MiB, 27655 MiB, 271.53 W, 68
2026/06/18 12:25:28.229, 0, Tesla V100-SXM2-32GB, 96 %, 59 %, 32768 MiB, 4840 MiB, 27655 MiB, 267.90 W, 68
2026/06/18 12:25:29.230, 0, Tesla V100-SXM2-32GB, 96 %, 58 %, 32768 MiB, 4840 MiB, 27655 MiB, 263.61 W, 68
2026/06/18 12:25:30.231, 0, Tesla V100-SXM2-32GB, 96 %, 59 %, 32768 MiB, 4840 MiB, 27655 MiB, 258.37 W, 68
2026/06/18 12:25:31.235, 0, Tesla V100-SXM2-32GB, 96 %, 57 %, 32768 MiB, 4840 MiB, 27655 MiB, 269.99 W, 68
2026/06/18 12:25:32.236, 0, Tesla V100-SXM2-32GB, 96 %, 58 %, 32768 MiB, 4840 MiB, 27655 MiB, 262.18 W, 68
2026/06/18 12:25:33.238, 0, Tesla V100-SXM2-32GB, 95 %, 59 %, 32768 MiB, 4840 MiB, 27655 MiB, 259.50 W, 68
2026/06/18 12:25:34.239, 0, Tesla V100-SXM2-32GB, 96 %, 57 %, 32768 MiB, 4840 MiB, 27655 MiB, 264.57 W, 68
2026/06/18 12:25:35.241, 0, Tesla V100-SXM2-32GB, 96 %, 58 %, 32768 MiB, 4840 MiB, 27655 MiB, 254.56 W, 68
2026/06/18 12:25:36.242, 0, Tesla V100-SXM2-32GB, 95 %, 59 %, 32768 MiB, 4840 MiB, 27655 MiB, 264.62 W, 68
2026/06/18 12:25:37.244, 0, Tesla V100-SXM2-32GB, 96 %, 57 %, 32768 MiB, 4840 MiB, 27655 MiB, 259.02 W, 68
2026/06/18 12:25:38.245, 0, Tesla V100-SXM2-32GB, 96 %, 58 %, 32768 MiB, 4840 MiB, 27655 MiB, 267.31 W, 68
2026/06/18 12:25:39.246, 0, Tesla V100-SXM2-32GB, 95 %, 59 %, 32768 MiB, 4840 MiB, 27655 MiB, 265.10 W, 68
2026/06/18 12:25:40.248, 0, Tesla V100-SXM2-32GB, 96 %, 57 %, 32768 MiB, 4840 MiB, 27655 MiB, 251.25 W, 68
2026/06/18 12:25:41.249, 0, Tesla V100-SXM2-32GB, 96 %, 58 %, 32768 MiB, 4840 MiB, 27655 MiB, 260.28 W, 68
2026/06/18 12:25:42.251, 0, Tesla V100-SXM2-32GB, 95 %, 59 %, 32768 MiB, 4840 MiB, 27655 MiB, 258.67 W, 68
2026/06/18 12:25:43.252, 0, Tesla V100-SXM2-32GB, 96 %, 58 %, 32768 MiB, 4840 MiB, 27655 MiB, 261.72 W, 68
2026/06/18 12:25:44.254, 0, Tesla V100-SXM2-32GB, 96 %, 59 %, 32768 MiB, 4840 MiB, 27655 MiB, 252.40 W, 68
2026/06/18 12:25:45.255, 0, Tesla V100-SXM2-32GB, 96 %, 58 %, 32768 MiB, 4840 MiB, 27655 MiB, 269.51 W, 68
2026/06/18 12:25:46.257, 0, Tesla V100-SXM2-32GB, 99 %, 55 %, 32768 MiB, 4840 MiB, 27655 MiB, 249.46 W, 68
2026/06/18 12:25:47.258, 0, Tesla V100-SXM2-32GB, 99 %, 56 %, 32768 MiB, 4840 MiB, 27655 MiB, 270.53 W, 68
2026/06/18 12:25:48.259, 0, Tesla V100-SXM2-32GB, 99 %, 56 %, 32768 MiB, 4840 MiB, 27655 MiB, 251.22 W, 69
2026/06/18 12:25:49.261, 0, Tesla V100-SXM2-32GB, 99 %, 54 %, 32768 MiB, 4840 MiB, 27655 MiB, 266.83 W, 69
2026/06/18 12:25:50.262, 0, Tesla V100-SXM2-32GB, 0 %, 0 %, 32768 MiB, 4840 MiB, 27655 MiB, 81.25 W, 63
2026/06/18 12:25:51.264, 0, Tesla V100-SXM2-32GB, 0 %, 0 %, 32768 MiB, 4840 MiB, 27655 MiB, 80.76 W, 62
2026/06/18 12:25:52.265, 0, Tesla V100-SXM2-32GB, 0 %, 0 %, 32768 MiB, 4840 MiB, 27655 MiB, 64.07 W, 61
2026/06/18 12:25:53.272, 0, Tesla V100-SXM2-32GB, 84 %, 48 %, 32768 MiB, 4840 MiB, 27655 MiB, 216.12 W, 63
2026/06/18 12:25:54.274, 0, Tesla V100-SXM2-32GB, 96 %, 59 %, 32768 MiB, 4840 MiB, 27655 MiB, 263.06 W, 66
2026/06/18 12:25:55.285, 0, Tesla V100-SXM2-32GB, 96 %, 58 %, 32768 MiB, 4840 MiB, 27655 MiB, 236.93 W, 66
2026/06/18 12:25:56.287, 0, Tesla V100-SXM2-32GB, 96 %, 59 %, 32768 MiB, 4840 MiB, 27655 MiB, 264.39 W, 67
2026/06/18 12:25:57.288, 0, Tesla V100-SXM2-32GB, 96 %, 58 %, 32768 MiB, 4840 MiB, 27655 MiB, 259.98 W, 67
2026/06/18 12:25:58.289, 0, Tesla V100-SXM2-32GB, 96 %, 58 %, 32768 MiB, 4840 MiB, 27655 MiB, 205.01 W, 67
2026/06/18 12:25:59.291, 0, Tesla V100-SXM2-32GB, 96 %, 58 %, 32768 MiB, 4840 MiB, 27655 MiB, 272.19 W, 67
2026/06/18 12:26:00.292, 0, Tesla V100-SXM2-32GB, 96 %, 59 %, 32768 MiB, 4840 MiB, 27655 MiB, 251.39 W, 67
2026/06/18 12:26:01.294, 0, Tesla V100-SXM2-32GB, 96 %, 58 %, 32768 MiB, 4840 MiB, 27655 MiB, 237.72 W, 67
2026/06/18 12:26:02.295, 0, Tesla V100-SXM2-32GB, 95 %, 57 %, 32768 MiB, 4840 MiB, 27655 MiB, 273.62 W, 67
2026/06/18 12:26:03.297, 0, Tesla V100-SXM2-32GB, 96 %, 59 %, 32768 MiB, 4840 MiB, 27655 MiB, 263.49 W, 67
2026/06/18 12:26:04.298, 0, Tesla V100-SXM2-32GB, 96 %, 58 %, 32768 MiB, 4840 MiB, 27655 MiB, 266.47 W, 67
2026/06/18 12:26:05.300, 0, Tesla V100-SXM2-32GB, 95 %, 57 %, 32768 MiB, 4840 MiB, 27655 MiB, 269.81 W, 67
2026/06/18 12:26:06.301, 0, Tesla V100-SXM2-32GB, 96 %, 59 %, 32768 MiB, 4840 MiB, 27655 MiB, 256.94 W, 67
2026/06/18 12:26:07.303, 0, Tesla V100-SXM2-32GB, 96 %, 58 %, 32768 MiB, 4840 MiB, 27655 MiB, 264.44 W, 67
2026/06/18 12:26:08.304, 0, Tesla V100-SXM2-32GB, 96 %, 58 %, 32768 MiB, 4840 MiB, 27655 MiB, 266.47 W, 67
2026/06/18 12:26:09.306, 0, Tesla V100-SXM2-32GB, 96 %, 59 %, 32768 MiB, 4840 MiB, 27655 MiB, 258.55 W, 67
2026/06/18 12:26:10.307, 0, Tesla V100-SXM2-32GB, 96 %, 58 %, 32768 MiB, 4840 MiB, 27655 MiB, 263.14 W, 67
2026/06/18 12:26:11.309, 0, Tesla V100-SXM2-32GB, 96 %, 57 %, 32768 MiB, 4840 MiB, 27655 MiB, 260.93 W, 67
2026/06/18 12:26:12.311, 0, Tesla V100-SXM2-32GB, 96 %, 59 %, 32768 MiB, 4840 MiB, 27655 MiB, 263.79 W, 67
2026/06/18 12:26:13.313, 0, Tesla V100-SXM2-32GB, 96 %, 58 %, 32768 MiB, 4840 MiB, 27655 MiB, 263.97 W, 67
2026/06/18 12:26:14.315, 0, Tesla V100-SXM2-32GB, 96 %, 59 %, 32768 MiB, 4840 MiB, 27655 MiB, 262.84 W, 67
2026/06/18 12:26:15.317, 0, Tesla V100-SXM2-32GB, 97 %, 58 %, 32768 MiB, 4840 MiB, 27655 MiB, 263.49 W, 67
2026/06/18 12:26:16.319, 0, Tesla V100-SXM2-32GB, 0 %, 0 %, 32768 MiB, 4840 MiB, 27655 MiB, 81.41 W, 63
2026/06/18 12:26:17.321, 0, Tesla V100-SXM2-32GB, 69 %, 41 %, 32768 MiB, 4840 MiB, 27655 MiB, 81.89 W, 64
2026/06/18 12:26:18.323, 0, Tesla V100-SXM2-32GB, 96 %, 58 %, 32768 MiB, 4840 MiB, 27655 MiB, 259.76 W, 67
2026/06/18 12:26:19.325, 0, Tesla V100-SXM2-32GB, 96 %, 58 %, 32768 MiB, 4840 MiB, 27655 MiB, 242.66 W, 67
2026/06/18 12:26:20.327, 0, Tesla V100-SXM2-32GB, 96 %, 59 %, 32768 MiB, 4840 MiB, 27655 MiB, 261.88 W, 67
2026/06/18 12:26:21.329, 0, Tesla V100-SXM2-32GB, 96 %, 58 %, 32768 MiB, 4840 MiB, 27655 MiB, 264.27 W, 67
2026/06/18 12:26:22.331, 0, Tesla V100-SXM2-32GB, 96 %, 59 %, 32768 MiB, 4840 MiB, 27655 MiB, 235.50 W, 67
2026/06/18 12:26:23.333, 0, Tesla V100-SXM2-32GB, 96 %, 58 %, 32768 MiB, 4840 MiB, 27655 MiB, 262.96 W, 67
2026/06/18 12:26:24.336, 0, Tesla V100-SXM2-32GB, 96 %, 58 %, 32768 MiB, 4840 MiB, 27655 MiB, 263.31 W, 67
2026/06/18 12:26:25.337, 0, Tesla V100-SXM2-32GB, 96 %, 59 %, 32768 MiB, 4840 MiB, 27655 MiB, 236.77 W, 67
2026/06/18 12:26:26.339, 0, Tesla V100-SXM2-32GB, 96 %, 58 %, 32768 MiB, 4840 MiB, 27655 MiB, 273.69 W, 67
2026/06/18 12:26:27.341, 0, Tesla V100-SXM2-32GB, 96 %, 58 %, 32768 MiB, 4840 MiB, 27655 MiB, 266.29 W, 67
2026/06/18 12:26:28.343, 0, Tesla V100-SXM2-32GB, 96 %, 59 %, 32768 MiB, 4840 MiB, 27655 MiB, 234.86 W, 67
2026/06/18 12:26:29.346, 0, Tesla V100-SXM2-32GB, 96 %, 58 %, 32768 MiB, 4840 MiB, 27655 MiB, 257.11 W, 67
2026/06/18 12:26:30.349, 0, Tesla V100-SXM2-32GB, 96 %, 58 %, 32768 MiB, 4840 MiB, 27655 MiB, 263.14 W, 67
2026/06/18 12:26:31.351, 0, Tesla V100-SXM2-32GB, 87 %, 53 %, 32768 MiB, 4840 MiB, 27655 MiB, 246.36 W, 67
2026/06/18 12:26:32.352, 0, Tesla V100-SXM2-32GB, 90 %, 55 %, 32768 MiB, 4840 MiB, 27655 MiB, 91.20 W, 65
2026/06/18 12:26:33.354, 0, Tesla V100-SXM2-32GB, 96 %, 59 %, 32768 MiB, 4840 MiB, 27655 MiB, 267.37 W, 67
2026/06/18 12:26:34.356, 0, Tesla V100-SXM2-32GB, 96 %, 58 %, 32768 MiB, 4840 MiB, 27655 MiB, 250.75 W, 67
2026/06/18 12:26:35.357, 0, Tesla V100-SXM2-32GB, 96 %, 59 %, 32768 MiB, 4840 MiB, 27655 MiB, 257.24 W, 67
2026/06/18 12:26:36.359, 0, Tesla V100-SXM2-32GB, 96 %, 58 %, 32768 MiB, 4840 MiB, 27655 MiB, 264.09 W, 67
2026/06/18 12:26:37.360, 0, Tesla V100-SXM2-32GB, 96 %, 58 %, 32768 MiB, 4840 MiB, 27655 MiB, 264.44 W, 68
2026/06/18 12:26:38.361, 0, Tesla V100-SXM2-32GB, 96 %, 60 %, 32768 MiB, 4840 MiB, 27655 MiB, 259.02 W, 67
2026/06/18 12:26:39.363, 0, Tesla V100-SXM2-32GB, 96 %, 58 %, 32768 MiB, 4840 MiB, 27655 MiB, 262.18 W, 67
2026/06/18 12:26:40.364, 0, Tesla V100-SXM2-32GB, 96 %, 58 %, 32768 MiB, 4840 MiB, 27655 MiB, 260.75 W, 67
2026/06/18 12:26:41.366, 0, Tesla V100-SXM2-32GB, 96 %, 59 %, 32768 MiB, 4840 MiB, 27655 MiB, 261.53 W, 68
2026/06/18 12:26:42.367, 0, Tesla V100-SXM2-32GB, 96 %, 58 %, 32768 MiB, 4840 MiB, 27655 MiB, 257.42 W, 67
2026/06/18 12:26:43.369, 0, Tesla V100-SXM2-32GB, 96 %, 58 %, 32768 MiB, 4840 MiB, 27655 MiB, 262.66 W, 68
2026/06/18 12:26:44.370, 0, Tesla V100-SXM2-32GB, 96 %, 59 %, 32768 MiB, 4840 MiB, 27655 MiB, 263.61 W, 68
2026/06/18 12:26:45.372, 0, Tesla V100-SXM2-32GB, 96 %, 58 %, 32768 MiB, 4840 MiB, 27655 MiB, 249.49 W, 67
2026/06/18 12:26:46.373, 0, Tesla V100-SXM2-32GB, 96 %, 59 %, 32768 MiB, 4840 MiB, 27655 MiB, 265.04 W, 68
2026/06/18 12:26:47.374, 0, Tesla V100-SXM2-32GB, 96 %, 59 %, 32768 MiB, 4840 MiB, 27655 MiB, 263.49 W, 68
2026/06/18 12:26:48.376, 0, Tesla V100-SXM2-32GB, 96 %, 58 %, 32768 MiB, 4840 MiB, 27655 MiB, 247.74 W, 67
2026/06/18 12:26:49.377, 0, Tesla V100-SXM2-32GB, 96 %, 59 %, 32768 MiB, 4840 MiB, 27655 MiB, 266.11 W, 68
2026/06/18 12:26:50.379, 0, Tesla V100-SXM2-32GB, 96 %, 58 %, 32768 MiB, 4840 MiB, 27655 MiB, 268.74 W, 68
2026/06/18 12:26:51.380, 0, Tesla V100-SXM2-32GB, 96 %, 58 %, 32768 MiB, 4840 MiB, 27655 MiB, 240.59 W, 68
2026/06/18 12:26:52.382, 0, Tesla V100-SXM2-32GB, 96 %, 59 %, 32768 MiB, 4840 MiB, 27655 MiB, 265.82 W, 68
2026/06/18 12:26:53.383, 0, Tesla V100-SXM2-32GB, 96 %, 58 %, 32768 MiB, 4840 MiB, 27655 MiB, 261.88 W, 68
2026/06/18 12:26:54.385, 0, Tesla V100-SXM2-32GB, 96 %, 58 %, 32768 MiB, 4840 MiB, 27655 MiB, 228.35 W, 67
2026/06/18 12:26:55.386, 0, Tesla V100-SXM2-32GB, 96 %, 59 %, 32768 MiB, 4840 MiB, 27655 MiB, 264.55 W, 68
2026/06/18 12:26:56.387, 0, Tesla V100-SXM2-32GB, 96 %, 58 %, 32768 MiB, 4840 MiB, 27655 MiB, 258.76 W, 68
2026/06/18 12:26:57.389, 0, Tesla V100-SXM2-32GB, 96 %, 58 %, 32768 MiB, 4840 MiB, 27655 MiB, 218.93 W, 68
2026/06/18 12:26:58.390, 0, Tesla V100-SXM2-32GB, 96 %, 59 %, 32768 MiB, 4840 MiB, 27655 MiB, 275.05 W, 68
2026/06/18 12:26:59.392, 0, Tesla V100-SXM2-32GB, 96 %, 58 %, 32768 MiB, 4840 MiB, 27655 MiB, 254.08 W, 68
2026/06/18 12:27:00.393, 0, Tesla V100-SXM2-32GB, 96 %, 58 %, 32768 MiB, 4840 MiB, 27655 MiB, 263.14 W, 68
2026/06/18 12:27:01.395, 0, Tesla V100-SXM2-32GB, 96 %, 58 %, 32768 MiB, 4840 MiB, 27655 MiB, 268.38 W, 68
2026/06/18 12:27:02.397, 0, Tesla V100-SXM2-32GB, 96 %, 59 %, 32768 MiB, 4840 MiB, 27655 MiB, 262.84 W, 68
2026/06/18 12:27:03.399, 0, Tesla V100-SXM2-32GB, 96 %, 58 %, 32768 MiB, 4840 MiB, 27655 MiB, 262.96 W, 68
2026/06/18 12:27:04.401, 0, Tesla V100-SXM2-32GB, 96 %, 59 %, 32768 MiB, 4840 MiB, 27655 MiB, 266.17 W, 68
2026/06/18 12:27:05.403, 0, Tesla V100-SXM2-32GB, 96 %, 58 %, 32768 MiB, 4840 MiB, 27655 MiB, 252.82 W, 68
2026/06/18 12:27:06.405, 0, Tesla V100-SXM2-32GB, 96 %, 58 %, 32768 MiB, 4840 MiB, 27655 MiB, 258.85 W, 68
2026/06/18 12:27:07.407, 0, Tesla V100-SXM2-32GB, 96 %, 59 %, 32768 MiB, 4840 MiB, 27655 MiB, 265.52 W, 68
2026/06/18 12:27:08.410, 0, Tesla V100-SXM2-32GB, 96 %, 58 %, 32768 MiB, 4840 MiB, 27655 MiB, 264.09 W, 68
2026/06/18 12:27:09.412, 0, Tesla V100-SXM2-32GB, 96 %, 58 %, 32768 MiB, 4840 MiB, 27655 MiB, 258.55 W, 68
2026/06/18 12:27:10.413, 0, Tesla V100-SXM2-32GB, 96 %, 59 %, 32768 MiB, 4840 MiB, 27655 MiB, 266.47 W, 68
2026/06/18 12:27:11.415, 0, Tesla V100-SXM2-32GB, 96 %, 58 %, 32768 MiB, 4840 MiB, 27655 MiB, 264.92 W, 68
2026/06/18 12:27:12.418, 0, Tesla V100-SXM2-32GB, 96 %, 58 %, 32768 MiB, 4840 MiB, 27655 MiB, 263.79 W, 68
2026/06/18 12:27:13.420, 0, Tesla V100-SXM2-32GB, 96 %, 59 %, 32768 MiB, 4840 MiB, 27655 MiB, 261.05 W, 68
2026/06/18 12:27:14.421, 0, Tesla V100-SXM2-32GB, 96 %, 58 %, 32768 MiB, 4840 MiB, 27655 MiB, 255.21 W, 68
2026/06/18 12:27:15.423, 0, Tesla V100-SXM2-32GB, 96 %, 58 %, 32768 MiB, 4840 MiB, 27655 MiB, 267.19 W, 68
2026/06/18 12:27:16.425, 0, Tesla V100-SXM2-32GB, 96 %, 59 %, 32768 MiB, 4840 MiB, 27655 MiB, 249.65 W, 68
2026/06/18 12:27:17.428, 0, Tesla V100-SXM2-32GB, 96 %, 58 %, 32768 MiB, 4840 MiB, 27655 MiB, 268.08 W, 68
2026/06/18 12:27:18.430, 0, Tesla V100-SXM2-32GB, 88 %, 53 %, 32768 MiB, 4840 MiB, 27655 MiB, 254.04 W, 68
2026/06/18 12:27:19.431, 0, Tesla V100-SXM2-32GB, 76 %, 45 %, 32768 MiB, 4840 MiB, 27655 MiB, 265.26 W, 67
2026/06/18 12:27:20.433, 0, Tesla V100-SXM2-32GB, 96 %, 58 %, 32768 MiB, 4840 MiB, 27655 MiB, 256.71 W, 68
2026/06/18 12:27:21.435, 0, Tesla V100-SXM2-32GB, 96 %, 58 %, 32768 MiB, 4840 MiB, 27655 MiB, 265.99 W, 68
2026/06/18 12:27:22.438, 0, Tesla V100-SXM2-32GB, 96 %, 59 %, 32768 MiB, 4840 MiB, 27655 MiB, 268.85 W, 68
2026/06/18 12:27:23.440, 0, Tesla V100-SXM2-32GB, 96 %, 57 %, 32768 MiB, 4840 MiB, 27655 MiB, 256.77 W, 68
2026/06/18 12:27:24.442, 0, Tesla V100-SXM2-32GB, 96 %, 58 %, 32768 MiB, 4840 MiB, 27655 MiB, 263.67 W, 68
2026/06/18 12:27:25.444, 0, Tesla V100-SXM2-32GB, 96 %, 60 %, 32768 MiB, 4840 MiB, 27655 MiB, 267.90 W, 68
2026/06/18 12:27:26.446, 0, Tesla V100-SXM2-32GB, 96 %, 57 %, 32768 MiB, 4840 MiB, 27655 MiB, 256.64 W, 68
2026/06/18 12:27:27.448, 0, Tesla V100-SXM2-32GB, 96 %, 58 %, 32768 MiB, 4840 MiB, 27655 MiB, 262.84 W, 68
2026/06/18 12:27:28.450, 0, Tesla V100-SXM2-32GB, 96 %, 60 %, 32768 MiB, 4840 MiB, 27655 MiB, 264.74 W, 68
2026/06/18 12:27:29.452, 0, Tesla V100-SXM2-32GB, 96 %, 57 %, 32768 MiB, 4840 MiB, 27655 MiB, 269.87 W, 68
2026/06/18 12:27:30.454, 0, Tesla V100-SXM2-32GB, 96 %, 58 %, 32768 MiB, 4840 MiB, 27655 MiB, 266.17 W, 68
2026/06/18 12:27:31.457, 0, Tesla V100-SXM2-32GB, 95 %, 59 %, 32768 MiB, 4840 MiB, 27655 MiB, 262.84 W, 68
2026/06/18 12:27:32.459, 0, Tesla V100-SXM2-32GB, 96 %, 57 %, 32768 MiB, 4840 MiB, 27655 MiB, 265.22 W, 68
2026/06/18 12:27:33.462, 0, Tesla V100-SXM2-32GB, 96 %, 58 %, 32768 MiB, 4840 MiB, 27655 MiB, 264.21 W, 68
2026/06/18 12:27:34.464, 0, Tesla V100-SXM2-32GB, 95 %, 59 %, 32768 MiB, 4840 MiB, 27655 MiB, 262.36 W, 68
2026/06/18 12:27:35.466, 0, Tesla V100-SXM2-32GB, 96 %, 57 %, 32768 MiB, 4840 MiB, 27655 MiB, 255.34 W, 68
2026/06/18 12:27:36.468, 0, Tesla V100-SXM2-32GB, 95 %, 58 %, 32768 MiB, 4840 MiB, 27655 MiB, 264.44 W, 68
2026/06/18 12:27:37.470, 0, Tesla V100-SXM2-32GB, 95 %, 59 %, 32768 MiB, 4840 MiB, 27655 MiB, 260.28 W, 68
2026/06/18 12:27:38.472, 0, Tesla V100-SXM2-32GB, 96 %, 58 %, 32768 MiB, 4840 MiB, 27655 MiB, 269.21 W, 68
2026/06/18 12:27:39.474, 0, Tesla V100-SXM2-32GB, 89 %, 54 %, 32768 MiB, 4840 MiB, 27655 MiB, 256.13 W, 68
2026/06/18 12:27:40.476, 0, Tesla V100-SXM2-32GB, 96 %, 59 %, 32768 MiB, 4840 MiB, 27655 MiB, 261.24 W, 67
2026/06/18 12:27:41.479, 0, Tesla V100-SXM2-32GB, 26 %, 19 %, 32768 MiB, 4840 MiB, 27655 MiB, 248.78 W, 64
2026/06/18 12:27:42.481, 0, Tesla V100-SXM2-32GB, 96 %, 58 %, 32768 MiB, 4840 MiB, 27655 MiB, 254.46 W, 68
2026/06/18 12:27:43.482, 0, Tesla V100-SXM2-32GB, 95 %, 59 %, 32768 MiB, 4840 MiB, 27655 MiB, 259.02 W, 68
2026/06/18 12:27:44.484, 0, Tesla V100-SXM2-32GB, 96 %, 58 %, 32768 MiB, 4840 MiB, 27655 MiB, 261.71 W, 68
2026/06/18 12:27:45.485, 0, Tesla V100-SXM2-32GB, 96 %, 59 %, 32768 MiB, 4840 MiB, 27655 MiB, 254.25 W, 68
2026/06/18 12:27:46.487, 0, Tesla V100-SXM2-32GB, 71 %, 35 %, 32768 MiB, 4840 MiB, 27655 MiB, 275.12 W, 67
2026/06/18 12:27:47.488, 0, Tesla V100-SXM2-32GB, 99 %, 57 %, 32768 MiB, 4840 MiB, 27655 MiB, 251.50 W, 68
2026/06/18 12:27:48.490, 0, Tesla V100-SXM2-32GB, 99 %, 56 %, 32768 MiB, 4840 MiB, 27655 MiB, 261.71 W, 67
2026/06/18 12:27:49.491, 0, Tesla V100-SXM2-32GB, 99 %, 54 %, 32768 MiB, 4840 MiB, 27655 MiB, 254.08 W, 67
2026/06/18 12:27:50.493, 0, Tesla V100-SXM2-32GB, 8 %, 0 %, 32768 MiB, 4840 MiB, 27655 MiB, 80.76 W, 62
2026/06/18 12:27:51.494, 0, Tesla V100-SXM2-32GB, 0 %, 0 %, 32768 MiB, 4840 MiB, 27655 MiB, 76.57 W, 61
2026/06/18 12:27:52.497, 0, Tesla V100-SXM2-32GB, 8 %, 0 %, 32768 MiB, 4840 MiB, 27655 MiB, 75.93 W, 60
2026/06/18 12:27:53.499, 0, Tesla V100-SXM2-32GB, 0 %, 0 %, 32768 MiB, 4840 MiB, 27655 MiB, 63.42 W, 59
2026/06/18 12:27:54.501, 0, Tesla V100-SXM2-32GB, 0 %, 0 %, 32768 MiB, 4840 MiB, 27655 MiB, 62.81 W, 58
2026/06/18 12:27:55.503, 0, Tesla V100-SXM2-32GB, 0 %, 0 %, 32768 MiB, 4840 MiB, 27655 MiB, 62.41 W, 57
2026/06/18 12:27:56.505, 0, Tesla V100-SXM2-32GB, 96 %, 58 %, 32768 MiB, 4840 MiB, 27655 MiB, 236.61 W, 62
2026/06/18 12:27:57.506, 0, Tesla V100-SXM2-32GB, 95 %, 58 %, 32768 MiB, 4840 MiB, 27655 MiB, 252.99 W, 63
2026/06/18 12:27:58.508, 0, Tesla V100-SXM2-32GB, 96 %, 57 %, 32768 MiB, 4840 MiB, 27655 MiB, 257.94 W, 64
2026/06/18 12:27:59.509, 0, Tesla V100-SXM2-32GB, 96 %, 58 %, 32768 MiB, 4840 MiB, 27655 MiB, 228.03 W, 63
2026/06/18 12:28:00.511, 0, Tesla V100-SXM2-32GB, 95 %, 59 %, 32768 MiB, 4840 MiB, 27655 MiB, 253.61 W, 64
2026/06/18 12:28:01.512, 0, Tesla V100-SXM2-32GB, 96 %, 57 %, 32768 MiB, 4840 MiB, 27655 MiB, 247.41 W, 64
2026/06/18 12:28:02.513, 0, Tesla V100-SXM2-32GB, 96 %, 58 %, 32768 MiB, 4840 MiB, 27655 MiB, 217.65 W, 64
2026/06/18 12:28:03.515, 0, Tesla V100-SXM2-32GB, 95 %, 59 %, 32768 MiB, 4840 MiB, 27655 MiB, 269.99 W, 64
2026/06/18 12:28:04.516, 0, Tesla V100-SXM2-32GB, 96 %, 57 %, 32768 MiB, 4840 MiB, 27655 MiB, 246.15 W, 64
2026/06/18 12:28:05.518, 0, Tesla V100-SXM2-32GB, 96 %, 58 %, 32768 MiB, 4840 MiB, 27655 MiB, 244.72 W, 63
2026/06/18 12:28:06.519, 0, Tesla V100-SXM2-32GB, 96 %, 59 %, 32768 MiB, 4840 MiB, 27655 MiB, 269.99 W, 63
2026/06/18 12:28:07.521, 0, Tesla V100-SXM2-32GB, 96 %, 57 %, 32768 MiB, 4840 MiB, 27655 MiB, 256.16 W, 64
2026/06/18 12:28:08.522, 0, Tesla V100-SXM2-32GB, 96 %, 58 %, 32768 MiB, 4840 MiB, 27655 MiB, 251.70 W, 64
2026/06/18 12:28:09.523, 0, Tesla V100-SXM2-32GB, 42 %, 28 %, 32768 MiB, 4840 MiB, 27655 MiB, 258.88 W, 63
2026/06/18 12:28:10.525, 0, Tesla V100-SXM2-32GB, 96 %, 58 %, 32768 MiB, 4840 MiB, 27655 MiB, 260.32 W, 63
2026/06/18 12:28:11.526, 0, Tesla V100-SXM2-32GB, 96 %, 58 %, 32768 MiB, 4840 MiB, 27655 MiB, 262.46 W, 64
2026/06/18 12:28:12.528, 0, Tesla V100-SXM2-32GB, 96 %, 59 %, 32768 MiB, 4840 MiB, 27655 MiB, 246.46 W, 63
2026/06/18 12:28:13.529, 0, Tesla V100-SXM2-32GB, 96 %, 58 %, 32768 MiB, 4840 MiB, 27655 MiB, 259.20 W, 64
2026/06/18 12:28:14.531, 0, Tesla V100-SXM2-32GB, 96 %, 58 %, 32768 MiB, 4840 MiB, 27655 MiB, 264.78 W, 64
2026/06/18 12:28:15.532, 0, Tesla V100-SXM2-32GB, 96 %, 59 %, 32768 MiB, 4840 MiB, 27655 MiB, 215.73 W, 64
2026/06/18 12:28:16.534, 0, Tesla V100-SXM2-32GB, 95 %, 57 %, 32768 MiB, 4840 MiB, 27655 MiB, 266.39 W, 64
2026/06/18 12:28:17.536, 0, Tesla V100-SXM2-32GB, 96 %, 58 %, 32768 MiB, 4840 MiB, 27655 MiB, 259.05 W, 64
2026/06/18 12:28:18.538, 0, Tesla V100-SXM2-32GB, 96 %, 59 %, 32768 MiB, 4840 MiB, 27655 MiB, 222.66 W, 64
2026/06/18 12:28:19.540, 0, Tesla V100-SXM2-32GB, 96 %, 58 %, 32768 MiB, 4840 MiB, 27655 MiB, 269.10 W, 64
2026/06/18 12:28:20.541, 0, Tesla V100-SXM2-32GB, 96 %, 58 %, 32768 MiB, 4840 MiB, 27655 MiB, 257.09 W, 65
2026/06/18 12:28:21.544, 0, Tesla V100-SXM2-32GB, 96 %, 59 %, 32768 MiB, 4840 MiB, 27655 MiB, 257.30 W, 65
2026/06/18 12:28:22.546, 0, Tesla V100-SXM2-32GB, 96 %, 58 %, 32768 MiB, 4840 MiB, 27655 MiB, 269.94 W, 64
2026/06/18 12:28:23.548, 0, Tesla V100-SXM2-32GB, 96 %, 58 %, 32768 MiB, 4840 MiB, 27655 MiB, 251.16 W, 65
2026/06/18 12:28:24.549, 0, Tesla V100-SXM2-32GB, 96 %, 58 %, 32768 MiB, 4840 MiB, 27655 MiB, 262.68 W, 65
2026/06/18 12:28:25.552, 0, Tesla V100-SXM2-32GB, 96 %, 58 %, 32768 MiB, 4840 MiB, 27655 MiB, 262.38 W, 65
2026/06/18 12:28:26.554, 0, Tesla V100-SXM2-32GB, 96 %, 58 %, 32768 MiB, 4840 MiB, 27655 MiB, 249.89 W, 65
2026/06/18 12:28:27.556, 0, Tesla V100-SXM2-32GB, 96 %, 59 %, 32768 MiB, 4840 MiB, 27655 MiB, 264.47 W, 65
2026/06/18 12:28:28.557, 0, Tesla V100-SXM2-32GB, 96 %, 58 %, 32768 MiB, 4840 MiB, 27655 MiB, 263.69 W, 65
2026/06/18 12:28:29.559, 0, Tesla V100-SXM2-32GB, 96 %, 58 %, 32768 MiB, 4840 MiB, 27655 MiB, 260.80 W, 65
2026/06/18 12:28:30.561, 0, Tesla V100-SXM2-32GB, 96 %, 59 %, 32768 MiB, 4840 MiB, 27655 MiB, 256.61 W, 65
2026/06/18 12:28:31.564, 0, Tesla V100-SXM2-32GB, 96 %, 58 %, 32768 MiB, 4840 MiB, 27655 MiB, 259.97 W, 65
2026/06/18 12:28:32.567, 0, Tesla V100-SXM2-32GB, 96 %, 58 %, 32768 MiB, 4840 MiB, 27655 MiB, 269.33 W, 65
2026/06/18 12:28:33.568, 0, Tesla V100-SXM2-32GB, 96 %, 58 %, 32768 MiB, 4840 MiB, 27655 MiB, 259.18 W, 65
2026/06/18 12:28:34.569, 0, Tesla V100-SXM2-32GB, 96 %, 59 %, 32768 MiB, 4840 MiB, 27655 MiB, 236.60 W, 65
2026/06/18 12:28:35.572, 0, Tesla V100-SXM2-32GB, 96 %, 57 %, 32768 MiB, 4840 MiB, 27655 MiB, 262.38 W, 66
2026/06/18 12:28:36.574, 0, Tesla V100-SXM2-32GB, 95 %, 57 %, 32768 MiB, 4840 MiB, 27655 MiB, 250.53 W, 66
2026/06/18 12:28:37.576, 0, Tesla V100-SXM2-32GB, 94 %, 58 %, 32768 MiB, 4840 MiB, 27655 MiB, 202.87 W, 66
2026/06/18 12:28:38.577, 0, Tesla V100-SXM2-32GB, 96 %, 57 %, 32768 MiB, 4840 MiB, 27655 MiB, 272.16 W, 66
2026/06/18 12:28:39.579, 0, Tesla V100-SXM2-32GB, 96 %, 58 %, 32768 MiB, 4840 MiB, 27655 MiB, 261.76 W, 66
2026/06/18 12:28:40.582, 0, Tesla V100-SXM2-32GB, 95 %, 58 %, 32768 MiB, 4840 MiB, 27655 MiB, 246.21 W, 66
2026/06/18 12:28:41.583, 0, Tesla V100-SXM2-32GB, 96 %, 57 %, 32768 MiB, 4840 MiB, 27655 MiB, 270.72 W, 66
2026/06/18 12:28:42.585, 0, Tesla V100-SXM2-32GB, 95 %, 58 %, 32768 MiB, 4840 MiB, 27655 MiB, 261.59 W, 66
2026/06/18 12:28:43.587, 0, Tesla V100-SXM2-32GB, 96 %, 60 %, 32768 MiB, 4840 MiB, 27655 MiB, 255.99 W, 66
2026/06/18 12:28:44.589, 0, Tesla V100-SXM2-32GB, 96 %, 57 %, 32768 MiB, 4840 MiB, 27655 MiB, 255.82 W, 66
2026/06/18 12:28:45.590, 0, Tesla V100-SXM2-32GB, 96 %, 58 %, 32768 MiB, 4840 MiB, 27655 MiB, 263.99 W, 66
2026/06/18 12:28:46.592, 0, Tesla V100-SXM2-32GB, 96 %, 60 %, 32768 MiB, 4840 MiB, 27655 MiB, 252.60 W, 66
2026/06/18 12:28:47.593, 0, Tesla V100-SXM2-32GB, 96 %, 57 %, 32768 MiB, 4840 MiB, 27655 MiB, 260.45 W, 66
2026/06/18 12:28:48.595, 0, Tesla V100-SXM2-32GB, 96 %, 58 %, 32768 MiB, 4840 MiB, 27655 MiB, 259.84 W, 66
2026/06/18 12:28:49.596, 0, Tesla V100-SXM2-32GB, 96 %, 57 %, 32768 MiB, 4840 MiB, 27655 MiB, 261.11 W, 66
2026/06/18 12:28:50.598, 0, Tesla V100-SXM2-32GB, 96 %, 58 %, 32768 MiB, 4840 MiB, 27655 MiB, 240.12 W, 66
2026/06/18 12:28:51.599, 0, Tesla V100-SXM2-32GB, 96 %, 58 %, 32768 MiB, 4840 MiB, 27655 MiB, 258.05 W, 66
2026/06/18 12:28:52.601, 0, Tesla V100-SXM2-32GB, 96 %, 58 %, 32768 MiB, 4840 MiB, 27655 MiB, 261.59 W, 67
2026/06/18 12:28:53.602, 0, Tesla V100-SXM2-32GB, 96 %, 59 %, 32768 MiB, 4840 MiB, 27655 MiB, 231.77 W, 66
2026/06/18 12:28:54.603, 0, Tesla V100-SXM2-32GB, 96 %, 58 %, 32768 MiB, 4840 MiB, 27655 MiB, 262.55 W, 66
2026/06/18 12:28:55.605, 0, Tesla V100-SXM2-32GB, 96 %, 58 %, 32768 MiB, 4840 MiB, 27655 MiB, 263.69 W, 67
2026/06/18 12:28:56.607, 0, Tesla V100-SXM2-32GB, 96 %, 58 %, 32768 MiB, 4840 MiB, 27655 MiB, 224.55 W, 67
2026/06/18 12:28:57.608, 0, Tesla V100-SXM2-32GB, 96 %, 58 %, 32768 MiB, 4840 MiB, 27655 MiB, 280.04 W, 67
2026/06/18 12:28:58.609, 0, Tesla V100-SXM2-32GB, 96 %, 58 %, 32768 MiB, 4840 MiB, 27655 MiB, 259.36 W, 67
2026/06/18 12:28:59.611, 0, Tesla V100-SXM2-32GB, 96 %, 59 %, 32768 MiB, 4840 MiB, 27655 MiB, 239.48 W, 67
2026/06/18 12:29:00.612, 0, Tesla V100-SXM2-32GB, 96 %, 58 %, 32768 MiB, 4840 MiB, 27655 MiB, 269.70 W, 67
2026/06/18 12:29:01.614, 0, Tesla V100-SXM2-32GB, 96 %, 58 %, 32768 MiB, 4840 MiB, 27655 MiB, 252.46 W, 67
2026/06/18 12:29:02.616, 0, Tesla V100-SXM2-32GB, 96 %, 59 %, 32768 MiB, 4840 MiB, 27655 MiB, 260.80 W, 67
2026/06/18 12:29:03.618, 0, Tesla V100-SXM2-32GB, 96 %, 58 %, 32768 MiB, 4840 MiB, 27655 MiB, 269.94 W, 67
2026/06/18 12:29:04.620, 0, Tesla V100-SXM2-32GB, 96 %, 58 %, 32768 MiB, 4840 MiB, 27655 MiB, 249.57 W, 67
2026/06/18 12:29:05.622, 0, Tesla V100-SXM2-32GB, 96 %, 59 %, 32768 MiB, 4840 MiB, 27655 MiB, 257.78 W, 67
2026/06/18 12:29:06.624, 0, Tesla V100-SXM2-32GB, 96 %, 60 %, 32768 MiB, 4840 MiB, 27655 MiB, 227.79 W, 66
2026/06/18 12:29:07.626, 0, Tesla V100-SXM2-32GB, 29 %, 17 %, 32768 MiB, 4840 MiB, 27655 MiB, 264.80 W, 64
2026/06/18 12:29:08.628, 0, Tesla V100-SXM2-32GB, 96 %, 58 %, 32768 MiB, 4840 MiB, 27655 MiB, 263.86 W, 67
2026/06/18 12:29:09.630, 0, Tesla V100-SXM2-32GB, 96 %, 59 %, 32768 MiB, 4840 MiB, 27655 MiB, 203.36 W, 67
2026/06/18 12:29:10.632, 0, Tesla V100-SXM2-32GB, 96 %, 57 %, 32768 MiB, 4840 MiB, 27655 MiB, 270.24 W, 67
2026/06/18 12:29:11.634, 0, Tesla V100-SXM2-32GB, 96 %, 58 %, 32768 MiB, 4840 MiB, 27655 MiB, 258.74 W, 67
2026/06/18 12:29:12.636, 0, Tesla V100-SXM2-32GB, 96 %, 59 %, 32768 MiB, 4840 MiB, 27655 MiB, 246.85 W, 67
2026/06/18 12:29:13.638, 0, Tesla V100-SXM2-32GB, 96 %, 58 %, 32768 MiB, 4840 MiB, 27655 MiB, 273.60 W, 67
2026/06/18 12:29:14.640, 0, Tesla V100-SXM2-32GB, 95 %, 57 %, 32768 MiB, 4840 MiB, 27655 MiB, 250.05 W, 67
2026/06/18 12:29:15.642, 0, Tesla V100-SXM2-32GB, 96 %, 59 %, 32768 MiB, 4840 MiB, 27655 MiB, 254.07 W, 67
2026/06/18 12:29:16.645, 0, Tesla V100-SXM2-32GB, 96 %, 58 %, 32768 MiB, 4840 MiB, 27655 MiB, 267.84 W, 67
2026/06/18 12:29:17.647, 0, Tesla V100-SXM2-32GB, 96 %, 58 %, 32768 MiB, 4840 MiB, 27655 MiB, 252.14 W, 67
2026/06/18 12:29:18.649, 0, Tesla V100-SXM2-32GB, 96 %, 58 %, 32768 MiB, 4840 MiB, 27655 MiB, 260.15 W, 67
2026/06/18 12:29:19.650, 0, Tesla V100-SXM2-32GB, 96 %, 58 %, 32768 MiB, 4840 MiB, 27655 MiB, 261.11 W, 67
2026/06/18 12:29:20.652, 0, Tesla V100-SXM2-32GB, 96 %, 58 %, 32768 MiB, 4840 MiB, 27655 MiB, 253.73 W, 67
2026/06/18 12:29:21.653, 0, Tesla V100-SXM2-32GB, 96 %, 58 %, 32768 MiB, 4840 MiB, 27655 MiB, 254.86 W, 67
2026/06/18 12:29:22.654, 0, Tesla V100-SXM2-32GB, 96 %, 58 %, 32768 MiB, 4840 MiB, 27655 MiB, 246.85 W, 67
2026/06/18 12:29:23.656, 0, Tesla V100-SXM2-32GB, 96 %, 58 %, 32768 MiB, 4840 MiB, 27655 MiB, 255.82 W, 67
2026/06/18 12:29:24.657, 0, Tesla V100-SXM2-32GB, 96 %, 59 %, 32768 MiB, 4840 MiB, 27655 MiB, 265.61 W, 67
2026/06/18 12:29:25.659, 0, Tesla V100-SXM2-32GB, 95 %, 58 %, 32768 MiB, 4840 MiB, 27655 MiB, 261.45 W, 67
2026/06/18 12:29:26.660, 0, Tesla V100-SXM2-32GB, 96 %, 57 %, 32768 MiB, 4840 MiB, 27655 MiB, 268.14 W, 67
2026/06/18 12:29:27.662, 0, Tesla V100-SXM2-32GB, 96 %, 58 %, 32768 MiB, 4840 MiB, 27655 MiB, 250.85 W, 67
2026/06/18 12:29:28.663, 0, Tesla V100-SXM2-32GB, 94 %, 58 %, 32768 MiB, 4840 MiB, 27655 MiB, 265.91 W, 67
2026/06/18 12:29:29.664, 0, Tesla V100-SXM2-32GB, 96 %, 57 %, 32768 MiB, 4840 MiB, 27655 MiB, 266.09 W, 67
2026/06/18 12:29:30.666, 0, Tesla V100-SXM2-32GB, 96 %, 58 %, 32768 MiB, 4840 MiB, 27655 MiB, 253.90 W, 67
2026/06/18 12:29:31.667, 0, Tesla V100-SXM2-32GB, 95 %, 58 %, 32768 MiB, 4840 MiB, 27655 MiB, 258.05 W, 67
2026/06/18 12:29:32.669, 0, Tesla V100-SXM2-32GB, 96 %, 57 %, 32768 MiB, 4840 MiB, 27655 MiB, 255.03 W, 67
2026/06/18 12:29:33.670, 0, Tesla V100-SXM2-32GB, 96 %, 58 %, 32768 MiB, 4840 MiB, 27655 MiB, 256.30 W, 67
2026/06/18 12:29:34.672, 0, Tesla V100-SXM2-32GB, 96 %, 60 %, 32768 MiB, 4840 MiB, 27655 MiB, 261.89 W, 67
2026/06/18 12:29:35.673, 0, Tesla V100-SXM2-32GB, 96 %, 57 %, 32768 MiB, 4840 MiB, 27655 MiB, 236.27 W, 67
2026/06/18 12:29:36.674, 0, Tesla V100-SXM2-32GB, 96 %, 58 %, 32768 MiB, 4840 MiB, 27655 MiB, 268.62 W, 68
2026/06/18 12:29:37.676, 0, Tesla V100-SXM2-32GB, 96 %, 59 %, 32768 MiB, 4840 MiB, 27655 MiB, 251.01 W, 68
2026/06/18 12:29:38.677, 0, Tesla V100-SXM2-32GB, 96 %, 57 %, 32768 MiB, 4840 MiB, 27655 MiB, 206.59 W, 67
2026/06/18 12:29:39.679, 0, Tesla V100-SXM2-32GB, 96 %, 58 %, 32768 MiB, 4840 MiB, 27655 MiB, 278.60 W, 67
2026/06/18 12:29:40.680, 0, Tesla V100-SXM2-32GB, 96 %, 59 %, 32768 MiB, 4840 MiB, 27655 MiB, 250.85 W, 68
2026/06/18 12:29:41.682, 0, Tesla V100-SXM2-32GB, 96 %, 57 %, 32768 MiB, 4840 MiB, 27655 MiB, 225.69 W, 68
2026/06/18 12:29:42.683, 0, Tesla V100-SXM2-32GB, 96 %, 58 %, 32768 MiB, 4840 MiB, 27655 MiB, 276.19 W, 68
2026/06/18 12:29:43.684, 0, Tesla V100-SXM2-32GB, 96 %, 59 %, 32768 MiB, 4840 MiB, 27655 MiB, 249.89 W, 68
2026/06/18 12:29:44.686, 0, Tesla V100-SXM2-32GB, 96 %, 58 %, 32768 MiB, 4840 MiB, 27655 MiB, 267.23 W, 68
2026/06/18 12:29:45.687, 0, Tesla V100-SXM2-32GB, 96 %, 58 %, 32768 MiB, 4840 MiB, 27655 MiB, 270.24 W, 67
2026/06/18 12:29:46.689, 0, Tesla V100-SXM2-32GB, 96 %, 59 %, 32768 MiB, 4840 MiB, 27655 MiB, 263.69 W, 68
2026/06/18 12:29:47.690, 0, Tesla V100-SXM2-32GB, 96 %, 58 %, 32768 MiB, 4840 MiB, 27655 MiB, 261.11 W, 68
2026/06/18 12:29:48.692, 0, Tesla V100-SXM2-32GB, 99 %, 54 %, 32768 MiB, 4840 MiB, 27655 MiB, 272.40 W, 68
2026/06/18 12:29:49.694, 0, Tesla V100-SXM2-32GB, 99 %, 56 %, 32768 MiB, 4840 MiB, 27655 MiB, 248.30 W, 68
2026/06/18 12:29:50.697, 0, Tesla V100-SXM2-32GB, 99 %, 56 %, 32768 MiB, 4840 MiB, 27655 MiB, 255.34 W, 68
2026/06/18 12:29:51.698, 0, Tesla V100-SXM2-32GB, 99 %, 54 %, 32768 MiB, 4840 MiB, 27655 MiB, 263.51 W, 68
2026/06/18 12:29:52.700, 0, Tesla V100-SXM2-32GB, 0 %, 0 %, 32768 MiB, 4840 MiB, 27655 MiB, 77.59 W, 63
2026/06/18 12:29:53.701, 0, Tesla V100-SXM2-32GB, 0 %, 0 %, 32768 MiB, 4840 MiB, 27655 MiB, 76.95 W, 62
2026/06/18 12:29:54.702, 0, Tesla V100-SXM2-32GB, 0 %, 0 %, 32768 MiB, 4840 MiB, 27655 MiB, 64.03 W, 61
2026/06/18 12:29:55.704, 0, Tesla V100-SXM2-32GB, 96 %, 58 %, 32768 MiB, 4840 MiB, 27655 MiB, 216.84 W, 63
2026/06/18 12:29:56.705, 0, Tesla V100-SXM2-32GB, 95 %, 57 %, 32768 MiB, 4840 MiB, 27655 MiB, 259.36 W, 66
2026/06/18 12:29:57.707, 0, Tesla V100-SXM2-32GB, 96 %, 58 %, 32768 MiB, 4840 MiB, 27655 MiB, 260.01 W, 66
2026/06/18 12:29:58.708, 0, Tesla V100-SXM2-32GB, 96 %, 58 %, 32768 MiB, 4840 MiB, 27655 MiB, 266.09 W, 66
2026/06/18 12:29:59.710, 0, Tesla V100-SXM2-32GB, 96 %, 58 %, 32768 MiB, 4840 MiB, 27655 MiB, 254.21 W, 66
2026/06/18 12:30:00.711, 0, Tesla V100-SXM2-32GB, 96 %, 59 %, 32768 MiB, 4840 MiB, 27655 MiB, 253.76 W, 67
2026/06/18 12:30:01.712, 0, Tesla V100-SXM2-32GB, 96 %, 58 %, 32768 MiB, 4840 MiB, 27655 MiB, 256.30 W, 66
2026/06/18 12:30:02.715, 0, Tesla V100-SXM2-32GB, 96 %, 58 %, 32768 MiB, 4840 MiB, 27655 MiB, 263.69 W, 67
2026/06/18 12:30:03.717, 0, Tesla V100-SXM2-32GB, 96 %, 59 %, 32768 MiB, 4840 MiB, 27655 MiB, 262.72 W, 67
2026/06/18 12:30:04.718, 0, Tesla V100-SXM2-32GB, 96 %, 59 %, 32768 MiB, 4840 MiB, 27655 MiB, 235.31 W, 67
2026/06/18 12:30:05.721, 0, Tesla V100-SXM2-32GB, 96 %, 58 %, 32768 MiB, 4840 MiB, 27655 MiB, 254.69 W, 67
2026/06/18 12:30:06.722, 0, Tesla V100-SXM2-32GB, 95 %, 58 %, 32768 MiB, 4840 MiB, 27655 MiB, 251.98 W, 67
2026/06/18 12:30:07.724, 0, Tesla V100-SXM2-32GB, 95 %, 58 %, 32768 MiB, 4840 MiB, 27655 MiB, 215.20 W, 67
2026/06/18 12:30:08.725, 0, Tesla V100-SXM2-32GB, 96 %, 58 %, 32768 MiB, 4840 MiB, 27655 MiB, 271.20 W, 67
2026/06/18 12:30:09.726, 0, Tesla V100-SXM2-32GB, 96 %, 58 %, 32768 MiB, 4840 MiB, 27655 MiB, 259.18 W, 67
2026/06/18 12:30:10.728, 0, Tesla V100-SXM2-32GB, 94 %, 58 %, 32768 MiB, 4840 MiB, 27655 MiB, 267.23 W, 67
2026/06/18 12:30:11.729, 0, Tesla V100-SXM2-32GB, 96 %, 57 %, 32768 MiB, 4840 MiB, 27655 MiB, 266.88 W, 67
2026/06/18 12:30:12.731, 0, Tesla V100-SXM2-32GB, 96 %, 58 %, 32768 MiB, 4840 MiB, 27655 MiB, 253.73 W, 67
2026/06/18 12:30:13.732, 0, Tesla V100-SXM2-32GB, 94 %, 58 %, 32768 MiB, 4840 MiB, 27655 MiB, 254.55 W, 67
2026/06/18 12:30:14.734, 0, Tesla V100-SXM2-32GB, 96 %, 57 %, 32768 MiB, 4840 MiB, 27655 MiB, 261.59 W, 67
2026/06/18 12:30:15.735, 0, Tesla V100-SXM2-32GB, 96 %, 58 %, 32768 MiB, 4840 MiB, 27655 MiB, 264.95 W, 67
2026/06/18 12:30:16.736, 0, Tesla V100-SXM2-32GB, 95 %, 59 %, 32768 MiB, 4840 MiB, 27655 MiB, 263.51 W, 67
2026/06/18 12:30:17.738, 0, Tesla V100-SXM2-32GB, 96 %, 57 %, 32768 MiB, 4840 MiB, 27655 MiB, 237.39 W, 67
2026/06/18 12:30:18.739, 0, Tesla V100-SXM2-32GB, 96 %, 58 %, 32768 MiB, 4840 MiB, 27655 MiB, 267.23 W, 67
2026/06/18 12:30:19.741, 0, Tesla V100-SXM2-32GB, 96 %, 59 %, 32768 MiB, 4840 MiB, 27655 MiB, 254.38 W, 67
2026/06/18 12:30:20.742, 0, Tesla V100-SXM2-32GB, 96 %, 57 %, 32768 MiB, 4840 MiB, 27655 MiB, 225.18 W, 67
2026/06/18 12:30:21.744, 0, Tesla V100-SXM2-32GB, 95 %, 57 %, 32768 MiB, 4840 MiB, 27655 MiB, 274.38 W, 68
2026/06/18 12:30:22.745, 0, Tesla V100-SXM2-32GB, 96 %, 59 %, 32768 MiB, 4840 MiB, 27655 MiB, 250.85 W, 67
2026/06/18 12:30:23.747, 0, Tesla V100-SXM2-32GB, 96 %, 58 %, 32768 MiB, 4840 MiB, 27655 MiB, 238.03 W, 67
2026/06/18 12:30:24.748, 0, Tesla V100-SXM2-32GB, 96 %, 58 %, 32768 MiB, 4840 MiB, 27655 MiB, 270.24 W, 67
2026/06/18 12:30:25.749, 0, Tesla V100-SXM2-32GB, 96 %, 59 %, 32768 MiB, 4840 MiB, 27655 MiB, 261.94 W, 68
2026/06/18 12:30:26.751, 0, Tesla V100-SXM2-32GB, 96 %, 58 %, 32768 MiB, 4840 MiB, 27655 MiB, 255.34 W, 68
2026/06/18 12:30:27.752, 0, Tesla V100-SXM2-32GB, 96 %, 58 %, 32768 MiB, 4840 MiB, 27655 MiB, 269.28 W, 67
2026/06/18 12:30:28.754, 0, Tesla V100-SXM2-32GB, 96 %, 59 %, 32768 MiB, 4840 MiB, 27655 MiB, 266.14 W, 68
2026/06/18 12:30:29.755, 0, Tesla V100-SXM2-32GB, 85 %, 50 %, 32768 MiB, 4840 MiB, 27655 MiB, 82.37 W, 65
2026/06/18 12:30:30.756, 0, Tesla V100-SXM2-32GB, 88 %, 54 %, 32768 MiB, 4840 MiB, 27655 MiB, 259.28 W, 67
2026/06/18 12:30:31.758, 0, Tesla V100-SXM2-32GB, 96 %, 58 %, 32768 MiB, 4840 MiB, 27655 MiB, 214.72 W, 67
2026/06/18 12:30:32.760, 0, Tesla V100-SXM2-32GB, 96 %, 58 %, 32768 MiB, 4840 MiB, 27655 MiB, 278.60 W, 67
2026/06/18 12:30:33.762, 0, Tesla V100-SXM2-32GB, 96 %, 59 %, 32768 MiB, 4840 MiB, 27655 MiB, 261.45 W, 67
2026/06/18 12:30:34.764, 0, Tesla V100-SXM2-32GB, 96 %, 58 %, 32768 MiB, 4840 MiB, 27655 MiB, 242.37 W, 68
2026/06/18 12:30:35.766, 0, Tesla V100-SXM2-32GB, 96 %, 58 %, 32768 MiB, 4840 MiB, 27655 MiB, 270.24 W, 67
2026/06/18 12:30:36.767, 0, Tesla V100-SXM2-32GB, 96 %, 59 %, 32768 MiB, 4840 MiB, 27655 MiB, 253.59 W, 68
2026/06/18 12:30:37.769, 0, Tesla V100-SXM2-32GB, 96 %, 58 %, 32768 MiB, 4840 MiB, 27655 MiB, 265.13 W, 68
2026/06/18 12:30:38.772, 0, Tesla V100-SXM2-32GB, 96 %, 58 %, 32768 MiB, 4840 MiB, 27655 MiB, 268.98 W, 67
2026/06/18 12:30:39.773, 0, Tesla V100-SXM2-32GB, 95 %, 59 %, 32768 MiB, 4840 MiB, 27655 MiB, 256.13 W, 68
2026/06/18 12:30:40.775, 0, Tesla V100-SXM2-32GB, 96 %, 58 %, 32768 MiB, 4840 MiB, 27655 MiB, 258.40 W, 68
2026/06/18 12:30:41.777, 0, Tesla V100-SXM2-32GB, 96 %, 58 %, 32768 MiB, 4840 MiB, 27655 MiB, 266.09 W, 68
2026/06/18 12:30:42.779, 0, Tesla V100-SXM2-32GB, 96 %, 59 %, 32768 MiB, 4840 MiB, 27655 MiB, 263.51 W, 68
2026/06/18 12:30:43.781, 0, Tesla V100-SXM2-32GB, 96 %, 57 %, 32768 MiB, 4840 MiB, 27655 MiB, 257.26 W, 68
2026/06/18 12:30:44.783, 0, Tesla V100-SXM2-32GB, 96 %, 58 %, 32768 MiB, 4840 MiB, 27655 MiB, 261.28 W, 67
2026/06/18 12:30:45.784, 0, Tesla V100-SXM2-32GB, 95 %, 59 %, 32768 MiB, 4840 MiB, 27655 MiB, 264.47 W, 68
2026/06/18 12:30:46.786, 0, Tesla V100-SXM2-32GB, 96 %, 57 %, 32768 MiB, 4840 MiB, 27655 MiB, 260.32 W, 68
2026/06/18 12:30:47.789, 0, Tesla V100-SXM2-32GB, 95 %, 58 %, 32768 MiB, 4840 MiB, 27655 MiB, 253.76 W, 68
2026/06/18 12:30:48.792, 0, Tesla V100-SXM2-32GB, 95 %, 59 %, 32768 MiB, 4840 MiB, 27655 MiB, 270.42 W, 68
2026/06/18 12:30:49.794, 0, Tesla V100-SXM2-32GB, 96 %, 57 %, 32768 MiB, 4840 MiB, 27655 MiB, 260.93 W, 68
2026/06/18 12:30:50.795, 0, Tesla V100-SXM2-32GB, 96 %, 58 %, 32768 MiB, 4840 MiB, 27655 MiB, 235.79 W, 67
2026/06/18 12:30:51.797, 0, Tesla V100-SXM2-32GB, 96 %, 59 %, 32768 MiB, 4840 MiB, 27655 MiB, 262.55 W, 68
2026/06/18 12:30:52.800, 0, Tesla V100-SXM2-32GB, 96 %, 57 %, 32768 MiB, 4840 MiB, 27655 MiB, 259.36 W, 68
2026/06/18 12:30:53.801, 0, Tesla V100-SXM2-32GB, 96 %, 58 %, 32768 MiB, 4840 MiB, 27655 MiB, 202.39 W, 68
2026/06/18 12:30:54.803, 0, Tesla V100-SXM2-32GB, 96 %, 59 %, 32768 MiB, 4840 MiB, 27655 MiB, 274.38 W, 68
2026/06/18 12:30:55.804, 0, Tesla V100-SXM2-32GB, 96 %, 57 %, 32768 MiB, 4840 MiB, 27655 MiB, 265.00 W, 68
2026/06/18 12:30:56.807, 0, Tesla V100-SXM2-32GB, 96 %, 58 %, 32768 MiB, 4840 MiB, 27655 MiB, 229.38 W, 68
2026/06/18 12:30:57.809, 0, Tesla V100-SXM2-32GB, 96 %, 59 %, 32768 MiB, 4840 MiB, 27655 MiB, 270.54 W, 68
2026/06/18 12:30:58.811, 0, Tesla V100-SXM2-32GB, 96 %, 58 %, 32768 MiB, 4840 MiB, 27655 MiB, 259.67 W, 68
2026/06/18 12:30:59.812, 0, Tesla V100-SXM2-32GB, 96 %, 58 %, 32768 MiB, 4840 MiB, 27655 MiB, 257.92 W, 68
2026/06/18 12:31:00.814, 0, Tesla V100-SXM2-32GB, 95 %, 59 %, 32768 MiB, 4840 MiB, 27655 MiB, 270.54 W, 68
2026/06/18 12:31:01.815, 0, Tesla V100-SXM2-32GB, 96 %, 57 %, 32768 MiB, 4840 MiB, 27655 MiB, 267.23 W, 68
2026/06/18 12:31:02.817, 0, Tesla V100-SXM2-32GB, 96 %, 59 %, 32768 MiB, 4840 MiB, 27655 MiB, 259.32 W, 68
2026/06/18 12:31:03.818, 0, Tesla V100-SXM2-32GB, 96 %, 58 %, 32768 MiB, 4840 MiB, 27655 MiB, 262.07 W, 68
2026/06/18 12:31:04.820, 0, Tesla V100-SXM2-32GB, 96 %, 58 %, 32768 MiB, 4840 MiB, 27655 MiB, 261.41 W, 68
2026/06/18 12:31:05.821, 0, Tesla V100-SXM2-32GB, 96 %, 59 %, 32768 MiB, 4840 MiB, 27655 MiB, 263.38 W, 68
2026/06/18 12:31:06.822, 0, Tesla V100-SXM2-32GB, 96 %, 58 %, 32768 MiB, 4840 MiB, 27655 MiB, 250.39 W, 68
2026/06/18 12:31:07.824, 0, Tesla V100-SXM2-32GB, 96 %, 58 %, 32768 MiB, 4840 MiB, 27655 MiB, 268.19 W, 68
2026/06/18 12:31:08.825, 0, Tesla V100-SXM2-32GB, 96 %, 59 %, 32768 MiB, 4840 MiB, 27655 MiB, 268.02 W, 68
2026/06/18 12:31:09.827, 0, Tesla V100-SXM2-32GB, 96 %, 58 %, 32768 MiB, 4840 MiB, 27655 MiB, 230.17 W, 68
2026/06/18 12:31:10.828, 0, Tesla V100-SXM2-32GB, 96 %, 58 %, 32768 MiB, 4840 MiB, 27655 MiB, 268.80 W, 68
2026/06/18 12:31:11.829, 0, Tesla V100-SXM2-32GB, 96 %, 59 %, 32768 MiB, 4840 MiB, 27655 MiB, 260.80 W, 68
2026/06/18 12:31:12.831, 0, Tesla V100-SXM2-32GB, 96 %, 58 %, 32768 MiB, 4840 MiB, 27655 MiB, 205.55 W, 68
2026/06/18 12:31:13.832, 0, Tesla V100-SXM2-32GB, 96 %, 58 %, 32768 MiB, 4840 MiB, 27655 MiB, 269.28 W, 68
2026/06/18 12:31:14.834, 0, Tesla V100-SXM2-32GB, 97 %, 59 %, 32768 MiB, 4840 MiB, 27655 MiB, 261.28 W, 68
2026/06/18 12:31:15.835, 0, Tesla V100-SXM2-32GB, 96 %, 58 %, 32768 MiB, 4840 MiB, 27655 MiB, 255.06 W, 68
2026/06/18 12:31:16.837, 0, Tesla V100-SXM2-32GB, 96 %, 58 %, 32768 MiB, 4840 MiB, 27655 MiB, 269.76 W, 68
2026/06/18 12:31:17.838, 0, Tesla V100-SXM2-32GB, 96 %, 59 %, 32768 MiB, 4840 MiB, 27655 MiB, 251.18 W, 68
2026/06/18 12:31:18.840, 0, Tesla V100-SXM2-32GB, 96 %, 58 %, 32768 MiB, 4840 MiB, 27655 MiB, 269.64 W, 68
2026/06/18 12:31:19.841, 0, Tesla V100-SXM2-32GB, 96 %, 58 %, 32768 MiB, 4840 MiB, 27655 MiB, 265.91 W, 68
2026/06/18 12:31:20.842, 0, Tesla V100-SXM2-32GB, 96 %, 59 %, 32768 MiB, 4840 MiB, 27655 MiB, 252.29 W, 68
2026/06/18 12:31:21.844, 0, Tesla V100-SXM2-32GB, 96 %, 58 %, 32768 MiB, 4840 MiB, 27655 MiB, 267.18 W, 68
2026/06/18 12:31:22.847, 0, Tesla V100-SXM2-32GB, 96 %, 58 %, 32768 MiB, 4840 MiB, 27655 MiB, 261.76 W, 68
2026/06/18 12:31:23.849, 0, Tesla V100-SXM2-32GB, 96 %, 59 %, 32768 MiB, 4840 MiB, 27655 MiB, 263.03 W, 68
2026/06/18 12:31:24.850, 0, Tesla V100-SXM2-32GB, 96 %, 58 %, 32768 MiB, 4840 MiB, 27655 MiB, 261.72 W, 68
2026/06/18 12:31:25.852, 0, Tesla V100-SXM2-32GB, 96 %, 58 %, 32768 MiB, 4840 MiB, 27655 MiB, 248.30 W, 68
2026/06/18 12:31:26.854, 0, Tesla V100-SXM2-32GB, 96 %, 59 %, 32768 MiB, 4840 MiB, 27655 MiB, 261.76 W, 68
2026/06/18 12:31:27.856, 0, Tesla V100-SXM2-32GB, 96 %, 58 %, 32768 MiB, 4840 MiB, 27655 MiB, 259.49 W, 68
2026/06/18 12:31:28.858, 0, Tesla V100-SXM2-32GB, 96 %, 58 %, 32768 MiB, 4840 MiB, 27655 MiB, 226.65 W, 68
2026/06/18 12:31:29.860, 0, Tesla V100-SXM2-32GB, 96 %, 59 %, 32768 MiB, 4840 MiB, 27655 MiB, 268.67 W, 68
2026/06/18 12:31:30.861, 0, Tesla V100-SXM2-32GB, 96 %, 58 %, 32768 MiB, 4840 MiB, 27655 MiB, 255.51 W, 68
2026/06/18 12:31:31.864, 0, Tesla V100-SXM2-32GB, 96 %, 58 %, 32768 MiB, 4840 MiB, 27655 MiB, 222.77 W, 68
2026/06/18 12:31:32.866, 0, Tesla V100-SXM2-32GB, 96 %, 59 %, 32768 MiB, 4840 MiB, 27655 MiB, 280.33 W, 68
2026/06/18 12:31:33.868, 0, Tesla V100-SXM2-32GB, 96 %, 58 %, 32768 MiB, 4840 MiB, 27655 MiB, 255.17 W, 68
2026/06/18 12:31:34.870, 0, Tesla V100-SXM2-32GB, 96 %, 58 %, 32768 MiB, 4840 MiB, 27655 MiB, 243.01 W, 68
2026/06/18 12:31:35.872, 0, Tesla V100-SXM2-32GB, 96 %, 59 %, 32768 MiB, 4840 MiB, 27655 MiB, 272.64 W, 68
2026/06/18 12:31:36.874, 0, Tesla V100-SXM2-32GB, 96 %, 59 %, 32768 MiB, 4840 MiB, 27655 MiB, 254.69 W, 68
2026/06/18 12:31:37.876, 0, Tesla V100-SXM2-32GB, 96 %, 58 %, 32768 MiB, 4840 MiB, 27655 MiB, 263.07 W, 68
2026/06/18 12:31:38.878, 0, Tesla V100-SXM2-32GB, 96 %, 58 %, 32768 MiB, 4840 MiB, 27655 MiB, 269.28 W, 68
2026/06/18 12:31:39.880, 0, Tesla V100-SXM2-32GB, 96 %, 59 %, 32768 MiB, 4840 MiB, 27655 MiB, 262.59 W, 68
2026/06/18 12:31:40.882, 0, Tesla V100-SXM2-32GB, 96 %, 58 %, 32768 MiB, 4840 MiB, 27655 MiB, 268.62 W, 68
2026/06/18 12:31:41.884, 0, Tesla V100-SXM2-32GB, 96 %, 58 %, 32768 MiB, 4840 MiB, 27655 MiB, 264.17 W, 68
2026/06/18 12:31:42.886, 0, Tesla V100-SXM2-32GB, 96 %, 59 %, 32768 MiB, 4840 MiB, 27655 MiB, 253.73 W, 69
2026/06/18 12:31:43.888, 0, Tesla V100-SXM2-32GB, 96 %, 58 %, 32768 MiB, 4840 MiB, 27655 MiB, 261.94 W, 68
2026/06/18 12:31:44.890, 0, Tesla V100-SXM2-32GB, 96 %, 58 %, 32768 MiB, 4840 MiB, 27655 MiB, 259.67 W, 68
2026/06/18 12:31:45.893, 0, Tesla V100-SXM2-32GB, 96 %, 59 %, 32768 MiB, 4840 MiB, 27655 MiB, 258.40 W, 69
2026/06/18 12:31:46.895, 0, Tesla V100-SXM2-32GB, 96 %, 57 %, 32768 MiB, 4840 MiB, 27655 MiB, 259.67 W, 69
2026/06/18 12:31:47.897, 0, Tesla V100-SXM2-32GB, 99 %, 56 %, 32768 MiB, 4840 MiB, 27655 MiB, 268.26 W, 68
2026/06/18 12:31:48.898, 0, Tesla V100-SXM2-32GB, 99 %, 56 %, 32768 MiB, 4840 MiB, 27655 MiB, 260.93 W, 69
2026/06/18 12:31:49.900, 0, Tesla V100-SXM2-32GB, 99 %, 54 %, 32768 MiB, 4840 MiB, 27655 MiB, 266.27 W, 69
2026/06/18 12:31:50.902, 0, Tesla V100-SXM2-32GB, 99 %, 54 %, 32768 MiB, 4840 MiB, 27655 MiB, 246.35 W, 69
2026/06/18 12:31:51.904, 0, Tesla V100-SXM2-32GB, 9 %, 0 %, 32768 MiB, 4840 MiB, 27655 MiB, 81.89 W, 64
2026/06/18 12:31:52.906, 0, Tesla V100-SXM2-32GB, 0 %, 0 %, 32768 MiB, 4840 MiB, 27655 MiB, 77.61 W, 63
2026/06/18 12:31:53.909, 0, Tesla V100-SXM2-32GB, 0 %, 0 %, 32768 MiB, 4840 MiB, 27655 MiB, 77.12 W, 62
2026/06/18 12:31:54.911, 0, Tesla V100-SXM2-32GB, 0 %, 0 %, 32768 MiB, 4840 MiB, 27655 MiB, 63.69 W, 61
2026/06/18 12:31:55.912, 0, Tesla V100-SXM2-32GB, 0 %, 0 %, 32768 MiB, 4840 MiB, 27655 MiB, 63.17 W, 60
2026/06/18 12:31:56.914, 0, Tesla V100-SXM2-32GB, 96 %, 58 %, 32768 MiB, 4840 MiB, 27655 MiB, 264.17 W, 66
2026/06/18 12:31:57.916, 0, Tesla V100-SXM2-32GB, 94 %, 58 %, 32768 MiB, 4840 MiB, 27655 MiB, 258.70 W, 66
2026/06/18 12:31:58.917, 0, Tesla V100-SXM2-32GB, 96 %, 58 %, 32768 MiB, 4840 MiB, 27655 MiB, 258.88 W, 67
2026/06/18 12:31:59.919, 0, Tesla V100-SXM2-32GB, 96 %, 58 %, 32768 MiB, 4840 MiB, 27655 MiB, 259.18 W, 67
2026/06/18 12:32:00.920, 0, Tesla V100-SXM2-32GB, 96 %, 59 %, 32768 MiB, 4840 MiB, 27655 MiB, 250.39 W, 66
2026/06/18 12:32:01.922, 0, Tesla V100-SXM2-32GB, 96 %, 58 %, 32768 MiB, 4840 MiB, 27655 MiB, 255.17 W, 67
2026/06/18 12:32:02.923, 0, Tesla V100-SXM2-32GB, 95 %, 58 %, 32768 MiB, 4840 MiB, 27655 MiB, 264.34 W, 67
2026/06/18 12:32:03.925, 0, Tesla V100-SXM2-32GB, 96 %, 59 %, 32768 MiB, 4840 MiB, 27655 MiB, 223.58 W, 67
2026/06/18 12:32:04.926, 0, Tesla V100-SXM2-32GB, 96 %, 58 %, 32768 MiB, 4840 MiB, 27655 MiB, 274.86 W, 67
2026/06/18 12:32:05.928, 0, Tesla V100-SXM2-32GB, 96 %, 58 %, 32768 MiB, 4840 MiB, 27655 MiB, 250.85 W, 67
2026/06/18 12:32:06.929, 0, Tesla V100-SXM2-32GB, 96 %, 58 %, 32768 MiB, 4840 MiB, 27655 MiB, 200.33 W, 66
2026/06/18 12:32:07.930, 0, Tesla V100-SXM2-32GB, 96 %, 58 %, 32768 MiB, 4840 MiB, 27655 MiB, 274.75 W, 67
2026/06/18 12:32:08.937, 0, Tesla V100-SXM2-32GB, 96 %, 58 %, 32768 MiB, 4840 MiB, 27655 MiB, 250.05 W, 67
2026/06/18 12:32:09.938, 0, Tesla V100-SXM2-32GB, 95 %, 59 %, 32768 MiB, 4840 MiB, 27655 MiB, 202.04 W, 67
2026/06/18 12:32:10.940, 0, Tesla V100-SXM2-32GB, 96 %, 58 %, 32768 MiB, 4840 MiB, 27655 MiB, 270.06 W, 66
2026/06/18 12:32:11.941, 0, Tesla V100-SXM2-32GB, 96 %, 59 %, 32768 MiB, 4840 MiB, 27655 MiB, 261.45 W, 67
2026/06/18 12:32:12.943, 0, Tesla V100-SXM2-32GB, 96 %, 58 %, 32768 MiB, 4840 MiB, 27655 MiB, 242.52 W, 67
2026/06/18 12:32:13.945, 0, Tesla V100-SXM2-32GB, 96 %, 58 %, 32768 MiB, 4840 MiB, 27655 MiB, 270.72 W, 67
2026/06/18 12:32:14.946, 0, Tesla V100-SXM2-32GB, 96 %, 59 %, 32768 MiB, 4840 MiB, 27655 MiB, 249.26 W, 67
2026/06/18 12:32:15.947, 0, Tesla V100-SXM2-32GB, 96 %, 58 %, 32768 MiB, 4840 MiB, 27655 MiB, 262.38 W, 67
2026/06/18 12:32:16.949, 0, Tesla V100-SXM2-32GB, 96 %, 58 %, 32768 MiB, 4840 MiB, 27655 MiB, 267.66 W, 66
2026/06/18 12:32:17.951, 0, Tesla V100-SXM2-32GB, 96 %, 59 %, 32768 MiB, 4840 MiB, 27655 MiB, 255.20 W, 67
2026/06/18 12:32:18.952, 0, Tesla V100-SXM2-32GB, 96 %, 58 %, 32768 MiB, 4840 MiB, 27655 MiB, 255.03 W, 67
2026/06/18 12:32:19.954, 0, Tesla V100-SXM2-32GB, 96 %, 58 %, 32768 MiB, 4840 MiB, 27655 MiB, 257.26 W, 66
2026/06/18 12:32:20.955, 0, Tesla V100-SXM2-32GB, 96 %, 59 %, 32768 MiB, 4840 MiB, 27655 MiB, 263.86 W, 67
2026/06/18 12:32:21.956, 0, Tesla V100-SXM2-32GB, 96 %, 58 %, 32768 MiB, 4840 MiB, 27655 MiB, 255.51 W, 67
2026/06/18 12:32:22.958, 0, Tesla V100-SXM2-32GB, 96 %, 58 %, 32768 MiB, 4840 MiB, 27655 MiB, 253.59 W, 66
2026/06/18 12:32:23.959, 0, Tesla V100-SXM2-32GB, 96 %, 59 %, 32768 MiB, 4840 MiB, 27655 MiB, 267.23 W, 67
2026/06/18 12:32:24.961, 0, Tesla V100-SXM2-32GB, 96 %, 58 %, 32768 MiB, 4840 MiB, 27655 MiB, 263.69 W, 67
2026/06/18 12:32:25.962, 0, Tesla V100-SXM2-32GB, 96 %, 58 %, 32768 MiB, 4840 MiB, 27655 MiB, 230.17 W, 67
2026/06/18 12:32:26.964, 0, Tesla V100-SXM2-32GB, 96 %, 59 %, 32768 MiB, 4840 MiB, 27655 MiB, 261.24 W, 67
2026/06/18 12:32:27.965, 0, Tesla V100-SXM2-32GB, 96 %, 58 %, 32768 MiB, 4840 MiB, 27655 MiB, 258.70 W, 67
2026/06/18 12:32:28.967, 0, Tesla V100-SXM2-32GB, 96 %, 58 %, 32768 MiB, 4840 MiB, 27655 MiB, 207.21 W, 67
2026/06/18 12:32:29.968, 0, Tesla V100-SXM2-32GB, 96 %, 59 %, 32768 MiB, 4840 MiB, 27655 MiB, 281.96 W, 67
2026/06/18 12:32:30.969, 0, Tesla V100-SXM2-32GB, 96 %, 58 %, 32768 MiB, 4840 MiB, 27655 MiB, 250.53 W, 67
2026/06/18 12:32:31.971, 0, Tesla V100-SXM2-32GB, 96 %, 58 %, 32768 MiB, 4840 MiB, 27655 MiB, 247.51 W, 67
2026/06/18 12:32:32.972, 0, Tesla V100-SXM2-32GB, 96 %, 59 %, 32768 MiB, 4840 MiB, 27655 MiB, 273.31 W, 67
2026/06/18 12:32:33.974, 0, Tesla V100-SXM2-32GB, 96 %, 58 %, 32768 MiB, 4840 MiB, 27655 MiB, 260.01 W, 67
2026/06/18 12:32:34.975, 0, Tesla V100-SXM2-32GB, 96 %, 58 %, 32768 MiB, 4840 MiB, 27655 MiB, 255.20 W, 67
2026/06/18 12:32:35.977, 0, Tesla V100-SXM2-32GB, 96 %, 59 %, 32768 MiB, 4840 MiB, 27655 MiB, 267.84 W, 67
2026/06/18 12:32:36.978, 0, Tesla V100-SXM2-32GB, 96 %, 58 %, 32768 MiB, 4840 MiB, 27655 MiB, 263.38 W, 67
2026/06/18 12:32:37.979, 0, Tesla V100-SXM2-32GB, 95 %, 57 %, 32768 MiB, 4840 MiB, 27655 MiB, 259.36 W, 67
2026/06/18 12:32:38.981, 0, Tesla V100-SXM2-32GB, 96 %, 58 %, 32768 MiB, 4840 MiB, 27655 MiB, 253.59 W, 67
2026/06/18 12:32:39.982, 0, Tesla V100-SXM2-32GB, 96 %, 59 %, 32768 MiB, 4840 MiB, 27655 MiB, 255.34 W, 67
2026/06/18 12:32:40.984, 0, Tesla V100-SXM2-32GB, 96 %, 58 %, 32768 MiB, 4840 MiB, 27655 MiB, 259.18 W, 67
2026/06/18 12:32:41.985, 0, Tesla V100-SXM2-32GB, 96 %, 58 %, 32768 MiB, 4840 MiB, 27655 MiB, 235.95 W, 67
2026/06/18 12:32:42.987, 0, Tesla V100-SXM2-32GB, 96 %, 59 %, 32768 MiB, 4840 MiB, 27655 MiB, 264.82 W, 67
2026/06/18 12:32:43.988, 0, Tesla V100-SXM2-32GB, 96 %, 58 %, 32768 MiB, 4840 MiB, 27655 MiB, 257.43 W, 67
2026/06/18 12:32:44.989, 0, Tesla V100-SXM2-32GB, 96 %, 58 %, 32768 MiB, 4840 MiB, 27655 MiB, 225.99 W, 67
2026/06/18 12:32:45.991, 0, Tesla V100-SXM2-32GB, 96 %, 59 %, 32768 MiB, 4840 MiB, 27655 MiB, 269.28 W, 68
2026/06/18 12:32:46.992, 0, Tesla V100-SXM2-32GB, 96 %, 58 %, 32768 MiB, 4840 MiB, 27655 MiB, 259.22 W, 68
2026/06/18 12:32:47.994, 0, Tesla V100-SXM2-32GB, 96 %, 58 %, 32768 MiB, 4840 MiB, 27655 MiB, 215.54 W, 67
2026/06/18 12:32:48.995, 0, Tesla V100-SXM2-32GB, 96 %, 59 %, 32768 MiB, 4840 MiB, 27655 MiB, 270.54 W, 67
2026/06/18 12:32:49.997, 0, Tesla V100-SXM2-32GB, 96 %, 58 %, 32768 MiB, 4840 MiB, 27655 MiB, 258.09 W, 68
2026/06/18 12:32:50.998, 0, Tesla V100-SXM2-32GB, 96 %, 58 %, 32768 MiB, 4840 MiB, 27655 MiB, 234.19 W, 68
2026/06/18 12:32:51.999, 0, Tesla V100-SXM2-32GB, 96 %, 59 %, 32768 MiB, 4840 MiB, 27655 MiB, 269.76 W, 67
2026/06/18 12:32:53.001, 0, Tesla V100-SXM2-32GB, 96 %, 58 %, 32768 MiB, 4840 MiB, 27655 MiB, 251.98 W, 68
2026/06/18 12:32:54.002, 0, Tesla V100-SXM2-32GB, 95 %, 57 %, 32768 MiB, 4840 MiB, 27655 MiB, 259.36 W, 68
2026/06/18 12:32:55.004, 0, Tesla V100-SXM2-32GB, 96 %, 59 %, 32768 MiB, 4840 MiB, 27655 MiB, 261.59 W, 67
2026/06/18 12:32:56.005, 0, Tesla V100-SXM2-32GB, 96 %, 57 %, 32768 MiB, 4840 MiB, 27655 MiB, 261.63 W, 68
2026/06/18 12:32:57.006, 0, Tesla V100-SXM2-32GB, 96 %, 58 %, 32768 MiB, 4840 MiB, 27655 MiB, 259.97 W, 68
2026/06/18 12:32:58.009, 0, Tesla V100-SXM2-32GB, 95 %, 59 %, 32768 MiB, 4840 MiB, 27655 MiB, 259.36 W, 67
2026/06/18 12:32:59.011, 0, Tesla V100-SXM2-32GB, 96 %, 57 %, 32768 MiB, 4840 MiB, 27655 MiB, 262.72 W, 68
2026/06/18 12:33:00.013, 0, Tesla V100-SXM2-32GB, 96 %, 58 %, 32768 MiB, 4840 MiB, 27655 MiB, 264.95 W, 68
2026/06/18 12:33:01.015, 0, Tesla V100-SXM2-32GB, 96 %, 59 %, 32768 MiB, 4840 MiB, 27655 MiB, 238.51 W, 68
2026/06/18 12:33:02.016, 0, Tesla V100-SXM2-32GB, 96 %, 57 %, 32768 MiB, 4840 MiB, 27655 MiB, 267.05 W, 68
2026/06/18 12:33:03.019, 0, Tesla V100-SXM2-32GB, 96 %, 58 %, 32768 MiB, 4840 MiB, 27655 MiB, 258.70 W, 68
2026/06/18 12:33:04.020, 0, Tesla V100-SXM2-32GB, 97 %, 60 %, 32768 MiB, 4840 MiB, 27655 MiB, 230.96 W, 67
2026/06/18 12:33:05.022, 0, Tesla V100-SXM2-32GB, 96 %, 57 %, 32768 MiB, 4840 MiB, 27655 MiB, 275.71 W, 68
2026/06/18 12:33:06.024, 0, Tesla V100-SXM2-32GB, 96 %, 58 %, 32768 MiB, 4840 MiB, 27655 MiB, 255.51 W, 68
2026/06/18 12:33:07.026, 0, Tesla V100-SXM2-32GB, 96 %, 59 %, 32768 MiB, 4840 MiB, 27655 MiB, 219.39 W, 68
2026/06/18 12:33:08.028, 0, Tesla V100-SXM2-32GB, 96 %, 58 %, 32768 MiB, 4840 MiB, 27655 MiB, 276.19 W, 68
2026/06/18 12:33:09.030, 0, Tesla V100-SXM2-32GB, 96 %, 58 %, 32768 MiB, 4840 MiB, 27655 MiB, 251.66 W, 68
2026/06/18 12:33:10.032, 0, Tesla V100-SXM2-32GB, 96 %, 59 %, 32768 MiB, 4840 MiB, 27655 MiB, 261.15 W, 68
2026/06/18 12:33:11.034, 0, Tesla V100-SXM2-32GB, 96 %, 58 %, 32768 MiB, 4840 MiB, 27655 MiB, 270.24 W, 68
2026/06/18 12:33:12.036, 0, Tesla V100-SXM2-32GB, 96 %, 58 %, 32768 MiB, 4840 MiB, 27655 MiB, 256.47 W, 68
2026/06/18 12:33:13.039, 0, Tesla V100-SXM2-32GB, 96 %, 59 %, 32768 MiB, 4840 MiB, 27655 MiB, 258.70 W, 68
2026/06/18 12:33:14.040, 0, Tesla V100-SXM2-32GB, 97 %, 58 %, 32768 MiB, 4840 MiB, 27655 MiB, 266.70 W, 68
2026/06/18 12:33:15.042, 0, Tesla V100-SXM2-32GB, 96 %, 58 %, 32768 MiB, 4840 MiB, 27655 MiB, 253.42 W, 68
2026/06/18 12:33:16.043, 0, Tesla V100-SXM2-32GB, 96 %, 59 %, 32768 MiB, 4840 MiB, 27655 MiB, 248.45 W, 68
2026/06/18 12:33:17.045, 0, Tesla V100-SXM2-32GB, 96 %, 58 %, 32768 MiB, 4840 MiB, 27655 MiB, 253.76 W, 68
2026/06/18 12:33:18.046, 0, Tesla V100-SXM2-32GB, 0 %, 0 %, 32768 MiB, 4840 MiB, 27655 MiB, 81.57 W, 63
2026/06/18 12:33:19.048, 0, Tesla V100-SXM2-32GB, 96 %, 58 %, 32768 MiB, 4840 MiB, 27655 MiB, 253.67 W, 66
2026/06/18 12:33:20.049, 0, Tesla V100-SXM2-32GB, 0 %, 0 %, 32768 MiB, 4840 MiB, 27655 MiB, 77.61 W, 63
2026/06/18 12:33:21.051, 0, Tesla V100-SXM2-32GB, 0 %, 0 %, 32768 MiB, 4840 MiB, 27655 MiB, 77.12 W, 61
2026/06/18 12:33:22.053, 0, Tesla V100-SXM2-32GB, 0 %, 0 %, 32768 MiB, 4840 MiB, 27655 MiB, 78.09 W, 61
2026/06/18 12:33:23.054, 0, Tesla V100-SXM2-32GB, 0 %, 0 %, 32768 MiB, 4840 MiB, 27655 MiB, 77.61 W, 60
2026/06/18 12:33:24.055, 0, Tesla V100-SXM2-32GB, 96 %, 58 %, 32768 MiB, 4840 MiB, 27655 MiB, 260.67 W, 66
2026/06/18 12:33:25.058, 0, Tesla V100-SXM2-32GB, 96 %, 59 %, 32768 MiB, 4840 MiB, 27655 MiB, 245.73 W, 65
2026/06/18 12:33:26.060, 0, Tesla V100-SXM2-32GB, 96 %, 58 %, 32768 MiB, 4840 MiB, 27655 MiB, 263.20 W, 66
2026/06/18 12:33:27.061, 0, Tesla V100-SXM2-32GB, 96 %, 58 %, 32768 MiB, 4840 MiB, 27655 MiB, 265.91 W, 66
2026/06/18 12:33:28.063, 0, Tesla V100-SXM2-32GB, 96 %, 59 %, 32768 MiB, 4840 MiB, 27655 MiB, 234.18 W, 66
2026/06/18 12:33:29.064, 0, Tesla V100-SXM2-32GB, 96 %, 58 %, 32768 MiB, 4840 MiB, 27655 MiB, 264.17 W, 66
2026/06/18 12:33:30.066, 0, Tesla V100-SXM2-32GB, 96 %, 58 %, 32768 MiB, 4840 MiB, 27655 MiB, 263.03 W, 66
2026/06/18 12:33:31.067, 0, Tesla V100-SXM2-32GB, 96 %, 59 %, 32768 MiB, 4840 MiB, 27655 MiB, 232.42 W, 66
2026/06/18 12:33:32.069, 0, Tesla V100-SXM2-32GB, 96 %, 58 %, 32768 MiB, 4840 MiB, 27655 MiB, 271.32 W, 66
2026/06/18 12:33:33.070, 0, Tesla V100-SXM2-32GB, 96 %, 58 %, 32768 MiB, 4840 MiB, 27655 MiB, 259.84 W, 66
2026/06/18 12:33:34.071, 0, Tesla V100-SXM2-32GB, 96 %, 59 %, 32768 MiB, 4840 MiB, 27655 MiB, 215.73 W, 66
2026/06/18 12:33:35.073, 0, Tesla V100-SXM2-32GB, 96 %, 58 %, 32768 MiB, 4840 MiB, 27655 MiB, 273.60 W, 66
2026/06/18 12:33:36.074, 0, Tesla V100-SXM2-32GB, 96 %, 58 %, 32768 MiB, 4840 MiB, 27655 MiB, 259.36 W, 66
2026/06/18 12:33:37.076, 0, Tesla V100-SXM2-32GB, 96 %, 59 %, 32768 MiB, 4840 MiB, 27655 MiB, 235.14 W, 66
2026/06/18 12:33:38.077, 0, Tesla V100-SXM2-32GB, 96 %, 58 %, 32768 MiB, 4840 MiB, 27655 MiB, 273.60 W, 66
2026/06/18 12:33:39.079, 0, Tesla V100-SXM2-32GB, 96 %, 58 %, 32768 MiB, 4840 MiB, 27655 MiB, 255.99 W, 66
2026/06/18 12:33:40.080, 0, Tesla V100-SXM2-32GB, 96 %, 59 %, 32768 MiB, 4840 MiB, 27655 MiB, 235.95 W, 66
2026/06/18 12:33:41.081, 0, Tesla V100-SXM2-32GB, 96 %, 58 %, 32768 MiB, 4840 MiB, 27655 MiB, 270.24 W, 66
2026/06/18 12:33:42.083, 0, Tesla V100-SXM2-32GB, 96 %, 58 %, 32768 MiB, 4840 MiB, 27655 MiB, 260.15 W, 66
2026/06/18 12:33:43.084, 0, Tesla V100-SXM2-32GB, 96 %, 59 %, 32768 MiB, 4840 MiB, 27655 MiB, 252.14 W, 66
2026/06/18 12:33:44.086, 0, Tesla V100-SXM2-32GB, 96 %, 57 %, 32768 MiB, 4840 MiB, 27655 MiB, 267.66 W, 66
2026/06/18 12:33:45.087, 0, Tesla V100-SXM2-32GB, 96 %, 58 %, 32768 MiB, 4840 MiB, 27655 MiB, 258.40 W, 66
2026/06/18 12:33:46.089, 0, Tesla V100-SXM2-32GB, 96 %, 59 %, 32768 MiB, 4840 MiB, 27655 MiB, 256.95 W, 67
2026/06/18 12:33:47.090, 0, Tesla V100-SXM2-32GB, 96 %, 58 %, 32768 MiB, 4840 MiB, 27655 MiB, 263.51 W, 66
2026/06/18 12:33:48.092, 0, Tesla V100-SXM2-32GB, 95 %, 58 %, 32768 MiB, 4840 MiB, 27655 MiB, 264.34 W, 67
2026/06/18 12:33:49.093, 0, Tesla V100-SXM2-32GB, 96 %, 59 %, 32768 MiB, 4840 MiB, 27655 MiB, 262.72 W, 67
2026/06/18 12:33:50.095, 0, Tesla V100-SXM2-32GB, 96 %, 58 %, 32768 MiB, 4840 MiB, 27655 MiB, 260.49 W, 66
2026/06/18 12:33:51.096, 0, Tesla V100-SXM2-32GB, 96 %, 58 %, 32768 MiB, 4840 MiB, 27655 MiB, 259.84 W, 67
2026/06/18 12:33:52.098, 0, Tesla V100-SXM2-32GB, 96 %, 59 %, 32768 MiB, 4840 MiB, 27655 MiB, 239.64 W, 65
2026/06/18 12:33:53.101, 0, Tesla V100-SXM2-32GB, 99 %, 56 %, 32768 MiB, 4840 MiB, 27655 MiB, 259.18 W, 67
2026/06/18 12:33:54.103, 0, Tesla V100-SXM2-32GB, 99 %, 54 %, 32768 MiB, 4840 MiB, 27655 MiB, 259.36 W, 67
2026/06/18 12:33:55.105, 0, Tesla V100-SXM2-32GB, 99 %, 55 %, 32768 MiB, 4840 MiB, 27655 MiB, 284.24 W, 67
2026/06/18 12:33:56.107, 0, Tesla V100-SXM2-32GB, 34 %, 14 %, 32768 MiB, 4840 MiB, 27655 MiB, 81.41 W, 63
2026/06/18 12:33:57.109, 0, Tesla V100-SXM2-32GB, 0 %, 0 %, 32768 MiB, 4840 MiB, 27655 MiB, 76.47 W, 61
2026/06/18 12:33:58.111, 0, Tesla V100-SXM2-32GB, 0 %, 0 %, 32768 MiB, 4840 MiB, 27655 MiB, 75.88 W, 60
2026/06/18 12:33:59.112, 0, Tesla V100-SXM2-32GB, 96 %, 58 %, 32768 MiB, 4840 MiB, 27655 MiB, 263.82 W, 64
2026/06/18 12:34:00.113, 0, Tesla V100-SXM2-32GB, 96 %, 59 %, 32768 MiB, 4840 MiB, 27655 MiB, 257.57 W, 65
2026/06/18 12:34:01.115, 0, Tesla V100-SXM2-32GB, 96 %, 58 %, 32768 MiB, 4840 MiB, 27655 MiB, 210.72 W, 66
2026/06/18 12:34:02.116, 0, Tesla V100-SXM2-32GB, 96 %, 58 %, 32768 MiB, 4840 MiB, 27655 MiB, 275.89 W, 66
2026/06/18 12:34:03.118, 0, Tesla V100-SXM2-32GB, 96 %, 59 %, 32768 MiB, 4840 MiB, 27655 MiB, 261.11 W, 66
2026/06/18 12:34:04.119, 0, Tesla V100-SXM2-32GB, 96 %, 58 %, 32768 MiB, 4840 MiB, 27655 MiB, 244.29 W, 66
2026/06/18 12:34:05.121, 0, Tesla V100-SXM2-32GB, 96 %, 59 %, 32768 MiB, 4840 MiB, 27655 MiB, 257.43 W, 66
2026/06/18 12:34:06.122, 0, Tesla V100-SXM2-32GB, 96 %, 57 %, 32768 MiB, 4840 MiB, 27655 MiB, 206.11 W, 66
2026/06/18 12:34:07.123, 0, Tesla V100-SXM2-32GB, 96 %, 58 %, 32768 MiB, 4840 MiB, 27655 MiB, 275.05 W, 66
2026/06/18 12:34:08.125, 0, Tesla V100-SXM2-32GB, 96 %, 59 %, 32768 MiB, 4840 MiB, 27655 MiB, 251.66 W, 66
2026/06/18 12:34:09.126, 0, Tesla V100-SXM2-32GB, 96 %, 58 %, 32768 MiB, 4840 MiB, 27655 MiB, 238.35 W, 66
2026/06/18 12:34:10.128, 0, Tesla V100-SXM2-32GB, 96 %, 58 %, 32768 MiB, 4840 MiB, 27655 MiB, 269.10 W, 66
2026/06/18 12:34:11.129, 0, Tesla V100-SXM2-32GB, 96 %, 59 %, 32768 MiB, 4840 MiB, 27655 MiB, 257.26 W, 66
2026/06/18 12:34:12.131, 0, Tesla V100-SXM2-32GB, 96 %, 58 %, 32768 MiB, 4840 MiB, 27655 MiB, 259.67 W, 66
2026/06/18 12:34:13.132, 0, Tesla V100-SXM2-32GB, 95 %, 57 %, 32768 MiB, 4840 MiB, 27655 MiB, 266.75 W, 66
2026/06/18 12:34:14.134, 0, Tesla V100-SXM2-32GB, 96 %, 59 %, 32768 MiB, 4840 MiB, 27655 MiB, 258.40 W, 67
2026/06/18 12:34:15.136, 0, Tesla V100-SXM2-32GB, 96 %, 58 %, 32768 MiB, 4840 MiB, 27655 MiB, 264.47 W, 67
2026/06/18 12:34:16.138, 0, Tesla V100-SXM2-32GB, 96 %, 58 %, 32768 MiB, 4840 MiB, 27655 MiB, 263.51 W, 66
2026/06/18 12:34:17.141, 0, Tesla V100-SXM2-32GB, 96 %, 59 %, 32768 MiB, 4840 MiB, 27655 MiB, 256.95 W, 67
2026/06/18 12:34:18.142, 0, Tesla V100-SXM2-32GB, 96 %, 58 %, 32768 MiB, 4840 MiB, 27655 MiB, 258.70 W, 67
2026/06/18 12:34:19.144, 0, Tesla V100-SXM2-32GB, 96 %, 58 %, 32768 MiB, 4840 MiB, 27655 MiB, 256.64 W, 66
2026/06/18 12:34:20.145, 0, Tesla V100-SXM2-32GB, 96 %, 59 %, 32768 MiB, 4840 MiB, 27655 MiB, 251.98 W, 67
2026/06/18 12:34:21.147, 0, Tesla V100-SXM2-32GB, 96 %, 57 %, 32768 MiB, 4840 MiB, 27655 MiB, 261.76 W, 67
2026/06/18 12:34:22.148, 0, Tesla V100-SXM2-32GB, 96 %, 58 %, 32768 MiB, 4840 MiB, 27655 MiB, 237.87 W, 67
2026/06/18 12:34:23.150, 0, Tesla V100-SXM2-32GB, 95 %, 59 %, 32768 MiB, 4840 MiB, 27655 MiB, 259.01 W, 67
2026/06/18 12:34:24.151, 0, Tesla V100-SXM2-32GB, 95 %, 57 %, 32768 MiB, 4840 MiB, 27655 MiB, 261.28 W, 67
2026/06/18 12:34:25.154, 0, Tesla V100-SXM2-32GB, 96 %, 59 %, 32768 MiB, 4840 MiB, 27655 MiB, 198.89 W, 67
2026/06/18 12:34:26.155, 0, Tesla V100-SXM2-32GB, 96 %, 58 %, 32768 MiB, 4840 MiB, 27655 MiB, 274.50 W, 67
2026/06/18 12:34:27.157, 0, Tesla V100-SXM2-32GB, 96 %, 58 %, 32768 MiB, 4840 MiB, 27655 MiB, 253.59 W, 67
2026/06/18 12:34:28.158, 0, Tesla V100-SXM2-32GB, 96 %, 59 %, 32768 MiB, 4840 MiB, 27655 MiB, 239.16 W, 67
2026/06/18 12:34:29.160, 0, Tesla V100-SXM2-32GB, 96 %, 58 %, 32768 MiB, 4840 MiB, 27655 MiB, 270.24 W, 67
2026/06/18 12:34:30.161, 0, Tesla V100-SXM2-32GB, 96 %, 58 %, 32768 MiB, 4840 MiB, 27655 MiB, 258.40 W, 67
2026/06/18 12:34:31.163, 0, Tesla V100-SXM2-32GB, 96 %, 59 %, 32768 MiB, 4840 MiB, 27655 MiB, 266.93 W, 67
2026/06/18 12:34:32.164, 0, Tesla V100-SXM2-32GB, 96 %, 58 %, 32768 MiB, 4840 MiB, 27655 MiB, 267.53 W, 67
2026/06/18 12:34:33.165, 0, Tesla V100-SXM2-32GB, 96 %, 58 %, 32768 MiB, 4840 MiB, 27655 MiB, 253.90 W, 67
2026/06/18 12:34:34.167, 0, Tesla V100-SXM2-32GB, 96 %, 59 %, 32768 MiB, 4840 MiB, 27655 MiB, 261.59 W, 67
2026/06/18 12:34:35.168, 0, Tesla V100-SXM2-32GB, 96 %, 58 %, 32768 MiB, 4840 MiB, 27655 MiB, 262.42 W, 67
2026/06/18 12:34:36.170, 0, Tesla V100-SXM2-32GB, 96 %, 58 %, 32768 MiB, 4840 MiB, 27655 MiB, 251.49 W, 67
2026/06/18 12:34:37.171, 0, Tesla V100-SXM2-32GB, 96 %, 59 %, 32768 MiB, 4840 MiB, 27655 MiB, 259.67 W, 68
2026/06/18 12:34:38.173, 0, Tesla V100-SXM2-32GB, 96 %, 58 %, 32768 MiB, 4840 MiB, 27655 MiB, 253.10 W, 67
2026/06/18 12:34:39.174, 0, Tesla V100-SXM2-32GB, 96 %, 58 %, 32768 MiB, 4840 MiB, 27655 MiB, 256.61 W, 68
2026/06/18 12:34:40.175, 0, Tesla V100-SXM2-32GB, 96 %, 58 %, 32768 MiB, 4840 MiB, 27655 MiB, 260.63 W, 67
2026/06/18 12:34:41.177, 0, Tesla V100-SXM2-32GB, 96 %, 58 %, 32768 MiB, 4840 MiB, 27655 MiB, 244.45 W, 67
2026/06/18 12:34:42.179, 0, Tesla V100-SXM2-32GB, 96 %, 58 %, 32768 MiB, 4840 MiB, 27655 MiB, 256.78 W, 68
2026/06/18 12:34:43.181, 0, Tesla V100-SXM2-32GB, 96 %, 59 %, 32768 MiB, 4840 MiB, 27655 MiB, 257.09 W, 68
2026/06/18 12:34:44.184, 0, Tesla V100-SXM2-32GB, 97 %, 58 %, 32768 MiB, 4840 MiB, 27655 MiB, 257.43 W, 67
2026/06/18 12:34:45.186, 0, Tesla V100-SXM2-32GB, 45 %, 29 %, 32768 MiB, 4840 MiB, 27655 MiB, 243.16 W, 64
2026/06/18 12:34:46.188, 0, Tesla V100-SXM2-32GB, 96 %, 58 %, 32768 MiB, 4840 MiB, 27655 MiB, 258.57 W, 67
2026/06/18 12:34:47.190, 0, Tesla V100-SXM2-32GB, 95 %, 58 %, 32768 MiB, 4840 MiB, 27655 MiB, 255.82 W, 68
2026/06/18 12:34:48.192, 0, Tesla V100-SXM2-32GB, 96 %, 57 %, 32768 MiB, 4840 MiB, 27655 MiB, 259.05 W, 67
2026/06/18 12:34:49.194, 0, Tesla V100-SXM2-32GB, 96 %, 58 %, 32768 MiB, 4840 MiB, 27655 MiB, 252.46 W, 68
2026/06/18 12:34:50.196, 0, Tesla V100-SXM2-32GB, 95 %, 58 %, 32768 MiB, 4840 MiB, 27655 MiB, 262.55 W, 68
2026/06/18 12:34:51.198, 0, Tesla V100-SXM2-32GB, 96 %, 57 %, 32768 MiB, 4840 MiB, 27655 MiB, 256.16 W, 67
2026/06/18 12:34:52.201, 0, Tesla V100-SXM2-32GB, 96 %, 58 %, 32768 MiB, 4840 MiB, 27655 MiB, 258.88 W, 68
2026/06/18 12:34:53.203, 0, Tesla V100-SXM2-32GB, 95 %, 59 %, 32768 MiB, 4840 MiB, 27655 MiB, 262.07 W, 68
2026/06/18 12:34:54.205, 0, Tesla V100-SXM2-32GB, 96 %, 57 %, 32768 MiB, 4840 MiB, 27655 MiB, 246.05 W, 68
2026/06/18 12:34:55.207, 0, Tesla V100-SXM2-32GB, 96 %, 58 %, 32768 MiB, 4840 MiB, 27655 MiB, 262.38 W, 68
2026/06/18 12:34:56.209, 0, Tesla V100-SXM2-32GB, 95 %, 59 %, 32768 MiB, 4840 MiB, 27655 MiB, 253.25 W, 68
2026/06/18 12:34:57.211, 0, Tesla V100-SXM2-32GB, 96 %, 57 %, 32768 MiB, 4840 MiB, 27655 MiB, 238.04 W, 67
2026/06/18 12:34:58.212, 0, Tesla V100-SXM2-32GB, 96 %, 58 %, 32768 MiB, 4840 MiB, 27655 MiB, 268.67 W, 68
2026/06/18 12:34:59.214, 0, Tesla V100-SXM2-32GB, 95 %, 59 %, 32768 MiB, 4840 MiB, 27655 MiB, 261.11 W, 68
2026/06/18 12:35:00.215, 0, Tesla V100-SXM2-32GB, 96 %, 58 %, 32768 MiB, 4840 MiB, 27655 MiB, 222.14 W, 68
2026/06/18 12:35:01.217, 0, Tesla V100-SXM2-32GB, 96 %, 58 %, 32768 MiB, 4840 MiB, 27655 MiB, 273.42 W, 68
2026/06/18 12:35:02.218, 0, Tesla V100-SXM2-32GB, 94 %, 58 %, 32768 MiB, 4840 MiB, 27655 MiB, 250.68 W, 68
2026/06/18 12:35:03.220, 0, Tesla V100-SXM2-32GB, 96 %, 57 %, 32768 MiB, 4840 MiB, 27655 MiB, 214.63 W, 68
2026/06/18 12:35:04.221, 0, Tesla V100-SXM2-32GB, 96 %, 58 %, 32768 MiB, 4840 MiB, 27655 MiB, 269.28 W, 68
2026/06/18 12:35:05.223, 0, Tesla V100-SXM2-32GB, 95 %, 59 %, 32768 MiB, 4840 MiB, 27655 MiB, 258.40 W, 68
2026/06/18 12:35:06.225, 0, Tesla V100-SXM2-32GB, 96 %, 58 %, 32768 MiB, 4840 MiB, 27655 MiB, 233.71 W, 68
2026/06/18 12:35:07.226, 0, Tesla V100-SXM2-32GB, 96 %, 58 %, 32768 MiB, 4840 MiB, 27655 MiB, 277.15 W, 68
2026/06/18 12:35:08.228, 0, Tesla V100-SXM2-32GB, 95 %, 59 %, 32768 MiB, 4840 MiB, 27655 MiB, 251.01 W, 68
2026/06/18 12:35:09.229, 0, Tesla V100-SXM2-32GB, 96 %, 57 %, 32768 MiB, 4840 MiB, 27655 MiB, 245.56 W, 68
2026/06/18 12:35:10.230, 0, Tesla V100-SXM2-32GB, 96 %, 58 %, 32768 MiB, 4840 MiB, 27655 MiB, 268.32 W, 68
2026/06/18 12:35:11.232, 0, Tesla V100-SXM2-32GB, 95 %, 59 %, 32768 MiB, 4840 MiB, 27655 MiB, 253.42 W, 68
2026/06/18 12:35:12.233, 0, Tesla V100-SXM2-32GB, 96 %, 58 %, 32768 MiB, 4840 MiB, 27655 MiB, 268.50 W, 68
2026/06/18 12:35:13.235, 0, Tesla V100-SXM2-32GB, 96 %, 58 %, 32768 MiB, 4840 MiB, 27655 MiB, 270.72 W, 68
2026/06/18 12:35:14.236, 0, Tesla V100-SXM2-32GB, 96 %, 59 %, 32768 MiB, 4840 MiB, 27655 MiB, 251.33 W, 68
2026/06/18 12:35:15.238, 0, Tesla V100-SXM2-32GB, 96 %, 57 %, 32768 MiB, 4840 MiB, 27655 MiB, 261.45 W, 68
2026/06/18 12:35:16.239, 0, Tesla V100-SXM2-32GB, 96 %, 58 %, 32768 MiB, 4840 MiB, 27655 MiB, 262.90 W, 68
2026/06/18 12:35:17.241, 0, Tesla V100-SXM2-32GB, 95 %, 59 %, 32768 MiB, 4840 MiB, 27655 MiB, 256.47 W, 68
2026/06/18 12:35:18.242, 0, Tesla V100-SXM2-32GB, 96 %, 58 %, 32768 MiB, 4840 MiB, 27655 MiB, 258.40 W, 68
2026/06/18 12:35:19.244, 0, Tesla V100-SXM2-32GB, 96 %, 58 %, 32768 MiB, 4840 MiB, 27655 MiB, 258.88 W, 68
2026/06/18 12:35:20.245, 0, Tesla V100-SXM2-32GB, 96 %, 60 %, 32768 MiB, 4840 MiB, 27655 MiB, 254.86 W, 68
2026/06/18 12:35:21.247, 0, Tesla V100-SXM2-32GB, 95 %, 58 %, 32768 MiB, 4840 MiB, 27655 MiB, 265.13 W, 68
2026/06/18 12:35:22.248, 0, Tesla V100-SXM2-32GB, 96 %, 58 %, 32768 MiB, 4840 MiB, 27655 MiB, 255.51 W, 68
2026/06/18 12:35:23.250, 0, Tesla V100-SXM2-32GB, 96 %, 59 %, 32768 MiB, 4840 MiB, 27655 MiB, 269.03 W, 68
2026/06/18 12:35:24.251, 0, Tesla V100-SXM2-32GB, 96 %, 58 %, 32768 MiB, 4840 MiB, 27655 MiB, 258.88 W, 68
2026/06/18 12:35:25.252, 0, Tesla V100-SXM2-32GB, 96 %, 58 %, 32768 MiB, 4840 MiB, 27655 MiB, 241.72 W, 68
2026/06/18 12:35:26.254, 0, Tesla V100-SXM2-32GB, 96 %, 59 %, 32768 MiB, 4840 MiB, 27655 MiB, 271.86 W, 68
2026/06/18 12:35:27.255, 0, Tesla V100-SXM2-32GB, 96 %, 58 %, 32768 MiB, 4840 MiB, 27655 MiB, 264.47 W, 68
2026/06/18 12:35:28.257, 0, Tesla V100-SXM2-32GB, 96 %, 59 %, 32768 MiB, 4840 MiB, 27655 MiB, 232.90 W, 68
2026/06/18 12:35:29.258, 0, Tesla V100-SXM2-32GB, 96 %, 58 %, 32768 MiB, 4840 MiB, 27655 MiB, 266.75 W, 68
2026/06/18 12:35:30.260, 0, Tesla V100-SXM2-32GB, 96 %, 58 %, 32768 MiB, 4840 MiB, 27655 MiB, 259.97 W, 68
2026/06/18 12:35:31.261, 0, Tesla V100-SXM2-32GB, 96 %, 59 %, 32768 MiB, 4840 MiB, 27655 MiB, 222.14 W, 68
2026/06/18 12:35:32.264, 0, Tesla V100-SXM2-32GB, 96 %, 57 %, 32768 MiB, 4840 MiB, 27655 MiB, 276.97 W, 68
2026/06/18 12:35:33.265, 0, Tesla V100-SXM2-32GB, 96 %, 58 %, 32768 MiB, 4840 MiB, 27655 MiB, 250.53 W, 68
2026/06/18 12:35:34.267, 0, Tesla V100-SXM2-32GB, 96 %, 59 %, 32768 MiB, 4840 MiB, 27655 MiB, 213.75 W, 68
2026/06/18 12:35:35.268, 0, Tesla V100-SXM2-32GB, 96 %, 58 %, 32768 MiB, 4840 MiB, 27655 MiB, 271.08 W, 68
2026/06/18 12:35:36.270, 0, Tesla V100-SXM2-32GB, 96 %, 58 %, 32768 MiB, 4840 MiB, 27655 MiB, 257.43 W, 68
2026/06/18 12:35:37.271, 0, Tesla V100-SXM2-32GB, 96 %, 59 %, 32768 MiB, 4840 MiB, 27655 MiB, 260.49 W, 68
2026/06/18 12:35:38.272, 0, Tesla V100-SXM2-32GB, 96 %, 58 %, 32768 MiB, 4840 MiB, 27655 MiB, 273.31 W, 68
2026/06/18 12:35:39.274, 0, Tesla V100-SXM2-32GB, 96 %, 59 %, 32768 MiB, 4840 MiB, 27655 MiB, 263.20 W, 68
2026/06/18 12:35:40.275, 0, Tesla V100-SXM2-32GB, 96 %, 58 %, 32768 MiB, 4840 MiB, 27655 MiB, 264.82 W, 68
2026/06/18 12:35:41.277, 0, Tesla V100-SXM2-32GB, 96 %, 58 %, 32768 MiB, 4840 MiB, 27655 MiB, 269.94 W, 68
2026/06/18 12:35:42.278, 0, Tesla V100-SXM2-32GB, 96 %, 59 %, 32768 MiB, 4840 MiB, 27655 MiB, 260.80 W, 68
2026/06/18 12:35:43.280, 0, Tesla V100-SXM2-32GB, 96 %, 58 %, 32768 MiB, 4840 MiB, 27655 MiB, 269.16 W, 68
2026/06/18 12:35:44.281, 0, Tesla V100-SXM2-32GB, 96 %, 58 %, 32768 MiB, 4840 MiB, 27655 MiB, 269.28 W, 68
2026/06/18 12:35:45.283, 0, Tesla V100-SXM2-32GB, 96 %, 59 %, 32768 MiB, 4840 MiB, 27655 MiB, 263.69 W, 69
2026/06/18 12:35:46.284, 0, Tesla V100-SXM2-32GB, 96 %, 58 %, 32768 MiB, 4840 MiB, 27655 MiB, 262.72 W, 68
2026/06/18 12:35:47.286, 0, Tesla V100-SXM2-32GB, 96 %, 58 %, 32768 MiB, 4840 MiB, 27655 MiB, 262.55 W, 68
2026/06/18 12:35:48.287, 0, Tesla V100-SXM2-32GB, 96 %, 59 %, 32768 MiB, 4840 MiB, 27655 MiB, 260.80 W, 68
2026/06/18 12:35:49.288, 0, Tesla V100-SXM2-32GB, 95 %, 57 %, 32768 MiB, 4840 MiB, 27655 MiB, 266.27 W, 68
2026/06/18 12:35:50.290, 0, Tesla V100-SXM2-32GB, 96 %, 58 %, 32768 MiB, 4840 MiB, 27655 MiB, 254.89 W, 68
2026/06/18 12:35:51.291, 0, Tesla V100-SXM2-32GB, 99 %, 55 %, 32768 MiB, 4840 MiB, 27655 MiB, 260.93 W, 68
2026/06/18 12:35:52.293, 0, Tesla V100-SXM2-32GB, 99 %, 56 %, 32768 MiB, 4840 MiB, 27655 MiB, 259.05 W, 68
2026/06/18 12:35:53.294, 0, Tesla V100-SXM2-32GB, 99 %, 56 %, 32768 MiB, 4840 MiB, 27655 MiB, 257.57 W, 69
2026/06/18 12:35:54.296, 0, Tesla V100-SXM2-32GB, 99 %, 56 %, 32768 MiB, 4840 MiB, 27655 MiB, 221.80 W, 68
2026/06/18 12:35:55.297, 0, Tesla V100-SXM2-32GB, 0 %, 0 %, 32768 MiB, 4840 MiB, 27655 MiB, 81.41 W, 63
2026/06/18 12:35:56.299, 0, Tesla V100-SXM2-32GB, 8 %, 0 %, 32768 MiB, 4840 MiB, 27655 MiB, 80.49 W, 62
2026/06/18 12:35:57.301, 0, Tesla V100-SXM2-32GB, 32 %, 17 %, 32768 MiB, 4840 MiB, 27655 MiB, 186.51 W, 63
2026/06/18 12:35:58.302, 0, Tesla V100-SXM2-32GB, 95 %, 57 %, 32768 MiB, 4840 MiB, 27655 MiB, 196.61 W, 66
2026/06/18 12:35:59.304, 0, Tesla V100-SXM2-32GB, 96 %, 59 %, 32768 MiB, 4840 MiB, 27655 MiB, 269.58 W, 67
2026/06/18 12:36:00.305, 0, Tesla V100-SXM2-32GB, 96 %, 58 %, 32768 MiB, 4840 MiB, 27655 MiB, 260.49 W, 67
2026/06/18 12:36:01.306, 0, Tesla V100-SXM2-32GB, 96 %, 58 %, 32768 MiB, 4840 MiB, 27655 MiB, 266.39 W, 67
2026/06/18 12:36:02.308, 0, Tesla V100-SXM2-32GB, 96 %, 58 %, 32768 MiB, 4840 MiB, 27655 MiB, 266.22 W, 67
2026/06/18 12:36:03.309, 0, Tesla V100-SXM2-32GB, 96 %, 59 %, 32768 MiB, 4840 MiB, 27655 MiB, 254.07 W, 67
2026/06/18 12:36:04.311, 0, Tesla V100-SXM2-32GB, 96 %, 58 %, 32768 MiB, 4840 MiB, 27655 MiB, 262.24 W, 67
2026/06/18 12:36:05.312, 0, Tesla V100-SXM2-32GB, 96 %, 58 %, 32768 MiB, 4840 MiB, 27655 MiB, 265.91 W, 67
2026/06/18 12:36:06.314, 0, Tesla V100-SXM2-32GB, 96 %, 59 %, 32768 MiB, 4840 MiB, 27655 MiB, 251.01 W, 68
2026/06/18 12:36:07.315, 0, Tesla V100-SXM2-32GB, 96 %, 58 %, 32768 MiB, 4840 MiB, 27655 MiB, 253.87 W, 67
2026/06/18 12:36:08.316, 0, Tesla V100-SXM2-32GB, 96 %, 60 %, 32768 MiB, 4840 MiB, 27655 MiB, 264.12 W, 67
2026/06/18 12:36:09.318, 0, Tesla V100-SXM2-32GB, 96 %, 58 %, 32768 MiB, 4840 MiB, 27655 MiB, 260.01 W, 67
2026/06/18 12:36:10.319, 0, Tesla V100-SXM2-32GB, 95 %, 57 %, 32768 MiB, 4840 MiB, 27655 MiB, 233.54 W, 67
2026/06/18 12:36:11.321, 0, Tesla V100-SXM2-32GB, 95 %, 59 %, 32768 MiB, 4840 MiB, 27655 MiB, 269.94 W, 68
2026/06/18 12:36:12.322, 0, Tesla V100-SXM2-32GB, 96 %, 57 %, 32768 MiB, 4840 MiB, 27655 MiB, 257.74 W, 68
2026/06/18 12:36:13.324, 0, Tesla V100-SXM2-32GB, 95 %, 58 %, 32768 MiB, 4840 MiB, 27655 MiB, 202.74 W, 68
2026/06/18 12:36:14.325, 0, Tesla V100-SXM2-32GB, 94 %, 58 %, 32768 MiB, 4840 MiB, 27655 MiB, 273.60 W, 67
2026/06/18 12:36:15.327, 0, Tesla V100-SXM2-32GB, 96 %, 57 %, 32768 MiB, 4840 MiB, 27655 MiB, 259.36 W, 68
2026/06/18 12:36:16.328, 0, Tesla V100-SXM2-32GB, 96 %, 58 %, 32768 MiB, 4840 MiB, 27655 MiB, 243.64 W, 68
2026/06/18 12:36:17.330, 0, Tesla V100-SXM2-32GB, 96 %, 59 %, 32768 MiB, 4840 MiB, 27655 MiB, 267.36 W, 67
2026/06/18 12:36:18.331, 0, Tesla V100-SXM2-32GB, 96 %, 57 %, 32768 MiB, 4840 MiB, 27655 MiB, 261.11 W, 68
2026/06/18 12:36:19.333, 0, Tesla V100-SXM2-32GB, 95 %, 58 %, 32768 MiB, 4840 MiB, 27655 MiB, 263.03 W, 68
2026/06/18 12:36:20.334, 0, Tesla V100-SXM2-32GB, 95 %, 58 %, 32768 MiB, 4840 MiB, 27655 MiB, 216.84 W, 68
2026/06/18 12:36:21.335, 0, Tesla V100-SXM2-32GB, 96 %, 59 %, 32768 MiB, 4840 MiB, 27655 MiB, 264.95 W, 68
2026/06/18 12:36:22.337, 0, Tesla V100-SXM2-32GB, 96 %, 58 %, 32768 MiB, 4840 MiB, 27655 MiB, 253.25 W, 68
2026/06/18 12:36:23.338, 0, Tesla V100-SXM2-32GB, 96 %, 58 %, 32768 MiB, 4840 MiB, 27655 MiB, 241.88 W, 68
2026/06/18 12:36:24.340, 0, Tesla V100-SXM2-32GB, 96 %, 59 %, 32768 MiB, 4840 MiB, 27655 MiB, 264.47 W, 68
2026/06/18 12:36:25.341, 0, Tesla V100-SXM2-32GB, 96 %, 58 %, 32768 MiB, 4840 MiB, 27655 MiB, 252.62 W, 68
2026/06/18 12:36:26.343, 0, Tesla V100-SXM2-32GB, 96 %, 58 %, 32768 MiB, 4840 MiB, 27655 MiB, 264.52 W, 68
2026/06/18 12:36:27.345, 0, Tesla V100-SXM2-32GB, 96 %, 59 %, 32768 MiB, 4840 MiB, 27655 MiB, 266.88 W, 67
2026/06/18 12:36:28.347, 0, Tesla V100-SXM2-32GB, 96 %, 57 %, 32768 MiB, 4840 MiB, 27655 MiB, 254.38 W, 68
2026/06/18 12:36:29.349, 0, Tesla V100-SXM2-32GB, 96 %, 58 %, 32768 MiB, 4840 MiB, 27655 MiB, 263.69 W, 68
2026/06/18 12:36:30.351, 0, Tesla V100-SXM2-32GB, 95 %, 58 %, 32768 MiB, 4840 MiB, 27655 MiB, 257.26 W, 68
2026/06/18 12:36:31.354, 0, Tesla V100-SXM2-32GB, 96 %, 58 %, 32768 MiB, 4840 MiB, 27655 MiB, 263.33 W, 68
2026/06/18 12:36:32.356, 0, Tesla V100-SXM2-32GB, 95 %, 58 %, 32768 MiB, 4840 MiB, 27655 MiB, 263.86 W, 68
2026/06/18 12:36:33.358, 0, Tesla V100-SXM2-32GB, 95 %, 59 %, 32768 MiB, 4840 MiB, 27655 MiB, 248.78 W, 68
2026/06/18 12:36:34.360, 0, Tesla V100-SXM2-32GB, 96 %, 57 %, 32768 MiB, 4840 MiB, 27655 MiB, 262.72 W, 68
2026/06/18 12:36:35.361, 0, Tesla V100-SXM2-32GB, 96 %, 58 %, 32768 MiB, 4840 MiB, 27655 MiB, 260.80 W, 68
2026/06/18 12:36:36.363, 0, Tesla V100-SXM2-32GB, 96 %, 59 %, 32768 MiB, 4840 MiB, 27655 MiB, 228.73 W, 68
2026/06/18 12:36:37.365, 0, Tesla V100-SXM2-32GB, 96 %, 57 %, 32768 MiB, 4840 MiB, 27655 MiB, 270.90 W, 68
2026/06/18 12:36:38.366, 0, Tesla V100-SXM2-32GB, 95 %, 59 %, 32768 MiB, 4840 MiB, 27655 MiB, 251.18 W, 68
2026/06/18 12:36:39.367, 0, Tesla V100-SXM2-32GB, 96 %, 58 %, 32768 MiB, 4840 MiB, 27655 MiB, 212.79 W, 68
2026/06/18 12:36:40.369, 0, Tesla V100-SXM2-32GB, 96 %, 59 %, 32768 MiB, 4840 MiB, 27655 MiB, 270.06 W, 68
2026/06/18 12:36:41.372, 0, Tesla V100-SXM2-32GB, 96 %, 58 %, 32768 MiB, 4840 MiB, 27655 MiB, 258.40 W, 68
2026/06/18 12:36:42.374, 0, Tesla V100-SXM2-32GB, 95 %, 58 %, 32768 MiB, 4840 MiB, 27655 MiB, 263.69 W, 68
2026/06/18 12:36:43.375, 0, Tesla V100-SXM2-32GB, 96 %, 58 %, 32768 MiB, 4840 MiB, 27655 MiB, 267.53 W, 68
2026/06/18 12:36:44.376, 0, Tesla V100-SXM2-32GB, 96 %, 59 %, 32768 MiB, 4840 MiB, 27655 MiB, 254.86 W, 68
2026/06/18 12:36:45.378, 0, Tesla V100-SXM2-32GB, 96 %, 58 %, 32768 MiB, 4840 MiB, 27655 MiB, 265.61 W, 68
2026/06/18 12:36:46.379, 0, Tesla V100-SXM2-32GB, 95 %, 57 %, 32768 MiB, 4840 MiB, 27655 MiB, 253.76 W, 68
2026/06/18 12:36:47.381, 0, Tesla V100-SXM2-32GB, 95 %, 59 %, 32768 MiB, 4840 MiB, 27655 MiB, 264.65 W, 68
2026/06/18 12:36:48.382, 0, Tesla V100-SXM2-32GB, 96 %, 57 %, 32768 MiB, 4840 MiB, 27655 MiB, 266.45 W, 68
2026/06/18 12:36:49.384, 0, Tesla V100-SXM2-32GB, 96 %, 58 %, 32768 MiB, 4840 MiB, 27655 MiB, 233.39 W, 68
2026/06/18 12:36:50.385, 0, Tesla V100-SXM2-32GB, 95 %, 59 %, 32768 MiB, 4840 MiB, 27655 MiB, 262.86 W, 68
2026/06/18 12:36:51.387, 0, Tesla V100-SXM2-32GB, 96 %, 57 %, 32768 MiB, 4840 MiB, 27655 MiB, 252.77 W, 68
2026/06/18 12:36:52.388, 0, Tesla V100-SXM2-32GB, 96 %, 58 %, 32768 MiB, 4840 MiB, 27655 MiB, 207.69 W, 68
2026/06/18 12:36:53.390, 0, Tesla V100-SXM2-32GB, 95 %, 59 %, 32768 MiB, 4840 MiB, 27655 MiB, 265.91 W, 68
2026/06/18 12:36:54.391, 0, Tesla V100-SXM2-32GB, 96 %, 57 %, 32768 MiB, 4840 MiB, 27655 MiB, 261.59 W, 68
2026/06/18 12:36:55.394, 0, Tesla V100-SXM2-32GB, 96 %, 58 %, 32768 MiB, 4840 MiB, 27655 MiB, 236.76 W, 68
2026/06/18 12:36:56.395, 0, Tesla V100-SXM2-32GB, 95 %, 58 %, 32768 MiB, 4840 MiB, 27655 MiB, 276.67 W, 68
2026/06/18 12:36:57.397, 0, Tesla V100-SXM2-32GB, 96 %, 57 %, 32768 MiB, 4840 MiB, 27655 MiB, 259.18 W, 68
2026/06/18 12:36:58.399, 0, Tesla V100-SXM2-32GB, 95 %, 57 %, 32768 MiB, 4840 MiB, 27655 MiB, 256.30 W, 68
2026/06/18 12:36:59.401, 0, Tesla V100-SXM2-32GB, 96 %, 60 %, 32768 MiB, 4840 MiB, 27655 MiB, 271.20 W, 68
2026/06/18 12:37:00.403, 0, Tesla V100-SXM2-32GB, 96 %, 57 %, 32768 MiB, 4840 MiB, 27655 MiB, 258.88 W, 68
2026/06/18 12:37:01.405, 0, Tesla V100-SXM2-32GB, 96 %, 58 %, 32768 MiB, 4840 MiB, 27655 MiB, 261.94 W, 68
2026/06/18 12:37:02.406, 0, Tesla V100-SXM2-32GB, 96 %, 59 %, 32768 MiB, 4840 MiB, 27655 MiB, 262.07 W, 68
2026/06/18 12:37:03.409, 0, Tesla V100-SXM2-32GB, 96 %, 58 %, 32768 MiB, 4840 MiB, 27655 MiB, 262.24 W, 68
2026/06/18 12:37:04.411, 0, Tesla V100-SXM2-32GB, 96 %, 58 %, 32768 MiB, 4840 MiB, 27655 MiB, 259.36 W, 68
2026/06/18 12:37:05.413, 0, Tesla V100-SXM2-32GB, 96 %, 59 %, 32768 MiB, 4840 MiB, 27655 MiB, 252.31 W, 68
2026/06/18 12:37:06.414, 0, Tesla V100-SXM2-32GB, 96 %, 58 %, 32768 MiB, 4840 MiB, 27655 MiB, 257.74 W, 68
2026/06/18 12:37:07.416, 0, Tesla V100-SXM2-32GB, 96 %, 58 %, 32768 MiB, 4840 MiB, 27655 MiB, 257.26 W, 68
2026/06/18 12:37:08.419, 0, Tesla V100-SXM2-32GB, 96 %, 59 %, 32768 MiB, 4840 MiB, 27655 MiB, 240.92 W, 68
2026/06/18 12:37:09.421, 0, Tesla V100-SXM2-32GB, 96 %, 58 %, 32768 MiB, 4840 MiB, 27655 MiB, 268.50 W, 69
2026/06/18 12:37:10.423, 0, Tesla V100-SXM2-32GB, 95 %, 58 %, 32768 MiB, 4840 MiB, 27655 MiB, 266.39 W, 68
2026/06/18 12:37:11.426, 0, Tesla V100-SXM2-32GB, 96 %, 59 %, 32768 MiB, 4840 MiB, 27655 MiB, 231.13 W, 68
2026/06/18 12:37:12.427, 0, Tesla V100-SXM2-32GB, 96 %, 57 %, 32768 MiB, 4840 MiB, 27655 MiB, 274.75 W, 68
2026/06/18 12:37:13.430, 0, Tesla V100-SXM2-32GB, 96 %, 58 %, 32768 MiB, 4840 MiB, 27655 MiB, 262.90 W, 69
2026/06/18 12:37:14.431, 0, Tesla V100-SXM2-32GB, 96 %, 59 %, 32768 MiB, 4840 MiB, 27655 MiB, 210.24 W, 69
2026/06/18 12:37:15.433, 0, Tesla V100-SXM2-32GB, 96 %, 58 %, 32768 MiB, 4840 MiB, 27655 MiB, 268.98 W, 69
2026/06/18 12:37:16.435, 0, Tesla V100-SXM2-32GB, 96 %, 58 %, 32768 MiB, 4840 MiB, 27655 MiB, 258.53 W, 68
2026/06/18 12:37:17.437, 0, Tesla V100-SXM2-32GB, 96 %, 59 %, 32768 MiB, 4840 MiB, 27655 MiB, 247.65 W, 69
2026/06/18 12:37:18.441, 0, Tesla V100-SXM2-32GB, 96 %, 58 %, 32768 MiB, 4840 MiB, 27655 MiB, 274.75 W, 68
2026/06/18 12:37:19.442, 0, Tesla V100-SXM2-32GB, 96 %, 58 %, 32768 MiB, 4840 MiB, 27655 MiB, 252.94 W, 69
2026/06/18 12:37:20.444, 0, Tesla V100-SXM2-32GB, 96 %, 59 %, 32768 MiB, 4840 MiB, 27655 MiB, 265.13 W, 69
2026/06/18 12:37:21.445, 0, Tesla V100-SXM2-32GB, 96 %, 58 %, 32768 MiB, 4840 MiB, 27655 MiB, 268.50 W, 68
2026/06/18 12:37:22.448, 0, Tesla V100-SXM2-32GB, 96 %, 58 %, 32768 MiB, 4840 MiB, 27655 MiB, 260.15 W, 69
2026/06/18 12:37:23.450, 0, Tesla V100-SXM2-32GB, 96 %, 59 %, 32768 MiB, 4840 MiB, 27655 MiB, 262.07 W, 68
2026/06/18 12:37:24.452, 0, Tesla V100-SXM2-32GB, 96 %, 59 %, 32768 MiB, 4840 MiB, 27655 MiB, 255.65 W, 68
2026/06/18 12:37:25.454, 0, Tesla V100-SXM2-32GB, 96 %, 58 %, 32768 MiB, 4840 MiB, 27655 MiB, 266.57 W, 69
2026/06/18 12:37:26.455, 0, Tesla V100-SXM2-32GB, 96 %, 58 %, 32768 MiB, 4840 MiB, 27655 MiB, 259.53 W, 69
2026/06/18 12:37:27.458, 0, Tesla V100-SXM2-32GB, 97 %, 59 %, 32768 MiB, 4840 MiB, 27655 MiB, 253.59 W, 68
2026/06/18 12:37:28.460, 0, Tesla V100-SXM2-32GB, 96 %, 58 %, 32768 MiB, 4840 MiB, 27655 MiB, 259.01 W, 68
2026/06/18 12:37:29.462, 0, Tesla V100-SXM2-32GB, 88 %, 53 %, 32768 MiB, 4840 MiB, 27655 MiB, 263.38 W, 68
2026/06/18 12:37:30.464, 0, Tesla V100-SXM2-32GB, 96 %, 59 %, 32768 MiB, 4840 MiB, 27655 MiB, 266.04 W, 68
2026/06/18 12:37:31.469, 0, Tesla V100-SXM2-32GB, 96 %, 58 %, 32768 MiB, 4840 MiB, 27655 MiB, 264.17 W, 68
2026/06/18 12:37:32.470, 0, Tesla V100-SXM2-32GB, 96 %, 58 %, 32768 MiB, 4840 MiB, 27655 MiB, 259.01 W, 68
2026/06/18 12:37:33.472, 0, Tesla V100-SXM2-32GB, 96 %, 58 %, 32768 MiB, 4840 MiB, 27655 MiB, 268.02 W, 68
2026/06/18 12:37:34.473, 0, Tesla V100-SXM2-32GB, 96 %, 58 %, 32768 MiB, 4840 MiB, 27655 MiB, 253.25 W, 68
2026/06/18 12:37:35.475, 0, Tesla V100-SXM2-32GB, 96 %, 59 %, 32768 MiB, 4840 MiB, 27655 MiB, 252.62 W, 68
2026/06/18 12:37:36.476, 0, Tesla V100-SXM2-32GB, 96 %, 58 %, 32768 MiB, 4840 MiB, 27655 MiB, 247.33 W, 68
2026/06/18 12:37:37.478, 0, Tesla V100-SXM2-32GB, 96 %, 58 %, 32768 MiB, 4840 MiB, 27655 MiB, 264.95 W, 68
2026/06/18 12:37:38.479, 0, Tesla V100-SXM2-32GB, 96 %, 59 %, 32768 MiB, 4840 MiB, 27655 MiB, 265.48 W, 68
2026/06/18 12:37:39.482, 0, Tesla V100-SXM2-32GB, 96 %, 58 %, 32768 MiB, 4840 MiB, 27655 MiB, 233.21 W, 68
2026/06/18 12:37:40.484, 0, Tesla V100-SXM2-32GB, 96 %, 58 %, 32768 MiB, 4840 MiB, 27655 MiB, 271.68 W, 68
2026/06/18 12:37:41.487, 0, Tesla V100-SXM2-32GB, 96 %, 59 %, 32768 MiB, 4840 MiB, 27655 MiB, 263.20 W, 68
2026/06/18 12:37:42.488, 0, Tesla V100-SXM2-32GB, 96 %, 58 %, 32768 MiB, 4840 MiB, 27655 MiB, 203.09 W, 68
2026/06/18 12:37:43.489, 0, Tesla V100-SXM2-32GB, 96 %, 58 %, 32768 MiB, 4840 MiB, 27655 MiB, 275.53 W, 68
2026/06/18 12:37:44.491, 0, Tesla V100-SXM2-32GB, 96 %, 60 %, 32768 MiB, 4840 MiB, 27655 MiB, 256.95 W, 68
2026/06/18 12:37:45.492, 0, Tesla V100-SXM2-32GB, 96 %, 58 %, 32768 MiB, 4840 MiB, 27655 MiB, 229.71 W, 68
2026/06/18 12:37:46.494, 0, Tesla V100-SXM2-32GB, 96 %, 59 %, 32768 MiB, 4840 MiB, 27655 MiB, 277.93 W, 68
2026/06/18 12:37:47.495, 0, Tesla V100-SXM2-32GB, 96 %, 58 %, 32768 MiB, 4840 MiB, 27655 MiB, 251.81 W, 68
2026/06/18 12:37:48.497, 0, Tesla V100-SXM2-32GB, 96 %, 58 %, 32768 MiB, 4840 MiB, 27655 MiB, 262.38 W, 68
2026/06/18 12:37:49.498, 0, Tesla V100-SXM2-32GB, 65 %, 35 %, 32768 MiB, 4840 MiB, 27655 MiB, 261.55 W, 68
2026/06/18 12:37:50.500, 0, Tesla V100-SXM2-32GB, 99 %, 57 %, 32768 MiB, 4840 MiB, 27655 MiB, 269.16 W, 68
2026/06/18 12:37:51.501, 0, Tesla V100-SXM2-32GB, 99 %, 56 %, 32768 MiB, 4840 MiB, 27655 MiB, 253.25 W, 68
2026/06/18 12:37:52.502, 0, Tesla V100-SXM2-32GB, 99 %, 54 %, 32768 MiB, 4840 MiB, 27655 MiB, 257.92 W, 68
2026/06/18 12:37:53.504, 0, Tesla V100-SXM2-32GB, 9 %, 0 %, 32768 MiB, 4840 MiB, 27655 MiB, 81.89 W, 64
2026/06/18 12:37:54.505, 0, Tesla V100-SXM2-32GB, 0 %, 0 %, 32768 MiB, 4840 MiB, 27655 MiB, 80.82 W, 63
2026/06/18 12:37:55.507, 0, Tesla V100-SXM2-32GB, 0 %, 0 %, 32768 MiB, 4840 MiB, 27655 MiB, 77.05 W, 62
2026/06/18 12:37:56.508, 0, Tesla V100-SXM2-32GB, 96 %, 58 %, 32768 MiB, 4840 MiB, 27655 MiB, 213.47 W, 64
2026/06/18 12:37:57.510, 0, Tesla V100-SXM2-32GB, 96 %, 58 %, 32768 MiB, 4840 MiB, 27655 MiB, 255.65 W, 66
2026/06/18 12:37:58.511, 0, Tesla V100-SXM2-32GB, 95 %, 57 %, 32768 MiB, 4840 MiB, 27655 MiB, 261.89 W, 67
2026/06/18 12:37:59.513, 0, Tesla V100-SXM2-32GB, 94 %, 58 %, 32768 MiB, 4840 MiB, 27655 MiB, 264.95 W, 66
2026/06/18 12:38:00.514, 0, Tesla V100-SXM2-32GB, 96 %, 57 %, 32768 MiB, 4840 MiB, 27655 MiB, 251.81 W, 67
2026/06/18 12:38:01.516, 0, Tesla V100-SXM2-32GB, 96 %, 58 %, 32768 MiB, 4840 MiB, 27655 MiB, 256.78 W, 67
2026/06/18 12:38:02.517, 0, Tesla V100-SXM2-32GB, 94 %, 58 %, 32768 MiB, 4840 MiB, 27655 MiB, 255.03 W, 67
2026/06/18 12:38:03.519, 0, Tesla V100-SXM2-32GB, 96 %, 57 %, 32768 MiB, 4840 MiB, 27655 MiB, 263.69 W, 68
2026/06/18 12:38:04.520, 0, Tesla V100-SXM2-32GB, 96 %, 58 %, 32768 MiB, 4840 MiB, 27655 MiB, 263.07 W, 67
2026/06/18 12:38:05.522, 0, Tesla V100-SXM2-32GB, 96 %, 59 %, 32768 MiB, 4840 MiB, 27655 MiB, 233.39 W, 67
2026/06/18 12:38:06.523, 0, Tesla V100-SXM2-32GB, 96 %, 57 %, 32768 MiB, 4840 MiB, 27655 MiB, 259.67 W, 67
2026/06/18 12:38:07.525, 0, Tesla V100-SXM2-32GB, 95 %, 58 %, 32768 MiB, 4840 MiB, 27655 MiB, 260.80 W, 68
2026/06/18 12:38:08.527, 0, Tesla V100-SXM2-32GB, 96 %, 59 %, 32768 MiB, 4840 MiB, 27655 MiB, 204.66 W, 68
2026/06/18 12:38:09.528, 0, Tesla V100-SXM2-32GB, 95 %, 57 %, 32768 MiB, 4840 MiB, 27655 MiB, 263.64 W, 68
2026/06/18 12:38:10.530, 0, Tesla V100-SXM2-32GB, 95 %, 57 %, 32768 MiB, 4840 MiB, 27655 MiB, 260.32 W, 68
2026/06/18 12:38:11.534, 0, Tesla V100-SXM2-32GB, 96 %, 59 %, 32768 MiB, 4840 MiB, 27655 MiB, 258.40 W, 68
2026/06/18 12:38:12.535, 0, Tesla V100-SXM2-32GB, 96 %, 58 %, 32768 MiB, 4840 MiB, 27655 MiB, 268.80 W, 67
2026/06/18 12:38:13.537, 0, Tesla V100-SXM2-32GB, 96 %, 58 %, 32768 MiB, 4840 MiB, 27655 MiB, 267.10 W, 68
2026/06/18 12:38:14.538, 0, Tesla V100-SXM2-32GB, 96 %, 59 %, 32768 MiB, 4840 MiB, 27655 MiB, 263.33 W, 68
2026/06/18 12:38:15.540, 0, Tesla V100-SXM2-32GB, 96 %, 58 %, 32768 MiB, 4840 MiB, 27655 MiB, 266.75 W, 67
2026/06/18 12:38:16.543, 0, Tesla V100-SXM2-32GB, 95 %, 57 %, 32768 MiB, 4840 MiB, 27655 MiB, 263.38 W, 68
2026/06/18 12:38:17.544, 0, Tesla V100-SXM2-32GB, 96 %, 59 %, 32768 MiB, 4840 MiB, 27655 MiB, 260.80 W, 68
2026/06/18 12:38:18.546, 0, Tesla V100-SXM2-32GB, 96 %, 58 %, 32768 MiB, 4840 MiB, 27655 MiB, 257.26 W, 67
2026/06/18 12:38:19.547, 0, Tesla V100-SXM2-32GB, 96 %, 58 %, 32768 MiB, 4840 MiB, 27655 MiB, 266.09 W, 68
2026/06/18 12:38:20.549, 0, Tesla V100-SXM2-32GB, 96 %, 59 %, 32768 MiB, 4840 MiB, 27655 MiB, 258.22 W, 68
2026/06/18 12:38:21.551, 0, Tesla V100-SXM2-32GB, 96 %, 58 %, 32768 MiB, 4840 MiB, 27655 MiB, 234.66 W, 68
2026/06/18 12:38:22.553, 0, Tesla V100-SXM2-32GB, 96 %, 58 %, 32768 MiB, 4840 MiB, 27655 MiB, 261.28 W, 68
2026/06/18 12:38:23.554, 0, Tesla V100-SXM2-32GB, 96 %, 58 %, 32768 MiB, 4840 MiB, 27655 MiB, 250.22 W, 68
2026/06/18 12:38:24.556, 0, Tesla V100-SXM2-32GB, 96 %, 59 %, 32768 MiB, 4840 MiB, 27655 MiB, 209.62 W, 68
2026/06/18 12:38:25.559, 0, Tesla V100-SXM2-32GB, 95 %, 58 %, 32768 MiB, 4840 MiB, 27655 MiB, 278.89 W, 68
2026/06/18 12:38:26.560, 0, Tesla V100-SXM2-32GB, 96 %, 58 %, 32768 MiB, 4840 MiB, 27655 MiB, 260.32 W, 68
2026/06/18 12:38:27.562, 0, Tesla V100-SXM2-32GB, 96 %, 60 %, 32768 MiB, 4840 MiB, 27655 MiB, 238.99 W, 68
2026/06/18 12:38:28.563, 0, Tesla V100-SXM2-32GB, 95 %, 57 %, 32768 MiB, 4840 MiB, 27655 MiB, 276.01 W, 68
2026/06/18 12:38:29.565, 0, Tesla V100-SXM2-32GB, 96 %, 57 %, 32768 MiB, 4840 MiB, 27655 MiB, 254.38 W, 68
2026/06/18 12:38:30.567, 0, Tesla V100-SXM2-32GB, 96 %, 59 %, 32768 MiB, 4840 MiB, 27655 MiB, 266.75 W, 68
2026/06/18 12:38:31.569, 0, Tesla V100-SXM2-32GB, 96 %, 58 %, 32768 MiB, 4840 MiB, 27655 MiB, 269.28 W, 68
2026/06/18 12:38:32.570, 0, Tesla V100-SXM2-32GB, 96 %, 57 %, 32768 MiB, 4840 MiB, 27655 MiB, 259.53 W, 68
2026/06/18 12:38:33.572, 0, Tesla V100-SXM2-32GB, 96 %, 59 %, 32768 MiB, 4840 MiB, 27655 MiB, 271.68 W, 68
2026/06/18 12:38:34.575, 0, Tesla V100-SXM2-32GB, 96 %, 58 %, 32768 MiB, 4840 MiB, 27655 MiB, 264.95 W, 68
2026/06/18 12:38:35.577, 0, Tesla V100-SXM2-32GB, 96 %, 58 %, 32768 MiB, 4840 MiB, 27655 MiB, 257.26 W, 68
2026/06/18 12:38:36.578, 0, Tesla V100-SXM2-32GB, 96 %, 59 %, 32768 MiB, 4840 MiB, 27655 MiB, 263.51 W, 68
2026/06/18 12:38:37.580, 0, Tesla V100-SXM2-32GB, 96 %, 57 %, 32768 MiB, 4840 MiB, 27655 MiB, 260.80 W, 68
2026/06/18 12:38:38.583, 0, Tesla V100-SXM2-32GB, 96 %, 58 %, 32768 MiB, 4840 MiB, 27655 MiB, 264.65 W, 68
2026/06/18 12:38:39.586, 0, Tesla V100-SXM2-32GB, 95 %, 59 %, 32768 MiB, 4840 MiB, 27655 MiB, 262.72 W, 68
2026/06/18 12:38:40.589, 0, Tesla V100-SXM2-32GB, 96 %, 58 %, 32768 MiB, 4840 MiB, 27655 MiB, 256.47 W, 68
2026/06/18 12:38:41.591, 0, Tesla V100-SXM2-32GB, 96 %, 58 %, 32768 MiB, 4840 MiB, 27655 MiB, 268.98 W, 68
2026/06/18 12:38:42.592, 0, Tesla V100-SXM2-32GB, 96 %, 59 %, 32768 MiB, 4840 MiB, 27655 MiB, 255.99 W, 68
2026/06/18 12:38:43.594, 0, Tesla V100-SXM2-32GB, 96 %, 58 %, 32768 MiB, 4840 MiB, 27655 MiB, 264.17 W, 68
2026/06/18 12:38:44.596, 0, Tesla V100-SXM2-32GB, 96 %, 58 %, 32768 MiB, 4840 MiB, 27655 MiB, 267.53 W, 68
2026/06/18 12:38:45.598, 0, Tesla V100-SXM2-32GB, 96 %, 58 %, 32768 MiB, 4840 MiB, 27655 MiB, 262.86 W, 68
2026/06/18 12:38:46.600, 0, Tesla V100-SXM2-32GB, 96 %, 58 %, 32768 MiB, 4840 MiB, 27655 MiB, 260.63 W, 68
2026/06/18 12:38:47.602, 0, Tesla V100-SXM2-32GB, 96 %, 58 %, 32768 MiB, 4840 MiB, 27655 MiB, 263.03 W, 68
2026/06/18 12:38:48.606, 0, Tesla V100-SXM2-32GB, 96 %, 58 %, 32768 MiB, 4840 MiB, 27655 MiB, 268.19 W, 68
2026/06/18 12:38:49.607, 0, Tesla V100-SXM2-32GB, 97 %, 58 %, 32768 MiB, 4840 MiB, 27655 MiB, 262.72 W, 68
2026/06/18 12:38:50.609, 0, Tesla V100-SXM2-32GB, 96 %, 58 %, 32768 MiB, 4840 MiB, 27655 MiB, 262.55 W, 68
2026/06/18 12:38:51.610, 0, Tesla V100-SXM2-32GB, 97 %, 59 %, 32768 MiB, 4840 MiB, 27655 MiB, 260.18 W, 69
2026/06/18 12:38:52.612, 0, Tesla V100-SXM2-32GB, 87 %, 53 %, 32768 MiB, 4840 MiB, 27655 MiB, 255.34 W, 68
2026/06/18 12:38:53.613, 0, Tesla V100-SXM2-32GB, 89 %, 54 %, 32768 MiB, 4840 MiB, 27655 MiB, 250.97 W, 67
2026/06/18 12:38:54.614, 0, Tesla V100-SXM2-32GB, 96 %, 59 %, 32768 MiB, 4840 MiB, 27655 MiB, 220.84 W, 68
2026/06/18 12:38:55.616, 0, Tesla V100-SXM2-32GB, 96 %, 58 %, 32768 MiB, 4840 MiB, 27655 MiB, 277.93 W, 68
2026/06/18 12:38:56.617, 0, Tesla V100-SXM2-32GB, 96 %, 58 %, 32768 MiB, 4840 MiB, 27655 MiB, 259.36 W, 68
2026/06/18 12:38:57.619, 0, Tesla V100-SXM2-32GB, 96 %, 58 %, 32768 MiB, 4840 MiB, 27655 MiB, 229.51 W, 68
2026/06/18 12:38:58.620, 0, Tesla V100-SXM2-32GB, 96 %, 58 %, 32768 MiB, 4840 MiB, 27655 MiB, 272.10 W, 68
2026/06/18 12:38:59.622, 0, Tesla V100-SXM2-32GB, 96 %, 58 %, 32768 MiB, 4840 MiB, 27655 MiB, 263.38 W, 68
2026/06/18 12:39:00.623, 0, Tesla V100-SXM2-32GB, 95 %, 58 %, 32768 MiB, 4840 MiB, 27655 MiB, 262.07 W, 68
2026/06/18 12:39:01.625, 0, Tesla V100-SXM2-32GB, 96 %, 58 %, 32768 MiB, 4840 MiB, 27655 MiB, 270.06 W, 68
2026/06/18 12:39:02.626, 0, Tesla V100-SXM2-32GB, 96 %, 58 %, 32768 MiB, 4840 MiB, 27655 MiB, 254.69 W, 68
2026/06/18 12:39:03.628, 0, Tesla V100-SXM2-32GB, 96 %, 58 %, 32768 MiB, 4840 MiB, 27655 MiB, 259.84 W, 68
2026/06/18 12:39:04.629, 0, Tesla V100-SXM2-32GB, 95 %, 57 %, 32768 MiB, 4840 MiB, 27655 MiB, 258.70 W, 68
2026/06/18 12:39:05.630, 0, Tesla V100-SXM2-32GB, 96 %, 58 %, 32768 MiB, 4840 MiB, 27655 MiB, 260.15 W, 68
2026/06/18 12:39:06.632, 0, Tesla V100-SXM2-32GB, 96 %, 58 %, 32768 MiB, 4840 MiB, 27655 MiB, 264.52 W, 68
2026/06/18 12:39:07.633, 0, Tesla V100-SXM2-32GB, 96 %, 59 %, 32768 MiB, 4840 MiB, 27655 MiB, 246.85 W, 68
2026/06/18 12:39:08.635, 0, Tesla V100-SXM2-32GB, 95 %, 58 %, 32768 MiB, 4840 MiB, 27655 MiB, 266.22 W, 68
2026/06/18 12:39:09.636, 0, Tesla V100-SXM2-32GB, 96 %, 58 %, 32768 MiB, 4840 MiB, 27655 MiB, 258.05 W, 68
2026/06/18 12:39:10.638, 0, Tesla V100-SXM2-32GB, 96 %, 59 %, 32768 MiB, 4840 MiB, 27655 MiB, 239.15 W, 68
2026/06/18 12:39:11.639, 0, Tesla V100-SXM2-32GB, 96 %, 58 %, 32768 MiB, 4840 MiB, 27655 MiB, 276.56 W, 68
2026/06/18 12:39:12.641, 0, Tesla V100-SXM2-32GB, 96 %, 57 %, 32768 MiB, 4840 MiB, 27655 MiB, 259.84 W, 68
2026/06/18 12:39:13.643, 0, Tesla V100-SXM2-32GB, 96 %, 59 %, 32768 MiB, 4840 MiB, 27655 MiB, 211.20 W, 68
2026/06/18 12:39:14.645, 0, Tesla V100-SXM2-32GB, 96 %, 58 %, 32768 MiB, 4840 MiB, 27655 MiB, 268.32 W, 68
2026/06/18 12:39:15.647, 0, Tesla V100-SXM2-32GB, 96 %, 58 %, 32768 MiB, 4840 MiB, 27655 MiB, 253.10 W, 68
2026/06/18 12:39:16.649, 0, Tesla V100-SXM2-32GB, 94 %, 58 %, 32768 MiB, 4840 MiB, 27655 MiB, 252.46 W, 68
2026/06/18 12:39:17.651, 0, Tesla V100-SXM2-32GB, 96 %, 57 %, 32768 MiB, 4840 MiB, 27655 MiB, 273.60 W, 68
2026/06/18 12:39:18.653, 0, Tesla V100-SXM2-32GB, 96 %, 58 %, 32768 MiB, 4840 MiB, 27655 MiB, 262.90 W, 68
2026/06/18 12:39:19.655, 0, Tesla V100-SXM2-32GB, 95 %, 59 %, 32768 MiB, 4840 MiB, 27655 MiB, 252.46 W, 68
2026/06/18 12:39:20.657, 0, Tesla V100-SXM2-32GB, 96 %, 57 %, 32768 MiB, 4840 MiB, 27655 MiB, 266.09 W, 68
2026/06/18 12:39:21.658, 0, Tesla V100-SXM2-32GB, 96 %, 58 %, 32768 MiB, 4840 MiB, 27655 MiB, 262.90 W, 68
2026/06/18 12:39:22.661, 0, Tesla V100-SXM2-32GB, 95 %, 59 %, 32768 MiB, 4840 MiB, 27655 MiB, 263.86 W, 68
2026/06/18 12:39:23.663, 0, Tesla V100-SXM2-32GB, 96 %, 57 %, 32768 MiB, 4840 MiB, 27655 MiB, 263.99 W, 68
2026/06/18 12:39:24.666, 0, Tesla V100-SXM2-32GB, 95 %, 58 %, 32768 MiB, 4840 MiB, 27655 MiB, 255.68 W, 68
2026/06/18 12:39:25.669, 0, Tesla V100-SXM2-32GB, 95 %, 58 %, 32768 MiB, 4840 MiB, 27655 MiB, 263.20 W, 68
2026/06/18 12:39:26.671, 0, Tesla V100-SXM2-32GB, 96 %, 57 %, 32768 MiB, 4840 MiB, 27655 MiB, 258.88 W, 68
2026/06/18 12:39:27.672, 0, Tesla V100-SXM2-32GB, 96 %, 58 %, 32768 MiB, 4840 MiB, 27655 MiB, 268.19 W, 68
2026/06/18 12:39:28.674, 0, Tesla V100-SXM2-32GB, 95 %, 58 %, 32768 MiB, 4840 MiB, 27655 MiB, 269.46 W, 68
2026/06/18 12:39:29.677, 0, Tesla V100-SXM2-32GB, 96 %, 57 %, 32768 MiB, 4840 MiB, 27655 MiB, 255.99 W, 68
2026/06/18 12:39:30.678, 0, Tesla V100-SXM2-32GB, 96 %, 58 %, 32768 MiB, 4840 MiB, 27655 MiB, 261.89 W, 68
2026/06/18 12:39:31.681, 0, Tesla V100-SXM2-32GB, 96 %, 59 %, 32768 MiB, 4840 MiB, 27655 MiB, 264.04 W, 68
2026/06/18 12:39:32.682, 0, Tesla V100-SXM2-32GB, 96 %, 57 %, 32768 MiB, 4840 MiB, 27655 MiB, 232.75 W, 68
2026/06/18 12:39:33.685, 0, Tesla V100-SXM2-32GB, 96 %, 58 %, 32768 MiB, 4840 MiB, 27655 MiB, 260.45 W, 68
2026/06/18 12:39:34.687, 0, Tesla V100-SXM2-32GB, 96 %, 59 %, 32768 MiB, 4840 MiB, 27655 MiB, 261.76 W, 68
2026/06/18 12:39:35.690, 0, Tesla V100-SXM2-32GB, 96 %, 57 %, 32768 MiB, 4840 MiB, 27655 MiB, 224.25 W, 68
2026/06/18 12:39:36.692, 0, Tesla V100-SXM2-32GB, 95 %, 58 %, 32768 MiB, 4840 MiB, 27655 MiB, 267.48 W, 68
2026/06/18 12:39:37.694, 0, Tesla V100-SXM2-32GB, 96 %, 60 %, 32768 MiB, 4840 MiB, 27655 MiB, 254.21 W, 68
2026/06/18 12:39:38.696, 0, Tesla V100-SXM2-32GB, 96 %, 58 %, 32768 MiB, 4840 MiB, 27655 MiB, 209.62 W, 68
2026/06/18 12:39:39.698, 0, Tesla V100-SXM2-32GB, 96 %, 58 %, 32768 MiB, 4840 MiB, 27655 MiB, 271.38 W, 68
2026/06/18 12:39:40.700, 0, Tesla V100-SXM2-32GB, 96 %, 59 %, 32768 MiB, 4840 MiB, 27655 MiB, 260.97 W, 68
2026/06/18 12:39:41.701, 0, Tesla V100-SXM2-32GB, 96 %, 58 %, 32768 MiB, 4840 MiB, 27655 MiB, 243.97 W, 68
2026/06/18 12:39:42.704, 0, Tesla V100-SXM2-32GB, 96 %, 58 %, 32768 MiB, 4840 MiB, 27655 MiB, 273.12 W, 68
2026/06/18 12:39:43.706, 0, Tesla V100-SXM2-32GB, 96 %, 59 %, 32768 MiB, 4840 MiB, 27655 MiB, 254.86 W, 68
2026/06/18 12:39:44.708, 0, Tesla V100-SXM2-32GB, 96 %, 58 %, 32768 MiB, 4840 MiB, 27655 MiB, 258.40 W, 68
2026/06/18 12:39:45.710, 0, Tesla V100-SXM2-32GB, 96 %, 58 %, 32768 MiB, 4840 MiB, 27655 MiB, 270.24 W, 68
2026/06/18 12:39:46.712, 0, Tesla V100-SXM2-32GB, 96 %, 59 %, 32768 MiB, 4840 MiB, 27655 MiB, 251.98 W, 69
2026/06/18 12:39:47.714, 0, Tesla V100-SXM2-32GB, 96 %, 58 %, 32768 MiB, 4840 MiB, 27655 MiB, 258.88 W, 69
2026/06/18 12:39:48.716, 0, Tesla V100-SXM2-32GB, 90 %, 51 %, 32768 MiB, 4840 MiB, 27655 MiB, 257.26 W, 68
2026/06/18 12:39:49.717, 0, Tesla V100-SXM2-32GB, 99 %, 54 %, 32768 MiB, 4840 MiB, 27655 MiB, 267.71 W, 68
2026/06/18 12:39:50.719, 0, Tesla V100-SXM2-32GB, 99 %, 55 %, 32768 MiB, 4840 MiB, 27655 MiB, 243.80 W, 69
2026/06/18 12:39:51.721, 0, Tesla V100-SXM2-32GB, 99 %, 57 %, 32768 MiB, 4840 MiB, 27655 MiB, 264.47 W, 69
2026/06/18 12:39:52.723, 0, Tesla V100-SXM2-32GB, 9 %, 0 %, 32768 MiB, 4840 MiB, 27655 MiB, 81.94 W, 64
2026/06/18 12:39:53.725, 0, Tesla V100-SXM2-32GB, 0 %, 0 %, 32768 MiB, 4840 MiB, 27655 MiB, 81.35 W, 63
2026/06/18 12:39:54.727, 0, Tesla V100-SXM2-32GB, 0 %, 0 %, 32768 MiB, 4840 MiB, 27655 MiB, 76.90 W, 62
2026/06/18 12:39:55.728, 0, Tesla V100-SXM2-32GB, 96 %, 58 %, 32768 MiB, 4840 MiB, 27655 MiB, 215.06 W, 64
2026/06/18 12:39:56.730, 0, Tesla V100-SXM2-32GB, 96 %, 58 %, 32768 MiB, 4840 MiB, 27655 MiB, 264.82 W, 67
2026/06/18 12:39:57.731, 0, Tesla V100-SXM2-32GB, 96 %, 59 %, 32768 MiB, 4840 MiB, 27655 MiB, 256.78 W, 66
2026/06/18 12:39:58.733, 0, Tesla V100-SXM2-32GB, 96 %, 58 %, 32768 MiB, 4840 MiB, 27655 MiB, 254.55 W, 67
2026/06/18 12:39:59.734, 0, Tesla V100-SXM2-32GB, 96 %, 58 %, 32768 MiB, 4840 MiB, 27655 MiB, 261.28 W, 67
2026/06/18 12:40:00.736, 0, Tesla V100-SXM2-32GB, 96 %, 59 %, 32768 MiB, 4840 MiB, 27655 MiB, 236.91 W, 67
2026/06/18 12:40:01.737, 0, Tesla V100-SXM2-32GB, 96 %, 58 %, 32768 MiB, 4840 MiB, 27655 MiB, 270.90 W, 67
2026/06/18 12:40:02.738, 0, Tesla V100-SXM2-32GB, 91 %, 55 %, 32768 MiB, 4840 MiB, 27655 MiB, 260.15 W, 67
2026/06/18 12:40:03.740, 0, Tesla V100-SXM2-32GB, 96 %, 59 %, 32768 MiB, 4840 MiB, 27655 MiB, 252.96 W, 67
2026/06/18 12:40:04.741, 0, Tesla V100-SXM2-32GB, 96 %, 58 %, 32768 MiB, 4840 MiB, 27655 MiB, 268.80 W, 67
2026/06/18 12:40:05.743, 0, Tesla V100-SXM2-32GB, 95 %, 57 %, 32768 MiB, 4840 MiB, 27655 MiB, 264.65 W, 68
2026/06/18 12:40:06.744, 0, Tesla V100-SXM2-32GB, 96 %, 58 %, 32768 MiB, 4840 MiB, 27655 MiB, 260.80 W, 68
2026/06/18 12:40:07.746, 0, Tesla V100-SXM2-32GB, 96 %, 58 %, 32768 MiB, 4840 MiB, 27655 MiB, 258.40 W, 67
2026/06/18 12:40:08.747, 0, Tesla V100-SXM2-32GB, 96 %, 58 %, 32768 MiB, 4840 MiB, 27655 MiB, 259.01 W, 68
2026/06/18 12:40:09.749, 0, Tesla V100-SXM2-32GB, 96 %, 59 %, 32768 MiB, 4840 MiB, 27655 MiB, 261.45 W, 68
2026/06/18 12:40:10.751, 0, Tesla V100-SXM2-32GB, 96 %, 58 %, 32768 MiB, 4840 MiB, 27655 MiB, 232.42 W, 67
2026/06/18 12:40:11.754, 0, Tesla V100-SXM2-32GB, 96 %, 58 %, 32768 MiB, 4840 MiB, 27655 MiB, 263.03 W, 68
2026/06/18 12:40:12.755, 0, Tesla V100-SXM2-32GB, 96 %, 59 %, 32768 MiB, 4840 MiB, 27655 MiB, 252.79 W, 68
2026/06/18 12:40:13.757, 0, Tesla V100-SXM2-32GB, 96 %, 59 %, 32768 MiB, 4840 MiB, 27655 MiB, 211.26 W, 68
2026/06/18 12:40:14.759, 0, Tesla V100-SXM2-32GB, 96 %, 58 %, 32768 MiB, 4840 MiB, 27655 MiB, 271.50 W, 68
2026/06/18 12:40:15.761, 0, Tesla V100-SXM2-32GB, 96 %, 59 %, 32768 MiB, 4840 MiB, 27655 MiB, 259.53 W, 68
2026/06/18 12:40:16.763, 0, Tesla V100-SXM2-32GB, 55 %, 31 %, 32768 MiB, 4840 MiB, 27655 MiB, 265.86 W, 67
2026/06/18 12:40:17.765, 0, Tesla V100-SXM2-32GB, 23 %, 17 %, 32768 MiB, 4840 MiB, 27655 MiB, 81.94 W, 64
2026/06/18 12:40:18.767, 0, Tesla V100-SXM2-32GB, 96 %, 58 %, 32768 MiB, 4840 MiB, 27655 MiB, 242.37 W, 68
2026/06/18 12:40:19.769, 0, Tesla V100-SXM2-32GB, 96 %, 58 %, 32768 MiB, 4840 MiB, 27655 MiB, 271.08 W, 68
2026/06/18 12:40:20.772, 0, Tesla V100-SXM2-32GB, 96 %, 59 %, 32768 MiB, 4840 MiB, 27655 MiB, 256.61 W, 68
2026/06/18 12:40:21.773, 0, Tesla V100-SXM2-32GB, 96 %, 58 %, 32768 MiB, 4840 MiB, 27655 MiB, 231.92 W, 67
2026/06/18 12:40:22.776, 0, Tesla V100-SXM2-32GB, 96 %, 58 %, 32768 MiB, 4840 MiB, 27655 MiB, 264.30 W, 68
2026/06/18 12:40:23.778, 0, Tesla V100-SXM2-32GB, 96 %, 59 %, 32768 MiB, 4840 MiB, 27655 MiB, 252.14 W, 68
2026/06/18 12:40:24.779, 0, Tesla V100-SXM2-32GB, 96 %, 58 %, 32768 MiB, 4840 MiB, 27655 MiB, 215.06 W, 68
2026/06/18 12:40:25.782, 0, Tesla V100-SXM2-32GB, 96 %, 58 %, 32768 MiB, 4840 MiB, 27655 MiB, 270.06 W, 68
2026/06/18 12:40:26.783, 0, Tesla V100-SXM2-32GB, 96 %, 59 %, 32768 MiB, 4840 MiB, 27655 MiB, 263.20 W, 68
2026/06/18 12:40:27.786, 0, Tesla V100-SXM2-32GB, 96 %, 58 %, 32768 MiB, 4840 MiB, 27655 MiB, 208.17 W, 67
2026/06/18 12:40:28.787, 0, Tesla V100-SXM2-32GB, 96 %, 58 %, 32768 MiB, 4840 MiB, 27655 MiB, 269.58 W, 68
2026/06/18 12:40:29.789, 0, Tesla V100-SXM2-32GB, 96 %, 58 %, 32768 MiB, 4840 MiB, 27655 MiB, 250.99 W, 68
2026/06/18 12:40:30.791, 0, Tesla V100-SXM2-32GB, 96 %, 58 %, 32768 MiB, 4840 MiB, 27655 MiB, 267.23 W, 68
2026/06/18 12:40:31.793, 0, Tesla V100-SXM2-32GB, 96 %, 58 %, 32768 MiB, 4840 MiB, 27655 MiB, 267.84 W, 67
2026/06/18 12:40:32.795, 0, Tesla V100-SXM2-32GB, 96 %, 59 %, 32768 MiB, 4840 MiB, 27655 MiB, 265.13 W, 68
2026/06/18 12:40:33.797, 0, Tesla V100-SXM2-32GB, 96 %, 57 %, 32768 MiB, 4840 MiB, 27655 MiB, 259.36 W, 68
2026/06/18 12:40:34.799, 0, Tesla V100-SXM2-32GB, 96 %, 58 %, 32768 MiB, 4840 MiB, 27655 MiB, 263.51 W, 67
2026/06/18 12:40:35.800, 0, Tesla V100-SXM2-32GB, 96 %, 59 %, 32768 MiB, 4840 MiB, 27655 MiB, 255.34 W, 68
2026/06/18 12:40:36.802, 0, Tesla V100-SXM2-32GB, 96 %, 58 %, 32768 MiB, 4840 MiB, 27655 MiB, 263.38 W, 68
2026/06/18 12:40:37.804, 0, Tesla V100-SXM2-32GB, 96 %, 58 %, 32768 MiB, 4840 MiB, 27655 MiB, 235.47 W, 68
2026/06/18 12:40:38.806, 0, Tesla V100-SXM2-32GB, 96 %, 58 %, 32768 MiB, 4840 MiB, 27655 MiB, 271.20 W, 68
2026/06/18 12:40:39.808, 0, Tesla V100-SXM2-32GB, 96 %, 59 %, 32768 MiB, 4840 MiB, 27655 MiB, 253.10 W, 68
2026/06/18 12:40:40.809, 0, Tesla V100-SXM2-32GB, 96 %, 58 %, 32768 MiB, 4840 MiB, 27655 MiB, 211.88 W, 68
2026/06/18 12:40:41.812, 0, Tesla V100-SXM2-32GB, 96 %, 57 %, 32768 MiB, 4840 MiB, 27655 MiB, 267.84 W, 68
2026/06/18 12:40:42.814, 0, Tesla V100-SXM2-32GB, 95 %, 58 %, 32768 MiB, 4840 MiB, 27655 MiB, 263.20 W, 68
2026/06/18 12:40:43.816, 0, Tesla V100-SXM2-32GB, 96 %, 58 %, 32768 MiB, 4840 MiB, 27655 MiB, 209.41 W, 68
2026/06/18 12:40:44.818, 0, Tesla V100-SXM2-32GB, 96 %, 58 %, 32768 MiB, 4840 MiB, 27655 MiB, 276.78 W, 68
2026/06/18 12:40:45.820, 0, Tesla V100-SXM2-32GB, 96 %, 60 %, 32768 MiB, 4840 MiB, 27655 MiB, 251.49 W, 68
2026/06/18 12:40:46.822, 0, Tesla V100-SXM2-32GB, 95 %, 57 %, 32768 MiB, 4840 MiB, 27655 MiB, 242.04 W, 68
2026/06/18 12:40:47.824, 0, Tesla V100-SXM2-32GB, 96 %, 58 %, 32768 MiB, 4840 MiB, 27655 MiB, 269.58 W, 68
2026/06/18 12:40:48.826, 0, Tesla V100-SXM2-32GB, 94 %, 58 %, 32768 MiB, 4840 MiB, 27655 MiB, 251.01 W, 68
2026/06/18 12:40:49.827, 0, Tesla V100-SXM2-32GB, 96 %, 57 %, 32768 MiB, 4840 MiB, 27655 MiB, 265.79 W, 68
2026/06/18 12:40:50.830, 0, Tesla V100-SXM2-32GB, 96 %, 58 %, 32768 MiB, 4840 MiB, 27655 MiB, 268.98 W, 68
2026/06/18 12:40:51.832, 0, Tesla V100-SXM2-32GB, 95 %, 59 %, 32768 MiB, 4840 MiB, 27655 MiB, 259.67 W, 68
2026/06/18 12:40:52.834, 0, Tesla V100-SXM2-32GB, 96 %, 57 %, 32768 MiB, 4840 MiB, 27655 MiB, 265.13 W, 68
2026/06/18 12:40:53.836, 0, Tesla V100-SXM2-32GB, 95 %, 57 %, 32768 MiB, 4840 MiB, 27655 MiB, 261.59 W, 68
2026/06/18 12:40:54.839, 0, Tesla V100-SXM2-32GB, 96 %, 59 %, 32768 MiB, 4840 MiB, 27655 MiB, 266.57 W, 68
2026/06/18 12:40:55.841, 0, Tesla V100-SXM2-32GB, 96 %, 58 %, 32768 MiB, 4840 MiB, 27655 MiB, 267.05 W, 68
2026/06/18 12:40:56.843, 0, Tesla V100-SXM2-32GB, 96 %, 58 %, 32768 MiB, 4840 MiB, 27655 MiB, 234.50 W, 68
2026/06/18 12:40:57.845, 0, Tesla V100-SXM2-32GB, 96 %, 59 %, 32768 MiB, 4840 MiB, 27655 MiB, 269.46 W, 68
2026/06/18 12:40:58.846, 0, Tesla V100-SXM2-32GB, 96 %, 58 %, 32768 MiB, 4840 MiB, 27655 MiB, 251.98 W, 68
2026/06/18 12:40:59.848, 0, Tesla V100-SXM2-32GB, 96 %, 58 %, 32768 MiB, 4840 MiB, 27655 MiB, 212.31 W, 68
2026/06/18 12:41:00.850, 0, Tesla V100-SXM2-32GB, 96 %, 59 %, 32768 MiB, 4840 MiB, 27655 MiB, 267.66 W, 68
2026/06/18 12:41:01.852, 0, Tesla V100-SXM2-32GB, 96 %, 58 %, 32768 MiB, 4840 MiB, 27655 MiB, 256.95 W, 68
2026/06/18 12:41:02.855, 0, Tesla V100-SXM2-32GB, 96 %, 58 %, 32768 MiB, 4840 MiB, 27655 MiB, 223.43 W, 68
2026/06/18 12:41:03.856, 0, Tesla V100-SXM2-32GB, 95 %, 59 %, 32768 MiB, 4840 MiB, 27655 MiB, 272.64 W, 68
2026/06/18 12:41:04.857, 0, Tesla V100-SXM2-32GB, 96 %, 58 %, 32768 MiB, 4840 MiB, 27655 MiB, 263.20 W, 68
2026/06/18 12:41:05.859, 0, Tesla V100-SXM2-32GB, 96 %, 59 %, 32768 MiB, 4840 MiB, 27655 MiB, 262.24 W, 68
2026/06/18 12:41:06.860, 0, Tesla V100-SXM2-32GB, 96 %, 57 %, 32768 MiB, 4840 MiB, 27655 MiB, 268.62 W, 68
2026/06/18 12:41:07.862, 0, Tesla V100-SXM2-32GB, 95 %, 57 %, 32768 MiB, 4840 MiB, 27655 MiB, 256.30 W, 68
2026/06/18 12:41:08.863, 0, Tesla V100-SXM2-32GB, 96 %, 60 %, 32768 MiB, 4840 MiB, 27655 MiB, 268.67 W, 68
2026/06/18 12:41:09.865, 0, Tesla V100-SXM2-32GB, 96 %, 58 %, 32768 MiB, 4840 MiB, 27655 MiB, 267.05 W, 68
2026/06/18 12:41:10.866, 0, Tesla V100-SXM2-32GB, 96 %, 58 %, 32768 MiB, 4840 MiB, 27655 MiB, 252.14 W, 68
2026/06/18 12:41:11.867, 0, Tesla V100-SXM2-32GB, 96 %, 59 %, 32768 MiB, 4840 MiB, 27655 MiB, 252.94 W, 68
2026/06/18 12:41:12.869, 0, Tesla V100-SXM2-32GB, 96 %, 58 %, 32768 MiB, 4840 MiB, 27655 MiB, 212.31 W, 68
2026/06/18 12:41:13.870, 0, Tesla V100-SXM2-32GB, 95 %, 57 %, 32768 MiB, 4840 MiB, 27655 MiB, 269.76 W, 68
2026/06/18 12:41:14.872, 0, Tesla V100-SXM2-32GB, 96 %, 59 %, 32768 MiB, 4840 MiB, 27655 MiB, 260.15 W, 68
2026/06/18 12:41:15.873, 0, Tesla V100-SXM2-32GB, 96 %, 58 %, 32768 MiB, 4840 MiB, 27655 MiB, 256.98 W, 68
2026/06/18 12:41:16.875, 0, Tesla V100-SXM2-32GB, 96 %, 58 %, 32768 MiB, 4840 MiB, 27655 MiB, 268.32 W, 68
2026/06/18 12:41:17.876, 0, Tesla V100-SXM2-32GB, 96 %, 59 %, 32768 MiB, 4840 MiB, 27655 MiB, 253.90 W, 68
2026/06/18 12:41:18.877, 0, Tesla V100-SXM2-32GB, 96 %, 58 %, 32768 MiB, 4840 MiB, 27655 MiB, 261.59 W, 68
2026/06/18 12:41:19.879, 0, Tesla V100-SXM2-32GB, 96 %, 58 %, 32768 MiB, 4840 MiB, 27655 MiB, 262.24 W, 68
2026/06/18 12:41:20.880, 0, Tesla V100-SXM2-32GB, 96 %, 59 %, 32768 MiB, 4840 MiB, 27655 MiB, 257.26 W, 68
2026/06/18 12:41:21.882, 0, Tesla V100-SXM2-32GB, 96 %, 58 %, 32768 MiB, 4840 MiB, 27655 MiB, 260.80 W, 68
2026/06/18 12:41:22.884, 0, Tesla V100-SXM2-32GB, 96 %, 58 %, 32768 MiB, 4840 MiB, 27655 MiB, 252.46 W, 68
2026/06/18 12:41:23.886, 0, Tesla V100-SXM2-32GB, 96 %, 59 %, 32768 MiB, 4840 MiB, 27655 MiB, 270.24 W, 68
2026/06/18 12:41:24.887, 0, Tesla V100-SXM2-32GB, 96 %, 58 %, 32768 MiB, 4840 MiB, 27655 MiB, 262.42 W, 68
2026/06/18 12:41:25.890, 0, Tesla V100-SXM2-32GB, 96 %, 58 %, 32768 MiB, 4840 MiB, 27655 MiB, 237.39 W, 68
2026/06/18 12:41:26.891, 0, Tesla V100-SXM2-32GB, 96 %, 59 %, 32768 MiB, 4840 MiB, 27655 MiB, 262.24 W, 69
2026/06/18 12:41:27.893, 0, Tesla V100-SXM2-32GB, 96 %, 59 %, 32768 MiB, 4840 MiB, 27655 MiB, 262.86 W, 68
2026/06/18 12:41:28.896, 0, Tesla V100-SXM2-32GB, 96 %, 58 %, 32768 MiB, 4840 MiB, 27655 MiB, 217.80 W, 68
2026/06/18 12:41:29.898, 0, Tesla V100-SXM2-32GB, 96 %, 58 %, 32768 MiB, 4840 MiB, 27655 MiB, 274.27 W, 68
2026/06/18 12:41:30.900, 0, Tesla V100-SXM2-32GB, 96 %, 59 %, 32768 MiB, 4840 MiB, 27655 MiB, 255.99 W, 68
2026/06/18 12:41:31.902, 0, Tesla V100-SXM2-32GB, 96 %, 58 %, 32768 MiB, 4840 MiB, 27655 MiB, 209.13 W, 68
2026/06/18 12:41:32.904, 0, Tesla V100-SXM2-32GB, 96 %, 58 %, 32768 MiB, 4840 MiB, 27655 MiB, 275.23 W, 69
2026/06/18 12:41:33.906, 0, Tesla V100-SXM2-32GB, 96 %, 59 %, 32768 MiB, 4840 MiB, 27655 MiB, 260.80 W, 69
2026/06/18 12:41:34.908, 0, Tesla V100-SXM2-32GB, 96 %, 58 %, 32768 MiB, 4840 MiB, 27655 MiB, 232.08 W, 68
2026/06/18 12:41:35.910, 0, Tesla V100-SXM2-32GB, 96 %, 59 %, 32768 MiB, 4840 MiB, 27655 MiB, 269.94 W, 68
2026/06/18 12:41:36.913, 0, Tesla V100-SXM2-32GB, 96 %, 59 %, 32768 MiB, 4840 MiB, 27655 MiB, 257.61 W, 69
2026/06/18 12:41:37.915, 0, Tesla V100-SXM2-32GB, 96 %, 58 %, 32768 MiB, 4840 MiB, 27655 MiB, 221.99 W, 69
2026/06/18 12:41:38.918, 0, Tesla V100-SXM2-32GB, 96 %, 58 %, 32768 MiB, 4840 MiB, 27655 MiB, 263.38 W, 68
2026/06/18 12:41:39.920, 0, Tesla V100-SXM2-32GB, 95 %, 59 %, 32768 MiB, 4840 MiB, 27655 MiB, 260.89 W, 68
2026/06/18 12:41:40.922, 0, Tesla V100-SXM2-32GB, 0 %, 0 %, 32768 MiB, 4840 MiB, 27655 MiB, 81.94 W, 64
2026/06/18 12:41:41.924, 0, Tesla V100-SXM2-32GB, 0 %, 0 %, 32768 MiB, 4840 MiB, 27655 MiB, 80.97 W, 63
2026/06/18 12:41:42.926, 0, Tesla V100-SXM2-32GB, 0 %, 0 %, 32768 MiB, 4840 MiB, 27655 MiB, 77.12 W, 62
2026/06/18 12:41:43.927, 0, Tesla V100-SXM2-32GB, 0 %, 0 %, 32768 MiB, 4840 MiB, 27655 MiB, 117.88 W, 61
2026/06/18 12:41:44.929, 0, Tesla V100-SXM2-32GB, 0 %, 0 %, 32768 MiB, 4840 MiB, 27655 MiB, 70.43 W, 61
2026/06/18 12:41:45.931, 0, Tesla V100-SXM2-32GB, 96 %, 58 %, 32768 MiB, 4840 MiB, 27655 MiB, 255.20 W, 65
2026/06/18 12:41:46.932, 0, Tesla V100-SXM2-32GB, 95 %, 58 %, 32768 MiB, 4840 MiB, 27655 MiB, 246.22 W, 66
2026/06/18 12:41:47.934, 0, Tesla V100-SXM2-32GB, 96 %, 59 %, 32768 MiB, 4840 MiB, 27655 MiB, 260.80 W, 66
2026/06/18 12:41:48.935, 0, Tesla V100-SXM2-32GB, 96 %, 58 %, 32768 MiB, 4840 MiB, 27655 MiB, 264.65 W, 67
2026/06/18 12:41:49.936, 0, Tesla V100-SXM2-32GB, 94 %, 57 %, 32768 MiB, 4840 MiB, 27655 MiB, 260.97 W, 66
2026/06/18 12:41:50.938, 0, Tesla V100-SXM2-32GB, 96 %, 59 %, 32768 MiB, 4840 MiB, 27655 MiB, 256.16 W, 66
2026/06/18 12:41:51.939, 0, Tesla V100-SXM2-32GB, 96 %, 58 %, 32768 MiB, 4840 MiB, 27655 MiB, 272.22 W, 67
2026/06/18 12:41:52.941, 0, Tesla V100-SXM2-32GB, 99 %, 57 %, 32768 MiB, 4840 MiB, 27655 MiB, 257.74 W, 66
2026/06/18 12:41:53.942, 0, Tesla V100-SXM2-32GB, 99 %, 56 %, 32768 MiB, 4840 MiB, 27655 MiB, 251.66 W, 67
2026/06/18 12:41:54.944, 0, Tesla V100-SXM2-32GB, 99 %, 54 %, 32768 MiB, 4840 MiB, 27655 MiB, 249.09 W, 66
2026/06/18 12:41:55.945, 0, Tesla V100-SXM2-32GB, 99 %, 55 %, 32768 MiB, 4840 MiB, 27655 MiB, 268.42 W, 66
2026/06/18 12:41:56.947, 0, Tesla V100-SXM2-32GB, 0 %, 0 %, 32768 MiB, 4840 MiB, 27655 MiB, 76.72 W, 61
2026/06/18 12:41:57.948, 0, Tesla V100-SXM2-32GB, 9 %, 0 %, 32768 MiB, 4840 MiB, 27655 MiB, 76.13 W, 60
2026/06/18 12:41:58.949, 0, Tesla V100-SXM2-32GB, 0 %, 0 %, 32768 MiB, 4840 MiB, 27655 MiB, 75.60 W, 60
2026/06/18 12:41:59.951, 0, Tesla V100-SXM2-32GB, 96 %, 58 %, 32768 MiB, 4840 MiB, 27655 MiB, 266.09 W, 64
2026/06/18 12:42:00.952, 0, Tesla V100-SXM2-32GB, 96 %, 58 %, 32768 MiB, 4840 MiB, 27655 MiB, 255.37 W, 65
2026/06/18 12:42:01.954, 0, Tesla V100-SXM2-32GB, 96 %, 58 %, 32768 MiB, 4840 MiB, 27655 MiB, 254.69 W, 65
2026/06/18 12:42:02.955, 0, Tesla V100-SXM2-32GB, 94 %, 58 %, 32768 MiB, 4840 MiB, 27655 MiB, 252.79 W, 65
2026/06/18 12:42:03.957, 0, Tesla V100-SXM2-32GB, 96 %, 58 %, 32768 MiB, 4840 MiB, 27655 MiB, 256.30 W, 65
2026/06/18 12:42:04.958, 0, Tesla V100-SXM2-32GB, 96 %, 58 %, 32768 MiB, 4840 MiB, 27655 MiB, 259.67 W, 65
2026/06/18 12:42:05.960, 0, Tesla V100-SXM2-32GB, 96 %, 59 %, 32768 MiB, 4840 MiB, 27655 MiB, 231.62 W, 65
2026/06/18 12:42:06.961, 0, Tesla V100-SXM2-32GB, 96 %, 57 %, 32768 MiB, 4840 MiB, 27655 MiB, 270.12 W, 66
2026/06/18 12:42:07.963, 0, Tesla V100-SXM2-32GB, 95 %, 57 %, 32768 MiB, 4840 MiB, 27655 MiB, 258.09 W, 66
2026/06/18 12:42:08.964, 0, Tesla V100-SXM2-32GB, 96 %, 59 %, 32768 MiB, 4840 MiB, 27655 MiB, 207.07 W, 65
2026/06/18 12:42:09.966, 0, Tesla V100-SXM2-32GB, 96 %, 57 %, 32768 MiB, 4840 MiB, 27655 MiB, 264.30 W, 66
2026/06/18 12:42:10.967, 0, Tesla V100-SXM2-32GB, 96 %, 57 %, 32768 MiB, 4840 MiB, 27655 MiB, 254.55 W, 66
2026/06/18 12:42:11.969, 0, Tesla V100-SXM2-32GB, 96 %, 58 %, 32768 MiB, 4840 MiB, 27655 MiB, 237.88 W, 66
2026/06/18 12:42:12.970, 0, Tesla V100-SXM2-32GB, 95 %, 57 %, 32768 MiB, 4840 MiB, 27655 MiB, 268.32 W, 66
2026/06/18 12:42:13.972, 0, Tesla V100-SXM2-32GB, 95 %, 59 %, 32768 MiB, 4840 MiB, 27655 MiB, 258.40 W, 66
2026/06/18 12:42:14.975, 0, Tesla V100-SXM2-32GB, 96 %, 57 %, 32768 MiB, 4840 MiB, 27655 MiB, 258.22 W, 66
2026/06/18 12:42:15.978, 0, Tesla V100-SXM2-32GB, 96 %, 58 %, 32768 MiB, 4840 MiB, 27655 MiB, 252.62 W, 66
2026/06/18 12:42:16.979, 0, Tesla V100-SXM2-32GB, 95 %, 59 %, 32768 MiB, 4840 MiB, 27655 MiB, 254.24 W, 66
2026/06/18 12:42:17.981, 0, Tesla V100-SXM2-32GB, 96 %, 57 %, 32768 MiB, 4840 MiB, 27655 MiB, 254.55 W, 66
2026/06/18 12:42:18.982, 0, Tesla V100-SXM2-32GB, 96 %, 58 %, 32768 MiB, 4840 MiB, 27655 MiB, 260.32 W, 66
2026/06/18 12:42:19.984, 0, Tesla V100-SXM2-32GB, 94 %, 58 %, 32768 MiB, 4840 MiB, 27655 MiB, 267.89 W, 66
2026/06/18 12:42:20.985, 0, Tesla V100-SXM2-32GB, 96 %, 57 %, 32768 MiB, 4840 MiB, 27655 MiB, 265.26 W, 66
2026/06/18 12:42:21.986, 0, Tesla V100-SXM2-32GB, 96 %, 58 %, 32768 MiB, 4840 MiB, 27655 MiB, 243.97 W, 66
2026/06/18 12:42:22.988, 0, Tesla V100-SXM2-32GB, 95 %, 59 %, 32768 MiB, 4840 MiB, 27655 MiB, 253.25 W, 67
2026/06/18 12:42:23.989, 0, Tesla V100-SXM2-32GB, 96 %, 57 %, 32768 MiB, 4840 MiB, 27655 MiB, 271.38 W, 67
2026/06/18 12:42:24.991, 0, Tesla V100-SXM2-32GB, 96 %, 58 %, 32768 MiB, 4840 MiB, 27655 MiB, 229.21 W, 66
2026/06/18 12:42:25.992, 0, Tesla V100-SXM2-32GB, 95 %, 58 %, 32768 MiB, 4840 MiB, 27655 MiB, 274.45 W, 67
2026/06/18 12:42:26.994, 0, Tesla V100-SXM2-32GB, 96 %, 57 %, 32768 MiB, 4840 MiB, 27655 MiB, 251.81 W, 67
2026/06/18 12:42:27.995, 0, Tesla V100-SXM2-32GB, 96 %, 58 %, 32768 MiB, 4840 MiB, 27655 MiB, 202.18 W, 67
2026/06/18 12:42:28.997, 0, Tesla V100-SXM2-32GB, 96 %, 59 %, 32768 MiB, 4840 MiB, 27655 MiB, 264.82 W, 67
2026/06/18 12:42:29.998, 0, Tesla V100-SXM2-32GB, 96 %, 57 %, 32768 MiB, 4840 MiB, 27655 MiB, 254.86 W, 67
2026/06/18 12:42:31.000, 0, Tesla V100-SXM2-32GB, 96 %, 58 %, 32768 MiB, 4840 MiB, 27655 MiB, 239.32 W, 67
2026/06/18 12:42:32.001, 0, Tesla V100-SXM2-32GB, 96 %, 59 %, 32768 MiB, 4840 MiB, 27655 MiB, 268.80 W, 67
2026/06/18 12:42:33.002, 0, Tesla V100-SXM2-32GB, 96 %, 57 %, 32768 MiB, 4840 MiB, 27655 MiB, 258.70 W, 67
2026/06/18 12:42:34.004, 0, Tesla V100-SXM2-32GB, 96 %, 58 %, 32768 MiB, 4840 MiB, 27655 MiB, 260.45 W, 67
2026/06/18 12:42:35.005, 0, Tesla V100-SXM2-32GB, 96 %, 59 %, 32768 MiB, 4840 MiB, 27655 MiB, 263.03 W, 67
2026/06/18 12:42:36.007, 0, Tesla V100-SXM2-32GB, 96 %, 58 %, 32768 MiB, 4840 MiB, 27655 MiB, 263.20 W, 67
2026/06/18 12:42:37.008, 0, Tesla V100-SXM2-32GB, 95 %, 58 %, 32768 MiB, 4840 MiB, 27655 MiB, 259.67 W, 67
2026/06/18 12:42:38.010, 0, Tesla V100-SXM2-32GB, 96 %, 59 %, 32768 MiB, 4840 MiB, 27655 MiB, 251.49 W, 67
2026/06/18 12:42:39.011, 0, Tesla V100-SXM2-32GB, 96 %, 58 %, 32768 MiB, 4840 MiB, 27655 MiB, 275.11 W, 67
2026/06/18 12:42:40.013, 0, Tesla V100-SXM2-32GB, 96 %, 58 %, 32768 MiB, 4840 MiB, 27655 MiB, 258.88 W, 67
2026/06/18 12:42:41.015, 0, Tesla V100-SXM2-32GB, 96 %, 59 %, 32768 MiB, 4840 MiB, 27655 MiB, 240.60 W, 67
2026/06/18 12:42:42.017, 0, Tesla V100-SXM2-32GB, 96 %, 58 %, 32768 MiB, 4840 MiB, 27655 MiB, 255.65 W, 67
2026/06/18 12:42:43.018, 0, Tesla V100-SXM2-32GB, 96 %, 58 %, 32768 MiB, 4840 MiB, 27655 MiB, 259.97 W, 67
2026/06/18 12:42:44.021, 0, Tesla V100-SXM2-32GB, 96 %, 59 %, 32768 MiB, 4840 MiB, 27655 MiB, 223.95 W, 67
2026/06/18 12:42:45.022, 0, Tesla V100-SXM2-32GB, 96 %, 58 %, 32768 MiB, 4840 MiB, 27655 MiB, 263.99 W, 67
2026/06/18 12:42:46.024, 0, Tesla V100-SXM2-32GB, 96 %, 58 %, 32768 MiB, 4840 MiB, 27655 MiB, 262.24 W, 67
2026/06/18 12:42:47.026, 0, Tesla V100-SXM2-32GB, 96 %, 59 %, 32768 MiB, 4840 MiB, 27655 MiB, 203.28 W, 68
2026/06/18 12:42:48.028, 0, Tesla V100-SXM2-32GB, 96 %, 58 %, 32768 MiB, 4840 MiB, 27655 MiB, 276.01 W, 68
2026/06/18 12:42:49.030, 0, Tesla V100-SXM2-32GB, 96 %, 58 %, 32768 MiB, 4840 MiB, 27655 MiB, 251.98 W, 68
2026/06/18 12:42:50.032, 0, Tesla V100-SXM2-32GB, 96 %, 58 %, 32768 MiB, 4840 MiB, 27655 MiB, 219.73 W, 67
2026/06/18 12:42:51.034, 0, Tesla V100-SXM2-32GB, 96 %, 58 %, 32768 MiB, 4840 MiB, 27655 MiB, 268.14 W, 67
2026/06/18 12:42:52.036, 0, Tesla V100-SXM2-32GB, 96 %, 58 %, 32768 MiB, 4840 MiB, 27655 MiB, 258.57 W, 68
2026/06/18 12:42:53.038, 0, Tesla V100-SXM2-32GB, 96 %, 58 %, 32768 MiB, 4840 MiB, 27655 MiB, 258.26 W, 68
2026/06/18 12:42:54.040, 0, Tesla V100-SXM2-32GB, 96 %, 58 %, 32768 MiB, 4840 MiB, 27655 MiB, 271.68 W, 68
2026/06/18 12:42:55.042, 0, Tesla V100-SXM2-32GB, 96 %, 58 %, 32768 MiB, 4840 MiB, 27655 MiB, 251.98 W, 68
2026/06/18 12:42:56.044, 0, Tesla V100-SXM2-32GB, 96 %, 58 %, 32768 MiB, 4840 MiB, 27655 MiB, 266.22 W, 68
2026/06/18 12:42:57.046, 0, Tesla V100-SXM2-32GB, 96 %, 58 %, 32768 MiB, 4840 MiB, 27655 MiB, 269.94 W, 67
2026/06/18 12:42:58.048, 0, Tesla V100-SXM2-32GB, 96 %, 58 %, 32768 MiB, 4840 MiB, 27655 MiB, 260.32 W, 68
2026/06/18 12:42:59.050, 0, Tesla V100-SXM2-32GB, 96 %, 59 %, 32768 MiB, 4840 MiB, 27655 MiB, 261.28 W, 68
2026/06/18 12:43:00.053, 0, Tesla V100-SXM2-32GB, 96 %, 58 %, 32768 MiB, 4840 MiB, 27655 MiB, 263.69 W, 67
2026/06/18 12:43:01.055, 0, Tesla V100-SXM2-32GB, 96 %, 58 %, 32768 MiB, 4840 MiB, 27655 MiB, 255.34 W, 68
2026/06/18 12:43:02.057, 0, Tesla V100-SXM2-32GB, 96 %, 59 %, 32768 MiB, 4840 MiB, 27655 MiB, 260.15 W, 68
2026/06/18 12:43:03.059, 0, Tesla V100-SXM2-32GB, 96 %, 58 %, 32768 MiB, 4840 MiB, 27655 MiB, 259.53 W, 68
2026/06/18 12:43:04.061, 0, Tesla V100-SXM2-32GB, 96 %, 58 %, 32768 MiB, 4840 MiB, 27655 MiB, 261.41 W, 68
2026/06/18 12:43:05.063, 0, Tesla V100-SXM2-32GB, 96 %, 59 %, 32768 MiB, 4840 MiB, 27655 MiB, 259.84 W, 68
2026/06/18 12:43:06.065, 0, Tesla V100-SXM2-32GB, 97 %, 58 %, 32768 MiB, 4840 MiB, 27655 MiB, 262.72 W, 68
2026/06/18 12:43:07.067, 0, Tesla V100-SXM2-32GB, 88 %, 54 %, 32768 MiB, 4840 MiB, 27655 MiB, 267.30 W, 68
2026/06/18 12:43:08.070, 0, Tesla V100-SXM2-32GB, 89 %, 54 %, 32768 MiB, 4840 MiB, 27655 MiB, 249.22 W, 67
2026/06/18 12:43:09.072, 0, Tesla V100-SXM2-32GB, 94 %, 58 %, 32768 MiB, 4840 MiB, 27655 MiB, 213.24 W, 68
2026/06/18 12:43:10.073, 0, Tesla V100-SXM2-32GB, 96 %, 58 %, 32768 MiB, 4840 MiB, 27655 MiB, 278.60 W, 68
2026/06/18 12:43:11.075, 0, Tesla V100-SXM2-32GB, 96 %, 58 %, 32768 MiB, 4840 MiB, 27655 MiB, 264.65 W, 68
2026/06/18 12:43:12.077, 0, Tesla V100-SXM2-32GB, 96 %, 59 %, 32768 MiB, 4840 MiB, 27655 MiB, 228.58 W, 67
2026/06/18 12:43:13.080, 0, Tesla V100-SXM2-32GB, 96 %, 58 %, 32768 MiB, 4840 MiB, 27655 MiB, 266.27 W, 68
2026/06/18 12:43:14.083, 0, Tesla V100-SXM2-32GB, 96 %, 59 %, 32768 MiB, 4840 MiB, 27655 MiB, 264.52 W, 68
2026/06/18 12:43:15.084, 0, Tesla V100-SXM2-32GB, 96 %, 58 %, 32768 MiB, 4840 MiB, 27655 MiB, 241.24 W, 68
2026/06/18 12:43:16.087, 0, Tesla V100-SXM2-32GB, 96 %, 58 %, 32768 MiB, 4840 MiB, 27655 MiB, 270.78 W, 68
2026/06/18 12:43:17.088, 0, Tesla V100-SXM2-32GB, 96 %, 59 %, 32768 MiB, 4840 MiB, 27655 MiB, 261.93 W, 68
2026/06/18 12:43:18.090, 0, Tesla V100-SXM2-32GB, 96 %, 57 %, 32768 MiB, 4840 MiB, 27655 MiB, 241.55 W, 68
2026/06/18 12:43:19.092, 0, Tesla V100-SXM2-32GB, 96 %, 59 %, 32768 MiB, 4840 MiB, 27655 MiB, 258.28 W, 68
2026/06/18 12:43:20.093, 0, Tesla V100-SXM2-32GB, 96 %, 58 %, 32768 MiB, 4840 MiB, 27655 MiB, 261.33 W, 68
2026/06/18 12:43:21.095, 0, Tesla V100-SXM2-32GB, 96 %, 58 %, 32768 MiB, 4840 MiB, 27655 MiB, 241.87 W, 67
2026/06/18 12:43:22.096, 0, Tesla V100-SXM2-32GB, 95 %, 59 %, 32768 MiB, 4840 MiB, 27655 MiB, 269.28 W, 68
2026/06/18 12:43:23.098, 0, Tesla V100-SXM2-32GB, 96 %, 58 %, 32768 MiB, 4840 MiB, 27655 MiB, 267.72 W, 68
2026/06/18 12:43:24.099, 0, Tesla V100-SXM2-32GB, 96 %, 58 %, 32768 MiB, 4840 MiB, 27655 MiB, 244.42 W, 67
2026/06/18 12:43:25.101, 0, Tesla V100-SXM2-32GB, 96 %, 59 %, 32768 MiB, 4840 MiB, 27655 MiB, 255.72 W, 68
2026/06/18 12:43:26.103, 0, Tesla V100-SXM2-32GB, 96 %, 58 %, 32768 MiB, 4840 MiB, 27655 MiB, 263.36 W, 68
2026/06/18 12:43:27.104, 0, Tesla V100-SXM2-32GB, 96 %, 58 %, 32768 MiB, 4840 MiB, 27655 MiB, 244.10 W, 68
2026/06/18 12:43:28.106, 0, Tesla V100-SXM2-32GB, 96 %, 59 %, 32768 MiB, 4840 MiB, 27655 MiB, 259.37 W, 68
2026/06/18 12:43:29.107, 0, Tesla V100-SXM2-32GB, 96 %, 58 %, 32768 MiB, 4840 MiB, 27655 MiB, 267.84 W, 68
2026/06/18 12:43:30.109, 0, Tesla V100-SXM2-32GB, 96 %, 59 %, 32768 MiB, 4840 MiB, 27655 MiB, 240.59 W, 67
2026/06/18 12:43:31.110, 0, Tesla V100-SXM2-32GB, 96 %, 58 %, 32768 MiB, 4840 MiB, 27655 MiB, 254.94 W, 68
2026/06/18 12:43:32.112, 0, Tesla V100-SXM2-32GB, 96 %, 58 %, 32768 MiB, 4840 MiB, 27655 MiB, 264.85 W, 68
2026/06/18 12:43:33.114, 0, Tesla V100-SXM2-32GB, 96 %, 59 %, 32768 MiB, 4840 MiB, 27655 MiB, 242.35 W, 67
2026/06/18 12:43:34.115, 0, Tesla V100-SXM2-32GB, 96 %, 58 %, 32768 MiB, 4840 MiB, 27655 MiB, 264.37 W, 67
2026/06/18 12:43:35.117, 0, Tesla V100-SXM2-32GB, 96 %, 58 %, 32768 MiB, 4840 MiB, 27655 MiB, 256.20 W, 67
2026/06/18 12:43:36.119, 0, Tesla V100-SXM2-32GB, 96 %, 59 %, 32768 MiB, 4840 MiB, 27655 MiB, 234.21 W, 67
2026/06/18 12:43:37.120, 0, Tesla V100-SXM2-32GB, 95 %, 59 %, 32768 MiB, 4840 MiB, 27655 MiB, 269.76 W, 67
2026/06/18 12:43:38.122, 0, Tesla V100-SXM2-32GB, 96 %, 58 %, 32768 MiB, 4840 MiB, 27655 MiB, 266.11 W, 67
2026/06/18 12:43:39.123, 0, Tesla V100-SXM2-32GB, 96 %, 58 %, 32768 MiB, 4840 MiB, 27655 MiB, 254.32 W, 67
2026/06/18 12:43:40.125, 0, Tesla V100-SXM2-32GB, 96 %, 59 %, 32768 MiB, 4840 MiB, 27655 MiB, 270.23 W, 67
2026/06/18 12:43:41.126, 0, Tesla V100-SXM2-32GB, 96 %, 58 %, 32768 MiB, 4840 MiB, 27655 MiB, 263.54 W, 67
2026/06/18 12:43:42.128, 0, Tesla V100-SXM2-32GB, 96 %, 59 %, 32768 MiB, 4840 MiB, 27655 MiB, 255.11 W, 67
2026/06/18 12:43:43.129, 0, Tesla V100-SXM2-32GB, 96 %, 58 %, 32768 MiB, 4840 MiB, 27655 MiB, 272.81 W, 66
2026/06/18 12:43:44.131, 0, Tesla V100-SXM2-32GB, 96 %, 58 %, 32768 MiB, 4840 MiB, 27655 MiB, 261.15 W, 67
2026/06/18 12:43:45.132, 0, Tesla V100-SXM2-32GB, 96 %, 59 %, 32768 MiB, 4840 MiB, 27655 MiB, 251.59 W, 67
2026/06/18 12:43:46.134, 0, Tesla V100-SXM2-32GB, 96 %, 58 %, 32768 MiB, 4840 MiB, 27655 MiB, 275.49 W, 66
2026/06/18 12:43:47.135, 0, Tesla V100-SXM2-32GB, 96 %, 58 %, 32768 MiB, 4840 MiB, 27655 MiB, 263.89 W, 67
2026/06/18 12:43:48.137, 0, Tesla V100-SXM2-32GB, 96 %, 59 %, 32768 MiB, 4840 MiB, 27655 MiB, 250.18 W, 66
2026/06/18 12:43:49.138, 0, Tesla V100-SXM2-32GB, 96 %, 58 %, 32768 MiB, 4840 MiB, 27655 MiB, 271.01 W, 66
2026/06/18 12:43:50.140, 0, Tesla V100-SXM2-32GB, 96 %, 58 %, 32768 MiB, 4840 MiB, 27655 MiB, 259.07 W, 66
2026/06/18 12:43:51.141, 0, Tesla V100-SXM2-32GB, 99 %, 54 %, 32768 MiB, 4840 MiB, 27655 MiB, 239.16 W, 66
2026/06/18 12:43:52.144, 0, Tesla V100-SXM2-32GB, 99 %, 55 %, 32768 MiB, 4840 MiB, 27655 MiB, 252.68 W, 66
2026/06/18 12:43:53.147, 0, Tesla V100-SXM2-32GB, 99 %, 57 %, 32768 MiB, 4840 MiB, 27655 MiB, 270.36 W, 66
2026/06/18 12:43:54.149, 0, Tesla V100-SXM2-32GB, 99 %, 56 %, 32768 MiB, 4840 MiB, 27655 MiB, 261.15 W, 66
2026/06/18 12:43:55.150, 0, Tesla V100-SXM2-32GB, 8 %, 0 %, 32768 MiB, 4840 MiB, 27655 MiB, 76.64 W, 61
2026/06/18 12:43:56.152, 0, Tesla V100-SXM2-32GB, 0 %, 0 %, 32768 MiB, 4840 MiB, 27655 MiB, 75.73 W, 60
2026/06/18 12:43:57.153, 0, Tesla V100-SXM2-32GB, 0 %, 0 %, 32768 MiB, 4840 MiB, 27655 MiB, 75.20 W, 59
2026/06/18 12:43:58.155, 0, Tesla V100-SXM2-32GB, 96 %, 58 %, 32768 MiB, 4840 MiB, 27655 MiB, 247.93 W, 64
2026/06/18 12:43:59.156, 0, Tesla V100-SXM2-32GB, 96 %, 60 %, 32768 MiB, 4840 MiB, 27655 MiB, 246.17 W, 64
2026/06/18 12:44:00.158, 0, Tesla V100-SXM2-32GB, 96 %, 57 %, 32768 MiB, 4840 MiB, 27655 MiB, 266.41 W, 64
2026/06/18 12:44:01.159, 0, Tesla V100-SXM2-32GB, 96 %, 58 %, 32768 MiB, 4840 MiB, 27655 MiB, 257.67 W, 64
2026/06/18 12:44:02.161, 0, Tesla V100-SXM2-32GB, 95 %, 59 %, 32768 MiB, 4840 MiB, 27655 MiB, 264.37 W, 64
2026/06/18 12:44:03.162, 0, Tesla V100-SXM2-32GB, 96 %, 57 %, 32768 MiB, 4840 MiB, 27655 MiB, 265.45 W, 64
2026/06/18 12:44:04.164, 0, Tesla V100-SXM2-32GB, 96 %, 58 %, 32768 MiB, 4840 MiB, 27655 MiB, 267.90 W, 64
2026/06/18 12:44:05.165, 0, Tesla V100-SXM2-32GB, 95 %, 59 %, 32768 MiB, 4840 MiB, 27655 MiB, 262.11 W, 64
2026/06/18 12:44:06.167, 0, Tesla V100-SXM2-32GB, 95 %, 57 %, 32768 MiB, 4840 MiB, 27655 MiB, 262.58 W, 64
2026/06/18 12:44:07.168, 0, Tesla V100-SXM2-32GB, 96 %, 58 %, 32768 MiB, 4840 MiB, 27655 MiB, 248.72 W, 64
2026/06/18 12:44:08.170, 0, Tesla V100-SXM2-32GB, 95 %, 59 %, 32768 MiB, 4840 MiB, 27655 MiB, 255.89 W, 64
2026/06/18 12:44:09.172, 0, Tesla V100-SXM2-32GB, 96 %, 58 %, 32768 MiB, 4840 MiB, 27655 MiB, 265.63 W, 64
2026/06/18 12:44:10.173, 0, Tesla V100-SXM2-32GB, 96 %, 58 %, 32768 MiB, 4840 MiB, 27655 MiB, 249.51 W, 64
2026/06/18 12:44:11.174, 0, Tesla V100-SXM2-32GB, 96 %, 59 %, 32768 MiB, 4840 MiB, 27655 MiB, 257.80 W, 64
2026/06/18 12:44:12.176, 0, Tesla V100-SXM2-32GB, 96 %, 58 %, 32768 MiB, 4840 MiB, 27655 MiB, 261.45 W, 64
2026/06/18 12:44:13.177, 0, Tesla V100-SXM2-32GB, 96 %, 58 %, 32768 MiB, 4840 MiB, 27655 MiB, 259.89 W, 64
2026/06/18 12:44:14.179, 0, Tesla V100-SXM2-32GB, 96 %, 59 %, 32768 MiB, 4840 MiB, 27655 MiB, 256.85 W, 64
2026/06/18 12:44:15.180, 0, Tesla V100-SXM2-32GB, 95 %, 58 %, 32768 MiB, 4840 MiB, 27655 MiB, 265.45 W, 64
2026/06/18 12:44:16.182, 0, Tesla V100-SXM2-32GB, 96 %, 59 %, 32768 MiB, 4840 MiB, 27655 MiB, 257.98 W, 64
2026/06/18 12:44:17.183, 0, Tesla V100-SXM2-32GB, 96 %, 58 %, 32768 MiB, 4840 MiB, 27655 MiB, 258.11 W, 64
2026/06/18 12:44:18.185, 0, Tesla V100-SXM2-32GB, 96 %, 58 %, 32768 MiB, 4840 MiB, 27655 MiB, 256.37 W, 63
2026/06/18 12:44:19.186, 0, Tesla V100-SXM2-32GB, 96 %, 59 %, 32768 MiB, 4840 MiB, 27655 MiB, 268.56 W, 64
2026/06/18 12:44:20.188, 0, Tesla V100-SXM2-32GB, 97 %, 59 %, 32768 MiB, 4840 MiB, 27655 MiB, 254.63 W, 64
2026/06/18 12:44:21.189, 0, Tesla V100-SXM2-32GB, 96 %, 58 %, 32768 MiB, 4840 MiB, 27655 MiB, 251.28 W, 63
2026/06/18 12:44:22.191, 0, Tesla V100-SXM2-32GB, 96 %, 59 %, 32768 MiB, 4840 MiB, 27655 MiB, 269.16 W, 64
2026/06/18 12:44:23.193, 0, Tesla V100-SXM2-32GB, 96 %, 58 %, 32768 MiB, 4840 MiB, 27655 MiB, 256.06 W, 64
2026/06/18 12:44:24.194, 0, Tesla V100-SXM2-32GB, 96 %, 58 %, 32768 MiB, 4840 MiB, 27655 MiB, 255.59 W, 63
2026/06/18 12:44:25.196, 0, Tesla V100-SXM2-32GB, 95 %, 60 %, 32768 MiB, 4840 MiB, 27655 MiB, 256.85 W, 64
2026/06/18 12:44:26.197, 0, Tesla V100-SXM2-32GB, 96 %, 58 %, 32768 MiB, 4840 MiB, 27655 MiB, 255.24 W, 64
2026/06/18 12:44:27.199, 0, Tesla V100-SXM2-32GB, 96 %, 59 %, 32768 MiB, 4840 MiB, 27655 MiB, 256.37 W, 63
2026/06/18 12:44:28.200, 0, Tesla V100-SXM2-32GB, 96 %, 57 %, 32768 MiB, 4840 MiB, 27655 MiB, 261.20 W, 63
2026/06/18 12:44:29.202, 0, Tesla V100-SXM2-32GB, 96 %, 58 %, 32768 MiB, 4840 MiB, 27655 MiB, 260.37 W, 63
2026/06/18 12:44:30.203, 0, Tesla V100-SXM2-32GB, 95 %, 59 %, 32768 MiB, 4840 MiB, 27655 MiB, 262.58 W, 63
2026/06/18 12:44:31.205, 0, Tesla V100-SXM2-32GB, 96 %, 58 %, 32768 MiB, 4840 MiB, 27655 MiB, 263.11 W, 63
2026/06/18 12:44:32.206, 0, Tesla V100-SXM2-32GB, 96 %, 58 %, 32768 MiB, 4840 MiB, 27655 MiB, 267.37 W, 63
2026/06/18 12:44:33.208, 0, Tesla V100-SXM2-32GB, 97 %, 59 %, 32768 MiB, 4840 MiB, 27655 MiB, 261.63 W, 63
2026/06/18 12:44:34.209, 0, Tesla V100-SXM2-32GB, 96 %, 58 %, 32768 MiB, 4840 MiB, 27655 MiB, 257.80 W, 63
2026/06/18 12:44:35.211, 0, Tesla V100-SXM2-32GB, 96 %, 59 %, 32768 MiB, 4840 MiB, 27655 MiB, 261.02 W, 63
2026/06/18 12:44:36.212, 0, Tesla V100-SXM2-32GB, 96 %, 58 %, 32768 MiB, 4840 MiB, 27655 MiB, 264.02 W, 63
2026/06/18 12:44:37.214, 0, Tesla V100-SXM2-32GB, 96 %, 58 %, 32768 MiB, 4840 MiB, 27655 MiB, 257.33 W, 63
2026/06/18 12:44:38.215, 0, Tesla V100-SXM2-32GB, 96 %, 59 %, 32768 MiB, 4840 MiB, 27655 MiB, 256.06 W, 63
2026/06/18 12:44:39.217, 0, Tesla V100-SXM2-32GB, 96 %, 58 %, 32768 MiB, 4840 MiB, 27655 MiB, 268.02 W, 63
2026/06/18 12:44:40.218, 0, Tesla V100-SXM2-32GB, 96 %, 58 %, 32768 MiB, 4840 MiB, 27655 MiB, 258.63 W, 63
2026/06/18 12:44:41.220, 0, Tesla V100-SXM2-32GB, 96 %, 58 %, 32768 MiB, 4840 MiB, 27655 MiB, 251.66 W, 63
2026/06/18 12:44:42.221, 0, Tesla V100-SXM2-32GB, 96 %, 58 %, 32768 MiB, 4840 MiB, 27655 MiB, 268.85 W, 62
2026/06/18 12:44:43.223, 0, Tesla V100-SXM2-32GB, 96 %, 58 %, 32768 MiB, 4840 MiB, 27655 MiB, 261.94 W, 63
2026/06/18 12:44:44.224, 0, Tesla V100-SXM2-32GB, 96 %, 59 %, 32768 MiB, 4840 MiB, 27655 MiB, 253.59 W, 63
2026/06/18 12:44:45.226, 0, Tesla V100-SXM2-32GB, 96 %, 58 %, 32768 MiB, 4840 MiB, 27655 MiB, 257.78 W, 62
2026/06/18 12:44:46.227, 0, Tesla V100-SXM2-32GB, 96 %, 58 %, 32768 MiB, 4840 MiB, 27655 MiB, 254.89 W, 63
2026/06/18 12:44:47.229, 0, Tesla V100-SXM2-32GB, 96 %, 59 %, 32768 MiB, 4840 MiB, 27655 MiB, 256.33 W, 63
2026/06/18 12:44:48.230, 0, Tesla V100-SXM2-32GB, 96 %, 58 %, 32768 MiB, 4840 MiB, 27655 MiB, 259.05 W, 62
2026/06/18 12:44:49.232, 0, Tesla V100-SXM2-32GB, 96 %, 58 %, 32768 MiB, 4840 MiB, 27655 MiB, 255.54 W, 63
2026/06/18 12:44:50.233, 0, Tesla V100-SXM2-32GB, 96 %, 59 %, 32768 MiB, 4840 MiB, 27655 MiB, 252.46 W, 62
2026/06/18 12:44:51.235, 0, Tesla V100-SXM2-32GB, 96 %, 58 %, 32768 MiB, 4840 MiB, 27655 MiB, 257.92 W, 62
2026/06/18 12:44:52.236, 0, Tesla V100-SXM2-32GB, 96 %, 58 %, 32768 MiB, 4840 MiB, 27655 MiB, 258.26 W, 62
2026/06/18 12:44:53.238, 0, Tesla V100-SXM2-32GB, 96 %, 59 %, 32768 MiB, 4840 MiB, 27655 MiB, 251.52 W, 62
2026/06/18 12:44:54.239, 0, Tesla V100-SXM2-32GB, 96 %, 57 %, 32768 MiB, 4840 MiB, 27655 MiB, 256.16 W, 62
2026/06/18 12:44:55.241, 0, Tesla V100-SXM2-32GB, 96 %, 58 %, 32768 MiB, 4840 MiB, 27655 MiB, 265.66 W, 62
2026/06/18 12:44:56.242, 0, Tesla V100-SXM2-32GB, 96 %, 60 %, 32768 MiB, 4840 MiB, 27655 MiB, 251.03 W, 62
2026/06/18 12:44:57.244, 0, Tesla V100-SXM2-32GB, 96 %, 57 %, 32768 MiB, 4840 MiB, 27655 MiB, 262.42 W, 62
2026/06/18 12:44:58.246, 0, Tesla V100-SXM2-32GB, 96 %, 58 %, 32768 MiB, 4840 MiB, 27655 MiB, 256.16 W, 62
2026/06/18 12:44:59.248, 0, Tesla V100-SXM2-32GB, 95 %, 58 %, 32768 MiB, 4840 MiB, 27655 MiB, 265.66 W, 62
2026/06/18 12:45:00.251, 0, Tesla V100-SXM2-32GB, 96 %, 58 %, 32768 MiB, 4840 MiB, 27655 MiB, 259.53 W, 62
2026/06/18 12:45:01.253, 0, Tesla V100-SXM2-32GB, 96 %, 57 %, 32768 MiB, 4840 MiB, 27655 MiB, 260.67 W, 62
2026/06/18 12:45:02.255, 0, Tesla V100-SXM2-32GB, 96 %, 59 %, 32768 MiB, 4840 MiB, 27655 MiB, 259.84 W, 62
2026/06/18 12:45:03.257, 0, Tesla V100-SXM2-32GB, 96 %, 58 %, 32768 MiB, 4840 MiB, 27655 MiB, 264.34 W, 62
2026/06/18 12:45:04.260, 0, Tesla V100-SXM2-32GB, 96 %, 58 %, 32768 MiB, 4840 MiB, 27655 MiB, 256.64 W, 62
2026/06/18 12:45:05.262, 0, Tesla V100-SXM2-32GB, 96 %, 58 %, 32768 MiB, 4840 MiB, 27655 MiB, 251.03 W, 62
2026/06/18 12:45:06.264, 0, Tesla V100-SXM2-32GB, 96 %, 58 %, 32768 MiB, 4840 MiB, 27655 MiB, 263.86 W, 62
2026/06/18 12:45:07.266, 0, Tesla V100-SXM2-32GB, 96 %, 59 %, 32768 MiB, 4840 MiB, 27655 MiB, 257.43 W, 62
2026/06/18 12:45:08.269, 0, Tesla V100-SXM2-32GB, 96 %, 58 %, 32768 MiB, 4840 MiB, 27655 MiB, 245.41 W, 62
2026/06/18 12:45:09.271, 0, Tesla V100-SXM2-32GB, 96 %, 58 %, 32768 MiB, 4840 MiB, 27655 MiB, 263.38 W, 62
2026/06/18 12:45:10.273, 0, Tesla V100-SXM2-32GB, 96 %, 59 %, 32768 MiB, 4840 MiB, 27655 MiB, 247.33 W, 62
2026/06/18 12:45:11.275, 0, Tesla V100-SXM2-32GB, 96 %, 58 %, 32768 MiB, 4840 MiB, 27655 MiB, 258.26 W, 62
2026/06/18 12:45:12.277, 0, Tesla V100-SXM2-32GB, 96 %, 58 %, 32768 MiB, 4840 MiB, 27655 MiB, 266.45 W, 62
2026/06/18 12:45:13.279, 0, Tesla V100-SXM2-32GB, 96 %, 59 %, 32768 MiB, 4840 MiB, 27655 MiB, 249.42 W, 62
2026/06/18 12:45:14.282, 0, Tesla V100-SXM2-32GB, 96 %, 58 %, 32768 MiB, 4840 MiB, 27655 MiB, 252.16 W, 62
2026/06/18 12:45:15.284, 0, Tesla V100-SXM2-32GB, 96 %, 58 %, 32768 MiB, 4840 MiB, 27655 MiB, 267.23 W, 62
2026/06/18 12:45:16.287, 0, Tesla V100-SXM2-32GB, 96 %, 59 %, 32768 MiB, 4840 MiB, 27655 MiB, 263.25 W, 62
2026/06/18 12:45:17.289, 0, Tesla V100-SXM2-32GB, 96 %, 57 %, 32768 MiB, 4840 MiB, 27655 MiB, 229.36 W, 62
2026/06/18 12:45:18.291, 0, Tesla V100-SXM2-32GB, 96 %, 58 %, 32768 MiB, 4840 MiB, 27655 MiB, 261.28 W, 62
2026/06/18 12:45:19.294, 0, Tesla V100-SXM2-32GB, 95 %, 59 %, 32768 MiB, 4840 MiB, 27655 MiB, 250.87 W, 62
2026/06/18 12:45:20.297, 0, Tesla V100-SXM2-32GB, 96 %, 57 %, 32768 MiB, 4840 MiB, 27655 MiB, 199.15 W, 62
2026/06/18 12:45:21.299, 0, Tesla V100-SXM2-32GB, 96 %, 58 %, 32768 MiB, 4840 MiB, 27655 MiB, 261.45 W, 62
2026/06/18 12:45:22.301, 0, Tesla V100-SXM2-32GB, 94 %, 58 %, 32768 MiB, 4840 MiB, 27655 MiB, 262.11 W, 62
2026/06/18 12:45:23.304, 0, Tesla V100-SXM2-32GB, 96 %, 58 %, 32768 MiB, 4840 MiB, 27655 MiB, 205.07 W, 62
2026/06/18 12:45:24.306, 0, Tesla V100-SXM2-32GB, 96 %, 57 %, 32768 MiB, 4840 MiB, 27655 MiB, 268.02 W, 62
2026/06/18 12:45:25.308, 0, Tesla V100-SXM2-32GB, 96 %, 59 %, 32768 MiB, 4840 MiB, 27655 MiB, 247.50 W, 62
2026/06/18 12:45:26.309, 0, Tesla V100-SXM2-32GB, 96 %, 58 %, 32768 MiB, 4840 MiB, 27655 MiB, 207.83 W, 62
2026/06/18 12:45:27.311, 0, Tesla V100-SXM2-32GB, 96 %, 58 %, 32768 MiB, 4840 MiB, 27655 MiB, 261.94 W, 62
2026/06/18 12:45:28.313, 0, Tesla V100-SXM2-32GB, 96 %, 59 %, 32768 MiB, 4840 MiB, 27655 MiB, 247.33 W, 62
2026/06/18 12:45:29.315, 0, Tesla V100-SXM2-32GB, 96 %, 58 %, 32768 MiB, 4840 MiB, 27655 MiB, 200.87 W, 62
2026/06/18 12:45:30.319, 0, Tesla V100-SXM2-32GB, 96 %, 59 %, 32768 MiB, 4840 MiB, 27655 MiB, 273.37 W, 62
2026/06/18 12:45:31.321, 0, Tesla V100-SXM2-32GB, 96 %, 58 %, 32768 MiB, 4840 MiB, 27655 MiB, 257.61 W, 62
2026/06/18 12:45:32.322, 0, Tesla V100-SXM2-32GB, 96 %, 58 %, 32768 MiB, 4840 MiB, 27655 MiB, 195.07 W, 62
2026/06/18 12:45:33.324, 0, Tesla V100-SXM2-32GB, 96 %, 59 %, 32768 MiB, 4840 MiB, 27655 MiB, 267.84 W, 63
2026/06/18 12:45:34.325, 0, Tesla V100-SXM2-32GB, 96 %, 58 %, 32768 MiB, 4840 MiB, 27655 MiB, 257.30 W, 62
2026/06/18 12:45:35.327, 0, Tesla V100-SXM2-32GB, 96 %, 59 %, 32768 MiB, 4840 MiB, 27655 MiB, 207.14 W, 62
2026/06/18 12:45:36.329, 0, Tesla V100-SXM2-32GB, 96 %, 57 %, 32768 MiB, 4840 MiB, 27655 MiB, 271.08 W, 62
2026/06/18 12:45:37.331, 0, Tesla V100-SXM2-32GB, 96 %, 58 %, 32768 MiB, 4840 MiB, 27655 MiB, 249.26 W, 62
2026/06/18 12:45:38.333, 0, Tesla V100-SXM2-32GB, 95 %, 59 %, 32768 MiB, 4840 MiB, 27655 MiB, 205.21 W, 62
2026/06/18 12:45:39.335, 0, Tesla V100-SXM2-32GB, 96 %, 57 %, 32768 MiB, 4840 MiB, 27655 MiB, 261.76 W, 62
2026/06/18 12:45:40.338, 0, Tesla V100-SXM2-32GB, 96 %, 58 %, 32768 MiB, 4840 MiB, 27655 MiB, 248.94 W, 63
2026/06/18 12:45:41.341, 0, Tesla V100-SXM2-32GB, 96 %, 59 %, 32768 MiB, 4840 MiB, 27655 MiB, 217.76 W, 63
2026/06/18 12:45:42.343, 0, Tesla V100-SXM2-32GB, 96 %, 58 %, 32768 MiB, 4840 MiB, 27655 MiB, 256.78 W, 63
2026/06/18 12:45:43.345, 0, Tesla V100-SXM2-32GB, 96 %, 58 %, 32768 MiB, 4840 MiB, 27655 MiB, 257.78 W, 63
2026/06/18 12:45:44.348, 0, Tesla V100-SXM2-32GB, 96 %, 59 %, 32768 MiB, 4840 MiB, 27655 MiB, 224.55 W, 62
2026/06/18 12:45:45.350, 0, Tesla V100-SXM2-32GB, 96 %, 58 %, 32768 MiB, 4840 MiB, 27655 MiB, 259.84 W, 62
2026/06/18 12:45:46.352, 0, Tesla V100-SXM2-32GB, 96 %, 58 %, 32768 MiB, 4840 MiB, 27655 MiB, 265.35 W, 62
2026/06/18 12:45:47.354, 0, Tesla V100-SXM2-32GB, 95 %, 58 %, 32768 MiB, 4840 MiB, 27655 MiB, 255.54 W, 62
2026/06/18 12:45:48.356, 0, Tesla V100-SXM2-32GB, 96 %, 57 %, 32768 MiB, 4840 MiB, 27655 MiB, 265.61 W, 62
2026/06/18 12:45:49.359, 0, Tesla V100-SXM2-32GB, 99 %, 55 %, 32768 MiB, 4840 MiB, 27655 MiB, 259.26 W, 62
2026/06/18 12:45:50.361, 0, Tesla V100-SXM2-32GB, 99 %, 54 %, 32768 MiB, 4840 MiB, 27655 MiB, 240.60 W, 63
2026/06/18 12:45:51.363, 0, Tesla V100-SXM2-32GB, 99 %, 55 %, 32768 MiB, 4840 MiB, 27655 MiB, 254.07 W, 62
2026/06/18 12:45:52.365, 0, Tesla V100-SXM2-32GB, 99 %, 56 %, 32768 MiB, 4840 MiB, 27655 MiB, 257.78 W, 63
2026/06/18 12:45:53.368, 0, Tesla V100-SXM2-32GB, 0 %, 0 %, 32768 MiB, 4840 MiB, 27655 MiB, 77.64 W, 57
2026/06/18 12:45:54.370, 0, Tesla V100-SXM2-32GB, 8 %, 0 %, 32768 MiB, 4840 MiB, 27655 MiB, 73.67 W, 56
2026/06/18 12:45:55.371, 0, Tesla V100-SXM2-32GB, 0 %, 0 %, 32768 MiB, 4840 MiB, 27655 MiB, 154.51 W, 56
2026/06/18 12:45:56.373, 0, Tesla V100-SXM2-32GB, 96 %, 58 %, 32768 MiB, 4840 MiB, 27655 MiB, 267.71 W, 60
2026/06/18 12:45:57.374, 0, Tesla V100-SXM2-32GB, 96 %, 59 %, 32768 MiB, 4840 MiB, 27655 MiB, 245.25 W, 61
2026/06/18 12:45:58.376, 0, Tesla V100-SXM2-32GB, 96 %, 58 %, 32768 MiB, 4840 MiB, 27655 MiB, 256.16 W, 61
2026/06/18 12:45:59.377, 0, Tesla V100-SXM2-32GB, 95 %, 58 %, 32768 MiB, 4840 MiB, 27655 MiB, 267.23 W, 61
2026/06/18 12:46:00.379, 0, Tesla V100-SXM2-32GB, 96 %, 59 %, 32768 MiB, 4840 MiB, 27655 MiB, 252.00 W, 61
2026/06/18 12:46:01.380, 0, Tesla V100-SXM2-32GB, 96 %, 58 %, 32768 MiB, 4840 MiB, 27655 MiB, 255.51 W, 61
2026/06/18 12:46:02.382, 0, Tesla V100-SXM2-32GB, 96 %, 58 %, 32768 MiB, 4840 MiB, 27655 MiB, 262.90 W, 61
2026/06/18 12:46:03.383, 0, Tesla V100-SXM2-32GB, 96 %, 59 %, 32768 MiB, 4840 MiB, 27655 MiB, 255.99 W, 62
2026/06/18 12:46:04.385, 0, Tesla V100-SXM2-32GB, 96 %, 58 %, 32768 MiB, 4840 MiB, 27655 MiB, 253.44 W, 62
2026/06/18 12:46:05.386, 0, Tesla V100-SXM2-32GB, 96 %, 58 %, 32768 MiB, 4840 MiB, 27655 MiB, 254.40 W, 61
2026/06/18 12:46:06.387, 0, Tesla V100-SXM2-32GB, 95 %, 58 %, 32768 MiB, 4840 MiB, 27655 MiB, 249.59 W, 62
2026/06/18 12:46:07.389, 0, Tesla V100-SXM2-32GB, 96 %, 58 %, 32768 MiB, 4840 MiB, 27655 MiB, 260.97 W, 62
2026/06/18 12:46:08.390, 0, Tesla V100-SXM2-32GB, 96 %, 58 %, 32768 MiB, 4840 MiB, 27655 MiB, 253.59 W, 61
2026/06/18 12:46:09.392, 0, Tesla V100-SXM2-32GB, 96 %, 59 %, 32768 MiB, 4840 MiB, 27655 MiB, 251.35 W, 62
2026/06/18 12:46:10.393, 0, Tesla V100-SXM2-32GB, 96 %, 58 %, 32768 MiB, 4840 MiB, 27655 MiB, 253.13 W, 62
2026/06/18 12:46:11.395, 0, Tesla V100-SXM2-32GB, 96 %, 58 %, 32768 MiB, 4840 MiB, 27655 MiB, 250.07 W, 61
2026/06/18 12:46:12.397, 0, Tesla V100-SXM2-32GB, 96 %, 59 %, 32768 MiB, 4840 MiB, 27655 MiB, 257.12 W, 62
2026/06/18 12:46:13.399, 0, Tesla V100-SXM2-32GB, 96 %, 58 %, 32768 MiB, 4840 MiB, 27655 MiB, 261.45 W, 62
2026/06/18 12:46:14.401, 0, Tesla V100-SXM2-32GB, 96 %, 58 %, 32768 MiB, 4840 MiB, 27655 MiB, 241.24 W, 61
2026/06/18 12:46:15.402, 0, Tesla V100-SXM2-32GB, 96 %, 59 %, 32768 MiB, 4840 MiB, 27655 MiB, 253.27 W, 62
2026/06/18 12:46:16.404, 0, Tesla V100-SXM2-32GB, 96 %, 58 %, 32768 MiB, 4840 MiB, 27655 MiB, 253.27 W, 62
2026/06/18 12:46:17.406, 0, Tesla V100-SXM2-32GB, 95 %, 57 %, 32768 MiB, 4840 MiB, 27655 MiB, 240.92 W, 62
2026/06/18 12:46:18.408, 0, Tesla V100-SXM2-32GB, 96 %, 59 %, 32768 MiB, 4840 MiB, 27655 MiB, 260.49 W, 62
2026/06/18 12:46:19.410, 0, Tesla V100-SXM2-32GB, 96 %, 58 %, 32768 MiB, 4840 MiB, 27655 MiB, 257.43 W, 62
2026/06/18 12:46:20.412, 0, Tesla V100-SXM2-32GB, 96 %, 58 %, 32768 MiB, 4840 MiB, 27655 MiB, 231.77 W, 61
2026/06/18 12:46:21.414, 0, Tesla V100-SXM2-32GB, 96 %, 60 %, 32768 MiB, 4840 MiB, 27655 MiB, 264.34 W, 62
2026/06/18 12:46:22.416, 0, Tesla V100-SXM2-32GB, 96 %, 57 %, 32768 MiB, 4840 MiB, 27655 MiB, 261.63 W, 62
2026/06/18 12:46:23.418, 0, Tesla V100-SXM2-32GB, 96 %, 58 %, 32768 MiB, 4840 MiB, 27655 MiB, 230.48 W, 61
2026/06/18 12:46:24.420, 0, Tesla V100-SXM2-32GB, 95 %, 59 %, 32768 MiB, 4840 MiB, 27655 MiB, 261.76 W, 62
2026/06/18 12:46:25.422, 0, Tesla V100-SXM2-32GB, 96 %, 57 %, 32768 MiB, 4840 MiB, 27655 MiB, 255.51 W, 62
2026/06/18 12:46:26.424, 0, Tesla V100-SXM2-32GB, 95 %, 58 %, 32768 MiB, 4840 MiB, 27655 MiB, 229.51 W, 62
2026/06/18 12:46:27.426, 0, Tesla V100-SXM2-32GB, 95 %, 59 %, 32768 MiB, 4840 MiB, 27655 MiB, 268.37 W, 62
2026/06/18 12:46:28.428, 0, Tesla V100-SXM2-32GB, 96 %, 57 %, 32768 MiB, 4840 MiB, 27655 MiB, 265.79 W, 62
2026/06/18 12:46:29.430, 0, Tesla V100-SXM2-32GB, 96 %, 58 %, 32768 MiB, 4840 MiB, 27655 MiB, 230.48 W, 62
2026/06/18 12:46:30.432, 0, Tesla V100-SXM2-32GB, 94 %, 58 %, 32768 MiB, 4840 MiB, 27655 MiB, 250.05 W, 62
2026/06/18 12:46:31.434, 0, Tesla V100-SXM2-32GB, 96 %, 58 %, 32768 MiB, 4840 MiB, 27655 MiB, 261.80 W, 62
2026/06/18 12:46:32.436, 0, Tesla V100-SXM2-32GB, 96 %, 57 %, 32768 MiB, 4840 MiB, 27655 MiB, 232.58 W, 62
2026/06/18 12:46:33.438, 0, Tesla V100-SXM2-32GB, 97 %, 60 %, 32768 MiB, 4840 MiB, 27655 MiB, 254.24 W, 62
2026/06/18 12:46:34.440, 0, Tesla V100-SXM2-32GB, 95 %, 58 %, 32768 MiB, 4840 MiB, 27655 MiB, 261.28 W, 62
2026/06/18 12:46:35.441, 0, Tesla V100-SXM2-32GB, 96 %, 58 %, 32768 MiB, 4840 MiB, 27655 MiB, 231.44 W, 62
2026/06/18 12:46:36.443, 0, Tesla V100-SXM2-32GB, 96 %, 58 %, 32768 MiB, 4840 MiB, 27655 MiB, 258.09 W, 62
2026/06/18 12:46:37.445, 0, Tesla V100-SXM2-32GB, 96 %, 58 %, 32768 MiB, 4840 MiB, 27655 MiB, 254.55 W, 62
2026/06/18 12:46:38.446, 0, Tesla V100-SXM2-32GB, 96 %, 59 %, 32768 MiB, 4840 MiB, 27655 MiB, 228.40 W, 62
2026/06/18 12:46:39.448, 0, Tesla V100-SXM2-32GB, 96 %, 57 %, 32768 MiB, 4840 MiB, 27655 MiB, 270.48 W, 62
2026/06/18 12:46:40.449, 0, Tesla V100-SXM2-32GB, 96 %, 58 %, 32768 MiB, 4840 MiB, 27655 MiB, 264.52 W, 62
2026/06/18 12:46:41.451, 0, Tesla V100-SXM2-32GB, 96 %, 58 %, 32768 MiB, 4840 MiB, 27655 MiB, 238.19 W, 62
2026/06/18 12:46:42.452, 0, Tesla V100-SXM2-32GB, 96 %, 58 %, 32768 MiB, 4840 MiB, 27655 MiB, 263.25 W, 62
2026/06/18 12:46:43.454, 0, Tesla V100-SXM2-32GB, 96 %, 59 %, 32768 MiB, 4840 MiB, 27655 MiB, 256.47 W, 62
2026/06/18 12:46:44.455, 0, Tesla V100-SXM2-32GB, 96 %, 58 %, 32768 MiB, 4840 MiB, 27655 MiB, 232.41 W, 62
2026/06/18 12:46:45.457, 0, Tesla V100-SXM2-32GB, 96 %, 58 %, 32768 MiB, 4840 MiB, 27655 MiB, 250.39 W, 62
2026/06/18 12:46:46.458, 0, Tesla V100-SXM2-32GB, 96 %, 59 %, 32768 MiB, 4840 MiB, 27655 MiB, 261.15 W, 62
2026/06/18 12:46:47.460, 0, Tesla V100-SXM2-32GB, 96 %, 58 %, 32768 MiB, 4840 MiB, 27655 MiB, 232.58 W, 62
2026/06/18 12:46:48.461, 0, Tesla V100-SXM2-32GB, 96 %, 58 %, 32768 MiB, 4840 MiB, 27655 MiB, 264.65 W, 62
2026/06/18 12:46:49.463, 0, Tesla V100-SXM2-32GB, 96 %, 60 %, 32768 MiB, 4840 MiB, 27655 MiB, 260.18 W, 62
2026/06/18 12:46:50.464, 0, Tesla V100-SXM2-32GB, 96 %, 57 %, 32768 MiB, 4840 MiB, 27655 MiB, 236.10 W, 62
2026/06/18 12:46:51.465, 0, Tesla V100-SXM2-32GB, 96 %, 58 %, 32768 MiB, 4840 MiB, 27655 MiB, 263.07 W, 62
2026/06/18 12:46:52.467, 0, Tesla V100-SXM2-32GB, 95 %, 59 %, 32768 MiB, 4840 MiB, 27655 MiB, 252.62 W, 62
2026/06/18 12:46:53.468, 0, Tesla V100-SXM2-32GB, 96 %, 58 %, 32768 MiB, 4840 MiB, 27655 MiB, 233.06 W, 62
2026/06/18 12:46:54.470, 0, Tesla V100-SXM2-32GB, 96 %, 58 %, 32768 MiB, 4840 MiB, 27655 MiB, 259.70 W, 62
2026/06/18 12:46:55.471, 0, Tesla V100-SXM2-32GB, 96 %, 59 %, 32768 MiB, 4840 MiB, 27655 MiB, 259.70 W, 62
2026/06/18 12:46:56.473, 0, Tesla V100-SXM2-32GB, 96 %, 58 %, 32768 MiB, 4840 MiB, 27655 MiB, 231.13 W, 62
2026/06/18 12:46:57.474, 0, Tesla V100-SXM2-32GB, 96 %, 59 %, 32768 MiB, 4840 MiB, 27655 MiB, 249.90 W, 62
2026/06/18 12:46:58.476, 0, Tesla V100-SXM2-32GB, 96 %, 58 %, 32768 MiB, 4840 MiB, 27655 MiB, 259.22 W, 62
2026/06/18 12:46:59.477, 0, Tesla V100-SXM2-32GB, 96 %, 58 %, 32768 MiB, 4840 MiB, 27655 MiB, 247.51 W, 62
2026/06/18 12:47:00.479, 0, Tesla V100-SXM2-32GB, 96 %, 59 %, 32768 MiB, 4840 MiB, 27655 MiB, 272.40 W, 62
2026/06/18 12:47:01.481, 0, Tesla V100-SXM2-32GB, 96 %, 58 %, 32768 MiB, 4840 MiB, 27655 MiB, 259.88 W, 62
2026/06/18 12:47:02.483, 0, Tesla V100-SXM2-32GB, 96 %, 58 %, 32768 MiB, 4840 MiB, 27655 MiB, 241.72 W, 62
2026/06/18 12:47:03.485, 0, Tesla V100-SXM2-32GB, 96 %, 58 %, 32768 MiB, 4840 MiB, 27655 MiB, 257.47 W, 62
2026/06/18 12:47:04.487, 0, Tesla V100-SXM2-32GB, 96 %, 58 %, 32768 MiB, 4840 MiB, 27655 MiB, 260.32 W, 62
2026/06/18 12:47:05.489, 0, Tesla V100-SXM2-32GB, 96 %, 58 %, 32768 MiB, 4840 MiB, 27655 MiB, 247.03 W, 62
2026/06/18 12:47:06.491, 0, Tesla V100-SXM2-32GB, 96 %, 59 %, 32768 MiB, 4840 MiB, 27655 MiB, 266.14 W, 63
2026/06/18 12:47:07.494, 0, Tesla V100-SXM2-32GB, 96 %, 58 %, 32768 MiB, 4840 MiB, 27655 MiB, 254.72 W, 62
2026/06/18 12:47:08.495, 0, Tesla V100-SXM2-32GB, 96 %, 58 %, 32768 MiB, 4840 MiB, 27655 MiB, 236.26 W, 62
2026/06/18 12:47:09.497, 0, Tesla V100-SXM2-32GB, 96 %, 59 %, 32768 MiB, 4840 MiB, 27655 MiB, 262.72 W, 62
2026/06/18 12:47:10.499, 0, Tesla V100-SXM2-32GB, 96 %, 58 %, 32768 MiB, 4840 MiB, 27655 MiB, 255.03 W, 62
2026/06/18 12:47:11.501, 0, Tesla V100-SXM2-32GB, 96 %, 58 %, 32768 MiB, 4840 MiB, 27655 MiB, 236.59 W, 62
2026/06/18 12:47:12.504, 0, Tesla V100-SXM2-32GB, 96 %, 59 %, 32768 MiB, 4840 MiB, 27655 MiB, 263.20 W, 62
2026/06/18 12:47:13.506, 0, Tesla V100-SXM2-32GB, 96 %, 58 %, 32768 MiB, 4840 MiB, 27655 MiB, 260.97 W, 62
2026/06/18 12:47:14.507, 0, Tesla V100-SXM2-32GB, 96 %, 58 %, 32768 MiB, 4840 MiB, 27655 MiB, 232.89 W, 62
2026/06/18 12:47:15.509, 0, Tesla V100-SXM2-32GB, 96 %, 59 %, 32768 MiB, 4840 MiB, 27655 MiB, 252.14 W, 62
2026/06/18 12:47:16.512, 0, Tesla V100-SXM2-32GB, 96 %, 58 %, 32768 MiB, 4840 MiB, 27655 MiB, 262.42 W, 63
2026/06/18 12:47:17.514, 0, Tesla V100-SXM2-32GB, 96 %, 58 %, 32768 MiB, 4840 MiB, 27655 MiB, 228.25 W, 62
2026/06/18 12:47:18.515, 0, Tesla V100-SXM2-32GB, 96 %, 59 %, 32768 MiB, 4840 MiB, 27655 MiB, 255.85 W, 63
2026/06/18 12:47:19.517, 0, Tesla V100-SXM2-32GB, 96 %, 57 %, 32768 MiB, 4840 MiB, 27655 MiB, 262.42 W, 62
2026/06/18 12:47:20.519, 0, Tesla V100-SXM2-32GB, 96 %, 58 %, 32768 MiB, 4840 MiB, 27655 MiB, 238.35 W, 62
2026/06/18 12:47:21.522, 0, Tesla V100-SXM2-32GB, 94 %, 58 %, 32768 MiB, 4840 MiB, 27655 MiB, 265.00 W, 63
2026/06/18 12:47:22.524, 0, Tesla V100-SXM2-32GB, 96 %, 57 %, 32768 MiB, 4840 MiB, 27655 MiB, 264.34 W, 62
2026/06/18 12:47:23.525, 0, Tesla V100-SXM2-32GB, 96 %, 58 %, 32768 MiB, 4840 MiB, 27655 MiB, 228.73 W, 62
2026/06/18 12:47:24.527, 0, Tesla V100-SXM2-32GB, 95 %, 59 %, 32768 MiB, 4840 MiB, 27655 MiB, 265.13 W, 62
2026/06/18 12:47:25.529, 0, Tesla V100-SXM2-32GB, 96 %, 57 %, 32768 MiB, 4840 MiB, 27655 MiB, 263.56 W, 63
2026/06/18 12:47:26.531, 0, Tesla V100-SXM2-32GB, 96 %, 58 %, 32768 MiB, 4840 MiB, 27655 MiB, 233.52 W, 62
2026/06/18 12:47:27.533, 0, Tesla V100-SXM2-32GB, 94 %, 58 %, 32768 MiB, 4840 MiB, 27655 MiB, 272.22 W, 63
2026/06/18 12:47:28.535, 0, Tesla V100-SXM2-32GB, 96 %, 57 %, 32768 MiB, 4840 MiB, 27655 MiB, 261.94 W, 62
2026/06/18 12:47:29.536, 0, Tesla V100-SXM2-32GB, 96 %, 58 %, 32768 MiB, 4840 MiB, 27655 MiB, 219.88 W, 62
2026/06/18 12:47:30.539, 0, Tesla V100-SXM2-32GB, 96 %, 60 %, 32768 MiB, 4840 MiB, 27655 MiB, 266.57 W, 62
2026/06/18 12:47:31.540, 0, Tesla V100-SXM2-32GB, 96 %, 58 %, 32768 MiB, 4840 MiB, 27655 MiB, 263.07 W, 62
2026/06/18 12:47:32.542, 0, Tesla V100-SXM2-32GB, 96 %, 58 %, 32768 MiB, 4840 MiB, 27655 MiB, 219.73 W, 62
2026/06/18 12:47:33.545, 0, Tesla V100-SXM2-32GB, 96 %, 60 %, 32768 MiB, 4840 MiB, 27655 MiB, 257.92 W, 62
2026/06/18 12:47:34.546, 0, Tesla V100-SXM2-32GB, 96 %, 58 %, 32768 MiB, 4840 MiB, 27655 MiB, 250.70 W, 63
2026/06/18 12:47:35.548, 0, Tesla V100-SXM2-32GB, 96 %, 58 %, 32768 MiB, 4840 MiB, 27655 MiB, 213.27 W, 62
2026/06/18 12:47:36.549, 0, Tesla V100-SXM2-32GB, 96 %, 59 %, 32768 MiB, 4840 MiB, 27655 MiB, 268.50 W, 63
2026/06/18 12:47:37.551, 0, Tesla V100-SXM2-32GB, 96 %, 58 %, 32768 MiB, 4840 MiB, 27655 MiB, 256.33 W, 62
2026/06/18 12:47:38.552, 0, Tesla V100-SXM2-32GB, 96 %, 59 %, 32768 MiB, 4840 MiB, 27655 MiB, 204.32 W, 62
2026/06/18 12:47:39.554, 0, Tesla V100-SXM2-32GB, 96 %, 58 %, 32768 MiB, 4840 MiB, 27655 MiB, 271.38 W, 62
2026/06/18 12:47:40.555, 0, Tesla V100-SXM2-32GB, 96 %, 58 %, 32768 MiB, 4840 MiB, 27655 MiB, 253.44 W, 62
2026/06/18 12:47:41.557, 0, Tesla V100-SXM2-32GB, 96 %, 59 %, 32768 MiB, 4840 MiB, 27655 MiB, 193.98 W, 62
2026/06/18 12:47:42.558, 0, Tesla V100-SXM2-32GB, 96 %, 58 %, 32768 MiB, 4840 MiB, 27655 MiB, 272.52 W, 62
2026/06/18 12:47:43.560, 0, Tesla V100-SXM2-32GB, 96 %, 58 %, 32768 MiB, 4840 MiB, 27655 MiB, 258.09 W, 62
2026/06/18 12:47:44.562, 0, Tesla V100-SXM2-32GB, 96 %, 59 %, 32768 MiB, 4840 MiB, 27655 MiB, 208.24 W, 62
2026/06/18 12:47:45.563, 0, Tesla V100-SXM2-32GB, 96 %, 57 %, 32768 MiB, 4840 MiB, 27655 MiB, 263.86 W, 62
2026/06/18 12:47:46.565, 0, Tesla V100-SXM2-32GB, 96 %, 58 %, 32768 MiB, 4840 MiB, 27655 MiB, 246.69 W, 63
2026/06/18 12:47:47.566, 0, Tesla V100-SXM2-32GB, 99 %, 56 %, 32768 MiB, 4840 MiB, 27655 MiB, 257.61 W, 62
2026/06/18 12:47:48.567, 0, Tesla V100-SXM2-32GB, 99 %, 55 %, 32768 MiB, 4840 MiB, 27655 MiB, 249.90 W, 63
2026/06/18 12:47:49.569, 0, Tesla V100-SXM2-32GB, 99 %, 57 %, 32768 MiB, 4840 MiB, 27655 MiB, 249.90 W, 63
2026/06/18 12:47:50.570, 0, Tesla V100-SXM2-32GB, 99 %, 56 %, 32768 MiB, 4840 MiB, 27655 MiB, 80.11 W, 60
2026/06/18 12:47:51.572, 0, Tesla V100-SXM2-32GB, 0 %, 0 %, 32768 MiB, 4840 MiB, 27655 MiB, 77.15 W, 57
2026/06/18 12:47:52.573, 0, Tesla V100-SXM2-32GB, 7 %, 0 %, 32768 MiB, 4840 MiB, 27655 MiB, 73.62 W, 56
2026/06/18 12:47:53.575, 0, Tesla V100-SXM2-32GB, 65 %, 36 %, 32768 MiB, 4840 MiB, 27655 MiB, 218.91 W, 58
2026/06/18 12:47:54.576, 0, Tesla V100-SXM2-32GB, 96 %, 59 %, 32768 MiB, 4840 MiB, 27655 MiB, 253.13 W, 61
2026/06/18 12:47:55.578, 0, Tesla V100-SXM2-32GB, 96 %, 57 %, 32768 MiB, 4840 MiB, 27655 MiB, 248.63 W, 61
2026/06/18 12:47:56.579, 0, Tesla V100-SXM2-32GB, 96 %, 58 %, 32768 MiB, 4840 MiB, 27655 MiB, 258.57 W, 61
2026/06/18 12:47:57.582, 0, Tesla V100-SXM2-32GB, 95 %, 59 %, 32768 MiB, 4840 MiB, 27655 MiB, 262.11 W, 61
2026/06/18 12:47:58.583, 0, Tesla V100-SXM2-32GB, 96 %, 57 %, 32768 MiB, 4840 MiB, 27655 MiB, 249.57 W, 61
2026/06/18 12:47:59.585, 0, Tesla V100-SXM2-32GB, 96 %, 58 %, 32768 MiB, 4840 MiB, 27655 MiB, 260.67 W, 61
2026/06/18 12:48:00.587, 0, Tesla V100-SXM2-32GB, 95 %, 59 %, 32768 MiB, 4840 MiB, 27655 MiB, 249.42 W, 62
2026/06/18 12:48:01.589, 0, Tesla V100-SXM2-32GB, 96 %, 58 %, 32768 MiB, 4840 MiB, 27655 MiB, 256.33 W, 62
2026/06/18 12:48:02.591, 0, Tesla V100-SXM2-32GB, 96 %, 58 %, 32768 MiB, 4840 MiB, 27655 MiB, 255.20 W, 61
2026/06/18 12:48:03.593, 0, Tesla V100-SXM2-32GB, 96 %, 59 %, 32768 MiB, 4840 MiB, 27655 MiB, 247.33 W, 62
2026/06/18 12:48:04.595, 0, Tesla V100-SXM2-32GB, 96 %, 58 %, 32768 MiB, 4840 MiB, 27655 MiB, 258.57 W, 62
2026/06/18 12:48:05.597, 0, Tesla V100-SXM2-32GB, 96 %, 58 %, 32768 MiB, 4840 MiB, 27655 MiB, 255.68 W, 61
2026/06/18 12:48:06.599, 0, Tesla V100-SXM2-32GB, 96 %, 59 %, 32768 MiB, 4840 MiB, 27655 MiB, 248.94 W, 62
2026/06/18 12:48:07.601, 0, Tesla V100-SXM2-32GB, 96 %, 58 %, 32768 MiB, 4840 MiB, 27655 MiB, 247.83 W, 62
2026/06/18 12:48:08.603, 0, Tesla V100-SXM2-32GB, 96 %, 58 %, 32768 MiB, 4840 MiB, 27655 MiB, 217.66 W, 62
2026/06/18 12:48:09.605, 0, Tesla V100-SXM2-32GB, 96 %, 59 %, 32768 MiB, 4840 MiB, 27655 MiB, 262.24 W, 62
2026/06/18 12:48:10.607, 0, Tesla V100-SXM2-32GB, 96 %, 58 %, 32768 MiB, 4840 MiB, 27655 MiB, 249.76 W, 62
2026/06/18 12:48:11.609, 0, Tesla V100-SXM2-32GB, 96 %, 58 %, 32768 MiB, 4840 MiB, 27655 MiB, 238.83 W, 62
2026/06/18 12:48:12.611, 0, Tesla V100-SXM2-32GB, 96 %, 59 %, 32768 MiB, 4840 MiB, 27655 MiB, 266.75 W, 62
2026/06/18 12:48:13.612, 0, Tesla V100-SXM2-32GB, 96 %, 57 %, 32768 MiB, 4840 MiB, 27655 MiB, 258.09 W, 62
2026/06/18 12:48:14.614, 0, Tesla V100-SXM2-32GB, 96 %, 58 %, 32768 MiB, 4840 MiB, 27655 MiB, 234.49 W, 62
2026/06/18 12:48:15.616, 0, Tesla V100-SXM2-32GB, 95 %, 59 %, 32768 MiB, 4840 MiB, 27655 MiB, 270.12 W, 62
2026/06/18 12:48:16.618, 0, Tesla V100-SXM2-32GB, 96 %, 57 %, 32768 MiB, 4840 MiB, 27655 MiB, 244.77 W, 62
2026/06/18 12:48:17.620, 0, Tesla V100-SXM2-32GB, 96 %, 58 %, 32768 MiB, 4840 MiB, 27655 MiB, 224.70 W, 62
2026/06/18 12:48:18.622, 0, Tesla V100-SXM2-32GB, 95 %, 59 %, 32768 MiB, 4840 MiB, 27655 MiB, 269.82 W, 62
2026/06/18 12:48:19.624, 0, Tesla V100-SXM2-32GB, 96 %, 58 %, 32768 MiB, 4840 MiB, 27655 MiB, 254.72 W, 62
2026/06/18 12:48:20.625, 0, Tesla V100-SXM2-32GB, 96 %, 58 %, 32768 MiB, 4840 MiB, 27655 MiB, 237.38 W, 62
2026/06/18 12:48:21.627, 0, Tesla V100-SXM2-32GB, 96 %, 60 %, 32768 MiB, 4840 MiB, 27655 MiB, 268.19 W, 62
2026/06/18 12:48:22.628, 0, Tesla V100-SXM2-32GB, 96 %, 58 %, 32768 MiB, 4840 MiB, 27655 MiB, 265.18 W, 62
2026/06/18 12:48:23.630, 0, Tesla V100-SXM2-32GB, 96 %, 58 %, 32768 MiB, 4840 MiB, 27655 MiB, 253.46 W, 62
2026/06/18 12:48:24.632, 0, Tesla V100-SXM2-32GB, 96 %, 59 %, 32768 MiB, 4840 MiB, 27655 MiB, 268.67 W, 62
2026/06/18 12:48:25.633, 0, Tesla V100-SXM2-32GB, 96 %, 58 %, 32768 MiB, 4840 MiB, 27655 MiB, 248.46 W, 62
2026/06/18 12:48:26.635, 0, Tesla V100-SXM2-32GB, 96 %, 59 %, 32768 MiB, 4840 MiB, 27655 MiB, 250.40 W, 62
2026/06/18 12:48:27.636, 0, Tesla V100-SXM2-32GB, 96 %, 59 %, 32768 MiB, 4840 MiB, 27655 MiB, 263.20 W, 62
2026/06/18 12:48:28.638, 0, Tesla V100-SXM2-32GB, 96 %, 58 %, 32768 MiB, 4840 MiB, 27655 MiB, 260.18 W, 62
2026/06/18 12:48:29.639, 0, Tesla V100-SXM2-32GB, 96 %, 59 %, 32768 MiB, 4840 MiB, 27655 MiB, 253.92 W, 62
2026/06/18 12:48:30.641, 0, Tesla V100-SXM2-32GB, 96 %, 58 %, 32768 MiB, 4840 MiB, 27655 MiB, 264.95 W, 62
2026/06/18 12:48:31.642, 0, Tesla V100-SXM2-32GB, 96 %, 58 %, 32768 MiB, 4840 MiB, 27655 MiB, 261.45 W, 62
2026/06/18 12:48:32.644, 0, Tesla V100-SXM2-32GB, 96 %, 59 %, 32768 MiB, 4840 MiB, 27655 MiB, 257.15 W, 62
2026/06/18 12:48:33.645, 0, Tesla V100-SXM2-32GB, 96 %, 58 %, 32768 MiB, 4840 MiB, 27655 MiB, 264.34 W, 62
2026/06/18 12:48:34.646, 0, Tesla V100-SXM2-32GB, 96 %, 58 %, 32768 MiB, 4840 MiB, 27655 MiB, 262.11 W, 62
2026/06/18 12:48:35.648, 0, Tesla V100-SXM2-32GB, 96 %, 59 %, 32768 MiB, 4840 MiB, 27655 MiB, 262.11 W, 62
2026/06/18 12:48:36.649, 0, Tesla V100-SXM2-32GB, 96 %, 58 %, 32768 MiB, 4840 MiB, 27655 MiB, 263.69 W, 62
2026/06/18 12:48:37.651, 0, Tesla V100-SXM2-32GB, 96 %, 58 %, 32768 MiB, 4840 MiB, 27655 MiB, 250.22 W, 62
2026/06/18 12:48:38.652, 0, Tesla V100-SXM2-32GB, 96 %, 59 %, 32768 MiB, 4840 MiB, 27655 MiB, 252.31 W, 62
2026/06/18 12:48:39.654, 0, Tesla V100-SXM2-32GB, 96 %, 58 %, 32768 MiB, 4840 MiB, 27655 MiB, 262.90 W, 62
2026/06/18 12:48:40.655, 0, Tesla V100-SXM2-32GB, 96 %, 58 %, 32768 MiB, 4840 MiB, 27655 MiB, 248.94 W, 62
2026/06/18 12:48:41.657, 0, Tesla V100-SXM2-32GB, 96 %, 59 %, 32768 MiB, 4840 MiB, 27655 MiB, 260.01 W, 62
2026/06/18 12:48:42.658, 0, Tesla V100-SXM2-32GB, 96 %, 58 %, 32768 MiB, 4840 MiB, 27655 MiB, 259.05 W, 62
2026/06/18 12:48:43.660, 0, Tesla V100-SXM2-32GB, 96 %, 58 %, 32768 MiB, 4840 MiB, 27655 MiB, 260.01 W, 62
2026/06/18 12:48:44.661, 0, Tesla V100-SXM2-32GB, 96 %, 59 %, 32768 MiB, 4840 MiB, 27655 MiB, 257.61 W, 62
2026/06/18 12:48:45.663, 0, Tesla V100-SXM2-32GB, 97 %, 58 %, 32768 MiB, 4840 MiB, 27655 MiB, 259.36 W, 62
2026/06/18 12:48:46.664, 0, Tesla V100-SXM2-32GB, 96 %, 58 %, 32768 MiB, 4840 MiB, 27655 MiB, 249.11 W, 62
2026/06/18 12:48:47.666, 0, Tesla V100-SXM2-32GB, 96 %, 59 %, 32768 MiB, 4840 MiB, 27655 MiB, 261.15 W, 62
2026/06/18 12:48:48.667, 0, Tesla V100-SXM2-32GB, 96 %, 58 %, 32768 MiB, 4840 MiB, 27655 MiB, 262.90 W, 62
2026/06/18 12:48:49.669, 0, Tesla V100-SXM2-32GB, 96 %, 58 %, 32768 MiB, 4840 MiB, 27655 MiB, 261.32 W, 62
2026/06/18 12:48:50.670, 0, Tesla V100-SXM2-32GB, 95 %, 59 %, 32768 MiB, 4840 MiB, 27655 MiB, 254.55 W, 62
2026/06/18 12:48:51.672, 0, Tesla V100-SXM2-32GB, 96 %, 58 %, 32768 MiB, 4840 MiB, 27655 MiB, 261.94 W, 62
2026/06/18 12:48:52.673, 0, Tesla V100-SXM2-32GB, 96 %, 59 %, 32768 MiB, 4840 MiB, 27655 MiB, 260.32 W, 62
2026/06/18 12:48:53.675, 0, Tesla V100-SXM2-32GB, 96 %, 58 %, 32768 MiB, 4840 MiB, 27655 MiB, 258.88 W, 62
2026/06/18 12:48:54.676, 0, Tesla V100-SXM2-32GB, 96 %, 58 %, 32768 MiB, 4840 MiB, 27655 MiB, 262.90 W, 62
2026/06/18 12:48:55.678, 0, Tesla V100-SXM2-32GB, 96 %, 58 %, 32768 MiB, 4840 MiB, 27655 MiB, 249.26 W, 62
2026/06/18 12:48:56.679, 0, Tesla V100-SXM2-32GB, 96 %, 58 %, 32768 MiB, 4840 MiB, 27655 MiB, 252.62 W, 62
2026/06/18 12:48:57.681, 0, Tesla V100-SXM2-32GB, 96 %, 59 %, 32768 MiB, 4840 MiB, 27655 MiB, 263.56 W, 62
2026/06/18 12:48:58.682, 0, Tesla V100-SXM2-32GB, 96 %, 58 %, 32768 MiB, 4840 MiB, 27655 MiB, 249.74 W, 62
2026/06/18 12:48:59.684, 0, Tesla V100-SXM2-32GB, 96 %, 58 %, 32768 MiB, 4840 MiB, 27655 MiB, 250.22 W, 62
2026/06/18 12:49:00.685, 0, Tesla V100-SXM2-32GB, 96 %, 59 %, 32768 MiB, 4840 MiB, 27655 MiB, 264.04 W, 62
2026/06/18 12:49:01.687, 0, Tesla V100-SXM2-32GB, 96 %, 58 %, 32768 MiB, 4840 MiB, 27655 MiB, 249.42 W, 62
2026/06/18 12:49:02.688, 0, Tesla V100-SXM2-32GB, 96 %, 58 %, 32768 MiB, 4840 MiB, 27655 MiB, 254.07 W, 62
2026/06/18 12:49:03.690, 0, Tesla V100-SXM2-32GB, 96 %, 59 %, 32768 MiB, 4840 MiB, 27655 MiB, 262.11 W, 62
2026/06/18 12:49:04.691, 0, Tesla V100-SXM2-32GB, 96 %, 58 %, 32768 MiB, 4840 MiB, 27655 MiB, 257.30 W, 62
2026/06/18 12:49:05.693, 0, Tesla V100-SXM2-32GB, 96 %, 58 %, 32768 MiB, 4840 MiB, 27655 MiB, 255.03 W, 62
2026/06/18 12:49:06.694, 0, Tesla V100-SXM2-32GB, 96 %, 59 %, 32768 MiB, 4840 MiB, 27655 MiB, 256.64 W, 62
2026/06/18 12:49:07.696, 0, Tesla V100-SXM2-32GB, 96 %, 57 %, 32768 MiB, 4840 MiB, 27655 MiB, 262.29 W, 62
2026/06/18 12:49:08.697, 0, Tesla V100-SXM2-32GB, 96 %, 58 %, 32768 MiB, 4840 MiB, 27655 MiB, 252.31 W, 62
2026/06/18 12:49:09.699, 0, Tesla V100-SXM2-32GB, 96 %, 60 %, 32768 MiB, 4840 MiB, 27655 MiB, 262.11 W, 62
2026/06/18 12:49:10.701, 0, Tesla V100-SXM2-32GB, 96 %, 57 %, 32768 MiB, 4840 MiB, 27655 MiB, 251.49 W, 62
2026/06/18 12:49:11.703, 0, Tesla V100-SXM2-32GB, 96 %, 58 %, 32768 MiB, 4840 MiB, 27655 MiB, 251.83 W, 62
2026/06/18 12:49:12.704, 0, Tesla V100-SXM2-32GB, 94 %, 59 %, 32768 MiB, 4840 MiB, 27655 MiB, 260.97 W, 62
2026/06/18 12:49:13.707, 0, Tesla V100-SXM2-32GB, 96 %, 57 %, 32768 MiB, 4840 MiB, 27655 MiB, 259.70 W, 62
2026/06/18 12:49:14.709, 0, Tesla V100-SXM2-32GB, 96 %, 58 %, 32768 MiB, 4840 MiB, 27655 MiB, 256.64 W, 62
2026/06/18 12:49:15.711, 0, Tesla V100-SXM2-32GB, 95 %, 58 %, 32768 MiB, 4840 MiB, 27655 MiB, 258.74 W, 62
2026/06/18 12:49:16.712, 0, Tesla V100-SXM2-32GB, 96 %, 57 %, 32768 MiB, 4840 MiB, 27655 MiB, 249.74 W, 62
2026/06/18 12:49:17.714, 0, Tesla V100-SXM2-32GB, 96 %, 58 %, 32768 MiB, 4840 MiB, 27655 MiB, 253.10 W, 62
2026/06/18 12:49:18.716, 0, Tesla V100-SXM2-32GB, 96 %, 60 %, 32768 MiB, 4840 MiB, 27655 MiB, 257.43 W, 62
2026/06/18 12:49:19.718, 0, Tesla V100-SXM2-32GB, 96 %, 58 %, 32768 MiB, 4840 MiB, 27655 MiB, 263.73 W, 62
2026/06/18 12:49:20.720, 0, Tesla V100-SXM2-32GB, 96 %, 58 %, 32768 MiB, 4840 MiB, 27655 MiB, 256.98 W, 62
2026/06/18 12:49:21.722, 0, Tesla V100-SXM2-32GB, 96 %, 59 %, 32768 MiB, 4840 MiB, 27655 MiB, 256.81 W, 62
2026/06/18 12:49:22.724, 0, Tesla V100-SXM2-32GB, 96 %, 58 %, 32768 MiB, 4840 MiB, 27655 MiB, 248.78 W, 62
2026/06/18 12:49:23.726, 0, Tesla V100-SXM2-32GB, 96 %, 59 %, 32768 MiB, 4840 MiB, 27655 MiB, 259.18 W, 63
2026/06/18 12:49:24.728, 0, Tesla V100-SXM2-32GB, 96 %, 59 %, 32768 MiB, 4840 MiB, 27655 MiB, 255.20 W, 62
2026/06/18 12:49:25.730, 0, Tesla V100-SXM2-32GB, 96 %, 58 %, 32768 MiB, 4840 MiB, 27655 MiB, 254.40 W, 63
2026/06/18 12:49:26.732, 0, Tesla V100-SXM2-32GB, 96 %, 59 %, 32768 MiB, 4840 MiB, 27655 MiB, 256.33 W, 62
2026/06/18 12:49:27.734, 0, Tesla V100-SXM2-32GB, 96 %, 58 %, 32768 MiB, 4840 MiB, 27655 MiB, 254.72 W, 62
2026/06/18 12:49:28.737, 0, Tesla V100-SXM2-32GB, 96 %, 58 %, 32768 MiB, 4840 MiB, 27655 MiB, 257.43 W, 63
2026/06/18 12:49:29.739, 0, Tesla V100-SXM2-32GB, 96 %, 59 %, 32768 MiB, 4840 MiB, 27655 MiB, 257.30 W, 62
2026/06/18 12:49:30.741, 0, Tesla V100-SXM2-32GB, 96 %, 59 %, 32768 MiB, 4840 MiB, 27655 MiB, 257.30 W, 62
2026/06/18 12:49:31.742, 0, Tesla V100-SXM2-32GB, 96 %, 58 %, 32768 MiB, 4840 MiB, 27655 MiB, 248.93 W, 62
2026/06/18 12:49:32.745, 0, Tesla V100-SXM2-32GB, 96 %, 59 %, 32768 MiB, 4840 MiB, 27655 MiB, 254.55 W, 62
2026/06/18 12:49:33.747, 0, Tesla V100-SXM2-32GB, 96 %, 58 %, 32768 MiB, 4840 MiB, 27655 MiB, 254.24 W, 62
2026/06/18 12:49:34.748, 0, Tesla V100-SXM2-32GB, 96 %, 58 %, 32768 MiB, 4840 MiB, 27655 MiB, 250.55 W, 63
2026/06/18 12:49:35.750, 0, Tesla V100-SXM2-32GB, 96 %, 59 %, 32768 MiB, 4840 MiB, 27655 MiB, 256.81 W, 63
2026/06/18 12:49:36.752, 0, Tesla V100-SXM2-32GB, 96 %, 58 %, 32768 MiB, 4840 MiB, 27655 MiB, 257.78 W, 62
2026/06/18 12:49:37.755, 0, Tesla V100-SXM2-32GB, 96 %, 58 %, 32768 MiB, 4840 MiB, 27655 MiB, 254.72 W, 63
2026/06/18 12:49:38.757, 0, Tesla V100-SXM2-32GB, 96 %, 59 %, 32768 MiB, 4840 MiB, 27655 MiB, 257.61 W, 62
2026/06/18 12:49:39.759, 0, Tesla V100-SXM2-32GB, 96 %, 58 %, 32768 MiB, 4840 MiB, 27655 MiB, 255.85 W, 62
2026/06/18 12:49:40.760, 0, Tesla V100-SXM2-32GB, 96 %, 58 %, 32768 MiB, 4840 MiB, 27655 MiB, 266.14 W, 62
2026/06/18 12:49:41.763, 0, Tesla V100-SXM2-32GB, 96 %, 59 %, 32768 MiB, 4840 MiB, 27655 MiB, 252.00 W, 62
2026/06/18 12:49:42.765, 0, Tesla V100-SXM2-32GB, 96 %, 58 %, 32768 MiB, 4840 MiB, 27655 MiB, 259.05 W, 62
2026/06/18 12:49:43.767, 0, Tesla V100-SXM2-32GB, 96 %, 58 %, 32768 MiB, 4840 MiB, 27655 MiB, 265.53 W, 62
2026/06/18 12:49:44.769, 0, Tesla V100-SXM2-32GB, 96 %, 59 %, 32768 MiB, 4840 MiB, 27655 MiB, 249.27 W, 60
2026/06/18 12:49:45.771, 0, Tesla V100-SXM2-32GB, 99 %, 57 %, 32768 MiB, 4840 MiB, 27655 MiB, 260.36 W, 62
2026/06/18 12:49:46.774, 0, Tesla V100-SXM2-32GB, 99 %, 56 %, 32768 MiB, 4840 MiB, 27655 MiB, 253.44 W, 62
2026/06/18 12:49:47.775, 0, Tesla V100-SXM2-32GB, 99 %, 54 %, 32768 MiB, 4840 MiB, 27655 MiB, 255.37 W, 62
2026/06/18 12:49:48.778, 0, Tesla V100-SXM2-32GB, 29 %, 10 %, 32768 MiB, 4840 MiB, 27655 MiB, 78.17 W, 58
2026/06/18 12:49:49.780, 0, Tesla V100-SXM2-32GB, 0 %, 0 %, 32768 MiB, 4840 MiB, 27655 MiB, 77.15 W, 57
2026/06/18 12:49:50.782, 0, Tesla V100-SXM2-32GB, 0 %, 0 %, 32768 MiB, 4840 MiB, 27655 MiB, 73.23 W, 56
2026/06/18 12:49:51.784, 0, Tesla V100-SXM2-32GB, 96 %, 60 %, 32768 MiB, 4840 MiB, 27655 MiB, 243.65 W, 59
2026/06/18 12:49:52.785, 0, Tesla V100-SXM2-32GB, 96 %, 57 %, 32768 MiB, 4840 MiB, 27655 MiB, 231.44 W, 60
2026/06/18 12:49:53.787, 0, Tesla V100-SXM2-32GB, 95 %, 57 %, 32768 MiB, 4840 MiB, 27655 MiB, 267.41 W, 61
2026/06/18 12:49:54.788, 0, Tesla V100-SXM2-32GB, 95 %, 58 %, 32768 MiB, 4840 MiB, 27655 MiB, 260.67 W, 61
2026/06/18 12:49:55.790, 0, Tesla V100-SXM2-32GB, 96 %, 58 %, 32768 MiB, 4840 MiB, 27655 MiB, 230.96 W, 61
2026/06/18 12:49:56.791, 0, Tesla V100-SXM2-32GB, 96 %, 58 %, 32768 MiB, 4840 MiB, 27655 MiB, 251.98 W, 61
2026/06/18 12:49:57.793, 0, Tesla V100-SXM2-32GB, 96 %, 59 %, 32768 MiB, 4840 MiB, 27655 MiB, 266.80 W, 61
2026/06/18 12:49:58.794, 0, Tesla V100-SXM2-32GB, 96 %, 58 %, 32768 MiB, 4840 MiB, 27655 MiB, 231.77 W, 61
2026/06/18 12:49:59.796, 0, Tesla V100-SXM2-32GB, 96 %, 59 %, 32768 MiB, 4840 MiB, 27655 MiB, 263.33 W, 62
2026/06/18 12:50:00.797, 0, Tesla V100-SXM2-32GB, 96 %, 57 %, 32768 MiB, 4840 MiB, 27655 MiB, 264.07 W, 62
2026/06/18 12:50:01.799, 0, Tesla V100-SXM2-32GB, 96 %, 59 %, 32768 MiB, 4840 MiB, 27655 MiB, 235.49 W, 61
2026/06/18 12:50:02.801, 0, Tesla V100-SXM2-32GB, 96 %, 58 %, 32768 MiB, 4840 MiB, 27655 MiB, 263.54 W, 62
2026/06/18 12:50:03.802, 0, Tesla V100-SXM2-32GB, 96 %, 58 %, 32768 MiB, 4840 MiB, 27655 MiB, 255.28 W, 62
2026/06/18 12:50:04.804, 0, Tesla V100-SXM2-32GB, 96 %, 60 %, 32768 MiB, 4840 MiB, 27655 MiB, 244.10 W, 61
2026/06/18 12:50:05.805, 0, Tesla V100-SXM2-32GB, 96 %, 57 %, 32768 MiB, 4840 MiB, 27655 MiB, 267.90 W, 62
2026/06/18 12:50:06.807, 0, Tesla V100-SXM2-32GB, 96 %, 58 %, 32768 MiB, 4840 MiB, 27655 MiB, 256.54 W, 62
2026/06/18 12:50:07.808, 0, Tesla V100-SXM2-32GB, 95 %, 59 %, 32768 MiB, 4840 MiB, 27655 MiB, 245.06 W, 61
2026/06/18 12:50:08.810, 0, Tesla V100-SXM2-32GB, 96 %, 57 %, 32768 MiB, 4840 MiB, 27655 MiB, 247.60 W, 62
2026/06/18 12:50:09.811, 0, Tesla V100-SXM2-32GB, 96 %, 58 %, 32768 MiB, 4840 MiB, 27655 MiB, 252.85 W, 62
2026/06/18 12:50:10.813, 0, Tesla V100-SXM2-32GB, 96 %, 59 %, 32768 MiB, 4840 MiB, 27655 MiB, 248.24 W, 61
2026/06/18 12:50:11.815, 0, Tesla V100-SXM2-32GB, 96 %, 58 %, 32768 MiB, 4840 MiB, 27655 MiB, 262.46 W, 62
2026/06/18 12:50:12.816, 0, Tesla V100-SXM2-32GB, 96 %, 58 %, 32768 MiB, 4840 MiB, 27655 MiB, 254.46 W, 62
2026/06/18 12:50:13.818, 0, Tesla V100-SXM2-32GB, 95 %, 59 %, 32768 MiB, 4840 MiB, 27655 MiB, 203.23 W, 62
2026/06/18 12:50:14.819, 0, Tesla V100-SXM2-32GB, 96 %, 57 %, 32768 MiB, 4840 MiB, 27655 MiB, 271.67 W, 62
2026/06/18 12:50:15.821, 0, Tesla V100-SXM2-32GB, 96 %, 58 %, 32768 MiB, 4840 MiB, 27655 MiB, 265.03 W, 62
2026/06/18 12:50:16.822, 0, Tesla V100-SXM2-32GB, 96 %, 60 %, 32768 MiB, 4840 MiB, 27655 MiB, 214.73 W, 61
2026/06/18 12:50:17.824, 0, Tesla V100-SXM2-32GB, 96 %, 57 %, 32768 MiB, 4840 MiB, 27655 MiB, 260.67 W, 62
2026/06/18 12:50:18.825, 0, Tesla V100-SXM2-32GB, 96 %, 58 %, 32768 MiB, 4840 MiB, 27655 MiB, 247.76 W, 62
2026/06/18 12:50:19.827, 0, Tesla V100-SXM2-32GB, 94 %, 58 %, 32768 MiB, 4840 MiB, 27655 MiB, 222.69 W, 61
2026/06/18 12:50:20.828, 0, Tesla V100-SXM2-32GB, 96 %, 58 %, 32768 MiB, 4840 MiB, 27655 MiB, 272.03 W, 61
2026/06/18 12:50:21.830, 0, Tesla V100-SXM2-32GB, 96 %, 58 %, 32768 MiB, 4840 MiB, 27655 MiB, 257.80 W, 62
2026/06/18 12:50:22.832, 0, Tesla V100-SXM2-32GB, 96 %, 59 %, 32768 MiB, 4840 MiB, 27655 MiB, 229.90 W, 61
2026/06/18 12:50:23.834, 0, Tesla V100-SXM2-32GB, 96 %, 58 %, 32768 MiB, 4840 MiB, 27655 MiB, 258.63 W, 62
2026/06/18 12:50:24.836, 0, Tesla V100-SXM2-32GB, 97 %, 59 %, 32768 MiB, 4840 MiB, 27655 MiB, 258.28 W, 61
2026/06/18 12:50:25.837, 0, Tesla V100-SXM2-32GB, 96 %, 58 %, 32768 MiB, 4840 MiB, 27655 MiB, 239.48 W, 61
2026/06/18 12:50:26.839, 0, Tesla V100-SXM2-32GB, 96 %, 58 %, 32768 MiB, 4840 MiB, 27655 MiB, 268.86 W, 62
2026/06/18 12:50:27.841, 0, Tesla V100-SXM2-32GB, 96 %, 59 %, 32768 MiB, 4840 MiB, 27655 MiB, 254.46 W, 61
2026/06/18 12:50:28.843, 0, Tesla V100-SXM2-32GB, 96 %, 58 %, 32768 MiB, 4840 MiB, 27655 MiB, 243.94 W, 61
2026/06/18 12:50:29.845, 0, Tesla V100-SXM2-32GB, 96 %, 58 %, 32768 MiB, 4840 MiB, 27655 MiB, 265.51 W, 61
2026/06/18 12:50:30.847, 0, Tesla V100-SXM2-32GB, 96 %, 59 %, 32768 MiB, 4840 MiB, 27655 MiB, 252.24 W, 61
2026/06/18 12:50:31.850, 0, Tesla V100-SXM2-32GB, 96 %, 58 %, 32768 MiB, 4840 MiB, 27655 MiB, 256.85 W, 61
2026/06/18 12:50:32.852, 0, Tesla V100-SXM2-32GB, 96 %, 58 %, 32768 MiB, 4840 MiB, 27655 MiB, 259.41 W, 61
2026/06/18 12:50:33.855, 0, Tesla V100-SXM2-32GB, 95 %, 59 %, 32768 MiB, 4840 MiB, 27655 MiB, 255.11 W, 61
2026/06/18 12:50:34.857, 0, Tesla V100-SXM2-32GB, 96 %, 57 %, 32768 MiB, 4840 MiB, 27655 MiB, 259.54 W, 61
2026/06/18 12:50:35.859, 0, Tesla V100-SXM2-32GB, 96 %, 58 %, 32768 MiB, 4840 MiB, 27655 MiB, 261.20 W, 61
2026/06/18 12:50:36.862, 0, Tesla V100-SXM2-32GB, 96 %, 59 %, 32768 MiB, 4840 MiB, 27655 MiB, 259.28 W, 61
2026/06/18 12:50:37.864, 0, Tesla V100-SXM2-32GB, 96 %, 58 %, 32768 MiB, 4840 MiB, 27655 MiB, 262.28 W, 61
2026/06/18 12:50:38.866, 0, Tesla V100-SXM2-32GB, 96 %, 59 %, 32768 MiB, 4840 MiB, 27655 MiB, 244.42 W, 61
2026/06/18 12:50:39.868, 0, Tesla V100-SXM2-32GB, 96 %, 59 %, 32768 MiB, 4840 MiB, 27655 MiB, 248.41 W, 61
2026/06/18 12:50:40.870, 0, Tesla V100-SXM2-32GB, 96 %, 58 %, 32768 MiB, 4840 MiB, 27655 MiB, 264.50 W, 61
2026/06/18 12:50:41.872, 0, Tesla V100-SXM2-32GB, 96 %, 59 %, 32768 MiB, 4840 MiB, 27655 MiB, 259.11 W, 61
2026/06/18 12:50:42.874, 0, Tesla V100-SXM2-32GB, 96 %, 58 %, 32768 MiB, 4840 MiB, 27655 MiB, 252.88 W, 61
2026/06/18 12:50:43.877, 0, Tesla V100-SXM2-32GB, 96 %, 58 %, 32768 MiB, 4840 MiB, 27655 MiB, 265.75 W, 61
2026/06/18 12:50:44.878, 0, Tesla V100-SXM2-32GB, 96 %, 59 %, 32768 MiB, 4840 MiB, 27655 MiB, 254.80 W, 61
2026/06/18 12:50:45.880, 0, Tesla V100-SXM2-32GB, 96 %, 58 %, 32768 MiB, 4840 MiB, 27655 MiB, 203.44 W, 61
2026/06/18 12:50:46.882, 0, Tesla V100-SXM2-32GB, 96 %, 58 %, 32768 MiB, 4840 MiB, 27655 MiB, 263.36 W, 61
2026/06/18 12:50:47.884, 0, Tesla V100-SXM2-32GB, 96 %, 59 %, 32768 MiB, 4840 MiB, 27655 MiB, 247.76 W, 61
2026/06/18 12:50:48.886, 0, Tesla V100-SXM2-32GB, 96 %, 57 %, 32768 MiB, 4840 MiB, 27655 MiB, 203.23 W, 61
2026/06/18 12:50:49.888, 0, Tesla V100-SXM2-32GB, 96 %, 58 %, 32768 MiB, 4840 MiB, 27655 MiB, 274.61 W, 61
2026/06/18 12:50:50.890, 0, Tesla V100-SXM2-32GB, 95 %, 59 %, 32768 MiB, 4840 MiB, 27655 MiB, 260.20 W, 61
2026/06/18 12:50:51.892, 0, Tesla V100-SXM2-32GB, 96 %, 58 %, 32768 MiB, 4840 MiB, 27655 MiB, 223.83 W, 61
2026/06/18 12:50:52.894, 0, Tesla V100-SXM2-32GB, 97 %, 58 %, 32768 MiB, 4840 MiB, 27655 MiB, 261.93 W, 61
2026/06/18 12:50:53.896, 0, Tesla V100-SXM2-32GB, 96 %, 59 %, 32768 MiB, 4840 MiB, 27655 MiB, 258.93 W, 61
2026/06/18 12:50:54.898, 0, Tesla V100-SXM2-32GB, 96 %, 58 %, 32768 MiB, 4840 MiB, 27655 MiB, 235.17 W, 60
2026/06/18 12:50:55.900, 0, Tesla V100-SXM2-32GB, 96 %, 59 %, 32768 MiB, 4840 MiB, 27655 MiB, 257.80 W, 61
2026/06/18 12:50:56.902, 0, Tesla V100-SXM2-32GB, 96 %, 58 %, 32768 MiB, 4840 MiB, 27655 MiB, 256.23 W, 61
2026/06/18 12:50:57.904, 0, Tesla V100-SXM2-32GB, 96 %, 58 %, 32768 MiB, 4840 MiB, 27655 MiB, 246.50 W, 60
2026/06/18 12:50:58.905, 0, Tesla V100-SXM2-32GB, 96 %, 59 %, 32768 MiB, 4840 MiB, 27655 MiB, 247.12 W, 61
2026/06/18 12:50:59.908, 0, Tesla V100-SXM2-32GB, 96 %, 58 %, 32768 MiB, 4840 MiB, 27655 MiB, 256.54 W, 61
2026/06/18 12:51:00.910, 0, Tesla V100-SXM2-32GB, 96 %, 58 %, 32768 MiB, 4840 MiB, 27655 MiB, 258.46 W, 60
2026/06/18 12:51:01.912, 0, Tesla V100-SXM2-32GB, 96 %, 59 %, 32768 MiB, 4840 MiB, 27655 MiB, 259.59 W, 61
2026/06/18 12:51:02.914, 0, Tesla V100-SXM2-32GB, 96 %, 57 %, 32768 MiB, 4840 MiB, 27655 MiB, 253.50 W, 60
2026/06/18 12:51:03.916, 0, Tesla V100-SXM2-32GB, 96 %, 58 %, 32768 MiB, 4840 MiB, 27655 MiB, 258.93 W, 60
2026/06/18 12:51:04.917, 0, Tesla V100-SXM2-32GB, 95 %, 59 %, 32768 MiB, 4840 MiB, 27655 MiB, 254.94 W, 60
2026/06/18 12:51:05.918, 0, Tesla V100-SXM2-32GB, 96 %, 58 %, 32768 MiB, 4840 MiB, 27655 MiB, 261.02 W, 60
2026/06/18 12:51:06.920, 0, Tesla V100-SXM2-32GB, 96 %, 59 %, 32768 MiB, 4840 MiB, 27655 MiB, 261.33 W, 60
2026/06/18 12:51:07.921, 0, Tesla V100-SXM2-32GB, 96 %, 57 %, 32768 MiB, 4840 MiB, 27655 MiB, 251.28 W, 60
2026/06/18 12:51:08.923, 0, Tesla V100-SXM2-32GB, 96 %, 59 %, 32768 MiB, 4840 MiB, 27655 MiB, 263.24 W, 60
2026/06/18 12:51:09.925, 0, Tesla V100-SXM2-32GB, 96 %, 58 %, 32768 MiB, 4840 MiB, 27655 MiB, 263.72 W, 60
2026/06/18 12:51:10.926, 0, Tesla V100-SXM2-32GB, 96 %, 58 %, 32768 MiB, 4840 MiB, 27655 MiB, 261.63 W, 60
2026/06/18 12:51:11.928, 0, Tesla V100-SXM2-32GB, 96 %, 59 %, 32768 MiB, 4840 MiB, 27655 MiB, 248.24 W, 60
2026/06/18 12:51:12.929, 0, Tesla V100-SXM2-32GB, 96 %, 58 %, 32768 MiB, 4840 MiB, 27655 MiB, 267.84 W, 60
2026/06/18 12:51:13.930, 0, Tesla V100-SXM2-32GB, 96 %, 58 %, 32768 MiB, 4840 MiB, 27655 MiB, 256.41 W, 60
2026/06/18 12:51:14.932, 0, Tesla V100-SXM2-32GB, 96 %, 59 %, 32768 MiB, 4840 MiB, 27655 MiB, 239.64 W, 60
2026/06/18 12:51:15.934, 0, Tesla V100-SXM2-32GB, 96 %, 58 %, 32768 MiB, 4840 MiB, 27655 MiB, 265.45 W, 60
2026/06/18 12:51:16.935, 0, Tesla V100-SXM2-32GB, 96 %, 58 %, 32768 MiB, 4840 MiB, 27655 MiB, 245.85 W, 60
2026/06/18 12:51:17.936, 0, Tesla V100-SXM2-32GB, 96 %, 59 %, 32768 MiB, 4840 MiB, 27655 MiB, 237.41 W, 60
2026/06/18 12:51:18.938, 0, Tesla V100-SXM2-32GB, 96 %, 57 %, 32768 MiB, 4840 MiB, 27655 MiB, 269.16 W, 60
2026/06/18 12:51:19.939, 0, Tesla V100-SXM2-32GB, 96 %, 58 %, 32768 MiB, 4840 MiB, 27655 MiB, 252.07 W, 60
2026/06/18 12:51:20.941, 0, Tesla V100-SXM2-32GB, 95 %, 59 %, 32768 MiB, 4840 MiB, 27655 MiB, 233.41 W, 60
2026/06/18 12:51:21.943, 0, Tesla V100-SXM2-32GB, 96 %, 57 %, 32768 MiB, 4840 MiB, 27655 MiB, 258.46 W, 60
2026/06/18 12:51:22.944, 0, Tesla V100-SXM2-32GB, 96 %, 58 %, 32768 MiB, 4840 MiB, 27655 MiB, 258.46 W, 60
2026/06/18 12:51:23.946, 0, Tesla V100-SXM2-32GB, 96 %, 60 %, 32768 MiB, 4840 MiB, 27655 MiB, 201.80 W, 60
2026/06/18 12:51:24.947, 0, Tesla V100-SXM2-32GB, 96 %, 58 %, 32768 MiB, 4840 MiB, 27655 MiB, 264.50 W, 60
2026/06/18 12:51:25.948, 0, Tesla V100-SXM2-32GB, 96 %, 59 %, 32768 MiB, 4840 MiB, 27655 MiB, 244.58 W, 60
2026/06/18 12:51:26.950, 0, Tesla V100-SXM2-32GB, 97 %, 58 %, 32768 MiB, 4840 MiB, 27655 MiB, 211.52 W, 60
2026/06/18 12:51:27.952, 0, Tesla V100-SXM2-32GB, 96 %, 58 %, 32768 MiB, 4840 MiB, 27655 MiB, 270.78 W, 60
2026/06/18 12:51:28.953, 0, Tesla V100-SXM2-32GB, 96 %, 59 %, 32768 MiB, 4840 MiB, 27655 MiB, 249.37 W, 60
2026/06/18 12:51:29.955, 0, Tesla V100-SXM2-32GB, 96 %, 58 %, 32768 MiB, 4840 MiB, 27655 MiB, 221.29 W, 60
2026/06/18 12:51:30.956, 0, Tesla V100-SXM2-32GB, 96 %, 58 %, 32768 MiB, 4840 MiB, 27655 MiB, 261.98 W, 60
2026/06/18 12:51:31.958, 0, Tesla V100-SXM2-32GB, 96 %, 59 %, 32768 MiB, 4840 MiB, 27655 MiB, 256.20 W, 60
2026/06/18 12:51:32.959, 0, Tesla V100-SXM2-32GB, 96 %, 58 %, 32768 MiB, 4840 MiB, 27655 MiB, 235.96 W, 59
2026/06/18 12:51:33.961, 0, Tesla V100-SXM2-32GB, 96 %, 58 %, 32768 MiB, 4840 MiB, 27655 MiB, 249.68 W, 60
2026/06/18 12:51:34.964, 0, Tesla V100-SXM2-32GB, 96 %, 59 %, 32768 MiB, 4840 MiB, 27655 MiB, 259.59 W, 60
2026/06/18 12:51:35.966, 0, Tesla V100-SXM2-32GB, 96 %, 57 %, 32768 MiB, 4840 MiB, 27655 MiB, 241.40 W, 59
2026/06/18 12:51:36.968, 0, Tesla V100-SXM2-32GB, 96 %, 58 %, 32768 MiB, 4840 MiB, 27655 MiB, 252.38 W, 60
2026/06/18 12:51:37.970, 0, Tesla V100-SXM2-32GB, 94 %, 59 %, 32768 MiB, 4840 MiB, 27655 MiB, 249.68 W, 60
2026/06/18 12:51:38.971, 0, Tesla V100-SXM2-32GB, 96 %, 57 %, 32768 MiB, 4840 MiB, 27655 MiB, 237.57 W, 59
2026/06/18 12:51:39.973, 0, Tesla V100-SXM2-32GB, 96 %, 58 %, 32768 MiB, 4840 MiB, 27655 MiB, 255.89 W, 59
2026/06/18 12:51:40.975, 0, Tesla V100-SXM2-32GB, 96 %, 60 %, 32768 MiB, 4840 MiB, 27655 MiB, 253.84 W, 59
2026/06/18 12:51:41.977, 0, Tesla V100-SXM2-32GB, 96 %, 58 %, 32768 MiB, 4840 MiB, 27655 MiB, 253.84 W, 59
2026/06/18 12:51:42.979, 0, Tesla V100-SXM2-32GB, 99 %, 54 %, 32768 MiB, 4840 MiB, 27655 MiB, 259.24 W, 59
2026/06/18 12:51:43.981, 0, Tesla V100-SXM2-32GB, 99 %, 54 %, 32768 MiB, 4840 MiB, 27655 MiB, 256.41 W, 59
2026/06/18 12:51:44.983, 0, Tesla V100-SXM2-32GB, 98 %, 56 %, 32768 MiB, 4840 MiB, 27655 MiB, 263.94 W, 59
2026/06/18 12:51:45.986, 0, Tesla V100-SXM2-32GB, 99 %, 56 %, 32768 MiB, 4840 MiB, 27655 MiB, 247.60 W, 60
2026/06/18 12:51:46.988, 0, Tesla V100-SXM2-32GB, 6 %, 0 %, 32768 MiB, 4840 MiB, 27655 MiB, 72.36 W, 54
2026/06/18 12:51:47.989, 0, Tesla V100-SXM2-32GB, 7 %, 0 %, 32768 MiB, 4840 MiB, 27655 MiB, 71.88 W, 53
2026/06/18 12:51:48.991, 0, Tesla V100-SXM2-32GB, 0 %, 0 %, 32768 MiB, 4840 MiB, 27655 MiB, 71.40 W, 52
2026/06/18 12:51:49.992, 0, Tesla V100-SXM2-32GB, 96 %, 58 %, 32768 MiB, 4840 MiB, 27655 MiB, 256.06 W, 57
2026/06/18 12:51:50.994, 0, Tesla V100-SXM2-32GB, 96 %, 59 %, 32768 MiB, 4840 MiB, 27655 MiB, 251.93 W, 58
2026/06/18 12:51:51.996, 0, Tesla V100-SXM2-32GB, 96 %, 58 %, 32768 MiB, 4840 MiB, 27655 MiB, 253.50 W, 58
2026/06/18 12:51:52.997, 0, Tesla V100-SXM2-32GB, 96 %, 58 %, 32768 MiB, 4840 MiB, 27655 MiB, 252.24 W, 58
2026/06/18 12:51:53.999, 0, Tesla V100-SXM2-32GB, 96 %, 59 %, 32768 MiB, 4840 MiB, 27655 MiB, 250.63 W, 58
2026/06/18 12:51:55.000, 0, Tesla V100-SXM2-32GB, 96 %, 57 %, 32768 MiB, 4840 MiB, 27655 MiB, 251.45 W, 58
2026/06/18 12:51:56.002, 0, Tesla V100-SXM2-32GB, 96 %, 58 %, 32768 MiB, 4840 MiB, 27655 MiB, 256.06 W, 58
2026/06/18 12:51:57.003, 0, Tesla V100-SXM2-32GB, 95 %, 59 %, 32768 MiB, 4840 MiB, 27655 MiB, 253.02 W, 58
2026/06/18 12:51:58.005, 0, Tesla V100-SXM2-32GB, 96 %, 57 %, 32768 MiB, 4840 MiB, 27655 MiB, 250.15 W, 58
2026/06/18 12:51:59.006, 0, Tesla V100-SXM2-32GB, 96 %, 58 %, 32768 MiB, 4840 MiB, 27655 MiB, 260.20 W, 58
2026/06/18 12:52:00.008, 0, Tesla V100-SXM2-32GB, 96 %, 59 %, 32768 MiB, 4840 MiB, 27655 MiB, 260.54 W, 58
2026/06/18 12:52:01.009, 0, Tesla V100-SXM2-32GB, 96 %, 58 %, 32768 MiB, 4840 MiB, 27655 MiB, 261.15 W, 58
2026/06/18 12:52:02.011, 0, Tesla V100-SXM2-32GB, 96 %, 58 %, 32768 MiB, 4840 MiB, 27655 MiB, 261.80 W, 58
2026/06/18 12:52:03.012, 0, Tesla V100-SXM2-32GB, 96 %, 59 %, 32768 MiB, 4840 MiB, 27655 MiB, 261.50 W, 58
2026/06/18 12:52:04.014, 0, Tesla V100-SXM2-32GB, 96 %, 58 %, 32768 MiB, 4840 MiB, 27655 MiB, 248.10 W, 58
2026/06/18 12:52:05.016, 0, Tesla V100-SXM2-32GB, 96 %, 59 %, 32768 MiB, 4840 MiB, 27655 MiB, 262.11 W, 58
2026/06/18 12:52:06.017, 0, Tesla V100-SXM2-32GB, 96 %, 58 %, 32768 MiB, 4840 MiB, 27655 MiB, 243.94 W, 58
2026/06/18 12:52:07.019, 0, Tesla V100-SXM2-32GB, 96 %, 58 %, 32768 MiB, 4840 MiB, 27655 MiB, 243.31 W, 58
2026/06/18 12:52:08.020, 0, Tesla V100-SXM2-32GB, 96 %, 59 %, 32768 MiB, 4840 MiB, 27655 MiB, 262.58 W, 58
2026/06/18 12:52:09.022, 0, Tesla V100-SXM2-32GB, 96 %, 58 %, 32768 MiB, 4840 MiB, 27655 MiB, 259.59 W, 58
2026/06/18 12:52:10.023, 0, Tesla V100-SXM2-32GB, 96 %, 58 %, 32768 MiB, 4840 MiB, 27655 MiB, 239.48 W, 58
2026/06/18 12:52:11.025, 0, Tesla V100-SXM2-32GB, 96 %, 60 %, 32768 MiB, 4840 MiB, 27655 MiB, 262.76 W, 58
2026/06/18 12:52:12.028, 0, Tesla V100-SXM2-32GB, 96 %, 57 %, 32768 MiB, 4840 MiB, 27655 MiB, 249.20 W, 58
2026/06/18 12:52:13.030, 0, Tesla V100-SXM2-32GB, 97 %, 59 %, 32768 MiB, 4840 MiB, 27655 MiB, 197.01 W, 58
2026/06/18 12:52:14.031, 0, Tesla V100-SXM2-32GB, 96 %, 58 %, 32768 MiB, 4840 MiB, 27655 MiB, 262.23 W, 58
2026/06/18 12:52:15.033, 0, Tesla V100-SXM2-32GB, 96 %, 58 %, 32768 MiB, 4840 MiB, 27655 MiB, 256.06 W, 58
2026/06/18 12:52:16.035, 0, Tesla V100-SXM2-32GB, 95 %, 58 %, 32768 MiB, 4840 MiB, 27655 MiB, 202.41 W, 58
2026/06/18 12:52:17.036, 0, Tesla V100-SXM2-32GB, 96 %, 58 %, 32768 MiB, 4840 MiB, 27655 MiB, 262.89 W, 58
2026/06/18 12:52:18.039, 0, Tesla V100-SXM2-32GB, 96 %, 58 %, 32768 MiB, 4840 MiB, 27655 MiB, 262.94 W, 58
2026/06/18 12:52:19.041, 0, Tesla V100-SXM2-32GB, 96 %, 59 %, 32768 MiB, 4840 MiB, 27655 MiB, 218.23 W, 58
2026/06/18 12:52:20.043, 0, Tesla V100-SXM2-32GB, 96 %, 58 %, 32768 MiB, 4840 MiB, 27655 MiB, 264.67 W, 58
2026/06/18 12:52:21.045, 0, Tesla V100-SXM2-32GB, 96 %, 58 %, 32768 MiB, 4840 MiB, 27655 MiB, 252.55 W, 58
2026/06/18 12:52:22.047, 0, Tesla V100-SXM2-32GB, 96 %, 58 %, 32768 MiB, 4840 MiB, 27655 MiB, 234.37 W, 58
2026/06/18 12:52:23.049, 0, Tesla V100-SXM2-32GB, 96 %, 58 %, 32768 MiB, 4840 MiB, 27655 MiB, 248.72 W, 58
2026/06/18 12:52:24.051, 0, Tesla V100-SXM2-32GB, 96 %, 58 %, 32768 MiB, 4840 MiB, 27655 MiB, 259.11 W, 58
2026/06/18 12:52:25.053, 0, Tesla V100-SXM2-32GB, 96 %, 59 %, 32768 MiB, 4840 MiB, 27655 MiB, 226.38 W, 58
2026/06/18 12:52:26.055, 0, Tesla V100-SXM2-32GB, 96 %, 58 %, 32768 MiB, 4840 MiB, 27655 MiB, 265.81 W, 58
2026/06/18 12:52:27.056, 0, Tesla V100-SXM2-32GB, 96 %, 59 %, 32768 MiB, 4840 MiB, 27655 MiB, 249.37 W, 58
2026/06/18 12:52:28.059, 0, Tesla V100-SXM2-32GB, 96 %, 58 %, 32768 MiB, 4840 MiB, 27655 MiB, 208.78 W, 58
2026/06/18 12:52:29.061, 0, Tesla V100-SXM2-32GB, 96 %, 58 %, 32768 MiB, 4840 MiB, 27655 MiB, 258.46 W, 58
2026/06/18 12:52:30.063, 0, Tesla V100-SXM2-32GB, 96 %, 59 %, 32768 MiB, 4840 MiB, 27655 MiB, 254.15 W, 58
2026/06/18 12:52:31.065, 0, Tesla V100-SXM2-32GB, 96 %, 58 %, 32768 MiB, 4840 MiB, 27655 MiB, 225.60 W, 58
2026/06/18 12:52:32.067, 0, Tesla V100-SXM2-32GB, 96 %, 58 %, 32768 MiB, 4840 MiB, 27655 MiB, 249.99 W, 58
2026/06/18 12:52:33.070, 0, Tesla V100-SXM2-32GB, 96 %, 60 %, 32768 MiB, 4840 MiB, 27655 MiB, 253.02 W, 58
2026/06/18 12:52:34.072, 0, Tesla V100-SXM2-32GB, 96 %, 57 %, 32768 MiB, 4840 MiB, 27655 MiB, 240.12 W, 58
2026/06/18 12:52:35.074, 0, Tesla V100-SXM2-32GB, 96 %, 58 %, 32768 MiB, 4840 MiB, 27655 MiB, 258.63 W, 58
2026/06/18 12:52:36.076, 0, Tesla V100-SXM2-32GB, 94 %, 58 %, 32768 MiB, 4840 MiB, 27655 MiB, 249.84 W, 58
2026/06/18 12:52:37.077, 0, Tesla V100-SXM2-32GB, 96 %, 58 %, 32768 MiB, 4840 MiB, 27655 MiB, 252.24 W, 58
2026/06/18 12:52:38.080, 0, Tesla V100-SXM2-32GB, 96 %, 58 %, 32768 MiB, 4840 MiB, 27655 MiB, 260.54 W, 58
2026/06/18 12:52:39.082, 0, Tesla V100-SXM2-32GB, 96 %, 59 %, 32768 MiB, 4840 MiB, 27655 MiB, 255.59 W, 58
2026/06/18 12:52:40.084, 0, Tesla V100-SXM2-32GB, 96 %, 58 %, 32768 MiB, 4840 MiB, 27655 MiB, 254.46 W, 58
2026/06/18 12:52:41.085, 0, Tesla V100-SXM2-32GB, 96 %, 59 %, 32768 MiB, 4840 MiB, 27655 MiB, 258.28 W, 58
2026/06/18 12:52:42.087, 0, Tesla V100-SXM2-32GB, 96 %, 58 %, 32768 MiB, 4840 MiB, 27655 MiB, 255.76 W, 58
2026/06/18 12:52:43.089, 0, Tesla V100-SXM2-32GB, 96 %, 58 %, 32768 MiB, 4840 MiB, 27655 MiB, 258.76 W, 58
2026/06/18 12:52:44.092, 0, Tesla V100-SXM2-32GB, 96 %, 59 %, 32768 MiB, 4840 MiB, 27655 MiB, 258.63 W, 58
2026/06/18 12:52:45.094, 0, Tesla V100-SXM2-32GB, 96 %, 58 %, 32768 MiB, 4840 MiB, 27655 MiB, 250.32 W, 58
2026/06/18 12:52:46.096, 0, Tesla V100-SXM2-32GB, 96 %, 58 %, 32768 MiB, 4840 MiB, 27655 MiB, 264.67 W, 58
2026/06/18 12:52:47.099, 0, Tesla V100-SXM2-32GB, 96 %, 59 %, 32768 MiB, 4840 MiB, 27655 MiB, 242.51 W, 58
2026/06/18 12:52:48.101, 0, Tesla V100-SXM2-32GB, 96 %, 57 %, 32768 MiB, 4840 MiB, 27655 MiB, 230.38 W, 58
2026/06/18 12:52:49.103, 0, Tesla V100-SXM2-32GB, 96 %, 58 %, 32768 MiB, 4840 MiB, 27655 MiB, 260.37 W, 58
2026/06/18 12:52:50.105, 0, Tesla V100-SXM2-32GB, 95 %, 59 %, 32768 MiB, 4840 MiB, 27655 MiB, 254.01 W, 58
2026/06/18 12:52:51.106, 0, Tesla V100-SXM2-32GB, 96 %, 58 %, 32768 MiB, 4840 MiB, 27655 MiB, 209.26 W, 58
2026/06/18 12:52:52.109, 0, Tesla V100-SXM2-32GB, 96 %, 58 %, 32768 MiB, 4840 MiB, 27655 MiB, 265.81 W, 58
2026/06/18 12:52:53.111, 0, Tesla V100-SXM2-32GB, 96 %, 58 %, 32768 MiB, 4840 MiB, 27655 MiB, 263.24 W, 58
2026/06/18 12:52:54.113, 0, Tesla V100-SXM2-32GB, 96 %, 58 %, 32768 MiB, 4840 MiB, 27655 MiB, 226.23 W, 58
2026/06/18 12:52:55.115, 0, Tesla V100-SXM2-32GB, 96 %, 59 %, 32768 MiB, 4840 MiB, 27655 MiB, 253.67 W, 58
2026/06/18 12:52:56.117, 0, Tesla V100-SXM2-32GB, 96 %, 58 %, 32768 MiB, 4840 MiB, 27655 MiB, 257.50 W, 58
2026/06/18 12:52:57.119, 0, Tesla V100-SXM2-32GB, 96 %, 58 %, 32768 MiB, 4840 MiB, 27655 MiB, 240.76 W, 58
2026/06/18 12:52:58.121, 0, Tesla V100-SXM2-32GB, 96 %, 59 %, 32768 MiB, 4840 MiB, 27655 MiB, 249.53 W, 58
2026/06/18 12:52:59.123, 0, Tesla V100-SXM2-32GB, 96 %, 58 %, 32768 MiB, 4840 MiB, 27655 MiB, 256.06 W, 58
2026/06/18 12:53:00.124, 0, Tesla V100-SXM2-32GB, 96 %, 58 %, 32768 MiB, 4840 MiB, 27655 MiB, 247.45 W, 58
2026/06/18 12:53:01.126, 0, Tesla V100-SXM2-32GB, 96 %, 60 %, 32768 MiB, 4840 MiB, 27655 MiB, 251.11 W, 58
2026/06/18 12:53:02.129, 0, Tesla V100-SXM2-32GB, 96 %, 57 %, 32768 MiB, 4840 MiB, 27655 MiB, 253.98 W, 58
2026/06/18 12:53:03.131, 0, Tesla V100-SXM2-32GB, 96 %, 58 %, 32768 MiB, 4840 MiB, 27655 MiB, 258.46 W, 58
2026/06/18 12:53:04.132, 0, Tesla V100-SXM2-32GB, 96 %, 59 %, 32768 MiB, 4840 MiB, 27655 MiB, 263.59 W, 58
2026/06/18 12:53:05.134, 0, Tesla V100-SXM2-32GB, 96 %, 58 %, 32768 MiB, 4840 MiB, 27655 MiB, 254.15 W, 58
2026/06/18 12:53:06.136, 0, Tesla V100-SXM2-32GB, 96 %, 58 %, 32768 MiB, 4840 MiB, 27655 MiB, 260.37 W, 58
2026/06/18 12:53:07.138, 0, Tesla V100-SXM2-32GB, 96 %, 59 %, 32768 MiB, 4840 MiB, 27655 MiB, 243.30 W, 58
2026/06/18 12:53:08.140, 0, Tesla V100-SXM2-32GB, 96 %, 58 %, 32768 MiB, 4840 MiB, 27655 MiB, 253.98 W, 58
2026/06/18 12:53:09.142, 0, Tesla V100-SXM2-32GB, 96 %, 59 %, 32768 MiB, 4840 MiB, 27655 MiB, 261.33 W, 58
2026/06/18 12:53:10.144, 0, Tesla V100-SXM2-32GB, 96 %, 58 %, 32768 MiB, 4840 MiB, 27655 MiB, 243.46 W, 58
2026/06/18 12:53:11.146, 0, Tesla V100-SXM2-32GB, 96 %, 58 %, 32768 MiB, 4840 MiB, 27655 MiB, 252.10 W, 58
2026/06/18 12:53:12.147, 0, Tesla V100-SXM2-32GB, 96 %, 59 %, 32768 MiB, 4840 MiB, 27655 MiB, 264.20 W, 58
2026/06/18 12:53:13.149, 0, Tesla V100-SXM2-32GB, 96 %, 58 %, 32768 MiB, 4840 MiB, 27655 MiB, 258.15 W, 58
2026/06/18 12:53:14.150, 0, Tesla V100-SXM2-32GB, 96 %, 58 %, 32768 MiB, 4840 MiB, 27655 MiB, 226.25 W, 58
2026/06/18 12:53:15.153, 0, Tesla V100-SXM2-32GB, 96 %, 59 %, 32768 MiB, 4840 MiB, 27655 MiB, 266.77 W, 58
2026/06/18 12:53:16.155, 0, Tesla V100-SXM2-32GB, 96 %, 57 %, 32768 MiB, 4840 MiB, 27655 MiB, 253.98 W, 58
2026/06/18 12:53:17.157, 0, Tesla V100-SXM2-32GB, 96 %, 58 %, 32768 MiB, 4840 MiB, 27655 MiB, 200.36 W, 58
2026/06/18 12:53:18.159, 0, Tesla V100-SXM2-32GB, 95 %, 59 %, 32768 MiB, 4840 MiB, 27655 MiB, 268.32 W, 58
2026/06/18 12:53:19.161, 0, Tesla V100-SXM2-32GB, 96 %, 58 %, 32768 MiB, 4840 MiB, 27655 MiB, 246.66 W, 58
2026/06/18 12:53:20.162, 0, Tesla V100-SXM2-32GB, 96 %, 59 %, 32768 MiB, 4840 MiB, 27655 MiB, 200.01 W, 58
2026/06/18 12:53:21.164, 0, Tesla V100-SXM2-32GB, 96 %, 57 %, 32768 MiB, 4840 MiB, 27655 MiB, 259.54 W, 58
2026/06/18 12:53:22.165, 0, Tesla V100-SXM2-32GB, 96 %, 58 %, 32768 MiB, 4840 MiB, 27655 MiB, 246.33 W, 58
2026/06/18 12:53:23.166, 0, Tesla V100-SXM2-32GB, 96 %, 59 %, 32768 MiB, 4840 MiB, 27655 MiB, 225.42 W, 58
2026/06/18 12:53:24.168, 0, Tesla V100-SXM2-32GB, 96 %, 58 %, 32768 MiB, 4840 MiB, 27655 MiB, 260.54 W, 58
2026/06/18 12:53:25.169, 0, Tesla V100-SXM2-32GB, 97 %, 59 %, 32768 MiB, 4840 MiB, 27655 MiB, 257.50 W, 58
2026/06/18 12:53:26.171, 0, Tesla V100-SXM2-32GB, 96 %, 58 %, 32768 MiB, 4840 MiB, 27655 MiB, 224.64 W, 58
2026/06/18 12:53:27.172, 0, Tesla V100-SXM2-32GB, 96 %, 58 %, 32768 MiB, 4840 MiB, 27655 MiB, 249.68 W, 58
2026/06/18 12:53:28.174, 0, Tesla V100-SXM2-32GB, 96 %, 59 %, 32768 MiB, 4840 MiB, 27655 MiB, 254.15 W, 58
2026/06/18 12:53:29.176, 0, Tesla V100-SXM2-32GB, 96 %, 58 %, 32768 MiB, 4840 MiB, 27655 MiB, 241.23 W, 58
2026/06/18 12:53:30.177, 0, Tesla V100-SXM2-32GB, 96 %, 58 %, 32768 MiB, 4840 MiB, 27655 MiB, 257.15 W, 58
2026/06/18 12:53:31.178, 0, Tesla V100-SXM2-32GB, 96 %, 59 %, 32768 MiB, 4840 MiB, 27655 MiB, 248.55 W, 58
2026/06/18 12:53:32.180, 0, Tesla V100-SXM2-32GB, 96 %, 58 %, 32768 MiB, 4840 MiB, 27655 MiB, 248.72 W, 58
2026/06/18 12:53:33.181, 0, Tesla V100-SXM2-32GB, 96 %, 58 %, 32768 MiB, 4840 MiB, 27655 MiB, 243.30 W, 58
2026/06/18 12:53:34.183, 0, Tesla V100-SXM2-32GB, 96 %, 59 %, 32768 MiB, 4840 MiB, 27655 MiB, 254.15 W, 58
2026/06/18 12:53:35.185, 0, Tesla V100-SXM2-32GB, 96 %, 58 %, 32768 MiB, 4840 MiB, 27655 MiB, 254.63 W, 58
2026/06/18 12:53:36.186, 0, Tesla V100-SXM2-32GB, 96 %, 59 %, 32768 MiB, 4840 MiB, 27655 MiB, 243.78 W, 58
2026/06/18 12:53:37.187, 0, Tesla V100-SXM2-32GB, 96 %, 58 %, 32768 MiB, 4840 MiB, 27655 MiB, 252.55 W, 58
2026/06/18 12:53:38.189, 0, Tesla V100-SXM2-32GB, 96 %, 58 %, 32768 MiB, 4840 MiB, 27655 MiB, 259.24 W, 58
2026/06/18 12:53:39.190, 0, Tesla V100-SXM2-32GB, 95 %, 58 %, 32768 MiB, 4840 MiB, 27655 MiB, 261.68 W, 58
2026/06/18 12:53:40.192, 0, Tesla V100-SXM2-32GB, 96 %, 58 %, 32768 MiB, 4840 MiB, 27655 MiB, 252.10 W, 58
2026/06/18 12:53:41.194, 0, Tesla V100-SXM2-32GB, 99 %, 56 %, 32768 MiB, 4840 MiB, 27655 MiB, 244.09 W, 58
2026/06/18 12:53:42.195, 0, Tesla V100-SXM2-32GB, 99 %, 55 %, 32768 MiB, 4840 MiB, 27655 MiB, 260.54 W, 58
2026/06/18 12:53:43.197, 0, Tesla V100-SXM2-32GB, 99 %, 54 %, 32768 MiB, 4840 MiB, 27655 MiB, 255.14 W, 58
2026/06/18 12:53:44.199, 0, Tesla V100-SXM2-32GB, 86 %, 44 %, 32768 MiB, 4840 MiB, 27655 MiB, 76.16 W, 55
2026/06/18 12:53:45.201, 0, Tesla V100-SXM2-32GB, 0 %, 0 %, 32768 MiB, 4840 MiB, 27655 MiB, 74.72 W, 52
2026/06/18 12:53:46.203, 0, Tesla V100-SXM2-32GB, 2 %, 0 %, 32768 MiB, 4840 MiB, 27655 MiB, 74.29 W, 52
2026/06/18 12:53:47.204, 0, Tesla V100-SXM2-32GB, 96 %, 58 %, 32768 MiB, 4840 MiB, 27655 MiB, 216.31 W, 54
2026/06/18 12:53:48.206, 0, Tesla V100-SXM2-32GB, 96 %, 58 %, 32768 MiB, 4840 MiB, 27655 MiB, 211.57 W, 56
2026/06/18 12:53:49.207, 0, Tesla V100-SXM2-32GB, 96 %, 59 %, 32768 MiB, 4840 MiB, 27655 MiB, 253.36 W, 56
2026/06/18 12:53:50.209, 0, Tesla V100-SXM2-32GB, 97 %, 58 %, 32768 MiB, 4840 MiB, 27655 MiB, 253.19 W, 57
2026/06/18 12:53:51.210, 0, Tesla V100-SXM2-32GB, 96 %, 58 %, 32768 MiB, 4840 MiB, 27655 MiB, 208.64 W, 57
2026/06/18 12:53:52.212, 0, Tesla V100-SXM2-32GB, 96 %, 59 %, 32768 MiB, 4840 MiB, 27655 MiB, 257.02 W, 57
2026/06/18 12:53:53.213, 0, Tesla V100-SXM2-32GB, 96 %, 58 %, 32768 MiB, 4840 MiB, 27655 MiB, 249.70 W, 57
2026/06/18 12:53:54.214, 0, Tesla V100-SXM2-32GB, 96 %, 58 %, 32768 MiB, 4840 MiB, 27655 MiB, 213.91 W, 56
2026/06/18 12:53:55.216, 0, Tesla V100-SXM2-32GB, 96 %, 59 %, 32768 MiB, 4840 MiB, 27655 MiB, 265.28 W, 57
2026/06/18 12:53:56.218, 0, Tesla V100-SXM2-32GB, 96 %, 58 %, 32768 MiB, 4840 MiB, 27655 MiB, 254.15 W, 57
2026/06/18 12:53:57.219, 0, Tesla V100-SXM2-32GB, 96 %, 58 %, 32768 MiB, 4840 MiB, 27655 MiB, 207.54 W, 57
2026/06/18 12:53:58.221, 0, Tesla V100-SXM2-32GB, 96 %, 59 %, 32768 MiB, 4840 MiB, 27655 MiB, 258.11 W, 57
2026/06/18 12:53:59.222, 0, Tesla V100-SXM2-32GB, 96 %, 57 %, 32768 MiB, 4840 MiB, 27655 MiB, 242.98 W, 57
2026/06/18 12:54:00.224, 0, Tesla V100-SXM2-32GB, 96 %, 58 %, 32768 MiB, 4840 MiB, 27655 MiB, 219.23 W, 57
2026/06/18 12:54:01.225, 0, Tesla V100-SXM2-32GB, 94 %, 58 %, 32768 MiB, 4840 MiB, 27655 MiB, 253.50 W, 57
2026/06/18 12:54:02.227, 0, Tesla V100-SXM2-32GB, 96 %, 57 %, 32768 MiB, 4840 MiB, 27655 MiB, 259.93 W, 57
2026/06/18 12:54:03.228, 0, Tesla V100-SXM2-32GB, 96 %, 58 %, 32768 MiB, 4840 MiB, 27655 MiB, 218.23 W, 57
2026/06/18 12:54:04.230, 0, Tesla V100-SXM2-32GB, 95 %, 59 %, 32768 MiB, 4840 MiB, 27655 MiB, 254.15 W, 57
2026/06/18 12:54:05.231, 0, Tesla V100-SXM2-32GB, 96 %, 58 %, 32768 MiB, 4840 MiB, 27655 MiB, 256.85 W, 57
2026/06/18 12:54:06.233, 0, Tesla V100-SXM2-32GB, 96 %, 58 %, 32768 MiB, 4840 MiB, 27655 MiB, 220.96 W, 57
2026/06/18 12:54:07.234, 0, Tesla V100-SXM2-32GB, 96 %, 59 %, 32768 MiB, 4840 MiB, 27655 MiB, 251.59 W, 57
2026/06/18 12:54:08.236, 0, Tesla V100-SXM2-32GB, 96 %, 58 %, 32768 MiB, 4840 MiB, 27655 MiB, 255.89 W, 57
2026/06/18 12:54:09.237, 0, Tesla V100-SXM2-32GB, 96 %, 59 %, 32768 MiB, 4840 MiB, 27655 MiB, 219.52 W, 57
2026/06/18 12:54:10.239, 0, Tesla V100-SXM2-32GB, 96 %, 58 %, 32768 MiB, 4840 MiB, 27655 MiB, 252.24 W, 57
2026/06/18 12:54:11.240, 0, Tesla V100-SXM2-32GB, 96 %, 58 %, 32768 MiB, 4840 MiB, 27655 MiB, 248.89 W, 57
2026/06/18 12:54:12.242, 0, Tesla V100-SXM2-32GB, 96 %, 59 %, 32768 MiB, 4840 MiB, 27655 MiB, 228.47 W, 57
2026/06/18 12:54:13.243, 0, Tesla V100-SXM2-32GB, 96 %, 58 %, 32768 MiB, 4840 MiB, 27655 MiB, 251.45 W, 58
2026/06/18 12:54:14.245, 0, Tesla V100-SXM2-32GB, 96 %, 58 %, 32768 MiB, 4840 MiB, 27655 MiB, 261.02 W, 57
2026/06/18 12:54:15.246, 0, Tesla V100-SXM2-32GB, 96 %, 59 %, 32768 MiB, 4840 MiB, 27655 MiB, 236.61 W, 57
2026/06/18 12:54:16.248, 0, Tesla V100-SXM2-32GB, 96 %, 58 %, 32768 MiB, 4840 MiB, 27655 MiB, 259.89 W, 58
2026/06/18 12:54:17.249, 0, Tesla V100-SXM2-32GB, 96 %, 58 %, 32768 MiB, 4840 MiB, 27655 MiB, 252.07 W, 57
2026/06/18 12:54:18.252, 0, Tesla V100-SXM2-32GB, 96 %, 60 %, 32768 MiB, 4840 MiB, 27655 MiB, 245.87 W, 57
2026/06/18 12:54:19.253, 0, Tesla V100-SXM2-32GB, 96 %, 58 %, 32768 MiB, 4840 MiB, 27655 MiB, 260.20 W, 58
2026/06/18 12:54:20.255, 0, Tesla V100-SXM2-32GB, 96 %, 58 %, 32768 MiB, 4840 MiB, 27655 MiB, 257.80 W, 58
2026/06/18 12:54:21.257, 0, Tesla V100-SXM2-32GB, 96 %, 59 %, 32768 MiB, 4840 MiB, 27655 MiB, 235.33 W, 57
2026/06/18 12:54:22.259, 0, Tesla V100-SXM2-32GB, 96 %, 57 %, 32768 MiB, 4840 MiB, 27655 MiB, 256.68 W, 58
2026/06/18 12:54:23.261, 0, Tesla V100-SXM2-32GB, 96 %, 58 %, 32768 MiB, 4840 MiB, 27655 MiB, 251.11 W, 58
2026/06/18 12:54:24.263, 0, Tesla V100-SXM2-32GB, 95 %, 59 %, 32768 MiB, 4840 MiB, 27655 MiB, 245.06 W, 57
2026/06/18 12:54:25.266, 0, Tesla V100-SXM2-32GB, 96 %, 58 %, 32768 MiB, 4840 MiB, 27655 MiB, 246.64 W, 58
2026/06/18 12:54:26.267, 0, Tesla V100-SXM2-32GB, 96 %, 59 %, 32768 MiB, 4840 MiB, 27655 MiB, 255.28 W, 58
2026/06/18 12:54:27.269, 0, Tesla V100-SXM2-32GB, 96 %, 58 %, 32768 MiB, 4840 MiB, 27655 MiB, 246.97 W, 57
2026/06/18 12:54:28.270, 0, Tesla V100-SXM2-32GB, 96 %, 58 %, 32768 MiB, 4840 MiB, 27655 MiB, 247.93 W, 58
2026/06/18 12:54:29.272, 0, Tesla V100-SXM2-32GB, 96 %, 58 %, 32768 MiB, 4840 MiB, 27655 MiB, 253.98 W, 58
2026/06/18 12:54:30.276, 0, Tesla V100-SXM2-32GB, 96 %, 58 %, 32768 MiB, 4840 MiB, 27655 MiB, 253.02 W, 57
2026/06/18 12:54:31.277, 0, Tesla V100-SXM2-32GB, 95 %, 59 %, 32768 MiB, 4840 MiB, 27655 MiB, 245.38 W, 58
2026/06/18 12:54:32.279, 0, Tesla V100-SXM2-32GB, 96 %, 57 %, 32768 MiB, 4840 MiB, 27655 MiB, 250.80 W, 58
2026/06/18 12:54:33.280, 0, Tesla V100-SXM2-32GB, 96 %, 58 %, 32768 MiB, 4840 MiB, 27655 MiB, 260.20 W, 57
2026/06/18 12:54:34.281, 0, Tesla V100-SXM2-32GB, 96 %, 59 %, 32768 MiB, 4840 MiB, 27655 MiB, 253.84 W, 58
2026/06/18 12:54:35.283, 0, Tesla V100-SXM2-32GB, 96 %, 58 %, 32768 MiB, 4840 MiB, 27655 MiB, 253.19 W, 58
2026/06/18 12:54:36.285, 0, Tesla V100-SXM2-32GB, 96 %, 59 %, 32768 MiB, 4840 MiB, 27655 MiB, 262.11 W, 57
2026/06/18 12:54:37.286, 0, Tesla V100-SXM2-32GB, 96 %, 58 %, 32768 MiB, 4840 MiB, 27655 MiB, 242.51 W, 58
2026/06/18 12:54:38.287, 0, Tesla V100-SXM2-32GB, 96 %, 58 %, 32768 MiB, 4840 MiB, 27655 MiB, 256.71 W, 58
2026/06/18 12:54:39.289, 0, Tesla V100-SXM2-32GB, 96 %, 59 %, 32768 MiB, 4840 MiB, 27655 MiB, 261.80 W, 58
2026/06/18 12:54:40.290, 0, Tesla V100-SXM2-32GB, 96 %, 58 %, 32768 MiB, 4840 MiB, 27655 MiB, 252.88 W, 58
2026/06/18 12:54:41.292, 0, Tesla V100-SXM2-32GB, 96 %, 58 %, 32768 MiB, 4840 MiB, 27655 MiB, 257.50 W, 58
2026/06/18 12:54:42.293, 0, Tesla V100-SXM2-32GB, 96 %, 59 %, 32768 MiB, 4840 MiB, 27655 MiB, 258.46 W, 57
2026/06/18 12:54:43.295, 0, Tesla V100-SXM2-32GB, 96 %, 58 %, 32768 MiB, 4840 MiB, 27655 MiB, 255.89 W, 58
2026/06/18 12:54:44.296, 0, Tesla V100-SXM2-32GB, 96 %, 58 %, 32768 MiB, 4840 MiB, 27655 MiB, 251.28 W, 58
2026/06/18 12:54:45.298, 0, Tesla V100-SXM2-32GB, 96 %, 59 %, 32768 MiB, 4840 MiB, 27655 MiB, 258.93 W, 57
2026/06/18 12:54:46.299, 0, Tesla V100-SXM2-32GB, 96 %, 58 %, 32768 MiB, 4840 MiB, 27655 MiB, 261.50 W, 58
2026/06/18 12:54:47.300, 0, Tesla V100-SXM2-32GB, 96 %, 58 %, 32768 MiB, 4840 MiB, 27655 MiB, 261.80 W, 58
2026/06/18 12:54:48.302, 0, Tesla V100-SXM2-32GB, 96 %, 59 %, 32768 MiB, 4840 MiB, 27655 MiB, 262.11 W, 57
2026/06/18 12:54:49.304, 0, Tesla V100-SXM2-32GB, 96 %, 57 %, 32768 MiB, 4840 MiB, 27655 MiB, 260.54 W, 58
2026/06/18 12:54:50.307, 0, Tesla V100-SXM2-32GB, 96 %, 58 %, 32768 MiB, 4840 MiB, 27655 MiB, 250.01 W, 58
2026/06/18 12:54:51.309, 0, Tesla V100-SXM2-32GB, 95 %, 59 %, 32768 MiB, 4840 MiB, 27655 MiB, 263.72 W, 58
2026/06/18 12:54:52.310, 0, Tesla V100-SXM2-32GB, 96 %, 57 %, 32768 MiB, 4840 MiB, 27655 MiB, 243.79 W, 58
2026/06/18 12:54:53.313, 0, Tesla V100-SXM2-32GB, 96 %, 58 %, 32768 MiB, 4840 MiB, 27655 MiB, 250.97 W, 58
2026/06/18 12:54:54.315, 0, Tesla V100-SXM2-32GB, 96 %, 60 %, 32768 MiB, 4840 MiB, 27655 MiB, 258.76 W, 57
2026/06/18 12:54:55.317, 0, Tesla V100-SXM2-32GB, 96 %, 58 %, 32768 MiB, 4840 MiB, 27655 MiB, 242.19 W, 58
2026/06/18 12:54:56.319, 0, Tesla V100-SXM2-32GB, 96 %, 58 %, 32768 MiB, 4840 MiB, 27655 MiB, 225.90 W, 58
2026/06/18 12:54:57.320, 0, Tesla V100-SXM2-32GB, 97 %, 59 %, 32768 MiB, 4840 MiB, 27655 MiB, 259.54 W, 58
2026/06/18 12:54:58.323, 0, Tesla V100-SXM2-32GB, 96 %, 58 %, 32768 MiB, 4840 MiB, 27655 MiB, 255.41 W, 58
2026/06/18 12:54:59.325, 0, Tesla V100-SXM2-32GB, 96 %, 59 %, 32768 MiB, 4840 MiB, 27655 MiB, 208.02 W, 57
2026/06/18 12:55:00.328, 0, Tesla V100-SXM2-32GB, 96 %, 58 %, 32768 MiB, 4840 MiB, 27655 MiB, 270.12 W, 58
2026/06/18 12:55:01.330, 0, Tesla V100-SXM2-32GB, 96 %, 58 %, 32768 MiB, 4840 MiB, 27655 MiB, 254.94 W, 58
2026/06/18 12:55:02.332, 0, Tesla V100-SXM2-32GB, 96 %, 59 %, 32768 MiB, 4840 MiB, 27655 MiB, 223.53 W, 57
2026/06/18 12:55:03.335, 0, Tesla V100-SXM2-32GB, 96 %, 58 %, 32768 MiB, 4840 MiB, 27655 MiB, 259.07 W, 58
2026/06/18 12:55:04.337, 0, Tesla V100-SXM2-32GB, 96 %, 58 %, 32768 MiB, 4840 MiB, 27655 MiB, 256.54 W, 58
2026/06/18 12:55:05.339, 0, Tesla V100-SXM2-32GB, 96 %, 60 %, 32768 MiB, 4840 MiB, 27655 MiB, 235.01 W, 58
2026/06/18 12:55:06.341, 0, Tesla V100-SXM2-32GB, 96 %, 57 %, 32768 MiB, 4840 MiB, 27655 MiB, 246.81 W, 58
2026/06/18 12:55:07.343, 0, Tesla V100-SXM2-32GB, 96 %, 58 %, 32768 MiB, 4840 MiB, 27655 MiB, 250.01 W, 58
2026/06/18 12:55:08.345, 0, Tesla V100-SXM2-32GB, 94 %, 58 %, 32768 MiB, 4840 MiB, 27655 MiB, 246.82 W, 57
2026/06/18 12:55:09.346, 0, Tesla V100-SXM2-32GB, 96 %, 58 %, 32768 MiB, 4840 MiB, 27655 MiB, 246.50 W, 58
2026/06/18 12:55:10.348, 0, Tesla V100-SXM2-32GB, 96 %, 57 %, 32768 MiB, 4840 MiB, 27655 MiB, 252.24 W, 58
2026/06/18 12:55:11.351, 0, Tesla V100-SXM2-32GB, 96 %, 59 %, 32768 MiB, 4840 MiB, 27655 MiB, 249.84 W, 57
2026/06/18 12:55:12.353, 0, Tesla V100-SXM2-32GB, 96 %, 58 %, 32768 MiB, 4840 MiB, 27655 MiB, 262.15 W, 58
2026/06/18 12:55:13.355, 0, Tesla V100-SXM2-32GB, 96 %, 59 %, 32768 MiB, 4840 MiB, 27655 MiB, 253.98 W, 58
2026/06/18 12:55:14.357, 0, Tesla V100-SXM2-32GB, 97 %, 59 %, 32768 MiB, 4840 MiB, 27655 MiB, 255.59 W, 57
2026/06/18 12:55:15.359, 0, Tesla V100-SXM2-32GB, 96 %, 58 %, 32768 MiB, 4840 MiB, 27655 MiB, 258.76 W, 58
2026/06/18 12:55:16.361, 0, Tesla V100-SXM2-32GB, 96 %, 59 %, 32768 MiB, 4840 MiB, 27655 MiB, 252.24 W, 58
2026/06/18 12:55:17.363, 0, Tesla V100-SXM2-32GB, 96 %, 58 %, 32768 MiB, 4840 MiB, 27655 MiB, 256.37 W, 57
2026/06/18 12:55:18.365, 0, Tesla V100-SXM2-32GB, 96 %, 58 %, 32768 MiB, 4840 MiB, 27655 MiB, 244.42 W, 58
2026/06/18 12:55:19.366, 0, Tesla V100-SXM2-32GB, 96 %, 59 %, 32768 MiB, 4840 MiB, 27655 MiB, 255.59 W, 58
2026/06/18 12:55:20.368, 0, Tesla V100-SXM2-32GB, 96 %, 58 %, 32768 MiB, 4840 MiB, 27655 MiB, 261.15 W, 57
2026/06/18 12:55:21.370, 0, Tesla V100-SXM2-32GB, 96 %, 58 %, 32768 MiB, 4840 MiB, 27655 MiB, 253.19 W, 58
2026/06/18 12:55:22.372, 0, Tesla V100-SXM2-32GB, 96 %, 59 %, 32768 MiB, 4840 MiB, 27655 MiB, 244.26 W, 58
2026/06/18 12:55:23.374, 0, Tesla V100-SXM2-32GB, 96 %, 58 %, 32768 MiB, 4840 MiB, 27655 MiB, 262.58 W, 57
2026/06/18 12:55:24.376, 0, Tesla V100-SXM2-32GB, 96 %, 58 %, 32768 MiB, 4840 MiB, 27655 MiB, 256.20 W, 58
2026/06/18 12:55:25.378, 0, Tesla V100-SXM2-32GB, 96 %, 59 %, 32768 MiB, 4840 MiB, 27655 MiB, 239.16 W, 58
2026/06/18 12:55:26.380, 0, Tesla V100-SXM2-32GB, 96 %, 57 %, 32768 MiB, 4840 MiB, 27655 MiB, 262.11 W, 58
2026/06/18 12:55:27.382, 0, Tesla V100-SXM2-32GB, 96 %, 58 %, 32768 MiB, 4840 MiB, 27655 MiB, 243.94 W, 58
2026/06/18 12:55:28.384, 0, Tesla V100-SXM2-32GB, 95 %, 59 %, 32768 MiB, 4840 MiB, 27655 MiB, 240.59 W, 58
2026/06/18 12:55:29.386, 0, Tesla V100-SXM2-32GB, 96 %, 57 %, 32768 MiB, 4840 MiB, 27655 MiB, 266.11 W, 57
2026/06/18 12:55:30.389, 0, Tesla V100-SXM2-32GB, 96 %, 58 %, 32768 MiB, 4840 MiB, 27655 MiB, 244.73 W, 58
2026/06/18 12:55:31.391, 0, Tesla V100-SXM2-32GB, 95 %, 59 %, 32768 MiB, 4840 MiB, 27655 MiB, 200.97 W, 58
2026/06/18 12:55:32.395, 0, Tesla V100-SXM2-32GB, 96 %, 58 %, 32768 MiB, 4840 MiB, 27655 MiB, 268.50 W, 58
2026/06/18 12:55:33.397, 0, Tesla V100-SXM2-32GB, 96 %, 59 %, 32768 MiB, 4840 MiB, 27655 MiB, 251.93 W, 58
2026/06/18 12:55:34.398, 0, Tesla V100-SXM2-32GB, 96 %, 58 %, 32768 MiB, 4840 MiB, 27655 MiB, 197.75 W, 58
2026/06/18 12:55:35.400, 0, Tesla V100-SXM2-32GB, 96 %, 58 %, 32768 MiB, 4840 MiB, 27655 MiB, 267.37 W, 58
2026/06/18 12:55:36.401, 0, Tesla V100-SXM2-32GB, 96 %, 58 %, 32768 MiB, 4840 MiB, 27655 MiB, 249.37 W, 58
2026/06/18 12:55:37.403, 0, Tesla V100-SXM2-32GB, 96 %, 58 %, 32768 MiB, 4840 MiB, 27655 MiB, 196.79 W, 58
2026/06/18 12:55:38.404, 0, Tesla V100-SXM2-32GB, 99 %, 55 %, 32768 MiB, 4840 MiB, 27655 MiB, 229.60 W, 57
2026/06/18 12:55:39.406, 0, Tesla V100-SXM2-32GB, 99 %, 55 %, 32768 MiB, 4840 MiB, 27655 MiB, 247.93 W, 58
2026/06/18 12:55:40.408, 0, Tesla V100-SXM2-32GB, 99 %, 55 %, 32768 MiB, 4840 MiB, 27655 MiB, 254.32 W, 58
2026/06/18 12:55:41.409, 0, Tesla V100-SXM2-32GB, 99 %, 57 %, 32768 MiB, 4840 MiB, 27655 MiB, 259.32 W, 58
2026/06/18 12:55:42.411, 0, Tesla V100-SXM2-32GB, 8 %, 0 %, 32768 MiB, 4840 MiB, 27655 MiB, 74.72 W, 53
2026/06/18 12:55:43.412, 0, Tesla V100-SXM2-32GB, 1 %, 0 %, 32768 MiB, 4840 MiB, 27655 MiB, 74.24 W, 52
2026/06/18 12:55:44.414, 0, Tesla V100-SXM2-32GB, 0 %, 0 %, 32768 MiB, 4840 MiB, 27655 MiB, 70.43 W, 51
2026/06/18 12:55:45.415, 0, Tesla V100-SXM2-32GB, 96 %, 59 %, 32768 MiB, 4840 MiB, 27655 MiB, 248.89 W, 55
2026/06/18 12:55:46.417, 0, Tesla V100-SXM2-32GB, 96 %, 58 %, 32768 MiB, 4840 MiB, 27655 MiB, 241.07 W, 56
2026/06/18 12:55:47.418, 0, Tesla V100-SXM2-32GB, 96 %, 58 %, 32768 MiB, 4840 MiB, 27655 MiB, 226.58 W, 56
2026/06/18 12:55:48.420, 0, Tesla V100-SXM2-32GB, 96 %, 60 %, 32768 MiB, 4840 MiB, 27655 MiB, 260.67 W, 57
2026/06/18 12:55:49.421, 0, Tesla V100-SXM2-32GB, 96 %, 57 %, 32768 MiB, 4840 MiB, 27655 MiB, 242.51 W, 57
2026/06/18 12:55:50.423, 0, Tesla V100-SXM2-32GB, 96 %, 58 %, 32768 MiB, 4840 MiB, 27655 MiB, 232.79 W, 57
2026/06/18 12:55:51.424, 0, Tesla V100-SXM2-32GB, 95 %, 59 %, 32768 MiB, 4840 MiB, 27655 MiB, 261.80 W, 57
2026/06/18 12:55:52.426, 0, Tesla V100-SXM2-32GB, 96 %, 58 %, 32768 MiB, 4840 MiB, 27655 MiB, 256.89 W, 57
2026/06/18 12:55:53.427, 0, Tesla V100-SXM2-32GB, 96 %, 58 %, 32768 MiB, 4840 MiB, 27655 MiB, 230.06 W, 57
2026/06/18 12:55:54.429, 0, Tesla V100-SXM2-32GB, 96 %, 60 %, 32768 MiB, 4840 MiB, 27655 MiB, 263.72 W, 57
2026/06/18 12:55:55.430, 0, Tesla V100-SXM2-32GB, 96 %, 58 %, 32768 MiB, 4840 MiB, 27655 MiB, 254.15 W, 57
2026/06/18 12:55:56.432, 0, Tesla V100-SXM2-32GB, 96 %, 59 %, 32768 MiB, 4840 MiB, 27655 MiB, 230.21 W, 57
2026/06/18 12:55:57.433, 0, Tesla V100-SXM2-32GB, 96 %, 58 %, 32768 MiB, 4840 MiB, 27655 MiB, 258.46 W, 57
2026/06/18 12:55:58.435, 0, Tesla V100-SXM2-32GB, 96 %, 58 %, 32768 MiB, 4840 MiB, 27655 MiB, 245.21 W, 57
2026/06/18 12:55:59.436, 0, Tesla V100-SXM2-32GB, 96 %, 59 %, 32768 MiB, 4840 MiB, 27655 MiB, 208.64 W, 57
2026/06/18 12:56:00.438, 0, Tesla V100-SXM2-32GB, 96 %, 58 %, 32768 MiB, 4840 MiB, 27655 MiB, 270.42 W, 57
2026/06/18 12:56:01.439, 0, Tesla V100-SXM2-32GB, 96 %, 58 %, 32768 MiB, 4840 MiB, 27655 MiB, 251.59 W, 57
2026/06/18 12:56:02.441, 0, Tesla V100-SXM2-32GB, 96 %, 59 %, 32768 MiB, 4840 MiB, 27655 MiB, 193.30 W, 57
2026/06/18 12:56:03.442, 0, Tesla V100-SXM2-32GB, 96 %, 58 %, 32768 MiB, 4840 MiB, 27655 MiB, 271.67 W, 57
2026/06/18 12:56:04.443, 0, Tesla V100-SXM2-32GB, 96 %, 58 %, 32768 MiB, 4840 MiB, 27655 MiB, 243.46 W, 57
2026/06/18 12:56:05.445, 0, Tesla V100-SXM2-32GB, 96 %, 59 %, 32768 MiB, 4840 MiB, 27655 MiB, 214.73 W, 57
2026/06/18 12:56:06.447, 0, Tesla V100-SXM2-32GB, 96 %, 57 %, 32768 MiB, 4840 MiB, 27655 MiB, 250.15 W, 57
2026/06/18 12:56:07.450, 0, Tesla V100-SXM2-32GB, 96 %, 58 %, 32768 MiB, 4840 MiB, 27655 MiB, 260.54 W, 57
2026/06/18 12:56:08.452, 0, Tesla V100-SXM2-32GB, 94 %, 58 %, 32768 MiB, 4840 MiB, 27655 MiB, 226.38 W, 57
2026/06/18 12:56:09.454, 0, Tesla V100-SXM2-32GB, 96 %, 57 %, 32768 MiB, 4840 MiB, 27655 MiB, 263.06 W, 57
2026/06/18 12:56:10.456, 0, Tesla V100-SXM2-32GB, 96 %, 58 %, 32768 MiB, 4840 MiB, 27655 MiB, 251.28 W, 57
2026/06/18 12:56:11.458, 0, Tesla V100-SXM2-32GB, 95 %, 58 %, 32768 MiB, 4840 MiB, 27655 MiB, 207.88 W, 57
2026/06/18 12:56:12.461, 0, Tesla V100-SXM2-32GB, 96 %, 58 %, 32768 MiB, 4840 MiB, 27655 MiB, 265.03 W, 57
2026/06/18 12:56:13.463, 0, Tesla V100-SXM2-32GB, 96 %, 58 %, 32768 MiB, 4840 MiB, 27655 MiB, 254.29 W, 57
2026/06/18 12:56:14.465, 0, Tesla V100-SXM2-32GB, 94 %, 58 %, 32768 MiB, 4840 MiB, 27655 MiB, 228.47 W, 57
2026/06/18 12:56:15.467, 0, Tesla V100-SXM2-32GB, 96 %, 57 %, 32768 MiB, 4840 MiB, 27655 MiB, 250.94 W, 57
2026/06/18 12:56:16.469, 0, Tesla V100-SXM2-32GB, 96 %, 58 %, 32768 MiB, 4840 MiB, 27655 MiB, 255.28 W, 57
2026/06/18 12:56:17.471, 0, Tesla V100-SXM2-32GB, 97 %, 60 %, 32768 MiB, 4840 MiB, 27655 MiB, 235.49 W, 57
2026/06/18 12:56:18.473, 0, Tesla V100-SXM2-32GB, 96 %, 58 %, 32768 MiB, 4840 MiB, 27655 MiB, 246.33 W, 57
2026/06/18 12:56:19.476, 0, Tesla V100-SXM2-32GB, 96 %, 59 %, 32768 MiB, 4840 MiB, 27655 MiB, 253.67 W, 57
2026/06/18 12:56:20.478, 0, Tesla V100-SXM2-32GB, 97 %, 58 %, 32768 MiB, 4840 MiB, 27655 MiB, 242.98 W, 57
2026/06/18 12:56:21.481, 0, Tesla V100-SXM2-32GB, 96 %, 58 %, 32768 MiB, 4840 MiB, 27655 MiB, 247.93 W, 57
2026/06/18 12:56:22.483, 0, Tesla V100-SXM2-32GB, 96 %, 59 %, 32768 MiB, 4840 MiB, 27655 MiB, 252.07 W, 57
2026/06/18 12:56:23.485, 0, Tesla V100-SXM2-32GB, 96 %, 58 %, 32768 MiB, 4840 MiB, 27655 MiB, 250.80 W, 57
2026/06/18 12:56:24.487, 0, Tesla V100-SXM2-32GB, 96 %, 58 %, 32768 MiB, 4840 MiB, 27655 MiB, 248.41 W, 57
2026/06/18 12:56:25.490, 0, Tesla V100-SXM2-32GB, 96 %, 59 %, 32768 MiB, 4840 MiB, 27655 MiB, 247.45 W, 57
2026/06/18 12:56:26.492, 0, Tesla V100-SXM2-32GB, 96 %, 58 %, 32768 MiB, 4840 MiB, 27655 MiB, 257.33 W, 57
2026/06/18 12:56:27.494, 0, Tesla V100-SXM2-32GB, 96 %, 58 %, 32768 MiB, 4840 MiB, 27655 MiB, 248.57 W, 57
2026/06/18 12:56:28.496, 0, Tesla V100-SXM2-32GB, 96 %, 59 %, 32768 MiB, 4840 MiB, 27655 MiB, 253.36 W, 57
2026/06/18 12:56:29.499, 0, Tesla V100-SXM2-32GB, 96 %, 57 %, 32768 MiB, 4840 MiB, 27655 MiB, 259.11 W, 57
2026/06/18 12:56:30.500, 0, Tesla V100-SXM2-32GB, 96 %, 58 %, 32768 MiB, 4840 MiB, 27655 MiB, 246.50 W, 57
2026/06/18 12:56:31.502, 0, Tesla V100-SXM2-32GB, 94 %, 59 %, 32768 MiB, 4840 MiB, 27655 MiB, 257.02 W, 57
2026/06/18 12:56:32.503, 0, Tesla V100-SXM2-32GB, 96 %, 58 %, 32768 MiB, 4840 MiB, 27655 MiB, 259.24 W, 57
2026/06/18 12:56:33.505, 0, Tesla V100-SXM2-32GB, 96 %, 58 %, 32768 MiB, 4840 MiB, 27655 MiB, 257.02 W, 57
2026/06/18 12:56:34.506, 0, Tesla V100-SXM2-32GB, 96 %, 60 %, 32768 MiB, 4840 MiB, 27655 MiB, 242.03 W, 57
2026/06/18 12:56:35.508, 0, Tesla V100-SXM2-32GB, 96 %, 58 %, 32768 MiB, 4840 MiB, 27655 MiB, 257.02 W, 57
2026/06/18 12:56:36.509, 0, Tesla V100-SXM2-32GB, 96 %, 59 %, 32768 MiB, 4840 MiB, 27655 MiB, 243.94 W, 57
2026/06/18 12:56:37.510, 0, Tesla V100-SXM2-32GB, 96 %, 58 %, 32768 MiB, 4840 MiB, 27655 MiB, 238.68 W, 57
2026/06/18 12:56:38.512, 0, Tesla V100-SXM2-32GB, 96 %, 58 %, 32768 MiB, 4840 MiB, 27655 MiB, 262.46 W, 57
2026/06/18 12:56:39.513, 0, Tesla V100-SXM2-32GB, 96 %, 59 %, 32768 MiB, 4840 MiB, 27655 MiB, 242.67 W, 57
2026/06/18 12:56:40.515, 0, Tesla V100-SXM2-32GB, 96 %, 57 %, 32768 MiB, 4840 MiB, 27655 MiB, 241.56 W, 57
2026/06/18 12:56:41.517, 0, Tesla V100-SXM2-32GB, 96 %, 58 %, 32768 MiB, 4840 MiB, 27655 MiB, 262.41 W, 57
2026/06/18 12:56:42.518, 0, Tesla V100-SXM2-32GB, 96 %, 58 %, 32768 MiB, 4840 MiB, 27655 MiB, 261.20 W, 57
2026/06/18 12:56:43.520, 0, Tesla V100-SXM2-32GB, 96 %, 58 %, 32768 MiB, 4840 MiB, 27655 MiB, 230.08 W, 57
2026/06/18 12:56:44.521, 0, Tesla V100-SXM2-32GB, 95 %, 58 %, 32768 MiB, 4840 MiB, 27655 MiB, 267.55 W, 57
2026/06/18 12:56:45.523, 0, Tesla V100-SXM2-32GB, 96 %, 57 %, 32768 MiB, 4840 MiB, 27655 MiB, 257.02 W, 57
2026/06/18 12:56:46.524, 0, Tesla V100-SXM2-32GB, 96 %, 58 %, 32768 MiB, 4840 MiB, 27655 MiB, 244.43 W, 57
2026/06/18 12:56:47.526, 0, Tesla V100-SXM2-32GB, 96 %, 59 %, 32768 MiB, 4840 MiB, 27655 MiB, 264.50 W, 57
2026/06/18 12:56:48.527, 0, Tesla V100-SXM2-32GB, 96 %, 58 %, 32768 MiB, 4840 MiB, 27655 MiB, 245.06 W, 57
2026/06/18 12:56:49.529, 0, Tesla V100-SXM2-32GB, 96 %, 58 %, 32768 MiB, 4840 MiB, 27655 MiB, 238.84 W, 57
2026/06/18 12:56:50.530, 0, Tesla V100-SXM2-32GB, 96 %, 59 %, 32768 MiB, 4840 MiB, 27655 MiB, 266.41 W, 57
2026/06/18 12:56:51.532, 0, Tesla V100-SXM2-32GB, 96 %, 58 %, 32768 MiB, 4840 MiB, 27655 MiB, 257.84 W, 57
2026/06/18 12:56:52.533, 0, Tesla V100-SXM2-32GB, 96 %, 59 %, 32768 MiB, 4840 MiB, 27655 MiB, 225.77 W, 57
2026/06/18 12:56:53.535, 0, Tesla V100-SXM2-32GB, 96 %, 58 %, 32768 MiB, 4840 MiB, 27655 MiB, 263.06 W, 57
2026/06/18 12:56:54.536, 0, Tesla V100-SXM2-32GB, 96 %, 58 %, 32768 MiB, 4840 MiB, 27655 MiB, 252.10 W, 57
2026/06/18 12:56:55.539, 0, Tesla V100-SXM2-32GB, 96 %, 59 %, 32768 MiB, 4840 MiB, 27655 MiB, 233.09 W, 57
2026/06/18 12:56:56.541, 0, Tesla V100-SXM2-32GB, 96 %, 58 %, 32768 MiB, 4840 MiB, 27655 MiB, 267.72 W, 57
2026/06/18 12:56:57.543, 0, Tesla V100-SXM2-32GB, 96 %, 58 %, 32768 MiB, 4840 MiB, 27655 MiB, 255.45 W, 57
2026/06/18 12:56:58.545, 0, Tesla V100-SXM2-32GB, 96 %, 59 %, 32768 MiB, 4840 MiB, 27655 MiB, 202.27 W, 57
2026/06/18 12:56:59.547, 0, Tesla V100-SXM2-32GB, 96 %, 58 %, 32768 MiB, 4840 MiB, 27655 MiB, 268.98 W, 57
2026/06/18 12:57:00.550, 0, Tesla V100-SXM2-32GB, 96 %, 58 %, 32768 MiB, 4840 MiB, 27655 MiB, 244.10 W, 57
2026/06/18 12:57:01.552, 0, Tesla V100-SXM2-32GB, 96 %, 59 %, 32768 MiB, 4840 MiB, 27655 MiB, 141.81 W, 57
2026/06/18 12:57:02.554, 0, Tesla V100-SXM2-32GB, 96 %, 58 %, 32768 MiB, 4840 MiB, 27655 MiB, 261.45 W, 57
2026/06/18 12:57:03.556, 0, Tesla V100-SXM2-32GB, 96 %, 58 %, 32768 MiB, 4840 MiB, 27655 MiB, 253.36 W, 57
2026/06/18 12:57:04.558, 0, Tesla V100-SXM2-32GB, 96 %, 59 %, 32768 MiB, 4840 MiB, 27655 MiB, 224.16 W, 57
2026/06/18 12:57:05.560, 0, Tesla V100-SXM2-32GB, 96 %, 58 %, 32768 MiB, 4840 MiB, 27655 MiB, 260.67 W, 57
2026/06/18 12:57:06.563, 0, Tesla V100-SXM2-32GB, 96 %, 58 %, 32768 MiB, 4840 MiB, 27655 MiB, 257.67 W, 58
2026/06/18 12:57:07.565, 0, Tesla V100-SXM2-32GB, 96 %, 59 %, 32768 MiB, 4840 MiB, 27655 MiB, 225.27 W, 58
2026/06/18 12:57:08.567, 0, Tesla V100-SXM2-32GB, 96 %, 57 %, 32768 MiB, 4840 MiB, 27655 MiB, 254.63 W, 57
2026/06/18 12:57:09.569, 0, Tesla V100-SXM2-32GB, 96 %, 58 %, 32768 MiB, 4840 MiB, 27655 MiB, 255.89 W, 58
2026/06/18 12:57:10.572, 0, Tesla V100-SXM2-32GB, 96 %, 59 %, 32768 MiB, 4840 MiB, 27655 MiB, 213.29 W, 57
2026/06/18 12:57:11.574, 0, Tesla V100-SXM2-32GB, 96 %, 57 %, 32768 MiB, 4840 MiB, 27655 MiB, 265.15 W, 57
2026/06/18 12:57:12.577, 0, Tesla V100-SXM2-32GB, 96 %, 58 %, 32768 MiB, 4840 MiB, 27655 MiB, 249.84 W, 58
2026/06/18 12:57:13.578, 0, Tesla V100-SXM2-32GB, 96 %, 59 %, 32768 MiB, 4840 MiB, 27655 MiB, 199.05 W, 57
2026/06/18 12:57:14.580, 0, Tesla V100-SXM2-32GB, 96 %, 57 %, 32768 MiB, 4840 MiB, 27655 MiB, 257.50 W, 57
2026/06/18 12:57:15.581, 0, Tesla V100-SXM2-32GB, 96 %, 58 %, 32768 MiB, 4840 MiB, 27655 MiB, 245.85 W, 58
2026/06/18 12:57:16.583, 0, Tesla V100-SXM2-32GB, 95 %, 58 %, 32768 MiB, 4840 MiB, 27655 MiB, 185.03 W, 58
2026/06/18 12:57:17.584, 0, Tesla V100-SXM2-32GB, 96 %, 57 %, 32768 MiB, 4840 MiB, 27655 MiB, 261.33 W, 57
2026/06/18 12:57:18.586, 0, Tesla V100-SXM2-32GB, 96 %, 58 %, 32768 MiB, 4840 MiB, 27655 MiB, 250.15 W, 58
2026/06/18 12:57:19.587, 0, Tesla V100-SXM2-32GB, 96 %, 59 %, 32768 MiB, 4840 MiB, 27655 MiB, 219.67 W, 58
2026/06/18 12:57:20.589, 0, Tesla V100-SXM2-32GB, 96 %, 58 %, 32768 MiB, 4840 MiB, 27655 MiB, 260.50 W, 57
2026/06/18 12:57:21.590, 0, Tesla V100-SXM2-32GB, 96 %, 57 %, 32768 MiB, 4840 MiB, 27655 MiB, 253.36 W, 58
2026/06/18 12:57:22.591, 0, Tesla V100-SXM2-32GB, 96 %, 59 %, 32768 MiB, 4840 MiB, 27655 MiB, 222.06 W, 57
2026/06/18 12:57:23.593, 0, Tesla V100-SXM2-32GB, 96 %, 58 %, 32768 MiB, 4840 MiB, 27655 MiB, 260.50 W, 57
2026/06/18 12:57:24.594, 0, Tesla V100-SXM2-32GB, 96 %, 59 %, 32768 MiB, 4840 MiB, 27655 MiB, 243.62 W, 58
2026/06/18 12:57:25.596, 0, Tesla V100-SXM2-32GB, 96 %, 58 %, 32768 MiB, 4840 MiB, 27655 MiB, 196.66 W, 57
2026/06/18 12:57:26.597, 0, Tesla V100-SXM2-32GB, 96 %, 58 %, 32768 MiB, 4840 MiB, 27655 MiB, 261.15 W, 57
2026/06/18 12:57:27.599, 0, Tesla V100-SXM2-32GB, 96 %, 59 %, 32768 MiB, 4840 MiB, 27655 MiB, 257.02 W, 58
2026/06/18 12:57:28.600, 0, Tesla V100-SXM2-32GB, 96 %, 58 %, 32768 MiB, 4840 MiB, 27655 MiB, 193.91 W, 58
2026/06/18 12:57:29.602, 0, Tesla V100-SXM2-32GB, 96 %, 58 %, 32768 MiB, 4840 MiB, 27655 MiB, 265.28 W, 58
2026/06/18 12:57:30.603, 0, Tesla V100-SXM2-32GB, 96 %, 59 %, 32768 MiB, 4840 MiB, 27655 MiB, 252.71 W, 58
2026/06/18 12:57:31.605, 0, Tesla V100-SXM2-32GB, 96 %, 58 %, 32768 MiB, 4840 MiB, 27655 MiB, 210.76 W, 57
2026/06/18 12:57:32.606, 0, Tesla V100-SXM2-32GB, 96 %, 58 %, 32768 MiB, 4840 MiB, 27655 MiB, 266.89 W, 58
2026/06/18 12:57:33.608, 0, Tesla V100-SXM2-32GB, 96 %, 59 %, 32768 MiB, 4840 MiB, 27655 MiB, 241.55 W, 58
2026/06/18 12:57:34.609, 0, Tesla V100-SXM2-32GB, 96 %, 57 %, 32768 MiB, 4840 MiB, 27655 MiB, 193.65 W, 57
2026/06/18 12:57:35.611, 0, Tesla V100-SXM2-32GB, 96 %, 58 %, 32768 MiB, 4840 MiB, 27655 MiB, 267.55 W, 57
2026/06/18 12:57:36.612, 0, Tesla V100-SXM2-32GB, 99 %, 54 %, 32768 MiB, 4840 MiB, 27655 MiB, 242.67 W, 58
2026/06/18 12:57:37.613, 0, Tesla V100-SXM2-32GB, 99 %, 55 %, 32768 MiB, 4840 MiB, 27655 MiB, 246.02 W, 58
2026/06/18 12:57:38.615, 0, Tesla V100-SXM2-32GB, 99 %, 55 %, 32768 MiB, 4840 MiB, 27655 MiB, 228.64 W, 58
2026/06/18 12:57:39.617, 0, Tesla V100-SXM2-32GB, 99 %, 57 %, 32768 MiB, 4840 MiB, 27655 MiB, 244.42 W, 58
2026/06/18 12:57:40.618, 0, Tesla V100-SXM2-32GB, 0 %, 0 %, 32768 MiB, 4840 MiB, 27655 MiB, 74.29 W, 52
2026/06/18 12:57:41.620, 0, Tesla V100-SXM2-32GB, 8 %, 0 %, 32768 MiB, 4840 MiB, 27655 MiB, 70.92 W, 51
2026/06/18 12:57:42.621, 0, Tesla V100-SXM2-32GB, 0 %, 0 %, 32768 MiB, 4840 MiB, 27655 MiB, 58.39 W, 50
2026/06/18 12:57:43.623, 0, Tesla V100-SXM2-32GB, 6 %, 1 %, 32768 MiB, 4840 MiB, 27655 MiB, 151.42 W, 50
2026/06/18 12:57:44.624, 0, Tesla V100-SXM2-32GB, 99 %, 54 %, 32768 MiB, 4840 MiB, 27655 MiB, 242.82 W, 55
2026/06/18 12:57:45.626, 0, Tesla V100-SXM2-32GB, 99 %, 55 %, 32768 MiB, 4840 MiB, 27655 MiB, 237.57 W, 55
2026/06/18 12:57:46.627, 0, Tesla V100-SXM2-32GB, 99 %, 56 %, 32768 MiB, 4840 MiB, 27655 MiB, 231.98 W, 55
2026/06/18 12:57:47.629, 0, Tesla V100-SXM2-32GB, 99 %, 56 %, 32768 MiB, 4840 MiB, 27655 MiB, 237.09 W, 56
2026/06/18 12:57:48.631, 0, Tesla V100-SXM2-32GB, 99 %, 56 %, 32768 MiB, 4840 MiB, 27655 MiB, 245.70 W, 56
2026/06/18 12:57:49.633, 0, Tesla V100-SXM2-32GB, 99 %, 55 %, 32768 MiB, 4840 MiB, 27655 MiB, 243.46 W, 56
2026/06/18 12:57:50.635, 0, Tesla V100-SXM2-32GB, 99 %, 54 %, 32768 MiB, 4840 MiB, 27655 MiB, 233.10 W, 56
2026/06/18 12:57:51.636, 0, Tesla V100-SXM2-32GB, 0 %, 0 %, 32768 MiB, 4840 MiB, 27655 MiB, 71.40 W, 51
