timestamp, index, name, utilization.gpu [%], utilization.memory [%], memory.total [MiB], memory.used [MiB], memory.free [MiB], power.draw [W], temperature.gpu
2026/06/18 12:14:55.301, 0, Tesla V100-SXM2-32GB, 0 %, 0 %, 32768 MiB, 0 MiB, 32495 MiB, 70.23 W, 48
2026/06/18 12:14:56.303, 0, Tesla V100-SXM2-32GB, 0 %, 0 %, 32768 MiB, 0 MiB, 32495 MiB, 48.41 W, 47
2026/06/18 12:14:57.304, 0, Tesla V100-SXM2-32GB, 0 %, 0 %, 32768 MiB, 0 MiB, 32495 MiB, 48.35 W, 46
2026/06/18 12:14:58.305, 0, Tesla V100-SXM2-32GB, 0 %, 0 %, 32768 MiB, 0 MiB, 32495 MiB, 45.42 W, 46
2026/06/18 12:14:59.307, 0, Tesla V100-SXM2-32GB, 0 %, 0 %, 32768 MiB, 0 MiB, 32495 MiB, 42.95 W, 45
2026/06/18 12:15:00.308, 0, Tesla V100-SXM2-32GB, 0 %, 0 %, 32768 MiB, 16 MiB, 32479 MiB, 42.90 W, 45
2026/06/18 12:15:01.335, 0, Tesla V100-SXM2-32GB, 1 %, 0 %, 32768 MiB, 698 MiB, 31797 MiB, 61.08 W, 45
2026/06/18 12:15:02.336, 0, Tesla V100-SXM2-32GB, 93 %, 55 %, 32768 MiB, 3450 MiB, 29045 MiB, 244.88 W, 49
2026/06/18 12:15:03.337, 0, Tesla V100-SXM2-32GB, 95 %, 55 %, 32768 MiB, 3450 MiB, 29045 MiB, 260.58 W, 52
2026/06/18 12:15:04.339, 0, Tesla V100-SXM2-32GB, 96 %, 55 %, 32768 MiB, 3450 MiB, 29045 MiB, 264.39 W, 53
2026/06/18 12:15:05.340, 0, Tesla V100-SXM2-32GB, 95 %, 54 %, 32768 MiB, 3450 MiB, 29045 MiB, 276.66 W, 53
2026/06/18 12:15:06.342, 0, Tesla V100-SXM2-32GB, 95 %, 56 %, 32768 MiB, 3450 MiB, 29045 MiB, 248.03 W, 54
2026/06/18 12:15:07.344, 0, Tesla V100-SXM2-32GB, 95 %, 56 %, 32768 MiB, 3450 MiB, 29045 MiB, 237.88 W, 54
2026/06/18 12:15:08.345, 0, Tesla V100-SXM2-32GB, 96 %, 58 %, 32768 MiB, 3450 MiB, 29045 MiB, 213.34 W, 54
2026/06/18 12:15:09.347, 0, Tesla V100-SXM2-32GB, 95 %, 60 %, 32768 MiB, 3450 MiB, 29045 MiB, 239.96 W, 55
2026/06/18 12:15:10.348, 0, Tesla V100-SXM2-32GB, 95 %, 59 %, 32768 MiB, 3450 MiB, 29045 MiB, 261.58 W, 54
2026/06/18 12:15:11.350, 0, Tesla V100-SXM2-32GB, 95 %, 57 %, 32768 MiB, 3450 MiB, 29045 MiB, 267.19 W, 55
2026/06/18 12:15:12.351, 0, Tesla V100-SXM2-32GB, 96 %, 59 %, 32768 MiB, 3450 MiB, 29045 MiB, 268.14 W, 55
2026/06/18 12:15:13.353, 0, Tesla V100-SXM2-32GB, 95 %, 60 %, 32768 MiB, 3450 MiB, 29045 MiB, 268.44 W, 55
2026/06/18 12:15:14.354, 0, Tesla V100-SXM2-32GB, 95 %, 60 %, 32768 MiB, 3450 MiB, 29045 MiB, 257.59 W, 55
2026/06/18 12:15:15.355, 0, Tesla V100-SXM2-32GB, 95 %, 60 %, 32768 MiB, 3450 MiB, 29045 MiB, 261.71 W, 56
2026/06/18 12:15:16.357, 0, Tesla V100-SXM2-32GB, 95 %, 58 %, 32768 MiB, 3450 MiB, 29045 MiB, 260.75 W, 56
2026/06/18 12:15:17.358, 0, Tesla V100-SXM2-32GB, 95 %, 57 %, 32768 MiB, 3450 MiB, 29045 MiB, 268.08 W, 56
2026/06/18 12:15:18.360, 0, Tesla V100-SXM2-32GB, 62 %, 37 %, 32768 MiB, 3450 MiB, 29045 MiB, 236.77 W, 55
2026/06/18 12:15:19.361, 0, Tesla V100-SXM2-32GB, 93 %, 57 %, 32768 MiB, 3450 MiB, 29045 MiB, 153.44 W, 54
2026/06/18 12:15:20.363, 0, Tesla V100-SXM2-32GB, 95 %, 57 %, 32768 MiB, 3450 MiB, 29045 MiB, 265.99 W, 56
2026/06/18 12:15:21.364, 0, Tesla V100-SXM2-32GB, 96 %, 56 %, 32768 MiB, 3450 MiB, 29045 MiB, 266.11 W, 56
2026/06/18 12:15:22.366, 0, Tesla V100-SXM2-32GB, 88 %, 50 %, 32768 MiB, 3450 MiB, 29045 MiB, 75.98 W, 53
2026/06/18 12:15:23.367, 0, Tesla V100-SXM2-32GB, 95 %, 60 %, 32768 MiB, 3450 MiB, 29045 MiB, 276.53 W, 56
2026/06/18 12:15:24.368, 0, Tesla V100-SXM2-32GB, 95 %, 60 %, 32768 MiB, 3450 MiB, 29045 MiB, 267.42 W, 57
2026/06/18 12:15:25.370, 0, Tesla V100-SXM2-32GB, 94 %, 58 %, 32768 MiB, 3450 MiB, 29045 MiB, 257.98 W, 57
2026/06/18 12:15:26.371, 0, Tesla V100-SXM2-32GB, 96 %, 55 %, 32768 MiB, 3450 MiB, 29045 MiB, 230.54 W, 57
2026/06/18 12:15:27.373, 0, Tesla V100-SXM2-32GB, 95 %, 56 %, 32768 MiB, 3450 MiB, 29045 MiB, 213.77 W, 57
2026/06/18 12:15:28.374, 0, Tesla V100-SXM2-32GB, 96 %, 58 %, 32768 MiB, 3450 MiB, 29045 MiB, 238.68 W, 57
2026/06/18 12:15:29.376, 0, Tesla V100-SXM2-32GB, 94 %, 59 %, 32768 MiB, 3450 MiB, 29045 MiB, 252.88 W, 57
2026/06/18 12:15:30.377, 0, Tesla V100-SXM2-32GB, 95 %, 60 %, 32768 MiB, 3450 MiB, 29045 MiB, 266.59 W, 57
2026/06/18 12:15:31.379, 0, Tesla V100-SXM2-32GB, 95 %, 58 %, 32768 MiB, 3450 MiB, 29045 MiB, 277.96 W, 57
2026/06/18 12:15:32.380, 0, Tesla V100-SXM2-32GB, 96 %, 54 %, 32768 MiB, 3450 MiB, 29045 MiB, 274.43 W, 57
2026/06/18 12:15:33.382, 0, Tesla V100-SXM2-32GB, 96 %, 56 %, 32768 MiB, 3450 MiB, 29045 MiB, 266.77 W, 58
2026/06/18 12:15:34.383, 0, Tesla V100-SXM2-32GB, 94 %, 59 %, 32768 MiB, 3450 MiB, 29045 MiB, 269.46 W, 58
2026/06/18 12:15:35.384, 0, Tesla V100-SXM2-32GB, 95 %, 60 %, 32768 MiB, 3450 MiB, 29045 MiB, 263.06 W, 58
2026/06/18 12:15:36.386, 0, Tesla V100-SXM2-32GB, 95 %, 60 %, 32768 MiB, 3450 MiB, 29045 MiB, 257.33 W, 58
2026/06/18 12:15:37.387, 0, Tesla V100-SXM2-32GB, 94 %, 60 %, 32768 MiB, 3450 MiB, 29045 MiB, 262.58 W, 58
2026/06/18 12:15:38.389, 0, Tesla V100-SXM2-32GB, 95 %, 59 %, 32768 MiB, 3450 MiB, 29045 MiB, 268.20 W, 58
2026/06/18 12:15:39.390, 0, Tesla V100-SXM2-32GB, 95 %, 58 %, 32768 MiB, 3450 MiB, 29045 MiB, 267.01 W, 58
2026/06/18 12:15:40.391, 0, Tesla V100-SXM2-32GB, 95 %, 56 %, 32768 MiB, 3450 MiB, 29045 MiB, 271.12 W, 58
2026/06/18 12:15:41.393, 0, Tesla V100-SXM2-32GB, 96 %, 55 %, 32768 MiB, 3450 MiB, 29045 MiB, 264.14 W, 58
2026/06/18 12:15:42.394, 0, Tesla V100-SXM2-32GB, 88 %, 50 %, 32768 MiB, 3450 MiB, 29045 MiB, 274.50 W, 58
2026/06/18 12:15:43.396, 0, Tesla V100-SXM2-32GB, 95 %, 56 %, 32768 MiB, 3450 MiB, 29045 MiB, 259.72 W, 58
2026/06/18 12:15:44.397, 0, Tesla V100-SXM2-32GB, 96 %, 55 %, 32768 MiB, 3450 MiB, 29045 MiB, 274.24 W, 59
2026/06/18 12:15:45.398, 0, Tesla V100-SXM2-32GB, 95 %, 54 %, 32768 MiB, 3450 MiB, 29045 MiB, 278.26 W, 59
2026/06/18 12:15:46.400, 0, Tesla V100-SXM2-32GB, 95 %, 54 %, 32768 MiB, 3450 MiB, 29045 MiB, 258.76 W, 59
2026/06/18 12:15:47.401, 0, Tesla V100-SXM2-32GB, 95 %, 55 %, 32768 MiB, 3450 MiB, 29045 MiB, 260.85 W, 59
2026/06/18 12:15:48.403, 0, Tesla V100-SXM2-32GB, 96 %, 57 %, 32768 MiB, 3450 MiB, 29045 MiB, 204.74 W, 59
2026/06/18 12:15:49.404, 0, Tesla V100-SXM2-32GB, 90 %, 52 %, 32768 MiB, 3450 MiB, 29045 MiB, 275.75 W, 59
2026/06/18 12:15:50.405, 0, Tesla V100-SXM2-32GB, 95 %, 60 %, 32768 MiB, 3450 MiB, 29045 MiB, 269.22 W, 57
2026/06/18 12:15:51.407, 0, Tesla V100-SXM2-32GB, 95 %, 60 %, 32768 MiB, 3450 MiB, 29045 MiB, 275.60 W, 58
2026/06/18 12:15:52.408, 0, Tesla V100-SXM2-32GB, 95 %, 59 %, 32768 MiB, 3450 MiB, 29045 MiB, 273.10 W, 59
2026/06/18 12:15:53.410, 0, Tesla V100-SXM2-32GB, 95 %, 58 %, 32768 MiB, 3450 MiB, 29045 MiB, 267.31 W, 59
2026/06/18 12:15:54.412, 0, Tesla V100-SXM2-32GB, 95 %, 56 %, 32768 MiB, 3450 MiB, 29045 MiB, 260.63 W, 59
2026/06/18 12:15:55.414, 0, Tesla V100-SXM2-32GB, 96 %, 56 %, 32768 MiB, 3450 MiB, 29045 MiB, 259.32 W, 59
2026/06/18 12:15:56.416, 0, Tesla V100-SXM2-32GB, 95 %, 60 %, 32768 MiB, 3450 MiB, 29045 MiB, 261.88 W, 59
2026/06/18 12:15:57.419, 0, Tesla V100-SXM2-32GB, 95 %, 60 %, 32768 MiB, 3450 MiB, 29045 MiB, 270.83 W, 59
2026/06/18 12:15:58.420, 0, Tesla V100-SXM2-32GB, 95 %, 60 %, 32768 MiB, 3450 MiB, 29045 MiB, 265.88 W, 59
2026/06/18 12:15:59.422, 0, Tesla V100-SXM2-32GB, 95 %, 54 %, 32768 MiB, 3450 MiB, 29045 MiB, 250.75 W, 58
2026/06/18 12:16:00.424, 0, Tesla V100-SXM2-32GB, 95 %, 54 %, 32768 MiB, 3450 MiB, 29045 MiB, 266.83 W, 59
2026/06/18 12:16:01.426, 0, Tesla V100-SXM2-32GB, 95 %, 56 %, 32768 MiB, 3450 MiB, 29045 MiB, 269.99 W, 59
2026/06/18 12:16:02.428, 0, Tesla V100-SXM2-32GB, 96 %, 58 %, 32768 MiB, 3450 MiB, 29045 MiB, 272.85 W, 59
2026/06/18 12:16:03.430, 0, Tesla V100-SXM2-32GB, 96 %, 59 %, 32768 MiB, 3450 MiB, 29045 MiB, 269.99 W, 59
2026/06/18 12:16:04.432, 0, Tesla V100-SXM2-32GB, 95 %, 59 %, 32768 MiB, 3450 MiB, 29045 MiB, 268.85 W, 59
2026/06/18 12:16:05.434, 0, Tesla V100-SXM2-32GB, 95 %, 60 %, 32768 MiB, 3450 MiB, 29045 MiB, 270.83 W, 59
2026/06/18 12:16:06.436, 0, Tesla V100-SXM2-32GB, 95 %, 60 %, 32768 MiB, 3450 MiB, 29045 MiB, 269.87 W, 59
2026/06/18 12:16:07.438, 0, Tesla V100-SXM2-32GB, 95 %, 57 %, 32768 MiB, 3450 MiB, 29045 MiB, 265.58 W, 58
2026/06/18 12:16:08.440, 0, Tesla V100-SXM2-32GB, 95 %, 58 %, 32768 MiB, 3450 MiB, 29045 MiB, 278.44 W, 59
2026/06/18 12:16:09.442, 0, Tesla V100-SXM2-32GB, 95 %, 60 %, 32768 MiB, 3450 MiB, 29045 MiB, 267.37 W, 59
2026/06/18 12:16:10.444, 0, Tesla V100-SXM2-32GB, 95 %, 60 %, 32768 MiB, 3450 MiB, 29045 MiB, 269.40 W, 59
2026/06/18 12:16:11.447, 0, Tesla V100-SXM2-32GB, 95 %, 60 %, 32768 MiB, 3450 MiB, 29045 MiB, 272.44 W, 59
2026/06/18 12:16:12.448, 0, Tesla V100-SXM2-32GB, 95 %, 59 %, 32768 MiB, 3450 MiB, 29045 MiB, 268.74 W, 59
2026/06/18 12:16:13.451, 0, Tesla V100-SXM2-32GB, 95 %, 57 %, 32768 MiB, 3450 MiB, 29045 MiB, 269.03 W, 59
2026/06/18 12:16:14.453, 0, Tesla V100-SXM2-32GB, 96 %, 56 %, 32768 MiB, 3450 MiB, 29045 MiB, 278.76 W, 59
2026/06/18 12:16:15.455, 0, Tesla V100-SXM2-32GB, 63 %, 38 %, 32768 MiB, 3450 MiB, 29045 MiB, 92.23 W, 58
2026/06/18 12:16:16.457, 0, Tesla V100-SXM2-32GB, 95 %, 60 %, 32768 MiB, 3450 MiB, 29045 MiB, 273.83 W, 59
2026/06/18 12:16:17.460, 0, Tesla V100-SXM2-32GB, 95 %, 59 %, 32768 MiB, 3450 MiB, 29045 MiB, 270.66 W, 59
2026/06/18 12:16:18.462, 0, Tesla V100-SXM2-32GB, 21 %, 14 %, 32768 MiB, 3450 MiB, 29045 MiB, 261.24 W, 58
2026/06/18 12:16:19.464, 0, Tesla V100-SXM2-32GB, 95 %, 54 %, 32768 MiB, 3450 MiB, 29045 MiB, 237.41 W, 59
2026/06/18 12:16:20.465, 0, Tesla V100-SXM2-32GB, 95 %, 56 %, 32768 MiB, 3450 MiB, 29045 MiB, 218.52 W, 59
2026/06/18 12:16:21.467, 0, Tesla V100-SXM2-32GB, 96 %, 57 %, 32768 MiB, 3450 MiB, 29045 MiB, 229.08 W, 60
2026/06/18 12:16:22.469, 0, Tesla V100-SXM2-32GB, 98 %, 55 %, 32768 MiB, 3450 MiB, 29045 MiB, 254.80 W, 59
2026/06/18 12:16:23.470, 0, Tesla V100-SXM2-32GB, 99 %, 55 %, 32768 MiB, 3450 MiB, 29045 MiB, 269.70 W, 60
2026/06/18 12:16:24.472, 0, Tesla V100-SXM2-32GB, 99 %, 54 %, 32768 MiB, 3450 MiB, 29045 MiB, 256.20 W, 60
2026/06/18 12:16:25.474, 0, Tesla V100-SXM2-32GB, 0 %, 0 %, 32768 MiB, 3450 MiB, 29045 MiB, 72.60 W, 53
2026/06/18 12:16:26.475, 0, Tesla V100-SXM2-32GB, 0 %, 0 %, 32768 MiB, 3450 MiB, 29045 MiB, 72.07 W, 52
2026/06/18 12:16:27.476, 0, Tesla V100-SXM2-32GB, 95 %, 54 %, 32768 MiB, 3450 MiB, 29045 MiB, 273.17 W, 57
2026/06/18 12:16:28.478, 0, Tesla V100-SXM2-32GB, 95 %, 56 %, 32768 MiB, 3450 MiB, 29045 MiB, 271.55 W, 58
2026/06/18 12:16:29.479, 0, Tesla V100-SXM2-32GB, 95 %, 57 %, 32768 MiB, 3450 MiB, 29045 MiB, 277.96 W, 59
2026/06/18 12:16:30.481, 0, Tesla V100-SXM2-32GB, 96 %, 58 %, 32768 MiB, 3450 MiB, 29045 MiB, 262.63 W, 59
2026/06/18 12:16:31.482, 0, Tesla V100-SXM2-32GB, 95 %, 58 %, 32768 MiB, 3450 MiB, 29045 MiB, 249.68 W, 59
2026/06/18 12:16:32.483, 0, Tesla V100-SXM2-32GB, 93 %, 59 %, 32768 MiB, 3450 MiB, 29045 MiB, 214.20 W, 59
2026/06/18 12:16:33.485, 0, Tesla V100-SXM2-32GB, 95 %, 55 %, 32768 MiB, 3450 MiB, 29045 MiB, 264.85 W, 59
2026/06/18 12:16:34.486, 0, Tesla V100-SXM2-32GB, 96 %, 57 %, 32768 MiB, 3450 MiB, 29045 MiB, 265.99 W, 59
2026/06/18 12:16:35.488, 0, Tesla V100-SXM2-32GB, 94 %, 58 %, 32768 MiB, 3450 MiB, 29045 MiB, 272.81 W, 59
2026/06/18 12:16:36.489, 0, Tesla V100-SXM2-32GB, 95 %, 60 %, 32768 MiB, 3450 MiB, 29045 MiB, 283.04 W, 59
2026/06/18 12:16:37.491, 0, Tesla V100-SXM2-32GB, 95 %, 59 %, 32768 MiB, 3450 MiB, 29045 MiB, 251.30 W, 59
2026/06/18 12:16:38.492, 0, Tesla V100-SXM2-32GB, 95 %, 56 %, 32768 MiB, 3450 MiB, 29045 MiB, 213.49 W, 60
2026/06/18 12:16:39.493, 0, Tesla V100-SXM2-32GB, 95 %, 54 %, 32768 MiB, 3450 MiB, 29045 MiB, 247.14 W, 59
2026/06/18 12:16:40.498, 0, Tesla V100-SXM2-32GB, 96 %, 58 %, 32768 MiB, 3450 MiB, 29045 MiB, 263.19 W, 60
2026/06/18 12:16:41.499, 0, Tesla V100-SXM2-32GB, 95 %, 60 %, 32768 MiB, 3450 MiB, 29045 MiB, 277.22 W, 59
2026/06/18 12:16:42.501, 0, Tesla V100-SXM2-32GB, 95 %, 60 %, 32768 MiB, 3450 MiB, 29045 MiB, 275.89 W, 59
2026/06/18 12:16:43.502, 0, Tesla V100-SXM2-32GB, 95 %, 59 %, 32768 MiB, 3450 MiB, 29045 MiB, 272.85 W, 60
2026/06/18 12:16:44.504, 0, Tesla V100-SXM2-32GB, 95 %, 58 %, 32768 MiB, 3450 MiB, 29045 MiB, 276.66 W, 60
2026/06/18 12:16:45.505, 0, Tesla V100-SXM2-32GB, 96 %, 58 %, 32768 MiB, 3450 MiB, 29045 MiB, 270.94 W, 60
2026/06/18 12:16:46.506, 0, Tesla V100-SXM2-32GB, 45 %, 27 %, 32768 MiB, 3450 MiB, 29045 MiB, 274.20 W, 59
2026/06/18 12:16:47.508, 0, Tesla V100-SXM2-32GB, 95 %, 60 %, 32768 MiB, 3450 MiB, 29045 MiB, 259.45 W, 59
2026/06/18 12:16:48.509, 0, Tesla V100-SXM2-32GB, 95 %, 61 %, 32768 MiB, 3450 MiB, 29045 MiB, 262.51 W, 60
2026/06/18 12:16:49.511, 0, Tesla V100-SXM2-32GB, 96 %, 59 %, 32768 MiB, 3450 MiB, 29045 MiB, 276.89 W, 59
2026/06/18 12:16:50.512, 0, Tesla V100-SXM2-32GB, 96 %, 54 %, 32768 MiB, 3450 MiB, 29045 MiB, 251.93 W, 60
2026/06/18 12:16:51.514, 0, Tesla V100-SXM2-32GB, 95 %, 54 %, 32768 MiB, 3450 MiB, 29045 MiB, 216.69 W, 60
2026/06/18 12:16:52.515, 0, Tesla V100-SXM2-32GB, 95 %, 54 %, 32768 MiB, 3450 MiB, 29045 MiB, 240.12 W, 59
2026/06/18 12:16:53.516, 0, Tesla V100-SXM2-32GB, 95 %, 56 %, 32768 MiB, 3450 MiB, 29045 MiB, 253.33 W, 59
2026/06/18 12:16:54.518, 0, Tesla V100-SXM2-32GB, 96 %, 57 %, 32768 MiB, 3450 MiB, 29045 MiB, 269.21 W, 60
2026/06/18 12:16:55.520, 0, Tesla V100-SXM2-32GB, 87 %, 52 %, 32768 MiB, 3450 MiB, 29045 MiB, 258.97 W, 57
2026/06/18 12:16:56.522, 0, Tesla V100-SXM2-32GB, 95 %, 55 %, 32768 MiB, 3450 MiB, 29045 MiB, 270.48 W, 60
2026/06/18 12:16:57.524, 0, Tesla V100-SXM2-32GB, 96 %, 54 %, 32768 MiB, 3450 MiB, 29045 MiB, 276.53 W, 60
2026/06/18 12:16:58.526, 0, Tesla V100-SXM2-32GB, 95 %, 55 %, 32768 MiB, 3450 MiB, 29045 MiB, 273.54 W, 60
2026/06/18 12:16:59.528, 0, Tesla V100-SXM2-32GB, 95 %, 55 %, 32768 MiB, 3450 MiB, 29045 MiB, 202.96 W, 60
2026/06/18 12:17:00.529, 0, Tesla V100-SXM2-32GB, 96 %, 57 %, 32768 MiB, 3450 MiB, 29045 MiB, 232.62 W, 60
2026/06/18 12:17:01.531, 0, Tesla V100-SXM2-32GB, 96 %, 59 %, 32768 MiB, 3450 MiB, 29045 MiB, 254.77 W, 60
2026/06/18 12:17:02.532, 0, Tesla V100-SXM2-32GB, 95 %, 60 %, 32768 MiB, 3450 MiB, 29045 MiB, 266.05 W, 60
2026/06/18 12:17:03.534, 0, Tesla V100-SXM2-32GB, 95 %, 60 %, 32768 MiB, 3450 MiB, 29045 MiB, 276.56 W, 60
2026/06/18 12:17:04.535, 0, Tesla V100-SXM2-32GB, 95 %, 60 %, 32768 MiB, 3450 MiB, 29045 MiB, 269.87 W, 60
2026/06/18 12:17:05.536, 0, Tesla V100-SXM2-32GB, 96 %, 59 %, 32768 MiB, 3450 MiB, 29045 MiB, 276.66 W, 60
2026/06/18 12:17:06.538, 0, Tesla V100-SXM2-32GB, 95 %, 54 %, 32768 MiB, 3450 MiB, 29045 MiB, 277.48 W, 60
2026/06/18 12:17:07.539, 0, Tesla V100-SXM2-32GB, 95 %, 55 %, 32768 MiB, 3450 MiB, 29045 MiB, 267.07 W, 60
2026/06/18 12:17:08.541, 0, Tesla V100-SXM2-32GB, 95 %, 57 %, 32768 MiB, 3450 MiB, 29045 MiB, 282.38 W, 60
2026/06/18 12:17:09.542, 0, Tesla V100-SXM2-32GB, 96 %, 58 %, 32768 MiB, 3450 MiB, 29045 MiB, 268.80 W, 60
2026/06/18 12:17:10.543, 0, Tesla V100-SXM2-32GB, 95 %, 59 %, 32768 MiB, 3450 MiB, 29045 MiB, 205.69 W, 60
2026/06/18 12:17:11.545, 0, Tesla V100-SXM2-32GB, 95 %, 60 %, 32768 MiB, 3450 MiB, 29045 MiB, 240.44 W, 60
2026/06/18 12:17:12.546, 0, Tesla V100-SXM2-32GB, 95 %, 60 %, 32768 MiB, 3450 MiB, 29045 MiB, 258.93 W, 60
2026/06/18 12:17:13.548, 0, Tesla V100-SXM2-32GB, 95 %, 59 %, 32768 MiB, 3450 MiB, 29045 MiB, 267.78 W, 60
2026/06/18 12:17:14.549, 0, Tesla V100-SXM2-32GB, 72 %, 45 %, 32768 MiB, 3450 MiB, 29045 MiB, 260.24 W, 59
2026/06/18 12:17:15.550, 0, Tesla V100-SXM2-32GB, 96 %, 55 %, 32768 MiB, 3450 MiB, 29045 MiB, 271.26 W, 60
2026/06/18 12:17:16.552, 0, Tesla V100-SXM2-32GB, 95 %, 56 %, 32768 MiB, 3450 MiB, 29045 MiB, 274.79 W, 61
2026/06/18 12:17:17.553, 0, Tesla V100-SXM2-32GB, 96 %, 58 %, 32768 MiB, 3450 MiB, 29045 MiB, 281.13 W, 61
2026/06/18 12:17:18.555, 0, Tesla V100-SXM2-32GB, 95 %, 59 %, 32768 MiB, 3450 MiB, 29045 MiB, 275.09 W, 61
2026/06/18 12:17:19.556, 0, Tesla V100-SXM2-32GB, 95 %, 60 %, 32768 MiB, 3450 MiB, 29045 MiB, 274.43 W, 61
2026/06/18 12:17:20.557, 0, Tesla V100-SXM2-32GB, 95 %, 60 %, 32768 MiB, 3450 MiB, 29045 MiB, 230.21 W, 61
2026/06/18 12:17:21.559, 0, Tesla V100-SXM2-32GB, 95 %, 58 %, 32768 MiB, 3450 MiB, 29045 MiB, 256.23 W, 61
2026/06/18 12:17:22.560, 0, Tesla V100-SXM2-32GB, 95 %, 60 %, 32768 MiB, 3450 MiB, 29045 MiB, 267.67 W, 61
2026/06/18 12:17:23.562, 0, Tesla V100-SXM2-32GB, 95 %, 60 %, 32768 MiB, 3450 MiB, 29045 MiB, 278.94 W, 61
2026/06/18 12:17:24.564, 0, Tesla V100-SXM2-32GB, 95 %, 60 %, 32768 MiB, 3450 MiB, 29045 MiB, 230.86 W, 61
2026/06/18 12:17:25.566, 0, Tesla V100-SXM2-32GB, 95 %, 58 %, 32768 MiB, 3450 MiB, 29045 MiB, 236.77 W, 61
2026/06/18 12:17:26.568, 0, Tesla V100-SXM2-32GB, 95 %, 56 %, 32768 MiB, 3450 MiB, 29045 MiB, 254.29 W, 61
2026/06/18 12:17:27.571, 0, Tesla V100-SXM2-32GB, 96 %, 56 %, 32768 MiB, 3450 MiB, 29045 MiB, 265.70 W, 61
2026/06/18 12:17:28.573, 0, Tesla V100-SXM2-32GB, 96 %, 55 %, 32768 MiB, 3450 MiB, 29045 MiB, 274.57 W, 61
2026/06/18 12:17:29.575, 0, Tesla V100-SXM2-32GB, 95 %, 54 %, 32768 MiB, 3450 MiB, 29045 MiB, 279.71 W, 61
2026/06/18 12:17:30.576, 0, Tesla V100-SXM2-32GB, 95 %, 54 %, 32768 MiB, 3450 MiB, 29045 MiB, 270.65 W, 61
2026/06/18 12:17:31.578, 0, Tesla V100-SXM2-32GB, 95 %, 55 %, 32768 MiB, 3450 MiB, 29045 MiB, 272.08 W, 61
2026/06/18 12:17:32.581, 0, Tesla V100-SXM2-32GB, 95 %, 57 %, 32768 MiB, 3450 MiB, 29045 MiB, 269.81 W, 61
2026/06/18 12:17:33.583, 0, Tesla V100-SXM2-32GB, 96 %, 58 %, 32768 MiB, 3450 MiB, 29045 MiB, 263.91 W, 61
2026/06/18 12:17:34.585, 0, Tesla V100-SXM2-32GB, 94 %, 58 %, 32768 MiB, 3450 MiB, 29045 MiB, 275.71 W, 61
2026/06/18 12:17:35.586, 0, Tesla V100-SXM2-32GB, 95 %, 60 %, 32768 MiB, 3450 MiB, 29045 MiB, 268.38 W, 61
2026/06/18 12:17:36.589, 0, Tesla V100-SXM2-32GB, 95 %, 60 %, 32768 MiB, 3450 MiB, 29045 MiB, 270.46 W, 61
2026/06/18 12:17:37.591, 0, Tesla V100-SXM2-32GB, 96 %, 60 %, 32768 MiB, 3450 MiB, 29045 MiB, 282.20 W, 61
2026/06/18 12:17:38.593, 0, Tesla V100-SXM2-32GB, 95 %, 60 %, 32768 MiB, 3450 MiB, 29045 MiB, 263.14 W, 61
2026/06/18 12:17:39.594, 0, Tesla V100-SXM2-32GB, 95 %, 60 %, 32768 MiB, 3450 MiB, 29045 MiB, 277.62 W, 61
2026/06/18 12:17:40.596, 0, Tesla V100-SXM2-32GB, 95 %, 57 %, 32768 MiB, 3450 MiB, 29045 MiB, 275.52 W, 61
2026/06/18 12:17:41.599, 0, Tesla V100-SXM2-32GB, 42 %, 26 %, 32768 MiB, 3450 MiB, 29045 MiB, 274.08 W, 60
2026/06/18 12:17:42.601, 0, Tesla V100-SXM2-32GB, 95 %, 60 %, 32768 MiB, 3450 MiB, 29045 MiB, 264.25 W, 61
2026/06/18 12:17:43.602, 0, Tesla V100-SXM2-32GB, 76 %, 46 %, 32768 MiB, 3450 MiB, 29045 MiB, 264.30 W, 60
2026/06/18 12:17:44.603, 0, Tesla V100-SXM2-32GB, 95 %, 60 %, 32768 MiB, 3450 MiB, 29045 MiB, 277.86 W, 61
2026/06/18 12:17:45.605, 0, Tesla V100-SXM2-32GB, 95 %, 57 %, 32768 MiB, 3450 MiB, 29045 MiB, 275.86 W, 61
2026/06/18 12:17:46.606, 0, Tesla V100-SXM2-32GB, 99 %, 55 %, 32768 MiB, 3450 MiB, 29045 MiB, 265.10 W, 61
2026/06/18 12:17:47.609, 0, Tesla V100-SXM2-32GB, 99 %, 55 %, 32768 MiB, 3450 MiB, 29045 MiB, 273.91 W, 61
2026/06/18 12:17:48.611, 0, Tesla V100-SXM2-32GB, 99 %, 55 %, 32768 MiB, 3450 MiB, 29045 MiB, 270.17 W, 61
2026/06/18 12:17:49.614, 0, Tesla V100-SXM2-32GB, 0 %, 0 %, 32768 MiB, 3450 MiB, 29045 MiB, 74.05 W, 55
2026/06/18 12:17:50.615, 0, Tesla V100-SXM2-32GB, 6 %, 0 %, 32768 MiB, 3450 MiB, 29045 MiB, 73.37 W, 54
2026/06/18 12:17:51.616, 0, Tesla V100-SXM2-32GB, 96 %, 54 %, 32768 MiB, 3450 MiB, 29045 MiB, 259.28 W, 58
2026/06/18 12:17:52.618, 0, Tesla V100-SXM2-32GB, 95 %, 56 %, 32768 MiB, 3450 MiB, 29045 MiB, 281.32 W, 59
2026/06/18 12:17:53.619, 0, Tesla V100-SXM2-32GB, 96 %, 58 %, 32768 MiB, 3450 MiB, 29045 MiB, 266.77 W, 60
2026/06/18 12:17:54.620, 0, Tesla V100-SXM2-32GB, 95 %, 60 %, 32768 MiB, 3450 MiB, 29045 MiB, 186.09 W, 60
2026/06/18 12:17:55.622, 0, Tesla V100-SXM2-32GB, 95 %, 60 %, 32768 MiB, 3450 MiB, 29045 MiB, 256.37 W, 60
2026/06/18 12:17:56.623, 0, Tesla V100-SXM2-32GB, 96 %, 60 %, 32768 MiB, 3450 MiB, 29045 MiB, 270.17 W, 60
2026/06/18 12:17:57.625, 0, Tesla V100-SXM2-32GB, 95 %, 58 %, 32768 MiB, 3450 MiB, 29045 MiB, 278.57 W, 60
2026/06/18 12:17:58.626, 0, Tesla V100-SXM2-32GB, 96 %, 56 %, 32768 MiB, 3450 MiB, 29045 MiB, 283.43 W, 61
2026/06/18 12:17:59.627, 0, Tesla V100-SXM2-32GB, 96 %, 55 %, 32768 MiB, 3450 MiB, 29045 MiB, 278.86 W, 61
2026/06/18 12:18:00.629, 0, Tesla V100-SXM2-32GB, 96 %, 54 %, 32768 MiB, 3450 MiB, 29045 MiB, 276.48 W, 61
2026/06/18 12:18:01.630, 0, Tesla V100-SXM2-32GB, 95 %, 56 %, 32768 MiB, 3450 MiB, 29045 MiB, 270.94 W, 61
2026/06/18 12:18:02.632, 0, Tesla V100-SXM2-32GB, 96 %, 58 %, 32768 MiB, 3450 MiB, 29045 MiB, 278.67 W, 61
2026/06/18 12:18:03.633, 0, Tesla V100-SXM2-32GB, 94 %, 58 %, 32768 MiB, 3450 MiB, 29045 MiB, 269.15 W, 61
2026/06/18 12:18:04.634, 0, Tesla V100-SXM2-32GB, 95 %, 60 %, 32768 MiB, 3450 MiB, 29045 MiB, 279.81 W, 61
2026/06/18 12:18:05.636, 0, Tesla V100-SXM2-32GB, 96 %, 60 %, 32768 MiB, 3450 MiB, 29045 MiB, 233.91 W, 61
2026/06/18 12:18:06.637, 0, Tesla V100-SXM2-32GB, 95 %, 59 %, 32768 MiB, 3450 MiB, 29045 MiB, 224.21 W, 61
2026/06/18 12:18:07.639, 0, Tesla V100-SXM2-32GB, 95 %, 58 %, 32768 MiB, 3450 MiB, 29045 MiB, 255.51 W, 61
2026/06/18 12:18:08.640, 0, Tesla V100-SXM2-32GB, 96 %, 56 %, 32768 MiB, 3450 MiB, 29045 MiB, 270.94 W, 61
2026/06/18 12:18:09.642, 0, Tesla V100-SXM2-32GB, 96 %, 54 %, 32768 MiB, 3450 MiB, 29045 MiB, 251.42 W, 60
2026/06/18 12:18:10.644, 0, Tesla V100-SXM2-32GB, 0 %, 0 %, 32768 MiB, 3450 MiB, 29045 MiB, 77.50 W, 56
2026/06/18 12:18:11.646, 0, Tesla V100-SXM2-32GB, 39 %, 22 %, 32768 MiB, 3450 MiB, 29045 MiB, 160.92 W, 56
2026/06/18 12:18:12.647, 0, Tesla V100-SXM2-32GB, 0 %, 0 %, 32768 MiB, 3450 MiB, 29045 MiB, 75.98 W, 54
2026/06/18 12:18:13.657, 0, Tesla V100-SXM2-32GB, 0 %, 0 %, 32768 MiB, 3450 MiB, 29045 MiB, 72.26 W, 53
2026/06/18 12:18:14.658, 0, Tesla V100-SXM2-32GB, 0 %, 0 %, 32768 MiB, 3450 MiB, 29045 MiB, 72.26 W, 52
2026/06/18 12:18:15.660, 0, Tesla V100-SXM2-32GB, 96 %, 55 %, 32768 MiB, 3450 MiB, 29045 MiB, 258.55 W, 57
2026/06/18 12:18:16.661, 0, Tesla V100-SXM2-32GB, 96 %, 54 %, 32768 MiB, 3450 MiB, 29045 MiB, 277.62 W, 58
2026/06/18 12:18:17.662, 0, Tesla V100-SXM2-32GB, 96 %, 56 %, 32768 MiB, 3450 MiB, 29045 MiB, 275.92 W, 58
2026/06/18 12:18:18.664, 0, Tesla V100-SXM2-32GB, 96 %, 58 %, 32768 MiB, 3450 MiB, 29045 MiB, 264.21 W, 59
2026/06/18 12:18:19.666, 0, Tesla V100-SXM2-32GB, 95 %, 58 %, 32768 MiB, 3450 MiB, 29045 MiB, 264.09 W, 59
2026/06/18 12:18:20.668, 0, Tesla V100-SXM2-32GB, 95 %, 60 %, 32768 MiB, 3450 MiB, 29045 MiB, 261.83 W, 59
2026/06/18 12:18:21.669, 0, Tesla V100-SXM2-32GB, 95 %, 60 %, 32768 MiB, 3450 MiB, 29045 MiB, 263.44 W, 59
2026/06/18 12:18:22.671, 0, Tesla V100-SXM2-32GB, 95 %, 59 %, 32768 MiB, 3450 MiB, 29045 MiB, 279.44 W, 60
2026/06/18 12:18:23.672, 0, Tesla V100-SXM2-32GB, 95 %, 57 %, 32768 MiB, 3450 MiB, 29045 MiB, 276.95 W, 60
2026/06/18 12:18:24.674, 0, Tesla V100-SXM2-32GB, 96 %, 56 %, 32768 MiB, 3450 MiB, 29045 MiB, 270.53 W, 60
2026/06/18 12:18:25.676, 0, Tesla V100-SXM2-32GB, 96 %, 56 %, 32768 MiB, 3450 MiB, 29045 MiB, 264.14 W, 60
2026/06/18 12:18:26.677, 0, Tesla V100-SXM2-32GB, 96 %, 55 %, 32768 MiB, 3450 MiB, 29045 MiB, 197.91 W, 60
2026/06/18 12:18:27.678, 0, Tesla V100-SXM2-32GB, 95 %, 54 %, 32768 MiB, 3450 MiB, 29045 MiB, 235.98 W, 60
2026/06/18 12:18:28.680, 0, Tesla V100-SXM2-32GB, 95 %, 56 %, 32768 MiB, 3450 MiB, 29045 MiB, 259.98 W, 60
2026/06/18 12:18:29.681, 0, Tesla V100-SXM2-32GB, 96 %, 58 %, 32768 MiB, 3450 MiB, 29045 MiB, 277.99 W, 60
2026/06/18 12:18:30.683, 0, Tesla V100-SXM2-32GB, 95 %, 60 %, 32768 MiB, 3450 MiB, 29045 MiB, 274.28 W, 60
2026/06/18 12:18:31.684, 0, Tesla V100-SXM2-32GB, 95 %, 60 %, 32768 MiB, 3450 MiB, 29045 MiB, 274.94 W, 60
2026/06/18 12:18:32.685, 0, Tesla V100-SXM2-32GB, 94 %, 60 %, 32768 MiB, 3450 MiB, 29045 MiB, 272.01 W, 60
2026/06/18 12:18:33.687, 0, Tesla V100-SXM2-32GB, 94 %, 58 %, 32768 MiB, 3450 MiB, 29045 MiB, 265.34 W, 60
2026/06/18 12:18:34.688, 0, Tesla V100-SXM2-32GB, 95 %, 58 %, 32768 MiB, 3450 MiB, 29045 MiB, 262.66 W, 60
2026/06/18 12:18:35.690, 0, Tesla V100-SXM2-32GB, 90 %, 55 %, 32768 MiB, 3450 MiB, 29045 MiB, 198.04 W, 60
2026/06/18 12:18:36.691, 0, Tesla V100-SXM2-32GB, 95 %, 58 %, 32768 MiB, 3450 MiB, 29045 MiB, 263.44 W, 60
2026/06/18 12:18:37.692, 0, Tesla V100-SXM2-32GB, 96 %, 56 %, 32768 MiB, 3450 MiB, 29045 MiB, 267.72 W, 60
2026/06/18 12:18:38.694, 0, Tesla V100-SXM2-32GB, 96 %, 54 %, 32768 MiB, 3450 MiB, 29045 MiB, 281.43 W, 60
2026/06/18 12:18:39.695, 0, Tesla V100-SXM2-32GB, 96 %, 55 %, 32768 MiB, 3450 MiB, 29045 MiB, 276.85 W, 61
2026/06/18 12:18:40.697, 0, Tesla V100-SXM2-32GB, 96 %, 57 %, 32768 MiB, 3450 MiB, 29045 MiB, 253.91 W, 61
2026/06/18 12:18:41.698, 0, Tesla V100-SXM2-32GB, 96 %, 58 %, 32768 MiB, 3450 MiB, 29045 MiB, 223.86 W, 61
2026/06/18 12:18:42.700, 0, Tesla V100-SXM2-32GB, 95 %, 60 %, 32768 MiB, 3450 MiB, 29045 MiB, 268.80 W, 60
2026/06/18 12:18:43.701, 0, Tesla V100-SXM2-32GB, 95 %, 60 %, 32768 MiB, 3450 MiB, 29045 MiB, 277.99 W, 60
2026/06/18 12:18:44.703, 0, Tesla V100-SXM2-32GB, 96 %, 57 %, 32768 MiB, 3450 MiB, 29045 MiB, 278.76 W, 60
2026/06/18 12:18:45.705, 0, Tesla V100-SXM2-32GB, 95 %, 59 %, 32768 MiB, 3450 MiB, 29045 MiB, 278.47 W, 61
2026/06/18 12:18:46.708, 0, Tesla V100-SXM2-32GB, 95 %, 60 %, 32768 MiB, 3450 MiB, 29045 MiB, 274.28 W, 61
2026/06/18 12:18:47.710, 0, Tesla V100-SXM2-32GB, 95 %, 60 %, 32768 MiB, 3450 MiB, 29045 MiB, 280.19 W, 61
2026/06/18 12:18:48.711, 0, Tesla V100-SXM2-32GB, 95 %, 59 %, 32768 MiB, 3450 MiB, 29045 MiB, 272.19 W, 61
2026/06/18 12:18:49.713, 0, Tesla V100-SXM2-32GB, 95 %, 57 %, 32768 MiB, 3450 MiB, 29045 MiB, 282.10 W, 61
2026/06/18 12:18:50.715, 0, Tesla V100-SXM2-32GB, 96 %, 55 %, 32768 MiB, 3450 MiB, 29045 MiB, 251.39 W, 61
2026/06/18 12:18:51.716, 0, Tesla V100-SXM2-32GB, 95 %, 56 %, 32768 MiB, 3450 MiB, 29045 MiB, 246.79 W, 61
2026/06/18 12:18:52.718, 0, Tesla V100-SXM2-32GB, 95 %, 59 %, 32768 MiB, 3450 MiB, 29045 MiB, 258.24 W, 60
2026/06/18 12:18:53.719, 0, Tesla V100-SXM2-32GB, 96 %, 59 %, 32768 MiB, 3450 MiB, 29045 MiB, 276.29 W, 61
2026/06/18 12:18:54.720, 0, Tesla V100-SXM2-32GB, 96 %, 56 %, 32768 MiB, 3450 MiB, 29045 MiB, 282.48 W, 61
2026/06/18 12:18:55.722, 0, Tesla V100-SXM2-32GB, 96 %, 55 %, 32768 MiB, 3450 MiB, 29045 MiB, 281.24 W, 61
2026/06/18 12:18:56.723, 0, Tesla V100-SXM2-32GB, 96 %, 56 %, 32768 MiB, 3450 MiB, 29045 MiB, 265.34 W, 61
2026/06/18 12:18:57.725, 0, Tesla V100-SXM2-32GB, 96 %, 58 %, 32768 MiB, 3450 MiB, 29045 MiB, 273.91 W, 61
2026/06/18 12:18:58.726, 0, Tesla V100-SXM2-32GB, 95 %, 60 %, 32768 MiB, 3450 MiB, 29045 MiB, 277.91 W, 61
2026/06/18 12:18:59.728, 0, Tesla V100-SXM2-32GB, 96 %, 60 %, 32768 MiB, 3450 MiB, 29045 MiB, 274.68 W, 61
2026/06/18 12:19:00.729, 0, Tesla V100-SXM2-32GB, 96 %, 60 %, 32768 MiB, 3450 MiB, 29045 MiB, 271.30 W, 61
2026/06/18 12:19:01.731, 0, Tesla V100-SXM2-32GB, 95 %, 58 %, 32768 MiB, 3450 MiB, 29045 MiB, 221.65 W, 61
2026/06/18 12:19:02.732, 0, Tesla V100-SXM2-32GB, 96 %, 56 %, 32768 MiB, 3450 MiB, 29045 MiB, 258.72 W, 61
2026/06/18 12:19:03.734, 0, Tesla V100-SXM2-32GB, 96 %, 55 %, 32768 MiB, 3450 MiB, 29045 MiB, 272.30 W, 61
2026/06/18 12:19:04.735, 0, Tesla V100-SXM2-32GB, 96 %, 55 %, 32768 MiB, 3450 MiB, 29045 MiB, 274.86 W, 61
2026/06/18 12:19:05.737, 0, Tesla V100-SXM2-32GB, 96 %, 57 %, 32768 MiB, 3450 MiB, 29045 MiB, 274.20 W, 61
2026/06/18 12:19:06.738, 0, Tesla V100-SXM2-32GB, 96 %, 59 %, 32768 MiB, 3450 MiB, 29045 MiB, 276.00 W, 61
2026/06/18 12:19:07.739, 0, Tesla V100-SXM2-32GB, 95 %, 60 %, 32768 MiB, 3450 MiB, 29045 MiB, 274.94 W, 61
2026/06/18 12:19:08.741, 0, Tesla V100-SXM2-32GB, 95 %, 60 %, 32768 MiB, 3450 MiB, 29045 MiB, 272.48 W, 61
2026/06/18 12:19:09.742, 0, Tesla V100-SXM2-32GB, 54 %, 31 %, 32768 MiB, 3450 MiB, 29045 MiB, 248.08 W, 58
2026/06/18 12:19:10.744, 0, Tesla V100-SXM2-32GB, 96 %, 56 %, 32768 MiB, 3450 MiB, 29045 MiB, 279.52 W, 61
2026/06/18 12:19:11.745, 0, Tesla V100-SXM2-32GB, 96 %, 58 %, 32768 MiB, 3450 MiB, 29045 MiB, 288.11 W, 61
2026/06/18 12:19:12.746, 0, Tesla V100-SXM2-32GB, 95 %, 59 %, 32768 MiB, 3450 MiB, 29045 MiB, 279.44 W, 61
2026/06/18 12:19:13.748, 0, Tesla V100-SXM2-32GB, 92 %, 55 %, 32768 MiB, 3450 MiB, 29045 MiB, 107.90 W, 60
2026/06/18 12:19:14.749, 0, Tesla V100-SXM2-32GB, 99 %, 55 %, 32768 MiB, 3450 MiB, 29045 MiB, 267.07 W, 61
2026/06/18 12:19:15.750, 0, Tesla V100-SXM2-32GB, 99 %, 55 %, 32768 MiB, 3450 MiB, 29045 MiB, 257.33 W, 61
2026/06/18 12:19:16.752, 0, Tesla V100-SXM2-32GB, 8 %, 0 %, 32768 MiB, 3450 MiB, 29045 MiB, 77.78 W, 57
2026/06/18 12:19:17.754, 0, Tesla V100-SXM2-32GB, 9 %, 0 %, 32768 MiB, 3450 MiB, 29045 MiB, 73.94 W, 54
2026/06/18 12:19:18.755, 0, Tesla V100-SXM2-32GB, 96 %, 56 %, 32768 MiB, 3450 MiB, 29045 MiB, 229.56 W, 57
2026/06/18 12:19:19.757, 0, Tesla V100-SXM2-32GB, 96 %, 58 %, 32768 MiB, 3450 MiB, 29045 MiB, 255.59 W, 59
2026/06/18 12:19:20.758, 0, Tesla V100-SXM2-32GB, 95 %, 60 %, 32768 MiB, 3450 MiB, 29045 MiB, 277.51 W, 60
2026/06/18 12:19:21.760, 0, Tesla V100-SXM2-32GB, 95 %, 60 %, 32768 MiB, 3450 MiB, 29045 MiB, 271.53 W, 60
2026/06/18 12:19:22.761, 0, Tesla V100-SXM2-32GB, 77 %, 49 %, 32768 MiB, 3450 MiB, 29045 MiB, 247.12 W, 59
2026/06/18 12:19:23.766, 0, Tesla V100-SXM2-32GB, 96 %, 54 %, 32768 MiB, 3450 MiB, 29045 MiB, 288.12 W, 60
2026/06/18 12:19:24.767, 0, Tesla V100-SXM2-32GB, 96 %, 56 %, 32768 MiB, 3450 MiB, 29045 MiB, 258.59 W, 61
2026/06/18 12:19:25.769, 0, Tesla V100-SXM2-32GB, 96 %, 58 %, 32768 MiB, 3450 MiB, 29045 MiB, 205.08 W, 61
2026/06/18 12:19:26.771, 0, Tesla V100-SXM2-32GB, 95 %, 59 %, 32768 MiB, 3450 MiB, 29045 MiB, 244.26 W, 60
2026/06/18 12:19:27.772, 0, Tesla V100-SXM2-32GB, 95 %, 60 %, 32768 MiB, 3450 MiB, 29045 MiB, 266.65 W, 60
2026/06/18 12:19:28.773, 0, Tesla V100-SXM2-32GB, 95 %, 60 %, 32768 MiB, 3450 MiB, 29045 MiB, 273.80 W, 61
2026/06/18 12:19:29.775, 0, Tesla V100-SXM2-32GB, 95 %, 59 %, 32768 MiB, 3450 MiB, 29045 MiB, 273.80 W, 60
2026/06/18 12:19:30.776, 0, Tesla V100-SXM2-32GB, 95 %, 57 %, 32768 MiB, 3450 MiB, 29045 MiB, 276.11 W, 60
2026/06/18 12:19:31.778, 0, Tesla V100-SXM2-32GB, 95 %, 58 %, 32768 MiB, 3450 MiB, 29045 MiB, 277.91 W, 61
2026/06/18 12:19:32.779, 0, Tesla V100-SXM2-32GB, 95 %, 60 %, 32768 MiB, 3450 MiB, 29045 MiB, 276.48 W, 61
2026/06/18 12:19:33.780, 0, Tesla V100-SXM2-32GB, 96 %, 60 %, 32768 MiB, 3450 MiB, 29045 MiB, 274.57 W, 61
2026/06/18 12:19:34.782, 0, Tesla V100-SXM2-32GB, 95 %, 59 %, 32768 MiB, 3450 MiB, 29045 MiB, 275.63 W, 61
2026/06/18 12:19:35.783, 0, Tesla V100-SXM2-32GB, 95 %, 57 %, 32768 MiB, 3450 MiB, 29045 MiB, 274.76 W, 61
2026/06/18 12:19:36.787, 0, Tesla V100-SXM2-32GB, 96 %, 56 %, 32768 MiB, 3450 MiB, 29045 MiB, 262.06 W, 61
2026/06/18 12:19:37.790, 0, Tesla V100-SXM2-32GB, 63 %, 38 %, 32768 MiB, 3450 MiB, 29045 MiB, 272.55 W, 60
2026/06/18 12:19:38.793, 0, Tesla V100-SXM2-32GB, 96 %, 57 %, 32768 MiB, 3450 MiB, 29045 MiB, 279.52 W, 60
2026/06/18 12:19:39.796, 0, Tesla V100-SXM2-32GB, 96 %, 59 %, 32768 MiB, 3450 MiB, 29045 MiB, 282.57 W, 61
2026/06/18 12:19:40.799, 0, Tesla V100-SXM2-32GB, 95 %, 60 %, 32768 MiB, 3450 MiB, 29045 MiB, 276.48 W, 61
2026/06/18 12:19:41.801, 0, Tesla V100-SXM2-32GB, 95 %, 60 %, 32768 MiB, 3450 MiB, 29045 MiB, 279.81 W, 61
2026/06/18 12:19:42.804, 0, Tesla V100-SXM2-32GB, 95 %, 59 %, 32768 MiB, 3450 MiB, 29045 MiB, 277.14 W, 61
2026/06/18 12:19:43.807, 0, Tesla V100-SXM2-32GB, 95 %, 58 %, 32768 MiB, 3450 MiB, 29045 MiB, 273.25 W, 61
2026/06/18 12:19:44.811, 0, Tesla V100-SXM2-32GB, 95 %, 56 %, 32768 MiB, 3450 MiB, 29045 MiB, 259.63 W, 61
2026/06/18 12:19:45.815, 0, Tesla V100-SXM2-32GB, 96 %, 55 %, 32768 MiB, 3450 MiB, 29045 MiB, 229.94 W, 61
2026/06/18 12:19:46.817, 0, Tesla V100-SXM2-32GB, 96 %, 55 %, 32768 MiB, 3450 MiB, 29045 MiB, 242.34 W, 61
2026/06/18 12:19:47.820, 0, Tesla V100-SXM2-32GB, 96 %, 56 %, 32768 MiB, 3450 MiB, 29045 MiB, 272.85 W, 61
2026/06/18 12:19:48.823, 0, Tesla V100-SXM2-32GB, 96 %, 59 %, 32768 MiB, 3450 MiB, 29045 MiB, 282.29 W, 61
2026/06/18 12:19:49.825, 0, Tesla V100-SXM2-32GB, 96 %, 61 %, 32768 MiB, 3450 MiB, 29045 MiB, 281.24 W, 61
2026/06/18 12:19:50.829, 0, Tesla V100-SXM2-32GB, 96 %, 61 %, 32768 MiB, 3450 MiB, 29045 MiB, 263.61 W, 61
2026/06/18 12:19:51.831, 0, Tesla V100-SXM2-32GB, 87 %, 54 %, 32768 MiB, 3450 MiB, 29045 MiB, 148.82 W, 60
2026/06/18 12:19:52.835, 0, Tesla V100-SXM2-32GB, 88 %, 51 %, 32768 MiB, 3450 MiB, 29045 MiB, 271.85 W, 61
2026/06/18 12:19:53.837, 0, Tesla V100-SXM2-32GB, 95 %, 55 %, 32768 MiB, 3450 MiB, 29045 MiB, 252.88 W, 61
2026/06/18 12:19:54.840, 0, Tesla V100-SXM2-32GB, 96 %, 58 %, 32768 MiB, 3450 MiB, 29045 MiB, 275.20 W, 61
2026/06/18 12:19:55.842, 0, Tesla V100-SXM2-32GB, 95 %, 59 %, 32768 MiB, 3450 MiB, 29045 MiB, 279.80 W, 61
2026/06/18 12:19:56.845, 0, Tesla V100-SXM2-32GB, 95 %, 60 %, 32768 MiB, 3450 MiB, 29045 MiB, 283.14 W, 61
2026/06/18 12:19:57.847, 0, Tesla V100-SXM2-32GB, 95 %, 58 %, 32768 MiB, 3450 MiB, 29045 MiB, 277.88 W, 61
2026/06/18 12:19:58.850, 0, Tesla V100-SXM2-32GB, 96 %, 56 %, 32768 MiB, 3450 MiB, 29045 MiB, 280.65 W, 61
2026/06/18 12:19:59.854, 0, Tesla V100-SXM2-32GB, 95 %, 55 %, 32768 MiB, 3450 MiB, 29045 MiB, 278.76 W, 61
2026/06/18 12:20:00.857, 0, Tesla V100-SXM2-32GB, 95 %, 59 %, 32768 MiB, 3450 MiB, 29045 MiB, 269.15 W, 61
2026/06/18 12:20:01.862, 0, Tesla V100-SXM2-32GB, 96 %, 60 %, 32768 MiB, 3450 MiB, 29045 MiB, 257.11 W, 61
2026/06/18 12:20:02.864, 0, Tesla V100-SXM2-32GB, 95 %, 59 %, 32768 MiB, 3450 MiB, 29045 MiB, 230.72 W, 61
2026/06/18 12:20:03.868, 0, Tesla V100-SXM2-32GB, 95 %, 57 %, 32768 MiB, 3450 MiB, 29045 MiB, 245.67 W, 61
2026/06/18 12:20:04.869, 0, Tesla V100-SXM2-32GB, 63 %, 38 %, 32768 MiB, 3450 MiB, 29045 MiB, 276.45 W, 60
2026/06/18 12:20:05.870, 0, Tesla V100-SXM2-32GB, 95 %, 61 %, 32768 MiB, 3450 MiB, 29045 MiB, 282.96 W, 61
2026/06/18 12:20:06.872, 0, Tesla V100-SXM2-32GB, 95 %, 59 %, 32768 MiB, 3450 MiB, 29045 MiB, 256.12 W, 61
2026/06/18 12:20:07.874, 0, Tesla V100-SXM2-32GB, 95 %, 57 %, 32768 MiB, 3450 MiB, 29045 MiB, 213.58 W, 61
2026/06/18 12:20:08.875, 0, Tesla V100-SXM2-32GB, 96 %, 56 %, 32768 MiB, 3450 MiB, 29045 MiB, 244.09 W, 61
2026/06/18 12:20:09.878, 0, Tesla V100-SXM2-32GB, 96 %, 55 %, 32768 MiB, 3450 MiB, 29045 MiB, 268.14 W, 61
2026/06/18 12:20:10.881, 0, Tesla V100-SXM2-32GB, 86 %, 56 %, 32768 MiB, 3450 MiB, 29045 MiB, 263.79 W, 61
2026/06/18 12:20:11.883, 0, Tesla V100-SXM2-32GB, 96 %, 58 %, 32768 MiB, 3450 MiB, 29045 MiB, 273.80 W, 61
2026/06/18 12:20:12.884, 0, Tesla V100-SXM2-32GB, 95 %, 59 %, 32768 MiB, 3450 MiB, 29045 MiB, 274.76 W, 61
2026/06/18 12:20:13.886, 0, Tesla V100-SXM2-32GB, 95 %, 60 %, 32768 MiB, 3450 MiB, 29045 MiB, 265.04 W, 61
2026/06/18 12:20:14.888, 0, Tesla V100-SXM2-32GB, 95 %, 60 %, 32768 MiB, 3450 MiB, 29045 MiB, 280.77 W, 61
2026/06/18 12:20:15.891, 0, Tesla V100-SXM2-32GB, 95 %, 59 %, 32768 MiB, 3450 MiB, 29045 MiB, 268.14 W, 61
2026/06/18 12:20:16.894, 0, Tesla V100-SXM2-32GB, 95 %, 57 %, 32768 MiB, 3450 MiB, 29045 MiB, 278.28 W, 61
2026/06/18 12:20:17.895, 0, Tesla V100-SXM2-32GB, 96 %, 56 %, 32768 MiB, 3450 MiB, 29045 MiB, 232.80 W, 61
2026/06/18 12:20:18.897, 0, Tesla V100-SXM2-32GB, 96 %, 55 %, 32768 MiB, 3450 MiB, 29045 MiB, 223.41 W, 61
2026/06/18 12:20:19.899, 0, Tesla V100-SXM2-32GB, 96 %, 54 %, 32768 MiB, 3450 MiB, 29045 MiB, 265.10 W, 61
2026/06/18 12:20:20.901, 0, Tesla V100-SXM2-32GB, 96 %, 56 %, 32768 MiB, 3450 MiB, 29045 MiB, 273.80 W, 61
2026/06/18 12:20:21.902, 0, Tesla V100-SXM2-32GB, 96 %, 58 %, 32768 MiB, 3450 MiB, 29045 MiB, 274.76 W, 61
2026/06/18 12:20:22.904, 0, Tesla V100-SXM2-32GB, 95 %, 60 %, 32768 MiB, 3450 MiB, 29045 MiB, 275.05 W, 61
2026/06/18 12:20:23.906, 0, Tesla V100-SXM2-32GB, 96 %, 60 %, 32768 MiB, 3450 MiB, 29045 MiB, 263.91 W, 61
2026/06/18 12:20:24.908, 0, Tesla V100-SXM2-32GB, 95 %, 59 %, 32768 MiB, 3450 MiB, 29045 MiB, 263.44 W, 61
2026/06/18 12:20:25.911, 0, Tesla V100-SXM2-32GB, 95 %, 57 %, 32768 MiB, 3450 MiB, 29045 MiB, 268.67 W, 61
2026/06/18 12:20:26.913, 0, Tesla V100-SXM2-32GB, 96 %, 56 %, 32768 MiB, 3450 MiB, 29045 MiB, 276.19 W, 62
2026/06/18 12:20:27.915, 0, Tesla V100-SXM2-32GB, 96 %, 55 %, 32768 MiB, 3450 MiB, 29045 MiB, 238.51 W, 62
2026/06/18 12:20:28.917, 0, Tesla V100-SXM2-32GB, 96 %, 55 %, 32768 MiB, 3450 MiB, 29045 MiB, 247.58 W, 61
2026/06/18 12:20:29.921, 0, Tesla V100-SXM2-32GB, 96 %, 58 %, 32768 MiB, 3450 MiB, 29045 MiB, 265.04 W, 61
2026/06/18 12:20:30.922, 0, Tesla V100-SXM2-32GB, 95 %, 59 %, 32768 MiB, 3450 MiB, 29045 MiB, 277.72 W, 61
2026/06/18 12:20:31.923, 0, Tesla V100-SXM2-32GB, 95 %, 60 %, 32768 MiB, 3450 MiB, 29045 MiB, 277.91 W, 61
2026/06/18 12:20:32.925, 0, Tesla V100-SXM2-32GB, 69 %, 43 %, 32768 MiB, 3450 MiB, 29045 MiB, 279.03 W, 60
2026/06/18 12:20:33.927, 0, Tesla V100-SXM2-32GB, 95 %, 60 %, 32768 MiB, 3450 MiB, 29045 MiB, 274.83 W, 61
2026/06/18 12:20:34.929, 0, Tesla V100-SXM2-32GB, 96 %, 59 %, 32768 MiB, 3450 MiB, 29045 MiB, 278.36 W, 62
2026/06/18 12:20:35.931, 0, Tesla V100-SXM2-32GB, 96 %, 57 %, 32768 MiB, 3450 MiB, 29045 MiB, 272.92 W, 62
2026/06/18 12:20:36.932, 0, Tesla V100-SXM2-32GB, 96 %, 56 %, 32768 MiB, 3450 MiB, 29045 MiB, 284.39 W, 62
2026/06/18 12:20:37.935, 0, Tesla V100-SXM2-32GB, 99 %, 55 %, 32768 MiB, 3450 MiB, 29045 MiB, 283.81 W, 62
2026/06/18 12:20:38.937, 0, Tesla V100-SXM2-32GB, 99 %, 55 %, 32768 MiB, 3450 MiB, 29045 MiB, 252.48 W, 62
2026/06/18 12:20:39.939, 0, Tesla V100-SXM2-32GB, 45 %, 21 %, 32768 MiB, 3450 MiB, 29045 MiB, 78.79 W, 58
2026/06/18 12:20:40.941, 0, Tesla V100-SXM2-32GB, 2 %, 0 %, 32768 MiB, 3450 MiB, 29045 MiB, 74.14 W, 55
2026/06/18 12:20:41.942, 0, Tesla V100-SXM2-32GB, 0 %, 0 %, 32768 MiB, 3450 MiB, 29045 MiB, 72.75 W, 54
2026/06/18 12:20:42.944, 0, Tesla V100-SXM2-32GB, 96 %, 57 %, 32768 MiB, 3450 MiB, 29045 MiB, 265.22 W, 59
2026/06/18 12:20:43.945, 0, Tesla V100-SXM2-32GB, 95 %, 57 %, 32768 MiB, 3450 MiB, 29045 MiB, 267.78 W, 60
2026/06/18 12:20:44.946, 0, Tesla V100-SXM2-32GB, 96 %, 56 %, 32768 MiB, 3450 MiB, 29045 MiB, 223.89 W, 60
2026/06/18 12:20:45.948, 0, Tesla V100-SXM2-32GB, 95 %, 54 %, 32768 MiB, 3450 MiB, 29045 MiB, 238.68 W, 61
2026/06/18 12:20:46.949, 0, Tesla V100-SXM2-32GB, 95 %, 54 %, 32768 MiB, 3450 MiB, 29045 MiB, 264.74 W, 60
2026/06/18 12:20:47.950, 0, Tesla V100-SXM2-32GB, 96 %, 56 %, 32768 MiB, 3450 MiB, 29045 MiB, 273.51 W, 60
2026/06/18 12:20:48.952, 0, Tesla V100-SXM2-32GB, 96 %, 58 %, 32768 MiB, 3450 MiB, 29045 MiB, 280.09 W, 60
2026/06/18 12:20:49.953, 0, Tesla V100-SXM2-32GB, 95 %, 58 %, 32768 MiB, 3450 MiB, 29045 MiB, 283.15 W, 61
2026/06/18 12:20:50.955, 0, Tesla V100-SXM2-32GB, 95 %, 60 %, 32768 MiB, 3450 MiB, 29045 MiB, 275.42 W, 61
2026/06/18 12:20:51.957, 0, Tesla V100-SXM2-32GB, 95 %, 60 %, 32768 MiB, 3450 MiB, 29045 MiB, 277.41 W, 61
2026/06/18 12:20:52.958, 0, Tesla V100-SXM2-32GB, 96 %, 60 %, 32768 MiB, 3450 MiB, 29045 MiB, 266.89 W, 61
2026/06/18 12:20:53.960, 0, Tesla V100-SXM2-32GB, 95 %, 58 %, 32768 MiB, 3450 MiB, 29045 MiB, 263.97 W, 61
2026/06/18 12:20:54.963, 0, Tesla V100-SXM2-32GB, 96 %, 56 %, 32768 MiB, 3450 MiB, 29045 MiB, 274.35 W, 61
2026/06/18 12:20:55.965, 0, Tesla V100-SXM2-32GB, 96 %, 55 %, 32768 MiB, 3450 MiB, 29045 MiB, 272.92 W, 61
2026/06/18 12:20:56.967, 0, Tesla V100-SXM2-32GB, 96 %, 55 %, 32768 MiB, 3450 MiB, 29045 MiB, 239.32 W, 61
2026/06/18 12:20:57.969, 0, Tesla V100-SXM2-32GB, 87 %, 50 %, 32768 MiB, 3450 MiB, 29045 MiB, 222.54 W, 59
2026/06/18 12:20:58.970, 0, Tesla V100-SXM2-32GB, 96 %, 58 %, 32768 MiB, 3450 MiB, 29045 MiB, 259.24 W, 60
2026/06/18 12:20:59.972, 0, Tesla V100-SXM2-32GB, 94 %, 58 %, 32768 MiB, 3450 MiB, 29045 MiB, 203.58 W, 61
2026/06/18 12:21:00.973, 0, Tesla V100-SXM2-32GB, 55 %, 31 %, 32768 MiB, 3450 MiB, 29045 MiB, 226.12 W, 60
2026/06/18 12:21:01.975, 0, Tesla V100-SXM2-32GB, 96 %, 59 %, 32768 MiB, 3450 MiB, 29045 MiB, 257.94 W, 61
2026/06/18 12:21:02.978, 0, Tesla V100-SXM2-32GB, 95 %, 60 %, 32768 MiB, 3450 MiB, 29045 MiB, 272.85 W, 61
2026/06/18 12:21:03.979, 0, Tesla V100-SXM2-32GB, 95 %, 60 %, 32768 MiB, 3450 MiB, 29045 MiB, 276.77 W, 61
2026/06/18 12:21:04.981, 0, Tesla V100-SXM2-32GB, 95 %, 59 %, 32768 MiB, 3450 MiB, 29045 MiB, 281.05 W, 61
2026/06/18 12:21:05.985, 0, Tesla V100-SXM2-32GB, 96 %, 55 %, 32768 MiB, 3450 MiB, 29045 MiB, 268.67 W, 61
2026/06/18 12:21:06.987, 0, Tesla V100-SXM2-32GB, 96 %, 57 %, 32768 MiB, 3450 MiB, 29045 MiB, 265.64 W, 61
2026/06/18 12:21:07.990, 0, Tesla V100-SXM2-32GB, 95 %, 60 %, 32768 MiB, 3450 MiB, 29045 MiB, 275.23 W, 61
2026/06/18 12:21:08.993, 0, Tesla V100-SXM2-32GB, 95 %, 58 %, 32768 MiB, 3450 MiB, 29045 MiB, 272.01 W, 61
2026/06/18 12:21:09.996, 0, Tesla V100-SXM2-32GB, 95 %, 56 %, 32768 MiB, 3450 MiB, 29045 MiB, 276.48 W, 61
2026/06/18 12:21:10.999, 0, Tesla V100-SXM2-32GB, 96 %, 55 %, 32768 MiB, 3450 MiB, 29045 MiB, 277.33 W, 61
2026/06/18 12:21:12.001, 0, Tesla V100-SXM2-32GB, 96 %, 55 %, 32768 MiB, 3450 MiB, 29045 MiB, 216.40 W, 61
2026/06/18 12:21:13.004, 0, Tesla V100-SXM2-32GB, 96 %, 56 %, 32768 MiB, 3450 MiB, 29045 MiB, 245.03 W, 61
2026/06/18 12:21:14.011, 0, Tesla V100-SXM2-32GB, 96 %, 58 %, 32768 MiB, 3450 MiB, 29045 MiB, 275.52 W, 61
2026/06/18 12:21:15.012, 0, Tesla V100-SXM2-32GB, 96 %, 58 %, 32768 MiB, 3450 MiB, 29045 MiB, 278.01 W, 61
2026/06/18 12:21:16.014, 0, Tesla V100-SXM2-32GB, 95 %, 60 %, 32768 MiB, 3450 MiB, 29045 MiB, 274.10 W, 61
2026/06/18 12:21:17.015, 0, Tesla V100-SXM2-32GB, 95 %, 60 %, 32768 MiB, 3450 MiB, 29045 MiB, 275.82 W, 61
2026/06/18 12:21:18.016, 0, Tesla V100-SXM2-32GB, 95 %, 60 %, 32768 MiB, 3450 MiB, 29045 MiB, 273.73 W, 61
2026/06/18 12:21:19.018, 0, Tesla V100-SXM2-32GB, 95 %, 59 %, 32768 MiB, 3450 MiB, 29045 MiB, 271.24 W, 61
2026/06/18 12:21:20.019, 0, Tesla V100-SXM2-32GB, 95 %, 58 %, 32768 MiB, 3450 MiB, 29045 MiB, 272.67 W, 61
2026/06/18 12:21:21.020, 0, Tesla V100-SXM2-32GB, 95 %, 57 %, 32768 MiB, 3450 MiB, 29045 MiB, 275.34 W, 61
2026/06/18 12:21:22.022, 0, Tesla V100-SXM2-32GB, 96 %, 55 %, 32768 MiB, 3450 MiB, 29045 MiB, 265.52 W, 61
2026/06/18 12:21:23.023, 0, Tesla V100-SXM2-32GB, 96 %, 55 %, 32768 MiB, 3450 MiB, 29045 MiB, 264.57 W, 61
2026/06/18 12:21:24.025, 0, Tesla V100-SXM2-32GB, 96 %, 55 %, 32768 MiB, 3450 MiB, 29045 MiB, 284.48 W, 61
2026/06/18 12:21:25.026, 0, Tesla V100-SXM2-32GB, 96 %, 56 %, 32768 MiB, 3450 MiB, 29045 MiB, 267.90 W, 62
2026/06/18 12:21:26.029, 0, Tesla V100-SXM2-32GB, 96 %, 58 %, 32768 MiB, 3450 MiB, 29045 MiB, 215.34 W, 62
2026/06/18 12:21:27.031, 0, Tesla V100-SXM2-32GB, 95 %, 59 %, 32768 MiB, 3450 MiB, 29045 MiB, 256.20 W, 61
2026/06/18 12:21:28.033, 0, Tesla V100-SXM2-32GB, 96 %, 58 %, 32768 MiB, 3450 MiB, 29045 MiB, 222.43 W, 61
2026/06/18 12:21:29.036, 0, Tesla V100-SXM2-32GB, 94 %, 58 %, 32768 MiB, 3450 MiB, 29045 MiB, 234.54 W, 61
2026/06/18 12:21:30.037, 0, Tesla V100-SXM2-32GB, 31 %, 21 %, 32768 MiB, 3450 MiB, 29045 MiB, 194.91 W, 58
2026/06/18 12:21:31.039, 0, Tesla V100-SXM2-32GB, 95 %, 60 %, 32768 MiB, 3450 MiB, 29045 MiB, 262.36 W, 61
2026/06/18 12:21:32.040, 0, Tesla V100-SXM2-32GB, 95 %, 54 %, 32768 MiB, 3450 MiB, 29045 MiB, 277.80 W, 61
2026/06/18 12:21:33.042, 0, Tesla V100-SXM2-32GB, 96 %, 55 %, 32768 MiB, 3450 MiB, 29045 MiB, 281.14 W, 61
2026/06/18 12:21:34.044, 0, Tesla V100-SXM2-32GB, 95 %, 57 %, 32768 MiB, 3450 MiB, 29045 MiB, 287.63 W, 61
2026/06/18 12:21:35.046, 0, Tesla V100-SXM2-32GB, 96 %, 59 %, 32768 MiB, 3450 MiB, 29045 MiB, 276.95 W, 61
2026/06/18 12:21:36.048, 0, Tesla V100-SXM2-32GB, 94 %, 59 %, 32768 MiB, 3450 MiB, 29045 MiB, 273.69 W, 62
2026/06/18 12:21:37.050, 0, Tesla V100-SXM2-32GB, 95 %, 60 %, 32768 MiB, 3450 MiB, 29045 MiB, 274.76 W, 61
2026/06/18 12:21:38.053, 0, Tesla V100-SXM2-32GB, 95 %, 60 %, 32768 MiB, 3450 MiB, 29045 MiB, 272.19 W, 61
2026/06/18 12:21:39.055, 0, Tesla V100-SXM2-32GB, 95 %, 59 %, 32768 MiB, 3450 MiB, 29045 MiB, 279.52 W, 61
2026/06/18 12:21:40.057, 0, Tesla V100-SXM2-32GB, 95 %, 57 %, 32768 MiB, 3450 MiB, 29045 MiB, 276.66 W, 62
2026/06/18 12:21:41.060, 0, Tesla V100-SXM2-32GB, 95 %, 56 %, 32768 MiB, 3450 MiB, 29045 MiB, 282.10 W, 62
2026/06/18 12:21:42.062, 0, Tesla V100-SXM2-32GB, 95 %, 55 %, 32768 MiB, 3450 MiB, 29045 MiB, 257.76 W, 62
2026/06/18 12:21:43.064, 0, Tesla V100-SXM2-32GB, 96 %, 54 %, 32768 MiB, 3450 MiB, 29045 MiB, 214.97 W, 62
2026/06/18 12:21:44.065, 0, Tesla V100-SXM2-32GB, 96 %, 55 %, 32768 MiB, 3450 MiB, 29045 MiB, 245.36 W, 61
2026/06/18 12:21:45.067, 0, Tesla V100-SXM2-32GB, 96 %, 57 %, 32768 MiB, 3450 MiB, 29045 MiB, 193.04 W, 61
2026/06/18 12:21:46.069, 0, Tesla V100-SXM2-32GB, 52 %, 33 %, 32768 MiB, 3450 MiB, 29045 MiB, 277.93 W, 61
2026/06/18 12:21:47.071, 0, Tesla V100-SXM2-32GB, 96 %, 58 %, 32768 MiB, 3450 MiB, 29045 MiB, 276.08 W, 62
2026/06/18 12:21:48.073, 0, Tesla V100-SXM2-32GB, 96 %, 56 %, 32768 MiB, 3450 MiB, 29045 MiB, 270.94 W, 62
2026/06/18 12:21:49.075, 0, Tesla V100-SXM2-32GB, 96 %, 55 %, 32768 MiB, 3450 MiB, 29045 MiB, 273.58 W, 62
2026/06/18 12:21:50.077, 0, Tesla V100-SXM2-32GB, 96 %, 55 %, 32768 MiB, 3450 MiB, 29045 MiB, 227.97 W, 62
2026/06/18 12:21:51.079, 0, Tesla V100-SXM2-32GB, 61 %, 36 %, 32768 MiB, 3450 MiB, 29045 MiB, 263.16 W, 60
2026/06/18 12:21:52.081, 0, Tesla V100-SXM2-32GB, 88 %, 55 %, 32768 MiB, 3450 MiB, 29045 MiB, 274.86 W, 61
2026/06/18 12:21:53.083, 0, Tesla V100-SXM2-32GB, 94 %, 55 %, 32768 MiB, 3450 MiB, 29045 MiB, 266.82 W, 61
2026/06/18 12:21:54.084, 0, Tesla V100-SXM2-32GB, 96 %, 55 %, 32768 MiB, 3450 MiB, 29045 MiB, 281.32 W, 61
2026/06/18 12:21:55.086, 0, Tesla V100-SXM2-32GB, 96 %, 54 %, 32768 MiB, 3450 MiB, 29045 MiB, 275.71 W, 61
2026/06/18 12:21:56.088, 0, Tesla V100-SXM2-32GB, 95 %, 54 %, 32768 MiB, 3450 MiB, 29045 MiB, 259.80 W, 61
2026/06/18 12:21:57.090, 0, Tesla V100-SXM2-32GB, 96 %, 56 %, 32768 MiB, 3450 MiB, 29045 MiB, 221.17 W, 62
2026/06/18 12:21:58.092, 0, Tesla V100-SXM2-32GB, 96 %, 58 %, 32768 MiB, 3450 MiB, 29045 MiB, 239.32 W, 61
2026/06/18 12:21:59.095, 0, Tesla V100-SXM2-32GB, 95 %, 58 %, 32768 MiB, 3450 MiB, 29045 MiB, 264.44 W, 62
2026/06/18 12:22:00.096, 0, Tesla V100-SXM2-32GB, 95 %, 60 %, 32768 MiB, 3450 MiB, 29045 MiB, 266.95 W, 61
2026/06/18 12:22:01.099, 0, Tesla V100-SXM2-32GB, 91 %, 54 %, 32768 MiB, 3450 MiB, 29045 MiB, 276.48 W, 60
2026/06/18 12:22:02.101, 0, Tesla V100-SXM2-32GB, 99 %, 55 %, 32768 MiB, 3450 MiB, 29045 MiB, 270.23 W, 62
2026/06/18 12:22:03.102, 0, Tesla V100-SXM2-32GB, 99 %, 54 %, 32768 MiB, 3450 MiB, 29045 MiB, 277.33 W, 62
2026/06/18 12:22:04.104, 0, Tesla V100-SXM2-32GB, 8 %, 0 %, 32768 MiB, 3450 MiB, 29045 MiB, 77.88 W, 56
2026/06/18 12:22:05.106, 0, Tesla V100-SXM2-32GB, 5 %, 0 %, 32768 MiB, 3450 MiB, 29045 MiB, 74.05 W, 55
2026/06/18 12:22:06.108, 0, Tesla V100-SXM2-32GB, 0 %, 0 %, 32768 MiB, 3450 MiB, 29045 MiB, 246.84 W, 54
2026/06/18 12:22:07.109, 0, Tesla V100-SXM2-32GB, 95 %, 58 %, 32768 MiB, 3450 MiB, 29045 MiB, 261.50 W, 59
2026/06/18 12:22:08.110, 0, Tesla V100-SXM2-32GB, 95 %, 57 %, 32768 MiB, 3450 MiB, 29045 MiB, 274.83 W, 60
2026/06/18 12:22:09.112, 0, Tesla V100-SXM2-32GB, 96 %, 56 %, 32768 MiB, 3450 MiB, 29045 MiB, 275.71 W, 61
2026/06/18 12:22:10.113, 0, Tesla V100-SXM2-32GB, 96 %, 55 %, 32768 MiB, 3450 MiB, 29045 MiB, 273.80 W, 61
2026/06/18 12:22:11.114, 0, Tesla V100-SXM2-32GB, 95 %, 55 %, 32768 MiB, 3450 MiB, 29045 MiB, 263.49 W, 61
2026/06/18 12:22:12.116, 0, Tesla V100-SXM2-32GB, 96 %, 57 %, 32768 MiB, 3450 MiB, 29045 MiB, 269.99 W, 61
2026/06/18 12:22:13.117, 0, Tesla V100-SXM2-32GB, 95 %, 60 %, 32768 MiB, 3450 MiB, 29045 MiB, 263.44 W, 61
2026/06/18 12:22:14.119, 0, Tesla V100-SXM2-32GB, 95 %, 59 %, 32768 MiB, 3450 MiB, 29045 MiB, 275.89 W, 61
2026/06/18 12:22:15.120, 0, Tesla V100-SXM2-32GB, 95 %, 56 %, 32768 MiB, 3450 MiB, 29045 MiB, 275.89 W, 61
2026/06/18 12:22:16.124, 0, Tesla V100-SXM2-32GB, 96 %, 55 %, 32768 MiB, 3450 MiB, 29045 MiB, 273.80 W, 61
2026/06/18 12:22:17.125, 0, Tesla V100-SXM2-32GB, 95 %, 54 %, 32768 MiB, 3450 MiB, 29045 MiB, 263.79 W, 61
2026/06/18 12:22:18.126, 0, Tesla V100-SXM2-32GB, 96 %, 55 %, 32768 MiB, 3450 MiB, 29045 MiB, 264.32 W, 61
2026/06/18 12:22:19.128, 0, Tesla V100-SXM2-32GB, 96 %, 57 %, 32768 MiB, 3450 MiB, 29045 MiB, 249.68 W, 61
2026/06/18 12:22:20.129, 0, Tesla V100-SXM2-32GB, 96 %, 58 %, 32768 MiB, 3450 MiB, 29045 MiB, 220.07 W, 61
2026/06/18 12:22:21.131, 0, Tesla V100-SXM2-32GB, 95 %, 59 %, 32768 MiB, 3450 MiB, 29045 MiB, 261.28 W, 61
2026/06/18 12:22:22.132, 0, Tesla V100-SXM2-32GB, 95 %, 60 %, 32768 MiB, 3450 MiB, 29045 MiB, 275.89 W, 61
2026/06/18 12:22:23.134, 0, Tesla V100-SXM2-32GB, 95 %, 60 %, 32768 MiB, 3450 MiB, 29045 MiB, 278.57 W, 61
2026/06/18 12:22:24.135, 0, Tesla V100-SXM2-32GB, 95 %, 58 %, 32768 MiB, 3450 MiB, 29045 MiB, 273.14 W, 61
2026/06/18 12:22:25.138, 0, Tesla V100-SXM2-32GB, 95 %, 56 %, 32768 MiB, 3450 MiB, 29045 MiB, 276.37 W, 61
2026/06/18 12:22:26.139, 0, Tesla V100-SXM2-32GB, 96 %, 55 %, 32768 MiB, 3450 MiB, 29045 MiB, 269.21 W, 61
2026/06/18 12:22:27.141, 0, Tesla V100-SXM2-32GB, 96 %, 60 %, 32768 MiB, 3450 MiB, 29045 MiB, 276.37 W, 61
2026/06/18 12:22:28.144, 0, Tesla V100-SXM2-32GB, 96 %, 60 %, 32768 MiB, 3450 MiB, 29045 MiB, 272.55 W, 62
2026/06/18 12:22:29.145, 0, Tesla V100-SXM2-32GB, 95 %, 58 %, 32768 MiB, 3450 MiB, 29045 MiB, 274.28 W, 62
2026/06/18 12:22:30.147, 0, Tesla V100-SXM2-32GB, 95 %, 56 %, 32768 MiB, 3450 MiB, 29045 MiB, 253.33 W, 62
2026/06/18 12:22:31.149, 0, Tesla V100-SXM2-32GB, 96 %, 55 %, 32768 MiB, 3450 MiB, 29045 MiB, 236.29 W, 61
2026/06/18 12:22:32.151, 0, Tesla V100-SXM2-32GB, 96 %, 54 %, 32768 MiB, 3450 MiB, 29045 MiB, 260.32 W, 61
2026/06/18 12:22:33.152, 0, Tesla V100-SXM2-32GB, 88 %, 51 %, 32768 MiB, 3450 MiB, 29045 MiB, 78.73 W, 58
2026/06/18 12:22:34.154, 0, Tesla V100-SXM2-32GB, 86 %, 51 %, 32768 MiB, 3450 MiB, 29045 MiB, 270.66 W, 61
2026/06/18 12:22:35.156, 0, Tesla V100-SXM2-32GB, 95 %, 56 %, 32768 MiB, 3450 MiB, 29045 MiB, 285.44 W, 61
2026/06/18 12:22:36.158, 0, Tesla V100-SXM2-32GB, 96 %, 56 %, 32768 MiB, 3450 MiB, 29045 MiB, 269.76 W, 62
2026/06/18 12:22:37.160, 0, Tesla V100-SXM2-32GB, 96 %, 55 %, 32768 MiB, 3450 MiB, 29045 MiB, 226.73 W, 62
2026/06/18 12:22:38.162, 0, Tesla V100-SXM2-32GB, 95 %, 54 %, 32768 MiB, 3450 MiB, 29045 MiB, 257.63 W, 61
2026/06/18 12:22:39.163, 0, Tesla V100-SXM2-32GB, 96 %, 56 %, 32768 MiB, 3450 MiB, 29045 MiB, 266.35 W, 61
2026/06/18 12:22:40.165, 0, Tesla V100-SXM2-32GB, 96 %, 58 %, 32768 MiB, 3450 MiB, 29045 MiB, 274.57 W, 62
2026/06/18 12:22:41.167, 0, Tesla V100-SXM2-32GB, 95 %, 59 %, 32768 MiB, 3450 MiB, 29045 MiB, 278.38 W, 62
2026/06/18 12:22:42.170, 0, Tesla V100-SXM2-32GB, 95 %, 60 %, 32768 MiB, 3450 MiB, 29045 MiB, 276.37 W, 61
2026/06/18 12:22:43.171, 0, Tesla V100-SXM2-32GB, 95 %, 60 %, 32768 MiB, 3450 MiB, 29045 MiB, 268.74 W, 62
2026/06/18 12:22:44.174, 0, Tesla V100-SXM2-32GB, 95 %, 59 %, 32768 MiB, 3450 MiB, 29045 MiB, 278.18 W, 62
2026/06/18 12:22:45.176, 0, Tesla V100-SXM2-32GB, 95 %, 56 %, 32768 MiB, 3450 MiB, 29045 MiB, 267.13 W, 62
2026/06/18 12:22:46.178, 0, Tesla V100-SXM2-32GB, 96 %, 56 %, 32768 MiB, 3450 MiB, 29045 MiB, 270.83 W, 62
2026/06/18 12:22:47.181, 0, Tesla V100-SXM2-32GB, 96 %, 54 %, 32768 MiB, 3450 MiB, 29045 MiB, 282.10 W, 62
2026/06/18 12:22:48.184, 0, Tesla V100-SXM2-32GB, 95 %, 54 %, 32768 MiB, 3450 MiB, 29045 MiB, 246.46 W, 62
2026/06/18 12:22:49.186, 0, Tesla V100-SXM2-32GB, 95 %, 55 %, 32768 MiB, 3450 MiB, 29045 MiB, 225.95 W, 62
2026/06/18 12:22:50.188, 0, Tesla V100-SXM2-32GB, 96 %, 57 %, 32768 MiB, 3450 MiB, 29045 MiB, 240.75 W, 62
2026/06/18 12:22:51.190, 0, Tesla V100-SXM2-32GB, 96 %, 58 %, 32768 MiB, 3450 MiB, 29045 MiB, 260.32 W, 62
2026/06/18 12:22:52.193, 0, Tesla V100-SXM2-32GB, 95 %, 60 %, 32768 MiB, 3450 MiB, 29045 MiB, 273.33 W, 62
2026/06/18 12:22:53.195, 0, Tesla V100-SXM2-32GB, 95 %, 60 %, 32768 MiB, 3450 MiB, 29045 MiB, 278.09 W, 62
2026/06/18 12:22:54.197, 0, Tesla V100-SXM2-32GB, 95 %, 60 %, 32768 MiB, 3450 MiB, 29045 MiB, 267.13 W, 62
2026/06/18 12:22:55.200, 0, Tesla V100-SXM2-32GB, 95 %, 60 %, 32768 MiB, 3450 MiB, 29045 MiB, 282.67 W, 62
2026/06/18 12:22:56.202, 0, Tesla V100-SXM2-32GB, 95 %, 58 %, 32768 MiB, 3450 MiB, 29045 MiB, 283.05 W, 62
2026/06/18 12:22:57.204, 0, Tesla V100-SXM2-32GB, 95 %, 57 %, 32768 MiB, 3450 MiB, 29045 MiB, 267.42 W, 62
2026/06/18 12:22:58.206, 0, Tesla V100-SXM2-32GB, 96 %, 56 %, 32768 MiB, 3450 MiB, 29045 MiB, 275.42 W, 62
2026/06/18 12:22:59.208, 0, Tesla V100-SXM2-32GB, 95 %, 54 %, 32768 MiB, 3450 MiB, 29045 MiB, 279.90 W, 62
2026/06/18 12:23:00.211, 0, Tesla V100-SXM2-32GB, 96 %, 54 %, 32768 MiB, 3450 MiB, 29045 MiB, 274.10 W, 62
2026/06/18 12:23:01.213, 0, Tesla V100-SXM2-32GB, 96 %, 57 %, 32768 MiB, 3450 MiB, 29045 MiB, 275.89 W, 62
2026/06/18 12:23:02.215, 0, Tesla V100-SXM2-32GB, 96 %, 59 %, 32768 MiB, 3450 MiB, 29045 MiB, 230.08 W, 62
2026/06/18 12:23:03.217, 0, Tesla V100-SXM2-32GB, 95 %, 60 %, 32768 MiB, 3450 MiB, 29045 MiB, 231.20 W, 62
2026/06/18 12:23:04.220, 0, Tesla V100-SXM2-32GB, 95 %, 60 %, 32768 MiB, 3450 MiB, 29045 MiB, 249.96 W, 62
2026/06/18 12:23:05.222, 0, Tesla V100-SXM2-32GB, 95 %, 60 %, 32768 MiB, 3450 MiB, 29045 MiB, 272.19 W, 62
2026/06/18 12:23:06.224, 0, Tesla V100-SXM2-32GB, 95 %, 59 %, 32768 MiB, 3450 MiB, 29045 MiB, 284.20 W, 62
2026/06/18 12:23:07.227, 0, Tesla V100-SXM2-32GB, 95 %, 58 %, 32768 MiB, 3450 MiB, 29045 MiB, 275.52 W, 62
2026/06/18 12:23:08.229, 0, Tesla V100-SXM2-32GB, 94 %, 56 %, 32768 MiB, 3450 MiB, 29045 MiB, 283.05 W, 62
2026/06/18 12:23:09.232, 0, Tesla V100-SXM2-32GB, 96 %, 56 %, 32768 MiB, 3450 MiB, 29045 MiB, 273.33 W, 62
2026/06/18 12:23:10.235, 0, Tesla V100-SXM2-32GB, 96 %, 54 %, 32768 MiB, 3450 MiB, 29045 MiB, 272.37 W, 62
2026/06/18 12:23:11.236, 0, Tesla V100-SXM2-32GB, 96 %, 55 %, 32768 MiB, 3450 MiB, 29045 MiB, 276.56 W, 62
2026/06/18 12:23:12.238, 0, Tesla V100-SXM2-32GB, 96 %, 54 %, 32768 MiB, 3450 MiB, 29045 MiB, 273.33 W, 62
2026/06/18 12:23:13.240, 0, Tesla V100-SXM2-32GB, 96 %, 56 %, 32768 MiB, 3450 MiB, 29045 MiB, 275.42 W, 62
2026/06/18 12:23:14.243, 0, Tesla V100-SXM2-32GB, 95 %, 57 %, 32768 MiB, 3450 MiB, 29045 MiB, 269.81 W, 62
2026/06/18 12:23:15.244, 0, Tesla V100-SXM2-32GB, 96 %, 59 %, 32768 MiB, 3450 MiB, 29045 MiB, 275.89 W, 62
2026/06/18 12:23:16.246, 0, Tesla V100-SXM2-32GB, 95 %, 59 %, 32768 MiB, 3450 MiB, 29045 MiB, 286.01 W, 62
2026/06/18 12:23:17.248, 0, Tesla V100-SXM2-32GB, 95 %, 60 %, 32768 MiB, 3450 MiB, 29045 MiB, 257.42 W, 62
2026/06/18 12:23:18.250, 0, Tesla V100-SXM2-32GB, 95 %, 60 %, 32768 MiB, 3450 MiB, 29045 MiB, 238.52 W, 62
2026/06/18 12:23:19.251, 0, Tesla V100-SXM2-32GB, 95 %, 56 %, 32768 MiB, 3450 MiB, 29045 MiB, 227.84 W, 62
2026/06/18 12:23:20.253, 0, Tesla V100-SXM2-32GB, 35 %, 20 %, 32768 MiB, 3450 MiB, 29045 MiB, 223.10 W, 61
2026/06/18 12:23:21.254, 0, Tesla V100-SXM2-32GB, 96 %, 58 %, 32768 MiB, 3450 MiB, 29045 MiB, 270.96 W, 62
2026/06/18 12:23:22.255, 0, Tesla V100-SXM2-32GB, 95 %, 60 %, 32768 MiB, 3450 MiB, 29045 MiB, 272.74 W, 62
2026/06/18 12:23:23.257, 0, Tesla V100-SXM2-32GB, 95 %, 60 %, 32768 MiB, 3450 MiB, 29045 MiB, 277.62 W, 62
2026/06/18 12:23:24.258, 0, Tesla V100-SXM2-32GB, 92 %, 51 %, 32768 MiB, 3450 MiB, 29045 MiB, 154.85 W, 61
2026/06/18 12:23:25.259, 0, Tesla V100-SXM2-32GB, 99 %, 55 %, 32768 MiB, 3450 MiB, 29045 MiB, 258.98 W, 62
2026/06/18 12:23:26.261, 0, Tesla V100-SXM2-32GB, 99 %, 55 %, 32768 MiB, 3450 MiB, 29045 MiB, 279.44 W, 63
2026/06/18 12:23:27.262, 0, Tesla V100-SXM2-32GB, 9 %, 0 %, 32768 MiB, 3450 MiB, 29045 MiB, 78.36 W, 58
2026/06/18 12:23:28.264, 0, Tesla V100-SXM2-32GB, 0 %, 0 %, 32768 MiB, 3450 MiB, 29045 MiB, 77.38 W, 56
2026/06/18 12:23:29.265, 0, Tesla V100-SXM2-32GB, 0 %, 0 %, 32768 MiB, 3450 MiB, 29045 MiB, 73.52 W, 55
2026/06/18 12:23:30.266, 0, Tesla V100-SXM2-32GB, 96 %, 59 %, 32768 MiB, 3450 MiB, 29045 MiB, 262.15 W, 60
2026/06/18 12:23:31.268, 0, Tesla V100-SXM2-32GB, 95 %, 60 %, 32768 MiB, 3450 MiB, 29045 MiB, 279.52 W, 61
2026/06/18 12:23:32.269, 0, Tesla V100-SXM2-32GB, 95 %, 60 %, 32768 MiB, 3450 MiB, 29045 MiB, 269.33 W, 61
2026/06/18 12:23:33.270, 0, Tesla V100-SXM2-32GB, 96 %, 60 %, 32768 MiB, 3450 MiB, 29045 MiB, 264.74 W, 61
2026/06/18 12:23:34.272, 0, Tesla V100-SXM2-32GB, 95 %, 58 %, 32768 MiB, 3450 MiB, 29045 MiB, 272.01 W, 61
2026/06/18 12:23:35.273, 0, Tesla V100-SXM2-32GB, 94 %, 56 %, 32768 MiB, 3450 MiB, 29045 MiB, 263.31 W, 62
2026/06/18 12:23:36.275, 0, Tesla V100-SXM2-32GB, 96 %, 56 %, 32768 MiB, 3450 MiB, 29045 MiB, 266.17 W, 62
2026/06/18 12:23:37.276, 0, Tesla V100-SXM2-32GB, 96 %, 55 %, 32768 MiB, 3450 MiB, 29045 MiB, 266.47 W, 62
2026/06/18 12:23:38.277, 0, Tesla V100-SXM2-32GB, 96 %, 55 %, 32768 MiB, 3450 MiB, 29045 MiB, 271.89 W, 62
2026/06/18 12:23:39.279, 0, Tesla V100-SXM2-32GB, 96 %, 55 %, 32768 MiB, 3450 MiB, 29045 MiB, 264.27 W, 62
2026/06/18 12:23:40.280, 0, Tesla V100-SXM2-32GB, 96 %, 57 %, 32768 MiB, 3450 MiB, 29045 MiB, 237.88 W, 61
2026/06/18 12:23:41.281, 0, Tesla V100-SXM2-32GB, 95 %, 59 %, 32768 MiB, 3450 MiB, 29045 MiB, 238.52 W, 62
2026/06/18 12:23:42.283, 0, Tesla V100-SXM2-32GB, 95 %, 60 %, 32768 MiB, 3450 MiB, 29045 MiB, 269.87 W, 62
2026/06/18 12:23:43.285, 0, Tesla V100-SXM2-32GB, 95 %, 60 %, 32768 MiB, 3450 MiB, 29045 MiB, 279.71 W, 61
2026/06/18 12:23:44.288, 0, Tesla V100-SXM2-32GB, 95 %, 59 %, 32768 MiB, 3450 MiB, 29045 MiB, 281.72 W, 61
2026/06/18 12:23:45.290, 0, Tesla V100-SXM2-32GB, 96 %, 57 %, 32768 MiB, 3450 MiB, 29045 MiB, 269.51 W, 62
2026/06/18 12:23:46.292, 0, Tesla V100-SXM2-32GB, 97 %, 56 %, 32768 MiB, 3450 MiB, 29045 MiB, 270.87 W, 62
2026/06/18 12:23:47.294, 0, Tesla V100-SXM2-32GB, 96 %, 55 %, 32768 MiB, 3450 MiB, 29045 MiB, 263.79 W, 62
2026/06/18 12:23:48.296, 0, Tesla V100-SXM2-32GB, 96 %, 56 %, 32768 MiB, 3450 MiB, 29045 MiB, 274.28 W, 62
2026/06/18 12:23:49.299, 0, Tesla V100-SXM2-32GB, 97 %, 60 %, 32768 MiB, 3450 MiB, 29045 MiB, 252.18 W, 62
2026/06/18 12:23:50.301, 0, Tesla V100-SXM2-32GB, 89 %, 55 %, 32768 MiB, 3450 MiB, 29045 MiB, 255.20 W, 62
2026/06/18 12:23:51.303, 0, Tesla V100-SXM2-32GB, 96 %, 60 %, 32768 MiB, 3450 MiB, 29045 MiB, 271.02 W, 61
2026/06/18 12:23:52.306, 0, Tesla V100-SXM2-32GB, 85 %, 53 %, 32768 MiB, 3450 MiB, 29045 MiB, 79.04 W, 59
2026/06/18 12:23:53.309, 0, Tesla V100-SXM2-32GB, 96 %, 56 %, 32768 MiB, 3450 MiB, 29045 MiB, 282.17 W, 61
2026/06/18 12:23:54.310, 0, Tesla V100-SXM2-32GB, 96 %, 59 %, 32768 MiB, 3450 MiB, 29045 MiB, 277.22 W, 62
2026/06/18 12:23:55.311, 0, Tesla V100-SXM2-32GB, 95 %, 60 %, 32768 MiB, 3450 MiB, 29045 MiB, 253.30 W, 62
2026/06/18 12:23:56.313, 0, Tesla V100-SXM2-32GB, 94 %, 60 %, 32768 MiB, 3450 MiB, 29045 MiB, 242.98 W, 62
2026/06/18 12:23:57.314, 0, Tesla V100-SXM2-32GB, 96 %, 61 %, 32768 MiB, 3450 MiB, 29045 MiB, 227.38 W, 62
2026/06/18 12:23:58.316, 0, Tesla V100-SXM2-32GB, 95 %, 59 %, 32768 MiB, 3450 MiB, 29045 MiB, 255.55 W, 61
2026/06/18 12:23:59.317, 0, Tesla V100-SXM2-32GB, 95 %, 57 %, 32768 MiB, 3450 MiB, 29045 MiB, 271.89 W, 62
2026/06/18 12:24:00.318, 0, Tesla V100-SXM2-32GB, 96 %, 56 %, 32768 MiB, 3450 MiB, 29045 MiB, 275.05 W, 62
2026/06/18 12:24:01.320, 0, Tesla V100-SXM2-32GB, 96 %, 55 %, 32768 MiB, 3450 MiB, 29045 MiB, 285.25 W, 62
2026/06/18 12:24:02.321, 0, Tesla V100-SXM2-32GB, 96 %, 55 %, 32768 MiB, 3450 MiB, 29045 MiB, 276.66 W, 62
2026/06/18 12:24:03.322, 0, Tesla V100-SXM2-32GB, 96 %, 56 %, 32768 MiB, 3450 MiB, 29045 MiB, 271.42 W, 62
2026/06/18 12:24:04.324, 0, Tesla V100-SXM2-32GB, 96 %, 58 %, 32768 MiB, 3450 MiB, 29045 MiB, 274.94 W, 62
2026/06/18 12:24:05.325, 0, Tesla V100-SXM2-32GB, 95 %, 59 %, 32768 MiB, 3450 MiB, 29045 MiB, 272.37 W, 62
2026/06/18 12:24:06.326, 0, Tesla V100-SXM2-32GB, 95 %, 60 %, 32768 MiB, 3450 MiB, 29045 MiB, 282.48 W, 62
2026/06/18 12:24:07.328, 0, Tesla V100-SXM2-32GB, 95 %, 60 %, 32768 MiB, 3450 MiB, 29045 MiB, 277.04 W, 62
2026/06/18 12:24:08.329, 0, Tesla V100-SXM2-32GB, 76 %, 48 %, 32768 MiB, 3450 MiB, 29045 MiB, 79.21 W, 59
2026/06/18 12:24:09.331, 0, Tesla V100-SXM2-32GB, 96 %, 56 %, 32768 MiB, 3450 MiB, 29045 MiB, 270.96 W, 61
2026/06/18 12:24:10.332, 0, Tesla V100-SXM2-32GB, 96 %, 58 %, 32768 MiB, 3450 MiB, 29045 MiB, 268.02 W, 62
2026/06/18 12:24:11.334, 0, Tesla V100-SXM2-32GB, 95 %, 59 %, 32768 MiB, 3450 MiB, 29045 MiB, 264.57 W, 62
2026/06/18 12:24:12.335, 0, Tesla V100-SXM2-32GB, 95 %, 60 %, 32768 MiB, 3450 MiB, 29045 MiB, 272.37 W, 62
2026/06/18 12:24:13.336, 0, Tesla V100-SXM2-32GB, 96 %, 61 %, 32768 MiB, 3450 MiB, 29045 MiB, 277.51 W, 62
2026/06/18 12:24:14.338, 0, Tesla V100-SXM2-32GB, 95 %, 59 %, 32768 MiB, 3450 MiB, 29045 MiB, 273.43 W, 62
2026/06/18 12:24:15.339, 0, Tesla V100-SXM2-32GB, 95 %, 57 %, 32768 MiB, 3450 MiB, 29045 MiB, 277.22 W, 62
2026/06/18 12:24:16.340, 0, Tesla V100-SXM2-32GB, 96 %, 56 %, 32768 MiB, 3450 MiB, 29045 MiB, 257.63 W, 62
2026/06/18 12:24:17.342, 0, Tesla V100-SXM2-32GB, 96 %, 55 %, 32768 MiB, 3450 MiB, 29045 MiB, 231.35 W, 62
2026/06/18 12:24:18.343, 0, Tesla V100-SXM2-32GB, 96 %, 54 %, 32768 MiB, 3450 MiB, 29045 MiB, 252.04 W, 62
2026/06/18 12:24:19.345, 0, Tesla V100-SXM2-32GB, 95 %, 56 %, 32768 MiB, 3450 MiB, 29045 MiB, 271.60 W, 62
2026/06/18 12:24:20.346, 0, Tesla V100-SXM2-32GB, 96 %, 58 %, 32768 MiB, 3450 MiB, 29045 MiB, 274.76 W, 62
2026/06/18 12:24:21.347, 0, Tesla V100-SXM2-32GB, 95 %, 59 %, 32768 MiB, 3450 MiB, 29045 MiB, 282.86 W, 62
2026/06/18 12:24:22.348, 0, Tesla V100-SXM2-32GB, 95 %, 60 %, 32768 MiB, 3450 MiB, 29045 MiB, 275.23 W, 62
2026/06/18 12:24:23.350, 0, Tesla V100-SXM2-32GB, 96 %, 60 %, 32768 MiB, 3450 MiB, 29045 MiB, 277.33 W, 62
2026/06/18 12:24:24.351, 0, Tesla V100-SXM2-32GB, 95 %, 59 %, 32768 MiB, 3450 MiB, 29045 MiB, 274.28 W, 62
2026/06/18 12:24:25.353, 0, Tesla V100-SXM2-32GB, 96 %, 56 %, 32768 MiB, 3450 MiB, 29045 MiB, 271.60 W, 62
2026/06/18 12:24:26.354, 0, Tesla V100-SXM2-32GB, 96 %, 54 %, 32768 MiB, 3450 MiB, 29045 MiB, 275.52 W, 62
2026/06/18 12:24:27.355, 0, Tesla V100-SXM2-32GB, 95 %, 58 %, 32768 MiB, 3450 MiB, 29045 MiB, 271.53 W, 62
2026/06/18 12:24:28.357, 0, Tesla V100-SXM2-32GB, 96 %, 55 %, 32768 MiB, 3450 MiB, 29045 MiB, 245.98 W, 62
2026/06/18 12:24:29.358, 0, Tesla V100-SXM2-32GB, 96 %, 57 %, 32768 MiB, 3450 MiB, 29045 MiB, 234.21 W, 62
2026/06/18 12:24:30.360, 0, Tesla V100-SXM2-32GB, 95 %, 59 %, 32768 MiB, 3450 MiB, 29045 MiB, 252.04 W, 62
2026/06/18 12:24:31.361, 0, Tesla V100-SXM2-32GB, 95 %, 60 %, 32768 MiB, 3450 MiB, 29045 MiB, 271.30 W, 62
2026/06/18 12:24:32.362, 0, Tesla V100-SXM2-32GB, 95 %, 60 %, 32768 MiB, 3450 MiB, 29045 MiB, 278.76 W, 62
2026/06/18 12:24:33.364, 0, Tesla V100-SXM2-32GB, 95 %, 58 %, 32768 MiB, 3450 MiB, 29045 MiB, 280.48 W, 62
2026/06/18 12:24:34.365, 0, Tesla V100-SXM2-32GB, 95 %, 57 %, 32768 MiB, 3450 MiB, 29045 MiB, 278.47 W, 62
2026/06/18 12:24:35.366, 0, Tesla V100-SXM2-32GB, 96 %, 55 %, 32768 MiB, 3450 MiB, 29045 MiB, 279.23 W, 63
2026/06/18 12:24:36.367, 0, Tesla V100-SXM2-32GB, 95 %, 54 %, 32768 MiB, 3450 MiB, 29045 MiB, 264.44 W, 62
2026/06/18 12:24:37.369, 0, Tesla V100-SXM2-32GB, 96 %, 55 %, 32768 MiB, 3450 MiB, 29045 MiB, 270.46 W, 62
2026/06/18 12:24:38.370, 0, Tesla V100-SXM2-32GB, 96 %, 58 %, 32768 MiB, 3450 MiB, 29045 MiB, 280.38 W, 62
2026/06/18 12:24:39.372, 0, Tesla V100-SXM2-32GB, 95 %, 59 %, 32768 MiB, 3450 MiB, 29045 MiB, 280.19 W, 63
2026/06/18 12:24:40.373, 0, Tesla V100-SXM2-32GB, 95 %, 60 %, 32768 MiB, 3450 MiB, 29045 MiB, 273.21 W, 63
2026/06/18 12:24:41.375, 0, Tesla V100-SXM2-32GB, 96 %, 60 %, 32768 MiB, 3450 MiB, 29045 MiB, 230.55 W, 63
2026/06/18 12:24:42.377, 0, Tesla V100-SXM2-32GB, 95 %, 59 %, 32768 MiB, 3450 MiB, 29045 MiB, 253.78 W, 62
2026/06/18 12:24:43.379, 0, Tesla V100-SXM2-32GB, 95 %, 58 %, 32768 MiB, 3450 MiB, 29045 MiB, 269.21 W, 62
2026/06/18 12:24:44.381, 0, Tesla V100-SXM2-32GB, 95 %, 56 %, 32768 MiB, 3450 MiB, 29045 MiB, 274.10 W, 62
2026/06/18 12:24:45.383, 0, Tesla V100-SXM2-32GB, 96 %, 55 %, 32768 MiB, 3450 MiB, 29045 MiB, 282.01 W, 62
2026/06/18 12:24:46.385, 0, Tesla V100-SXM2-32GB, 96 %, 55 %, 32768 MiB, 3450 MiB, 29045 MiB, 278.28 W, 63
2026/06/18 12:24:47.387, 0, Tesla V100-SXM2-32GB, 95 %, 54 %, 32768 MiB, 3450 MiB, 29045 MiB, 263.79 W, 63
2026/06/18 12:24:48.389, 0, Tesla V100-SXM2-32GB, 99 %, 55 %, 32768 MiB, 3450 MiB, 29045 MiB, 271.42 W, 62
2026/06/18 12:24:49.391, 0, Tesla V100-SXM2-32GB, 99 %, 55 %, 32768 MiB, 3450 MiB, 29045 MiB, 276.29 W, 63
2026/06/18 12:24:50.392, 0, Tesla V100-SXM2-32GB, 99 %, 55 %, 32768 MiB, 3450 MiB, 29045 MiB, 265.99 W, 63
2026/06/18 12:24:51.395, 0, Tesla V100-SXM2-32GB, 0 %, 0 %, 32768 MiB, 3450 MiB, 29045 MiB, 77.86 W, 57
2026/06/18 12:24:52.397, 0, Tesla V100-SXM2-32GB, 8 %, 0 %, 32768 MiB, 3450 MiB, 29045 MiB, 77.38 W, 55
2026/06/18 12:24:53.399, 0, Tesla V100-SXM2-32GB, 31 %, 17 %, 32768 MiB, 3450 MiB, 29045 MiB, 239.00 W, 57
2026/06/18 12:24:54.401, 0, Tesla V100-SXM2-32GB, 96 %, 55 %, 32768 MiB, 3450 MiB, 29045 MiB, 272.33 W, 60
2026/06/18 12:24:55.402, 0, Tesla V100-SXM2-32GB, 96 %, 54 %, 32768 MiB, 3450 MiB, 29045 MiB, 279.52 W, 61
2026/06/18 12:24:56.403, 0, Tesla V100-SXM2-32GB, 77 %, 48 %, 32768 MiB, 3450 MiB, 29045 MiB, 79.04 W, 58
2026/06/18 12:24:57.405, 0, Tesla V100-SXM2-32GB, 95 %, 58 %, 32768 MiB, 3450 MiB, 29045 MiB, 255.59 W, 61
2026/06/18 12:24:58.406, 0, Tesla V100-SXM2-32GB, 95 %, 56 %, 32768 MiB, 3450 MiB, 29045 MiB, 231.19 W, 61
2026/06/18 12:24:59.407, 0, Tesla V100-SXM2-32GB, 96 %, 56 %, 32768 MiB, 3450 MiB, 29045 MiB, 244.26 W, 61
2026/06/18 12:25:00.409, 0, Tesla V100-SXM2-32GB, 96 %, 54 %, 32768 MiB, 3450 MiB, 29045 MiB, 262.11 W, 61
2026/06/18 12:25:01.410, 0, Tesla V100-SXM2-32GB, 96 %, 54 %, 32768 MiB, 3450 MiB, 29045 MiB, 273.99 W, 61
2026/06/18 12:25:02.411, 0, Tesla V100-SXM2-32GB, 96 %, 56 %, 32768 MiB, 3450 MiB, 29045 MiB, 282.10 W, 62
2026/06/18 12:25:03.413, 0, Tesla V100-SXM2-32GB, 96 %, 58 %, 32768 MiB, 3450 MiB, 29045 MiB, 283.05 W, 62
2026/06/18 12:25:04.414, 0, Tesla V100-SXM2-32GB, 95 %, 60 %, 32768 MiB, 3450 MiB, 29045 MiB, 272.55 W, 62
2026/06/18 12:25:05.416, 0, Tesla V100-SXM2-32GB, 95 %, 60 %, 32768 MiB, 3450 MiB, 29045 MiB, 284.01 W, 62
2026/06/18 12:25:06.417, 0, Tesla V100-SXM2-32GB, 95 %, 60 %, 32768 MiB, 3450 MiB, 29045 MiB, 264.44 W, 62
2026/06/18 12:25:07.418, 0, Tesla V100-SXM2-32GB, 96 %, 59 %, 32768 MiB, 3450 MiB, 29045 MiB, 272.44 W, 62
2026/06/18 12:25:08.420, 0, Tesla V100-SXM2-32GB, 95 %, 57 %, 32768 MiB, 3450 MiB, 29045 MiB, 270.46 W, 62
2026/06/18 12:25:09.421, 0, Tesla V100-SXM2-32GB, 96 %, 56 %, 32768 MiB, 3450 MiB, 29045 MiB, 277.04 W, 62
2026/06/18 12:25:10.423, 0, Tesla V100-SXM2-32GB, 96 %, 54 %, 32768 MiB, 3450 MiB, 29045 MiB, 264.62 W, 62
2026/06/18 12:25:11.424, 0, Tesla V100-SXM2-32GB, 96 %, 54 %, 32768 MiB, 3450 MiB, 29045 MiB, 224.04 W, 62
2026/06/18 12:25:12.425, 0, Tesla V100-SXM2-32GB, 96 %, 56 %, 32768 MiB, 3450 MiB, 29045 MiB, 245.36 W, 62
2026/06/18 12:25:13.427, 0, Tesla V100-SXM2-32GB, 96 %, 58 %, 32768 MiB, 3450 MiB, 29045 MiB, 273.21 W, 62
2026/06/18 12:25:14.428, 0, Tesla V100-SXM2-32GB, 94 %, 59 %, 32768 MiB, 3450 MiB, 29045 MiB, 272.55 W, 62
2026/06/18 12:25:15.429, 0, Tesla V100-SXM2-32GB, 95 %, 60 %, 32768 MiB, 3450 MiB, 29045 MiB, 271.89 W, 62
2026/06/18 12:25:16.431, 0, Tesla V100-SXM2-32GB, 96 %, 61 %, 32768 MiB, 3450 MiB, 29045 MiB, 278.28 W, 62
2026/06/18 12:25:17.432, 0, Tesla V100-SXM2-32GB, 95 %, 59 %, 32768 MiB, 3450 MiB, 29045 MiB, 279.23 W, 62
2026/06/18 12:25:18.433, 0, Tesla V100-SXM2-32GB, 95 %, 57 %, 32768 MiB, 3450 MiB, 29045 MiB, 270.46 W, 62
2026/06/18 12:25:19.435, 0, Tesla V100-SXM2-32GB, 96 %, 56 %, 32768 MiB, 3450 MiB, 29045 MiB, 265.22 W, 62
2026/06/18 12:25:20.437, 0, Tesla V100-SXM2-32GB, 96 %, 55 %, 32768 MiB, 3450 MiB, 29045 MiB, 271.53 W, 62
2026/06/18 12:25:21.439, 0, Tesla V100-SXM2-32GB, 96 %, 55 %, 32768 MiB, 3450 MiB, 29045 MiB, 283.05 W, 62
2026/06/18 12:25:22.441, 0, Tesla V100-SXM2-32GB, 96 %, 57 %, 32768 MiB, 3450 MiB, 29045 MiB, 256.33 W, 62
2026/06/18 12:25:23.443, 0, Tesla V100-SXM2-32GB, 96 %, 59 %, 32768 MiB, 3450 MiB, 29045 MiB, 228.49 W, 62
2026/06/18 12:25:24.445, 0, Tesla V100-SXM2-32GB, 95 %, 60 %, 32768 MiB, 3450 MiB, 29045 MiB, 256.64 W, 62
2026/06/18 12:25:25.448, 0, Tesla V100-SXM2-32GB, 96 %, 60 %, 32768 MiB, 3450 MiB, 29045 MiB, 273.33 W, 62
2026/06/18 12:25:26.450, 0, Tesla V100-SXM2-32GB, 95 %, 59 %, 32768 MiB, 3450 MiB, 29045 MiB, 278.28 W, 62
2026/06/18 12:25:27.452, 0, Tesla V100-SXM2-32GB, 96 %, 58 %, 32768 MiB, 3450 MiB, 29045 MiB, 288.49 W, 62
2026/06/18 12:25:28.454, 0, Tesla V100-SXM2-32GB, 95 %, 59 %, 32768 MiB, 3450 MiB, 29045 MiB, 272.37 W, 62
2026/06/18 12:25:29.456, 0, Tesla V100-SXM2-32GB, 95 %, 60 %, 32768 MiB, 3450 MiB, 29045 MiB, 271.78 W, 62
2026/06/18 12:25:30.458, 0, Tesla V100-SXM2-32GB, 95 %, 60 %, 32768 MiB, 3450 MiB, 29045 MiB, 264.57 W, 62
2026/06/18 12:25:31.460, 0, Tesla V100-SXM2-32GB, 95 %, 59 %, 32768 MiB, 3450 MiB, 29045 MiB, 278.47 W, 62
2026/06/18 12:25:32.461, 0, Tesla V100-SXM2-32GB, 95 %, 57 %, 32768 MiB, 3450 MiB, 29045 MiB, 267.13 W, 62
2026/06/18 12:25:33.462, 0, Tesla V100-SXM2-32GB, 96 %, 55 %, 32768 MiB, 3450 MiB, 29045 MiB, 259.80 W, 62
2026/06/18 12:25:34.464, 0, Tesla V100-SXM2-32GB, 96 %, 58 %, 32768 MiB, 3450 MiB, 29045 MiB, 235.81 W, 62
2026/06/18 12:25:35.470, 0, Tesla V100-SXM2-32GB, 96 %, 60 %, 32768 MiB, 3450 MiB, 29045 MiB, 256.51 W, 62
2026/06/18 12:25:36.471, 0, Tesla V100-SXM2-32GB, 95 %, 56 %, 32768 MiB, 3450 MiB, 29045 MiB, 274.94 W, 62
2026/06/18 12:25:37.472, 0, Tesla V100-SXM2-32GB, 96 %, 55 %, 32768 MiB, 3450 MiB, 29045 MiB, 280.95 W, 62
2026/06/18 12:25:38.474, 0, Tesla V100-SXM2-32GB, 96 %, 55 %, 32768 MiB, 3450 MiB, 29045 MiB, 287.44 W, 62
2026/06/18 12:25:39.475, 0, Tesla V100-SXM2-32GB, 96 %, 56 %, 32768 MiB, 3450 MiB, 29045 MiB, 286.39 W, 63
2026/06/18 12:25:40.476, 0, Tesla V100-SXM2-32GB, 96 %, 58 %, 32768 MiB, 3450 MiB, 29045 MiB, 278.28 W, 63
2026/06/18 12:25:41.478, 0, Tesla V100-SXM2-32GB, 95 %, 59 %, 32768 MiB, 3450 MiB, 29045 MiB, 267.42 W, 63
2026/06/18 12:25:42.479, 0, Tesla V100-SXM2-32GB, 95 %, 60 %, 32768 MiB, 3450 MiB, 29045 MiB, 266.83 W, 63
2026/06/18 12:25:43.481, 0, Tesla V100-SXM2-32GB, 88 %, 52 %, 32768 MiB, 3450 MiB, 29045 MiB, 85.70 W, 60
2026/06/18 12:25:44.482, 0, Tesla V100-SXM2-32GB, 95 %, 60 %, 32768 MiB, 3450 MiB, 29045 MiB, 277.96 W, 62
2026/06/18 12:25:45.484, 0, Tesla V100-SXM2-32GB, 95 %, 60 %, 32768 MiB, 3450 MiB, 29045 MiB, 282.39 W, 63
2026/06/18 12:25:46.486, 0, Tesla V100-SXM2-32GB, 95 %, 58 %, 32768 MiB, 3450 MiB, 29045 MiB, 280.38 W, 63
2026/06/18 12:25:47.489, 0, Tesla V100-SXM2-32GB, 96 %, 56 %, 32768 MiB, 3450 MiB, 29045 MiB, 227.84 W, 62
2026/06/18 12:25:48.491, 0, Tesla V100-SXM2-32GB, 96 %, 55 %, 32768 MiB, 3450 MiB, 29045 MiB, 258.24 W, 62
2026/06/18 12:25:49.493, 0, Tesla V100-SXM2-32GB, 96 %, 55 %, 32768 MiB, 3450 MiB, 29045 MiB, 277.80 W, 62
2026/06/18 12:25:50.495, 0, Tesla V100-SXM2-32GB, 92 %, 54 %, 32768 MiB, 3450 MiB, 29045 MiB, 269.51 W, 62
2026/06/18 12:25:51.497, 0, Tesla V100-SXM2-32GB, 96 %, 56 %, 32768 MiB, 3450 MiB, 29045 MiB, 278.41 W, 61
2026/06/18 12:25:52.499, 0, Tesla V100-SXM2-32GB, 0 %, 0 %, 32768 MiB, 3450 MiB, 29045 MiB, 78.40 W, 57
2026/06/18 12:25:53.500, 0, Tesla V100-SXM2-32GB, 95 %, 54 %, 32768 MiB, 3450 MiB, 29045 MiB, 235.32 W, 62
2026/06/18 12:25:54.502, 0, Tesla V100-SXM2-32GB, 96 %, 54 %, 32768 MiB, 3450 MiB, 29045 MiB, 260.80 W, 62
2026/06/18 12:25:55.504, 0, Tesla V100-SXM2-32GB, 96 %, 56 %, 32768 MiB, 3450 MiB, 29045 MiB, 269.51 W, 62
2026/06/18 12:25:56.507, 0, Tesla V100-SXM2-32GB, 96 %, 58 %, 32768 MiB, 3450 MiB, 29045 MiB, 268.56 W, 62
2026/06/18 12:25:57.508, 0, Tesla V100-SXM2-32GB, 95 %, 59 %, 32768 MiB, 3450 MiB, 29045 MiB, 283.15 W, 62
2026/06/18 12:25:58.510, 0, Tesla V100-SXM2-32GB, 95 %, 60 %, 32768 MiB, 3450 MiB, 29045 MiB, 276.66 W, 62
2026/06/18 12:25:59.512, 0, Tesla V100-SXM2-32GB, 96 %, 60 %, 32768 MiB, 3450 MiB, 29045 MiB, 274.76 W, 62
2026/06/18 12:26:00.514, 0, Tesla V100-SXM2-32GB, 95 %, 59 %, 32768 MiB, 3450 MiB, 29045 MiB, 274.28 W, 62
2026/06/18 12:26:01.516, 0, Tesla V100-SXM2-32GB, 95 %, 58 %, 32768 MiB, 3450 MiB, 29045 MiB, 271.89 W, 62
2026/06/18 12:26:02.519, 0, Tesla V100-SXM2-32GB, 95 %, 56 %, 32768 MiB, 3450 MiB, 29045 MiB, 273.51 W, 62
2026/06/18 12:26:03.521, 0, Tesla V100-SXM2-32GB, 96 %, 55 %, 32768 MiB, 3450 MiB, 29045 MiB, 280.67 W, 62
2026/06/18 12:26:04.523, 0, Tesla V100-SXM2-32GB, 96 %, 54 %, 32768 MiB, 3450 MiB, 29045 MiB, 260.98 W, 62
2026/06/18 12:26:05.526, 0, Tesla V100-SXM2-32GB, 95 %, 55 %, 32768 MiB, 3450 MiB, 29045 MiB, 232.62 W, 62
2026/06/18 12:26:06.528, 0, Tesla V100-SXM2-32GB, 96 %, 56 %, 32768 MiB, 3450 MiB, 29045 MiB, 252.99 W, 62
2026/06/18 12:26:07.531, 0, Tesla V100-SXM2-32GB, 96 %, 58 %, 32768 MiB, 3450 MiB, 29045 MiB, 271.89 W, 62
2026/06/18 12:26:08.533, 0, Tesla V100-SXM2-32GB, 95 %, 59 %, 32768 MiB, 3450 MiB, 29045 MiB, 280.77 W, 62
2026/06/18 12:26:09.535, 0, Tesla V100-SXM2-32GB, 95 %, 60 %, 32768 MiB, 3450 MiB, 29045 MiB, 280.48 W, 62
2026/06/18 12:26:10.537, 0, Tesla V100-SXM2-32GB, 95 %, 60 %, 32768 MiB, 3450 MiB, 29045 MiB, 276.66 W, 62
2026/06/18 12:26:11.540, 0, Tesla V100-SXM2-32GB, 95 %, 59 %, 32768 MiB, 3450 MiB, 29045 MiB, 272.08 W, 62
2026/06/18 12:26:12.542, 0, Tesla V100-SXM2-32GB, 88 %, 50 %, 32768 MiB, 3450 MiB, 29045 MiB, 96.06 W, 61
2026/06/18 12:26:13.543, 0, Tesla V100-SXM2-32GB, 99 %, 55 %, 32768 MiB, 3450 MiB, 29045 MiB, 280.29 W, 62
2026/06/18 12:26:14.545, 0, Tesla V100-SXM2-32GB, 99 %, 55 %, 32768 MiB, 3450 MiB, 29045 MiB, 275.42 W, 62
2026/06/18 12:26:15.547, 0, Tesla V100-SXM2-32GB, 8 %, 0 %, 32768 MiB, 3450 MiB, 29045 MiB, 78.41 W, 58
2026/06/18 12:26:16.549, 0, Tesla V100-SXM2-32GB, 0 %, 0 %, 32768 MiB, 3450 MiB, 29045 MiB, 77.43 W, 55
2026/06/18 12:26:17.562, 0, Tesla V100-SXM2-32GB, 0 %, 0 %, 32768 MiB, 3450 MiB, 29045 MiB, 73.57 W, 54
2026/06/18 12:26:18.565, 0, Tesla V100-SXM2-32GB, 96 %, 56 %, 32768 MiB, 3450 MiB, 29045 MiB, 242.04 W, 59
2026/06/18 12:26:19.567, 0, Tesla V100-SXM2-32GB, 96 %, 58 %, 32768 MiB, 3450 MiB, 29045 MiB, 230.55 W, 60
2026/06/18 12:26:20.573, 0, Tesla V100-SXM2-32GB, 95 %, 59 %, 32768 MiB, 3450 MiB, 29045 MiB, 249.18 W, 61
2026/06/18 12:26:21.574, 0, Tesla V100-SXM2-32GB, 95 %, 60 %, 32768 MiB, 3450 MiB, 29045 MiB, 269.99 W, 61
2026/06/18 12:26:22.576, 0, Tesla V100-SXM2-32GB, 96 %, 60 %, 32768 MiB, 3450 MiB, 29045 MiB, 273.80 W, 61
2026/06/18 12:26:23.577, 0, Tesla V100-SXM2-32GB, 95 %, 60 %, 32768 MiB, 3450 MiB, 29045 MiB, 280.67 W, 61
2026/06/18 12:26:24.578, 0, Tesla V100-SXM2-32GB, 95 %, 58 %, 32768 MiB, 3450 MiB, 29045 MiB, 290.88 W, 61
2026/06/18 12:26:25.580, 0, Tesla V100-SXM2-32GB, 96 %, 58 %, 32768 MiB, 3450 MiB, 29045 MiB, 269.03 W, 61
2026/06/18 12:26:26.581, 0, Tesla V100-SXM2-32GB, 94 %, 59 %, 32768 MiB, 3450 MiB, 29045 MiB, 264.09 W, 61
2026/06/18 12:26:27.583, 0, Tesla V100-SXM2-32GB, 95 %, 60 %, 32768 MiB, 3450 MiB, 29045 MiB, 265.52 W, 61
2026/06/18 12:26:28.584, 0, Tesla V100-SXM2-32GB, 96 %, 60 %, 32768 MiB, 3450 MiB, 29045 MiB, 273.69 W, 61
2026/06/18 12:26:29.586, 0, Tesla V100-SXM2-32GB, 95 %, 60 %, 32768 MiB, 3450 MiB, 29045 MiB, 262.66 W, 61
2026/06/18 12:26:30.587, 0, Tesla V100-SXM2-32GB, 95 %, 59 %, 32768 MiB, 3450 MiB, 29045 MiB, 274.10 W, 62
2026/06/18 12:26:31.589, 0, Tesla V100-SXM2-32GB, 75 %, 47 %, 32768 MiB, 3450 MiB, 29045 MiB, 279.85 W, 61
2026/06/18 12:26:32.592, 0, Tesla V100-SXM2-32GB, 40 %, 22 %, 32768 MiB, 3450 MiB, 29045 MiB, 227.31 W, 60
2026/06/18 12:26:33.594, 0, Tesla V100-SXM2-32GB, 96 %, 54 %, 32768 MiB, 3450 MiB, 29045 MiB, 250.32 W, 61
2026/06/18 12:26:34.596, 0, Tesla V100-SXM2-32GB, 96 %, 56 %, 32768 MiB, 3450 MiB, 29045 MiB, 269.21 W, 61
2026/06/18 12:26:35.598, 0, Tesla V100-SXM2-32GB, 96 %, 58 %, 32768 MiB, 3450 MiB, 29045 MiB, 281.43 W, 61
2026/06/18 12:26:36.600, 0, Tesla V100-SXM2-32GB, 95 %, 59 %, 32768 MiB, 3450 MiB, 29045 MiB, 278.86 W, 61
2026/06/18 12:26:37.602, 0, Tesla V100-SXM2-32GB, 96 %, 60 %, 32768 MiB, 3450 MiB, 29045 MiB, 283.05 W, 62
2026/06/18 12:26:38.603, 0, Tesla V100-SXM2-32GB, 96 %, 59 %, 32768 MiB, 3450 MiB, 29045 MiB, 268.74 W, 62
2026/06/18 12:26:39.604, 0, Tesla V100-SXM2-32GB, 95 %, 56 %, 32768 MiB, 3450 MiB, 29045 MiB, 270.17 W, 62
2026/06/18 12:26:40.606, 0, Tesla V100-SXM2-32GB, 96 %, 55 %, 32768 MiB, 3450 MiB, 29045 MiB, 278.94 W, 62
2026/06/18 12:26:41.608, 0, Tesla V100-SXM2-32GB, 96 %, 58 %, 32768 MiB, 3450 MiB, 29045 MiB, 279.90 W, 62
2026/06/18 12:26:42.609, 0, Tesla V100-SXM2-32GB, 95 %, 60 %, 32768 MiB, 3450 MiB, 29045 MiB, 280.67 W, 62
2026/06/18 12:26:43.610, 0, Tesla V100-SXM2-32GB, 95 %, 58 %, 32768 MiB, 3450 MiB, 29045 MiB, 241.23 W, 62
2026/06/18 12:26:44.612, 0, Tesla V100-SXM2-32GB, 94 %, 56 %, 32768 MiB, 3450 MiB, 29045 MiB, 224.99 W, 62
2026/06/18 12:26:45.613, 0, Tesla V100-SXM2-32GB, 96 %, 56 %, 32768 MiB, 3450 MiB, 29045 MiB, 254.42 W, 62
2026/06/18 12:26:46.615, 0, Tesla V100-SXM2-32GB, 96 %, 55 %, 32768 MiB, 3450 MiB, 29045 MiB, 278.28 W, 62
2026/06/18 12:26:47.616, 0, Tesla V100-SXM2-32GB, 96 %, 55 %, 32768 MiB, 3450 MiB, 29045 MiB, 278.57 W, 62
2026/06/18 12:26:48.617, 0, Tesla V100-SXM2-32GB, 96 %, 57 %, 32768 MiB, 3450 MiB, 29045 MiB, 281.91 W, 62
2026/06/18 12:26:49.619, 0, Tesla V100-SXM2-32GB, 95 %, 59 %, 32768 MiB, 3450 MiB, 29045 MiB, 285.63 W, 62
2026/06/18 12:26:50.620, 0, Tesla V100-SXM2-32GB, 95 %, 60 %, 32768 MiB, 3450 MiB, 29045 MiB, 276.66 W, 62
2026/06/18 12:26:51.621, 0, Tesla V100-SXM2-32GB, 95 %, 60 %, 32768 MiB, 3450 MiB, 29045 MiB, 264.57 W, 62
2026/06/18 12:26:52.623, 0, Tesla V100-SXM2-32GB, 95 %, 59 %, 32768 MiB, 3450 MiB, 29045 MiB, 279.34 W, 62
2026/06/18 12:26:53.624, 0, Tesla V100-SXM2-32GB, 94 %, 56 %, 32768 MiB, 3450 MiB, 29045 MiB, 272.55 W, 62
2026/06/18 12:26:54.625, 0, Tesla V100-SXM2-32GB, 96 %, 56 %, 32768 MiB, 3450 MiB, 29045 MiB, 265.10 W, 62
2026/06/18 12:26:55.627, 0, Tesla V100-SXM2-32GB, 96 %, 55 %, 32768 MiB, 3450 MiB, 29045 MiB, 214.73 W, 62
2026/06/18 12:26:56.628, 0, Tesla V100-SXM2-32GB, 96 %, 55 %, 32768 MiB, 3450 MiB, 29045 MiB, 243.94 W, 62
2026/06/18 12:26:57.630, 0, Tesla V100-SXM2-32GB, 96 %, 57 %, 32768 MiB, 3450 MiB, 29045 MiB, 272.19 W, 62
2026/06/18 12:26:58.631, 0, Tesla V100-SXM2-32GB, 95 %, 59 %, 32768 MiB, 3450 MiB, 29045 MiB, 282.57 W, 62
2026/06/18 12:26:59.633, 0, Tesla V100-SXM2-32GB, 95 %, 60 %, 32768 MiB, 3450 MiB, 29045 MiB, 277.72 W, 62
2026/06/18 12:27:00.635, 0, Tesla V100-SXM2-32GB, 95 %, 60 %, 32768 MiB, 3450 MiB, 29045 MiB, 275.71 W, 62
2026/06/18 12:27:01.637, 0, Tesla V100-SXM2-32GB, 96 %, 59 %, 32768 MiB, 3450 MiB, 29045 MiB, 276.66 W, 62
2026/06/18 12:27:02.639, 0, Tesla V100-SXM2-32GB, 95 %, 57 %, 32768 MiB, 3450 MiB, 29045 MiB, 265.99 W, 62
2026/06/18 12:27:03.641, 0, Tesla V100-SXM2-32GB, 96 %, 56 %, 32768 MiB, 3450 MiB, 29045 MiB, 274.28 W, 62
2026/06/18 12:27:04.643, 0, Tesla V100-SXM2-32GB, 96 %, 55 %, 32768 MiB, 3450 MiB, 29045 MiB, 288.78 W, 62
2026/06/18 12:27:05.645, 0, Tesla V100-SXM2-32GB, 96 %, 54 %, 32768 MiB, 3450 MiB, 29045 MiB, 257.80 W, 62
2026/06/18 12:27:06.647, 0, Tesla V100-SXM2-32GB, 96 %, 57 %, 32768 MiB, 3450 MiB, 29045 MiB, 237.57 W, 62
2026/06/18 12:27:07.649, 0, Tesla V100-SXM2-32GB, 96 %, 59 %, 32768 MiB, 3450 MiB, 29045 MiB, 259.24 W, 62
2026/06/18 12:27:08.651, 0, Tesla V100-SXM2-32GB, 95 %, 60 %, 32768 MiB, 3450 MiB, 29045 MiB, 271.12 W, 62
2026/06/18 12:27:09.653, 0, Tesla V100-SXM2-32GB, 95 %, 60 %, 32768 MiB, 3450 MiB, 29045 MiB, 284.48 W, 62
2026/06/18 12:27:10.655, 0, Tesla V100-SXM2-32GB, 96 %, 60 %, 32768 MiB, 3450 MiB, 29045 MiB, 279.05 W, 62
2026/06/18 12:27:11.657, 0, Tesla V100-SXM2-32GB, 95 %, 59 %, 32768 MiB, 3450 MiB, 29045 MiB, 271.24 W, 63
2026/06/18 12:27:12.659, 0, Tesla V100-SXM2-32GB, 95 %, 57 %, 32768 MiB, 3450 MiB, 29045 MiB, 274.94 W, 63
2026/06/18 12:27:13.662, 0, Tesla V100-SXM2-32GB, 96 %, 56 %, 32768 MiB, 3450 MiB, 29045 MiB, 273.69 W, 63
2026/06/18 12:27:14.664, 0, Tesla V100-SXM2-32GB, 96 %, 55 %, 32768 MiB, 3450 MiB, 29045 MiB, 263.31 W, 62
2026/06/18 12:27:15.666, 0, Tesla V100-SXM2-32GB, 95 %, 55 %, 32768 MiB, 3450 MiB, 29045 MiB, 269.51 W, 63
2026/06/18 12:27:16.668, 0, Tesla V100-SXM2-32GB, 95 %, 55 %, 32768 MiB, 3450 MiB, 29045 MiB, 275.60 W, 62
2026/06/18 12:27:17.670, 0, Tesla V100-SXM2-32GB, 96 %, 57 %, 32768 MiB, 3450 MiB, 29045 MiB, 272.26 W, 63
2026/06/18 12:27:18.673, 0, Tesla V100-SXM2-32GB, 66 %, 41 %, 32768 MiB, 3450 MiB, 29045 MiB, 177.35 W, 60
2026/06/18 12:27:19.678, 0, Tesla V100-SXM2-32GB, 96 %, 55 %, 32768 MiB, 3450 MiB, 29045 MiB, 266.52 W, 62
2026/06/18 12:27:20.679, 0, Tesla V100-SXM2-32GB, 95 %, 60 %, 32768 MiB, 3450 MiB, 29045 MiB, 271.37 W, 62
2026/06/18 12:27:21.680, 0, Tesla V100-SXM2-32GB, 95 %, 60 %, 32768 MiB, 3450 MiB, 29045 MiB, 275.12 W, 62
2026/06/18 12:27:22.682, 0, Tesla V100-SXM2-32GB, 95 %, 59 %, 32768 MiB, 3450 MiB, 29045 MiB, 278.57 W, 62
2026/06/18 12:27:23.683, 0, Tesla V100-SXM2-32GB, 95 %, 58 %, 32768 MiB, 3450 MiB, 29045 MiB, 274.28 W, 62
2026/06/18 12:27:24.685, 0, Tesla V100-SXM2-32GB, 95 %, 57 %, 32768 MiB, 3450 MiB, 29045 MiB, 256.77 W, 63
2026/06/18 12:27:25.687, 0, Tesla V100-SXM2-32GB, 96 %, 56 %, 32768 MiB, 3450 MiB, 29045 MiB, 252.38 W, 63
2026/06/18 12:27:26.690, 0, Tesla V100-SXM2-32GB, 96 %, 55 %, 32768 MiB, 3450 MiB, 29045 MiB, 236.13 W, 62
2026/06/18 12:27:27.692, 0, Tesla V100-SXM2-32GB, 95 %, 54 %, 32768 MiB, 3450 MiB, 29045 MiB, 250.44 W, 62
2026/06/18 12:27:28.693, 0, Tesla V100-SXM2-32GB, 95 %, 55 %, 32768 MiB, 3450 MiB, 29045 MiB, 267.78 W, 62
2026/06/18 12:27:29.695, 0, Tesla V100-SXM2-32GB, 96 %, 57 %, 32768 MiB, 3450 MiB, 29045 MiB, 274.28 W, 62
2026/06/18 12:27:30.698, 0, Tesla V100-SXM2-32GB, 96 %, 59 %, 32768 MiB, 3450 MiB, 29045 MiB, 269.03 W, 62
2026/06/18 12:27:31.700, 0, Tesla V100-SXM2-32GB, 95 %, 60 %, 32768 MiB, 3450 MiB, 29045 MiB, 277.62 W, 62
2026/06/18 12:27:32.702, 0, Tesla V100-SXM2-32GB, 95 %, 60 %, 32768 MiB, 3450 MiB, 29045 MiB, 283.05 W, 62
2026/06/18 12:27:33.704, 0, Tesla V100-SXM2-32GB, 96 %, 61 %, 32768 MiB, 3450 MiB, 29045 MiB, 272.55 W, 63
2026/06/18 12:27:34.706, 0, Tesla V100-SXM2-32GB, 95 %, 59 %, 32768 MiB, 3450 MiB, 29045 MiB, 264.27 W, 63
2026/06/18 12:27:35.708, 0, Tesla V100-SXM2-32GB, 95 %, 58 %, 32768 MiB, 3450 MiB, 29045 MiB, 267.60 W, 63
2026/06/18 12:27:36.711, 0, Tesla V100-SXM2-32GB, 99 %, 54 %, 32768 MiB, 3450 MiB, 29045 MiB, 275.05 W, 63
2026/06/18 12:27:37.713, 0, Tesla V100-SXM2-32GB, 99 %, 55 %, 32768 MiB, 3450 MiB, 29045 MiB, 283.91 W, 63
2026/06/18 12:27:38.715, 0, Tesla V100-SXM2-32GB, 99 %, 54 %, 32768 MiB, 3450 MiB, 29045 MiB, 269.69 W, 63
2026/06/18 12:27:39.717, 0, Tesla V100-SXM2-32GB, 0 %, 0 %, 32768 MiB, 3450 MiB, 29045 MiB, 77.59 W, 56
2026/06/18 12:27:40.720, 0, Tesla V100-SXM2-32GB, 9 %, 0 %, 32768 MiB, 3450 MiB, 29045 MiB, 74.00 W, 55
2026/06/18 12:27:41.725, 0, Tesla V100-SXM2-32GB, 0 %, 0 %, 32768 MiB, 3450 MiB, 29045 MiB, 195.04 W, 56
2026/06/18 12:27:42.727, 0, Tesla V100-SXM2-32GB, 96 %, 55 %, 32768 MiB, 3450 MiB, 29045 MiB, 267.55 W, 60
2026/06/18 12:27:43.728, 0, Tesla V100-SXM2-32GB, 95 %, 54 %, 32768 MiB, 3450 MiB, 29045 MiB, 285.91 W, 61
2026/06/18 12:27:44.729, 0, Tesla V100-SXM2-32GB, 95 %, 54 %, 32768 MiB, 3450 MiB, 29045 MiB, 271.12 W, 61
2026/06/18 12:27:45.731, 0, Tesla V100-SXM2-32GB, 96 %, 58 %, 32768 MiB, 3450 MiB, 29045 MiB, 277.99 W, 61
2026/06/18 12:27:46.734, 0, Tesla V100-SXM2-32GB, 95 %, 60 %, 32768 MiB, 3450 MiB, 29045 MiB, 232.15 W, 61
2026/06/18 12:27:47.736, 0, Tesla V100-SXM2-32GB, 95 %, 59 %, 32768 MiB, 3450 MiB, 29045 MiB, 243.61 W, 61
2026/06/18 12:27:48.737, 0, Tesla V100-SXM2-32GB, 96 %, 55 %, 32768 MiB, 3450 MiB, 29045 MiB, 267.13 W, 60
2026/06/18 12:27:49.739, 0, Tesla V100-SXM2-32GB, 96 %, 57 %, 32768 MiB, 3450 MiB, 29045 MiB, 280.38 W, 60
2026/06/18 12:27:50.740, 0, Tesla V100-SXM2-32GB, 92 %, 57 %, 32768 MiB, 3450 MiB, 29045 MiB, 271.01 W, 60
2026/06/18 12:27:51.741, 0, Tesla V100-SXM2-32GB, 17 %, 11 %, 32768 MiB, 3450 MiB, 29045 MiB, 255.51 W, 57
2026/06/18 12:27:52.743, 0, Tesla V100-SXM2-32GB, 79 %, 51 %, 32768 MiB, 3450 MiB, 29045 MiB, 271.50 W, 59
2026/06/18 12:27:53.744, 0, Tesla V100-SXM2-32GB, 0 %, 0 %, 32768 MiB, 3450 MiB, 29045 MiB, 76.26 W, 54
2026/06/18 12:27:54.746, 0, Tesla V100-SXM2-32GB, 0 %, 0 %, 32768 MiB, 3450 MiB, 29045 MiB, 75.63 W, 53
2026/06/18 12:27:55.747, 0, Tesla V100-SXM2-32GB, 96 %, 60 %, 32768 MiB, 3450 MiB, 29045 MiB, 274.75 W, 56
2026/06/18 12:27:56.749, 0, Tesla V100-SXM2-32GB, 95 %, 59 %, 32768 MiB, 3450 MiB, 29045 MiB, 263.24 W, 58
2026/06/18 12:27:57.750, 0, Tesla V100-SXM2-32GB, 95 %, 58 %, 32768 MiB, 3450 MiB, 29045 MiB, 275.42 W, 58
2026/06/18 12:27:58.752, 0, Tesla V100-SXM2-32GB, 95 %, 56 %, 32768 MiB, 3450 MiB, 29045 MiB, 269.99 W, 58
2026/06/18 12:27:59.753, 0, Tesla V100-SXM2-32GB, 96 %, 55 %, 32768 MiB, 3450 MiB, 29045 MiB, 268.08 W, 58
2026/06/18 12:28:00.754, 0, Tesla V100-SXM2-32GB, 96 %, 54 %, 32768 MiB, 3450 MiB, 29045 MiB, 271.60 W, 58
2026/06/18 12:28:01.756, 0, Tesla V100-SXM2-32GB, 95 %, 54 %, 32768 MiB, 3450 MiB, 29045 MiB, 278.76 W, 59
2026/06/18 12:28:02.757, 0, Tesla V100-SXM2-32GB, 96 %, 56 %, 32768 MiB, 3450 MiB, 29045 MiB, 244.55 W, 59
2026/06/18 12:28:03.759, 0, Tesla V100-SXM2-32GB, 96 %, 58 %, 32768 MiB, 3450 MiB, 29045 MiB, 206.71 W, 59
2026/06/18 12:28:04.760, 0, Tesla V100-SXM2-32GB, 95 %, 60 %, 32768 MiB, 3450 MiB, 29045 MiB, 250.44 W, 58
2026/06/18 12:28:05.762, 0, Tesla V100-SXM2-32GB, 95 %, 60 %, 32768 MiB, 3450 MiB, 29045 MiB, 271.60 W, 58
2026/06/18 12:28:06.763, 0, Tesla V100-SXM2-32GB, 95 %, 60 %, 32768 MiB, 3450 MiB, 29045 MiB, 272.01 W, 58
2026/06/18 12:28:07.765, 0, Tesla V100-SXM2-32GB, 96 %, 57 %, 32768 MiB, 3450 MiB, 29045 MiB, 276.66 W, 58
2026/06/18 12:28:08.766, 0, Tesla V100-SXM2-32GB, 96 %, 59 %, 32768 MiB, 3450 MiB, 29045 MiB, 272.37 W, 59
2026/06/18 12:28:09.767, 0, Tesla V100-SXM2-32GB, 96 %, 56 %, 32768 MiB, 3450 MiB, 29045 MiB, 205.55 W, 58
2026/06/18 12:28:10.769, 0, Tesla V100-SXM2-32GB, 95 %, 59 %, 32768 MiB, 3450 MiB, 29045 MiB, 274.31 W, 58
2026/06/18 12:28:11.770, 0, Tesla V100-SXM2-32GB, 95 %, 57 %, 32768 MiB, 3450 MiB, 29045 MiB, 274.54 W, 59
2026/06/18 12:28:12.772, 0, Tesla V100-SXM2-32GB, 97 %, 56 %, 32768 MiB, 3450 MiB, 29045 MiB, 252.55 W, 59
2026/06/18 12:28:13.773, 0, Tesla V100-SXM2-32GB, 96 %, 55 %, 32768 MiB, 3450 MiB, 29045 MiB, 222.90 W, 59
2026/06/18 12:28:14.775, 0, Tesla V100-SXM2-32GB, 96 %, 55 %, 32768 MiB, 3450 MiB, 29045 MiB, 249.74 W, 59
2026/06/18 12:28:15.776, 0, Tesla V100-SXM2-32GB, 96 %, 56 %, 32768 MiB, 3450 MiB, 29045 MiB, 266.39 W, 59
2026/06/18 12:28:16.777, 0, Tesla V100-SXM2-32GB, 96 %, 58 %, 32768 MiB, 3450 MiB, 29045 MiB, 276.49 W, 59
2026/06/18 12:28:17.779, 0, Tesla V100-SXM2-32GB, 95 %, 60 %, 32768 MiB, 3450 MiB, 29045 MiB, 277.74 W, 59
2026/06/18 12:28:18.780, 0, Tesla V100-SXM2-32GB, 95 %, 60 %, 32768 MiB, 3450 MiB, 29045 MiB, 266.39 W, 60
2026/06/18 12:28:19.782, 0, Tesla V100-SXM2-32GB, 95 %, 60 %, 32768 MiB, 3450 MiB, 29045 MiB, 269.76 W, 60
2026/06/18 12:28:20.784, 0, Tesla V100-SXM2-32GB, 95 %, 58 %, 32768 MiB, 3450 MiB, 29045 MiB, 274.08 W, 60
2026/06/18 12:28:21.787, 0, Tesla V100-SXM2-32GB, 95 %, 56 %, 32768 MiB, 3450 MiB, 29045 MiB, 267.66 W, 60
2026/06/18 12:28:22.789, 0, Tesla V100-SXM2-32GB, 96 %, 55 %, 32768 MiB, 3450 MiB, 29045 MiB, 271.56 W, 60
2026/06/18 12:28:23.791, 0, Tesla V100-SXM2-32GB, 95 %, 54 %, 32768 MiB, 3450 MiB, 29045 MiB, 281.96 W, 60
2026/06/18 12:28:24.793, 0, Tesla V100-SXM2-32GB, 95 %, 54 %, 32768 MiB, 3450 MiB, 29045 MiB, 281.30 W, 60
2026/06/18 12:28:25.794, 0, Tesla V100-SXM2-32GB, 96 %, 56 %, 32768 MiB, 3450 MiB, 29045 MiB, 251.35 W, 60
2026/06/18 12:28:26.796, 0, Tesla V100-SXM2-32GB, 96 %, 58 %, 32768 MiB, 3450 MiB, 29045 MiB, 232.25 W, 60
2026/06/18 12:28:27.797, 0, Tesla V100-SXM2-32GB, 94 %, 58 %, 32768 MiB, 3450 MiB, 29045 MiB, 231.46 W, 60
2026/06/18 12:28:28.798, 0, Tesla V100-SXM2-32GB, 95 %, 60 %, 32768 MiB, 3450 MiB, 29045 MiB, 255.51 W, 60
2026/06/18 12:28:29.800, 0, Tesla V100-SXM2-32GB, 95 %, 60 %, 32768 MiB, 3450 MiB, 29045 MiB, 272.94 W, 60
2026/06/18 12:28:30.801, 0, Tesla V100-SXM2-32GB, 96 %, 60 %, 32768 MiB, 3450 MiB, 29045 MiB, 275.82 W, 60
2026/06/18 12:28:31.802, 0, Tesla V100-SXM2-32GB, 95 %, 58 %, 32768 MiB, 3450 MiB, 29045 MiB, 284.47 W, 61
2026/06/18 12:28:32.804, 0, Tesla V100-SXM2-32GB, 95 %, 56 %, 32768 MiB, 3450 MiB, 29045 MiB, 281.19 W, 61
2026/06/18 12:28:33.805, 0, Tesla V100-SXM2-32GB, 96 %, 55 %, 32768 MiB, 3450 MiB, 29045 MiB, 264.78 W, 61
2026/06/18 12:28:34.807, 0, Tesla V100-SXM2-32GB, 96 %, 54 %, 32768 MiB, 3450 MiB, 29045 MiB, 263.99 W, 61
2026/06/18 12:28:35.808, 0, Tesla V100-SXM2-32GB, 95 %, 55 %, 32768 MiB, 3450 MiB, 29045 MiB, 269.58 W, 61
2026/06/18 12:28:36.809, 0, Tesla V100-SXM2-32GB, 95 %, 56 %, 32768 MiB, 3450 MiB, 29045 MiB, 279.74 W, 61
2026/06/18 12:28:37.811, 0, Tesla V100-SXM2-32GB, 96 %, 58 %, 32768 MiB, 3450 MiB, 29045 MiB, 275.23 W, 61
2026/06/18 12:28:38.812, 0, Tesla V100-SXM2-32GB, 95 %, 59 %, 32768 MiB, 3450 MiB, 29045 MiB, 276.01 W, 61
2026/06/18 12:28:39.814, 0, Tesla V100-SXM2-32GB, 95 %, 60 %, 32768 MiB, 3450 MiB, 29045 MiB, 259.05 W, 61
2026/06/18 12:28:40.815, 0, Tesla V100-SXM2-32GB, 95 %, 60 %, 32768 MiB, 3450 MiB, 29045 MiB, 212.85 W, 61
2026/06/18 12:28:41.817, 0, Tesla V100-SXM2-32GB, 95 %, 59 %, 32768 MiB, 3450 MiB, 29045 MiB, 227.77 W, 61
2026/06/18 12:28:42.818, 0, Tesla V100-SXM2-32GB, 95 %, 58 %, 32768 MiB, 3450 MiB, 29045 MiB, 260.15 W, 61
2026/06/18 12:28:43.819, 0, Tesla V100-SXM2-32GB, 95 %, 57 %, 32768 MiB, 3450 MiB, 29045 MiB, 276.01 W, 61
2026/06/18 12:28:44.821, 0, Tesla V100-SXM2-32GB, 96 %, 55 %, 32768 MiB, 3450 MiB, 29045 MiB, 275.71 W, 61
2026/06/18 12:28:45.822, 0, Tesla V100-SXM2-32GB, 96 %, 55 %, 32768 MiB, 3450 MiB, 29045 MiB, 276.30 W, 61
2026/06/18 12:28:46.824, 0, Tesla V100-SXM2-32GB, 96 %, 55 %, 32768 MiB, 3450 MiB, 29045 MiB, 277.63 W, 61
2026/06/18 12:28:47.826, 0, Tesla V100-SXM2-32GB, 96 %, 58 %, 32768 MiB, 3450 MiB, 29045 MiB, 269.94 W, 61
2026/06/18 12:28:48.827, 0, Tesla V100-SXM2-32GB, 94 %, 58 %, 32768 MiB, 3450 MiB, 29045 MiB, 275.41 W, 61
2026/06/18 12:28:49.830, 0, Tesla V100-SXM2-32GB, 95 %, 60 %, 32768 MiB, 3450 MiB, 29045 MiB, 275.71 W, 61
2026/06/18 12:28:50.832, 0, Tesla V100-SXM2-32GB, 96 %, 60 %, 32768 MiB, 3450 MiB, 29045 MiB, 281.48 W, 62
2026/06/18 12:28:51.834, 0, Tesla V100-SXM2-32GB, 95 %, 58 %, 32768 MiB, 3450 MiB, 29045 MiB, 256.16 W, 62
2026/06/18 12:28:52.836, 0, Tesla V100-SXM2-32GB, 95 %, 56 %, 32768 MiB, 3450 MiB, 29045 MiB, 230.02 W, 61
2026/06/18 12:28:53.837, 0, Tesla V100-SXM2-32GB, 96 %, 55 %, 32768 MiB, 3450 MiB, 29045 MiB, 264.82 W, 61
2026/06/18 12:28:54.842, 0, Tesla V100-SXM2-32GB, 95 %, 58 %, 32768 MiB, 3450 MiB, 29045 MiB, 276.12 W, 61
2026/06/18 12:28:55.843, 0, Tesla V100-SXM2-32GB, 95 %, 59 %, 32768 MiB, 3450 MiB, 29045 MiB, 291.19 W, 61
2026/06/18 12:28:56.846, 0, Tesla V100-SXM2-32GB, 95 %, 60 %, 32768 MiB, 3450 MiB, 29045 MiB, 274.57 W, 62
2026/06/18 12:28:57.849, 0, Tesla V100-SXM2-32GB, 96 %, 61 %, 32768 MiB, 3450 MiB, 29045 MiB, 275.53 W, 62
2026/06/18 12:28:58.850, 0, Tesla V100-SXM2-32GB, 96 %, 59 %, 32768 MiB, 3450 MiB, 29045 MiB, 271.50 W, 62
2026/06/18 12:28:59.852, 0, Tesla V100-SXM2-32GB, 95 %, 57 %, 32768 MiB, 3450 MiB, 29045 MiB, 271.98 W, 62
2026/06/18 12:29:00.853, 0, Tesla V100-SXM2-32GB, 96 %, 56 %, 32768 MiB, 3450 MiB, 29045 MiB, 274.27 W, 62
2026/06/18 12:29:01.855, 0, Tesla V100-SXM2-32GB, 94 %, 54 %, 32768 MiB, 3450 MiB, 29045 MiB, 273.49 W, 62
2026/06/18 12:29:02.856, 0, Tesla V100-SXM2-32GB, 75 %, 42 %, 32768 MiB, 3450 MiB, 29045 MiB, 278.11 W, 62
2026/06/18 12:29:03.857, 0, Tesla V100-SXM2-32GB, 99 %, 55 %, 32768 MiB, 3450 MiB, 29045 MiB, 288.02 W, 62
2026/06/18 12:29:04.859, 0, Tesla V100-SXM2-32GB, 99 %, 54 %, 32768 MiB, 3450 MiB, 29045 MiB, 268.02 W, 62
2026/06/18 12:29:05.860, 0, Tesla V100-SXM2-32GB, 5 %, 0 %, 32768 MiB, 3450 MiB, 29045 MiB, 77.43 W, 56
2026/06/18 12:29:06.861, 0, Tesla V100-SXM2-32GB, 9 %, 0 %, 32768 MiB, 3450 MiB, 29045 MiB, 73.37 W, 55
2026/06/18 12:29:07.863, 0, Tesla V100-SXM2-32GB, 0 %, 0 %, 32768 MiB, 3450 MiB, 29045 MiB, 252.12 W, 56
2026/06/18 12:29:08.864, 0, Tesla V100-SXM2-32GB, 96 %, 58 %, 32768 MiB, 3450 MiB, 29045 MiB, 273.49 W, 60
2026/06/18 12:29:09.866, 0, Tesla V100-SXM2-32GB, 95 %, 56 %, 32768 MiB, 3450 MiB, 29045 MiB, 267.36 W, 60
2026/06/18 12:29:10.867, 0, Tesla V100-SXM2-32GB, 96 %, 54 %, 32768 MiB, 3450 MiB, 29045 MiB, 262.38 W, 60
2026/06/18 12:29:11.869, 0, Tesla V100-SXM2-32GB, 95 %, 54 %, 32768 MiB, 3450 MiB, 29045 MiB, 270.24 W, 61
2026/06/18 12:29:12.870, 0, Tesla V100-SXM2-32GB, 96 %, 56 %, 32768 MiB, 3450 MiB, 29045 MiB, 273.42 W, 61
2026/06/18 12:29:13.871, 0, Tesla V100-SXM2-32GB, 96 %, 58 %, 32768 MiB, 3450 MiB, 29045 MiB, 274.75 W, 61
2026/06/18 12:29:14.873, 0, Tesla V100-SXM2-32GB, 94 %, 58 %, 32768 MiB, 3450 MiB, 29045 MiB, 278.11 W, 61
2026/06/18 12:29:15.874, 0, Tesla V100-SXM2-32GB, 95 %, 60 %, 32768 MiB, 3450 MiB, 29045 MiB, 257.30 W, 61
2026/06/18 12:29:16.875, 0, Tesla V100-SXM2-32GB, 96 %, 60 %, 32768 MiB, 3450 MiB, 29045 MiB, 229.51 W, 61
2026/06/18 12:29:17.877, 0, Tesla V100-SXM2-32GB, 95 %, 59 %, 32768 MiB, 3450 MiB, 29045 MiB, 262.24 W, 61
2026/06/18 12:29:18.878, 0, Tesla V100-SXM2-32GB, 95 %, 57 %, 32768 MiB, 3450 MiB, 29045 MiB, 280.33 W, 61
2026/06/18 12:29:19.880, 0, Tesla V100-SXM2-32GB, 96 %, 56 %, 32768 MiB, 3450 MiB, 29045 MiB, 276.97 W, 61
2026/06/18 12:29:20.881, 0, Tesla V100-SXM2-32GB, 96 %, 54 %, 32768 MiB, 3450 MiB, 29045 MiB, 288.89 W, 61
2026/06/18 12:29:21.882, 0, Tesla V100-SXM2-32GB, 96 %, 55 %, 32768 MiB, 3450 MiB, 29045 MiB, 282.92 W, 61
2026/06/18 12:29:22.884, 0, Tesla V100-SXM2-32GB, 96 %, 57 %, 32768 MiB, 3450 MiB, 29045 MiB, 266.88 W, 61
2026/06/18 12:29:23.885, 0, Tesla V100-SXM2-32GB, 95 %, 58 %, 32768 MiB, 3450 MiB, 29045 MiB, 262.72 W, 62
2026/06/18 12:29:24.887, 0, Tesla V100-SXM2-32GB, 95 %, 60 %, 32768 MiB, 3450 MiB, 29045 MiB, 276.67 W, 62
2026/06/18 12:29:25.888, 0, Tesla V100-SXM2-32GB, 95 %, 60 %, 32768 MiB, 3450 MiB, 29045 MiB, 280.33 W, 62
2026/06/18 12:29:26.889, 0, Tesla V100-SXM2-32GB, 96 %, 59 %, 32768 MiB, 3450 MiB, 29045 MiB, 264.04 W, 62
2026/06/18 12:29:27.891, 0, Tesla V100-SXM2-32GB, 95 %, 57 %, 32768 MiB, 3450 MiB, 29045 MiB, 243.81 W, 62
2026/06/18 12:29:28.892, 0, Tesla V100-SXM2-32GB, 96 %, 56 %, 32768 MiB, 3450 MiB, 29045 MiB, 268.02 W, 61
2026/06/18 12:29:29.894, 0, Tesla V100-SXM2-32GB, 96 %, 54 %, 32768 MiB, 3450 MiB, 29045 MiB, 274.86 W, 61
2026/06/18 12:29:30.895, 0, Tesla V100-SXM2-32GB, 95 %, 55 %, 32768 MiB, 3450 MiB, 29045 MiB, 282.15 W, 61
2026/06/18 12:29:31.896, 0, Tesla V100-SXM2-32GB, 96 %, 57 %, 32768 MiB, 3450 MiB, 29045 MiB, 282.07 W, 62
2026/06/18 12:29:32.898, 0, Tesla V100-SXM2-32GB, 96 %, 59 %, 32768 MiB, 3450 MiB, 29045 MiB, 271.68 W, 62
2026/06/18 12:29:33.899, 0, Tesla V100-SXM2-32GB, 95 %, 60 %, 32768 MiB, 3450 MiB, 29045 MiB, 269.76 W, 62
2026/06/18 12:29:34.900, 0, Tesla V100-SXM2-32GB, 95 %, 60 %, 32768 MiB, 3450 MiB, 29045 MiB, 276.38 W, 62
2026/06/18 12:29:35.902, 0, Tesla V100-SXM2-32GB, 95 %, 60 %, 32768 MiB, 3450 MiB, 29045 MiB, 263.20 W, 62
2026/06/18 12:29:36.903, 0, Tesla V100-SXM2-32GB, 95 %, 60 %, 32768 MiB, 3450 MiB, 29045 MiB, 276.67 W, 62
2026/06/18 12:29:37.905, 0, Tesla V100-SXM2-32GB, 95 %, 58 %, 32768 MiB, 3450 MiB, 29045 MiB, 278.41 W, 62
2026/06/18 12:29:38.906, 0, Tesla V100-SXM2-32GB, 95 %, 57 %, 32768 MiB, 3450 MiB, 29045 MiB, 284.47 W, 62
2026/06/18 12:29:39.908, 0, Tesla V100-SXM2-32GB, 96 %, 55 %, 32768 MiB, 3450 MiB, 29045 MiB, 248.28 W, 62
2026/06/18 12:29:40.911, 0, Tesla V100-SXM2-32GB, 96 %, 55 %, 32768 MiB, 3450 MiB, 29045 MiB, 217.18 W, 62
2026/06/18 12:29:41.912, 0, Tesla V100-SXM2-32GB, 95 %, 54 %, 32768 MiB, 3450 MiB, 29045 MiB, 249.27 W, 62
2026/06/18 12:29:42.914, 0, Tesla V100-SXM2-32GB, 95 %, 56 %, 32768 MiB, 3450 MiB, 29045 MiB, 263.38 W, 62
2026/06/18 12:29:43.915, 0, Tesla V100-SXM2-32GB, 96 %, 57 %, 32768 MiB, 3450 MiB, 29045 MiB, 276.67 W, 62
2026/06/18 12:29:44.918, 0, Tesla V100-SXM2-32GB, 96 %, 58 %, 32768 MiB, 3450 MiB, 29045 MiB, 273.90 W, 62
2026/06/18 12:29:45.920, 0, Tesla V100-SXM2-32GB, 95 %, 59 %, 32768 MiB, 3450 MiB, 29045 MiB, 281.48 W, 62
2026/06/18 12:29:46.922, 0, Tesla V100-SXM2-32GB, 95 %, 60 %, 32768 MiB, 3450 MiB, 29045 MiB, 280.81 W, 62
2026/06/18 12:29:47.924, 0, Tesla V100-SXM2-32GB, 95 %, 60 %, 32768 MiB, 3450 MiB, 29045 MiB, 280.23 W, 62
2026/06/18 12:29:48.926, 0, Tesla V100-SXM2-32GB, 95 %, 59 %, 32768 MiB, 3450 MiB, 29045 MiB, 266.09 W, 62
2026/06/18 12:29:49.929, 0, Tesla V100-SXM2-32GB, 95 %, 56 %, 32768 MiB, 3450 MiB, 29045 MiB, 273.12 W, 62
2026/06/18 12:29:50.931, 0, Tesla V100-SXM2-32GB, 96 %, 55 %, 32768 MiB, 3450 MiB, 29045 MiB, 279.85 W, 62
2026/06/18 12:29:51.933, 0, Tesla V100-SXM2-32GB, 96 %, 55 %, 32768 MiB, 3450 MiB, 29045 MiB, 253.76 W, 62
2026/06/18 12:29:52.935, 0, Tesla V100-SXM2-32GB, 89 %, 52 %, 32768 MiB, 3450 MiB, 29045 MiB, 270.30 W, 62
2026/06/18 12:29:53.937, 0, Tesla V100-SXM2-32GB, 96 %, 60 %, 32768 MiB, 3450 MiB, 29045 MiB, 269.88 W, 62
2026/06/18 12:29:54.939, 0, Tesla V100-SXM2-32GB, 51 %, 29 %, 32768 MiB, 3450 MiB, 29045 MiB, 238.68 W, 61
2026/06/18 12:29:55.941, 0, Tesla V100-SXM2-32GB, 96 %, 61 %, 32768 MiB, 3450 MiB, 29045 MiB, 285.81 W, 62
2026/06/18 12:29:56.943, 0, Tesla V100-SXM2-32GB, 95 %, 59 %, 32768 MiB, 3450 MiB, 29045 MiB, 281.48 W, 62
2026/06/18 12:29:57.945, 0, Tesla V100-SXM2-32GB, 95 %, 57 %, 32768 MiB, 3450 MiB, 29045 MiB, 275.71 W, 62
2026/06/18 12:29:58.946, 0, Tesla V100-SXM2-32GB, 96 %, 55 %, 32768 MiB, 3450 MiB, 29045 MiB, 268.32 W, 62
2026/06/18 12:29:59.948, 0, Tesla V100-SXM2-32GB, 95 %, 60 %, 32768 MiB, 3450 MiB, 29045 MiB, 266.88 W, 62
2026/06/18 12:30:00.949, 0, Tesla V100-SXM2-32GB, 95 %, 58 %, 32768 MiB, 3450 MiB, 29045 MiB, 270.06 W, 62
2026/06/18 12:30:01.951, 0, Tesla V100-SXM2-32GB, 96 %, 55 %, 32768 MiB, 3450 MiB, 29045 MiB, 276.12 W, 62
2026/06/18 12:30:02.952, 0, Tesla V100-SXM2-32GB, 96 %, 56 %, 32768 MiB, 3450 MiB, 29045 MiB, 258.53 W, 62
2026/06/18 12:30:03.953, 0, Tesla V100-SXM2-32GB, 94 %, 59 %, 32768 MiB, 3450 MiB, 29045 MiB, 254.07 W, 62
2026/06/18 12:30:04.955, 0, Tesla V100-SXM2-32GB, 94 %, 60 %, 32768 MiB, 3450 MiB, 29045 MiB, 223.25 W, 62
2026/06/18 12:30:05.956, 0, Tesla V100-SXM2-32GB, 95 %, 60 %, 32768 MiB, 3450 MiB, 29045 MiB, 224.40 W, 62
2026/06/18 12:30:06.958, 0, Tesla V100-SXM2-32GB, 95 %, 60 %, 32768 MiB, 3450 MiB, 29045 MiB, 250.05 W, 62
2026/06/18 12:30:07.959, 0, Tesla V100-SXM2-32GB, 95 %, 58 %, 32768 MiB, 3450 MiB, 29045 MiB, 273.12 W, 62
2026/06/18 12:30:08.961, 0, Tesla V100-SXM2-32GB, 95 %, 57 %, 32768 MiB, 3450 MiB, 29045 MiB, 272.83 W, 62
2026/06/18 12:30:09.962, 0, Tesla V100-SXM2-32GB, 96 %, 56 %, 32768 MiB, 3450 MiB, 29045 MiB, 275.71 W, 62
2026/06/18 12:30:10.963, 0, Tesla V100-SXM2-32GB, 96 %, 55 %, 32768 MiB, 3450 MiB, 29045 MiB, 281.30 W, 62
2026/06/18 12:30:11.965, 0, Tesla V100-SXM2-32GB, 96 %, 55 %, 32768 MiB, 3450 MiB, 29045 MiB, 279.26 W, 62
2026/06/18 12:30:12.966, 0, Tesla V100-SXM2-32GB, 95 %, 54 %, 32768 MiB, 3450 MiB, 29045 MiB, 267.84 W, 62
2026/06/18 12:30:13.967, 0, Tesla V100-SXM2-32GB, 96 %, 56 %, 32768 MiB, 3450 MiB, 29045 MiB, 279.56 W, 62
2026/06/18 12:30:14.969, 0, Tesla V100-SXM2-32GB, 96 %, 58 %, 32768 MiB, 3450 MiB, 29045 MiB, 273.31 W, 62
2026/06/18 12:30:15.970, 0, Tesla V100-SXM2-32GB, 95 %, 59 %, 32768 MiB, 3450 MiB, 29045 MiB, 262.55 W, 62
2026/06/18 12:30:16.972, 0, Tesla V100-SXM2-32GB, 94 %, 59 %, 32768 MiB, 3450 MiB, 29045 MiB, 270.06 W, 62
2026/06/18 12:30:17.973, 0, Tesla V100-SXM2-32GB, 95 %, 60 %, 32768 MiB, 3450 MiB, 29045 MiB, 266.04 W, 62
2026/06/18 12:30:18.974, 0, Tesla V100-SXM2-32GB, 95 %, 60 %, 32768 MiB, 3450 MiB, 29045 MiB, 276.67 W, 62
2026/06/18 12:30:19.976, 0, Tesla V100-SXM2-32GB, 95 %, 59 %, 32768 MiB, 3450 MiB, 29045 MiB, 287.15 W, 62
2026/06/18 12:30:20.978, 0, Tesla V100-SXM2-32GB, 95 %, 58 %, 32768 MiB, 3450 MiB, 29045 MiB, 256.50 W, 62
2026/06/18 12:30:21.981, 0, Tesla V100-SXM2-32GB, 95 %, 56 %, 32768 MiB, 3450 MiB, 29045 MiB, 236.75 W, 62
2026/06/18 12:30:22.983, 0, Tesla V100-SXM2-32GB, 96 %, 55 %, 32768 MiB, 3450 MiB, 29045 MiB, 260.32 W, 62
2026/06/18 12:30:23.984, 0, Tesla V100-SXM2-32GB, 96 %, 54 %, 32768 MiB, 3450 MiB, 29045 MiB, 270.60 W, 62
2026/06/18 12:30:24.987, 0, Tesla V100-SXM2-32GB, 95 %, 54 %, 32768 MiB, 3450 MiB, 29045 MiB, 282.63 W, 62
2026/06/18 12:30:25.989, 0, Tesla V100-SXM2-32GB, 96 %, 55 %, 32768 MiB, 3450 MiB, 29045 MiB, 277.63 W, 62
2026/06/18 12:30:26.990, 0, Tesla V100-SXM2-32GB, 99 %, 54 %, 32768 MiB, 3450 MiB, 29045 MiB, 262.68 W, 62
2026/06/18 12:30:27.992, 0, Tesla V100-SXM2-32GB, 99 %, 55 %, 32768 MiB, 3450 MiB, 29045 MiB, 271.98 W, 63
2026/06/18 12:30:28.995, 0, Tesla V100-SXM2-32GB, 26 %, 10 %, 32768 MiB, 3450 MiB, 29045 MiB, 78.99 W, 59
2026/06/18 12:30:29.997, 0, Tesla V100-SXM2-32GB, 0 %, 0 %, 32768 MiB, 3450 MiB, 29045 MiB, 74.39 W, 56
2026/06/18 12:30:30.998, 0, Tesla V100-SXM2-32GB, 0 %, 0 %, 32768 MiB, 3450 MiB, 29045 MiB, 73.71 W, 55
2026/06/18 12:30:32.000, 0, Tesla V100-SXM2-32GB, 95 %, 55 %, 32768 MiB, 3450 MiB, 29045 MiB, 259.18 W, 59
2026/06/18 12:30:33.001, 0, Tesla V100-SXM2-32GB, 95 %, 57 %, 32768 MiB, 3450 MiB, 29045 MiB, 274.38 W, 60
2026/06/18 12:30:34.002, 0, Tesla V100-SXM2-32GB, 94 %, 58 %, 32768 MiB, 3450 MiB, 29045 MiB, 278.41 W, 60
2026/06/18 12:30:35.004, 0, Tesla V100-SXM2-32GB, 95 %, 60 %, 32768 MiB, 3450 MiB, 29045 MiB, 275.34 W, 61
2026/06/18 12:30:36.005, 0, Tesla V100-SXM2-32GB, 95 %, 61 %, 32768 MiB, 3450 MiB, 29045 MiB, 265.91 W, 61
2026/06/18 12:30:37.007, 0, Tesla V100-SXM2-32GB, 95 %, 59 %, 32768 MiB, 3450 MiB, 29045 MiB, 265.13 W, 61
2026/06/18 12:30:38.009, 0, Tesla V100-SXM2-32GB, 95 %, 57 %, 32768 MiB, 3450 MiB, 29045 MiB, 271.68 W, 61
2026/06/18 12:30:39.010, 0, Tesla V100-SXM2-32GB, 96 %, 55 %, 32768 MiB, 3450 MiB, 29045 MiB, 282.63 W, 61
2026/06/18 12:30:40.011, 0, Tesla V100-SXM2-32GB, 96 %, 54 %, 32768 MiB, 3450 MiB, 29045 MiB, 284.85 W, 61
2026/06/18 12:30:41.013, 0, Tesla V100-SXM2-32GB, 96 %, 55 %, 32768 MiB, 3450 MiB, 29045 MiB, 248.11 W, 62
2026/06/18 12:30:42.014, 0, Tesla V100-SXM2-32GB, 95 %, 56 %, 32768 MiB, 3450 MiB, 29045 MiB, 214.91 W, 62
2026/06/18 12:30:43.015, 0, Tesla V100-SXM2-32GB, 96 %, 58 %, 32768 MiB, 3450 MiB, 29045 MiB, 240.60 W, 62
2026/06/18 12:30:44.017, 0, Tesla V100-SXM2-32GB, 95 %, 60 %, 32768 MiB, 3450 MiB, 29045 MiB, 270.24 W, 61
2026/06/18 12:30:45.019, 0, Tesla V100-SXM2-32GB, 95 %, 60 %, 32768 MiB, 3450 MiB, 29045 MiB, 274.38 W, 61
2026/06/18 12:30:46.020, 0, Tesla V100-SXM2-32GB, 96 %, 60 %, 32768 MiB, 3450 MiB, 29045 MiB, 287.16 W, 62
2026/06/18 12:30:47.022, 0, Tesla V100-SXM2-32GB, 95 %, 58 %, 32768 MiB, 3450 MiB, 29045 MiB, 277.93 W, 62
2026/06/18 12:30:48.023, 0, Tesla V100-SXM2-32GB, 95 %, 56 %, 32768 MiB, 3450 MiB, 29045 MiB, 269.28 W, 62
2026/06/18 12:30:49.024, 0, Tesla V100-SXM2-32GB, 96 %, 55 %, 32768 MiB, 3450 MiB, 29045 MiB, 273.49 W, 62
2026/06/18 12:30:50.026, 0, Tesla V100-SXM2-32GB, 96 %, 55 %, 32768 MiB, 3450 MiB, 29045 MiB, 270.24 W, 62
2026/06/18 12:30:51.027, 0, Tesla V100-SXM2-32GB, 96 %, 60 %, 32768 MiB, 3450 MiB, 29045 MiB, 274.57 W, 62
2026/06/18 12:30:52.029, 0, Tesla V100-SXM2-32GB, 95 %, 58 %, 32768 MiB, 3450 MiB, 29045 MiB, 278.23 W, 62
2026/06/18 12:30:53.030, 0, Tesla V100-SXM2-32GB, 95 %, 56 %, 32768 MiB, 3450 MiB, 29045 MiB, 249.42 W, 62
2026/06/18 12:30:54.032, 0, Tesla V100-SXM2-32GB, 96 %, 55 %, 32768 MiB, 3450 MiB, 29045 MiB, 220.88 W, 62
2026/06/18 12:30:55.034, 0, Tesla V100-SXM2-32GB, 96 %, 55 %, 32768 MiB, 3450 MiB, 29045 MiB, 247.17 W, 62
2026/06/18 12:30:56.036, 0, Tesla V100-SXM2-32GB, 96 %, 55 %, 32768 MiB, 3450 MiB, 29045 MiB, 273.12 W, 62
2026/06/18 12:30:57.038, 0, Tesla V100-SXM2-32GB, 96 %, 57 %, 32768 MiB, 3450 MiB, 29045 MiB, 278.89 W, 62
2026/06/18 12:30:58.040, 0, Tesla V100-SXM2-32GB, 96 %, 59 %, 32768 MiB, 3450 MiB, 29045 MiB, 280.04 W, 62
2026/06/18 12:30:59.042, 0, Tesla V100-SXM2-32GB, 95 %, 60 %, 32768 MiB, 3450 MiB, 29045 MiB, 269.28 W, 62
2026/06/18 12:31:00.044, 0, Tesla V100-SXM2-32GB, 95 %, 60 %, 32768 MiB, 3450 MiB, 29045 MiB, 265.91 W, 62
2026/06/18 12:31:01.045, 0, Tesla V100-SXM2-32GB, 96 %, 60 %, 32768 MiB, 3450 MiB, 29045 MiB, 271.38 W, 62
2026/06/18 12:31:02.047, 0, Tesla V100-SXM2-32GB, 95 %, 57 %, 32768 MiB, 3450 MiB, 29045 MiB, 279.08 W, 62
2026/06/18 12:31:03.050, 0, Tesla V100-SXM2-32GB, 95 %, 56 %, 32768 MiB, 3450 MiB, 29045 MiB, 277.63 W, 62
2026/06/18 12:31:04.051, 0, Tesla V100-SXM2-32GB, 96 %, 55 %, 32768 MiB, 3450 MiB, 29045 MiB, 275.23 W, 62
2026/06/18 12:31:05.053, 0, Tesla V100-SXM2-32GB, 96 %, 54 %, 32768 MiB, 3450 MiB, 29045 MiB, 225.66 W, 62
2026/06/18 12:31:06.055, 0, Tesla V100-SXM2-32GB, 96 %, 58 %, 32768 MiB, 3450 MiB, 29045 MiB, 256.47 W, 62
2026/06/18 12:31:07.056, 0, Tesla V100-SXM2-32GB, 95 %, 60 %, 32768 MiB, 3450 MiB, 29045 MiB, 272.83 W, 62
2026/06/18 12:31:08.058, 0, Tesla V100-SXM2-32GB, 96 %, 60 %, 32768 MiB, 3450 MiB, 29045 MiB, 281.59 W, 62
2026/06/18 12:31:09.059, 0, Tesla V100-SXM2-32GB, 96 %, 56 %, 32768 MiB, 3450 MiB, 29045 MiB, 279.19 W, 62
2026/06/18 12:31:10.061, 0, Tesla V100-SXM2-32GB, 96 %, 55 %, 32768 MiB, 3450 MiB, 29045 MiB, 284.85 W, 62
2026/06/18 12:31:11.062, 0, Tesla V100-SXM2-32GB, 96 %, 59 %, 32768 MiB, 3450 MiB, 29045 MiB, 269.46 W, 62
2026/06/18 12:31:12.063, 0, Tesla V100-SXM2-32GB, 95 %, 60 %, 32768 MiB, 3450 MiB, 29045 MiB, 278.41 W, 62
2026/06/18 12:31:13.065, 0, Tesla V100-SXM2-32GB, 95 %, 60 %, 32768 MiB, 3450 MiB, 29045 MiB, 266.39 W, 62
2026/06/18 12:31:14.066, 0, Tesla V100-SXM2-32GB, 96 %, 60 %, 32768 MiB, 3450 MiB, 29045 MiB, 271.38 W, 62
2026/06/18 12:31:15.068, 0, Tesla V100-SXM2-32GB, 95 %, 58 %, 32768 MiB, 3450 MiB, 29045 MiB, 285.81 W, 62
2026/06/18 12:31:16.069, 0, Tesla V100-SXM2-32GB, 95 %, 57 %, 32768 MiB, 3450 MiB, 29045 MiB, 268.80 W, 62
2026/06/18 12:31:17.071, 0, Tesla V100-SXM2-32GB, 96 %, 55 %, 32768 MiB, 3450 MiB, 29045 MiB, 218.62 W, 62
2026/06/18 12:31:18.072, 0, Tesla V100-SXM2-32GB, 96 %, 55 %, 32768 MiB, 3450 MiB, 29045 MiB, 257.74 W, 62
2026/06/18 12:31:19.073, 0, Tesla V100-SXM2-32GB, 96 %, 55 %, 32768 MiB, 3450 MiB, 29045 MiB, 276.01 W, 62
2026/06/18 12:31:20.075, 0, Tesla V100-SXM2-32GB, 96 %, 58 %, 32768 MiB, 3450 MiB, 29045 MiB, 279.56 W, 62
2026/06/18 12:31:21.076, 0, Tesla V100-SXM2-32GB, 95 %, 59 %, 32768 MiB, 3450 MiB, 29045 MiB, 276.97 W, 62
2026/06/18 12:31:22.078, 0, Tesla V100-SXM2-32GB, 95 %, 60 %, 32768 MiB, 3450 MiB, 29045 MiB, 267.66 W, 62
2026/06/18 12:31:23.079, 0, Tesla V100-SXM2-32GB, 95 %, 60 %, 32768 MiB, 3450 MiB, 29045 MiB, 272.34 W, 62
2026/06/18 12:31:24.081, 0, Tesla V100-SXM2-32GB, 95 %, 59 %, 32768 MiB, 3450 MiB, 29045 MiB, 264.17 W, 63
2026/06/18 12:31:25.082, 0, Tesla V100-SXM2-32GB, 95 %, 57 %, 32768 MiB, 3450 MiB, 29045 MiB, 279.67 W, 63
2026/06/18 12:31:26.084, 0, Tesla V100-SXM2-32GB, 96 %, 56 %, 32768 MiB, 3450 MiB, 29045 MiB, 276.97 W, 62
2026/06/18 12:31:27.086, 0, Tesla V100-SXM2-32GB, 96 %, 55 %, 32768 MiB, 3450 MiB, 29045 MiB, 258.70 W, 63
2026/06/18 12:31:28.089, 0, Tesla V100-SXM2-32GB, 96 %, 54 %, 32768 MiB, 3450 MiB, 29045 MiB, 220.50 W, 63
2026/06/18 12:31:29.091, 0, Tesla V100-SXM2-32GB, 96 %, 56 %, 32768 MiB, 3450 MiB, 29045 MiB, 244.77 W, 62
2026/06/18 12:31:30.093, 0, Tesla V100-SXM2-32GB, 96 %, 58 %, 32768 MiB, 3450 MiB, 29045 MiB, 267.53 W, 62
2026/06/18 12:31:31.095, 0, Tesla V100-SXM2-32GB, 95 %, 60 %, 32768 MiB, 3450 MiB, 29045 MiB, 280.33 W, 62
2026/06/18 12:31:32.097, 0, Tesla V100-SXM2-32GB, 96 %, 60 %, 32768 MiB, 3450 MiB, 29045 MiB, 276.01 W, 62
2026/06/18 12:31:33.099, 0, Tesla V100-SXM2-32GB, 95 %, 59 %, 32768 MiB, 3450 MiB, 29045 MiB, 267.66 W, 63
2026/06/18 12:31:34.101, 0, Tesla V100-SXM2-32GB, 96 %, 58 %, 32768 MiB, 3450 MiB, 29045 MiB, 276.67 W, 63
2026/06/18 12:31:35.103, 0, Tesla V100-SXM2-32GB, 95 %, 56 %, 32768 MiB, 3450 MiB, 29045 MiB, 265.13 W, 63
2026/06/18 12:31:36.105, 0, Tesla V100-SXM2-32GB, 96 %, 55 %, 32768 MiB, 3450 MiB, 29045 MiB, 273.60 W, 63
2026/06/18 12:31:37.107, 0, Tesla V100-SXM2-32GB, 96 %, 54 %, 32768 MiB, 3450 MiB, 29045 MiB, 277.34 W, 63
2026/06/18 12:31:38.109, 0, Tesla V100-SXM2-32GB, 96 %, 55 %, 32768 MiB, 3450 MiB, 29045 MiB, 277.45 W, 63
2026/06/18 12:31:39.111, 0, Tesla V100-SXM2-32GB, 95 %, 55 %, 32768 MiB, 3450 MiB, 29045 MiB, 266.70 W, 63
2026/06/18 12:31:40.113, 0, Tesla V100-SXM2-32GB, 96 %, 57 %, 32768 MiB, 3450 MiB, 29045 MiB, 252.31 W, 63
2026/06/18 12:31:41.114, 0, Tesla V100-SXM2-32GB, 96 %, 59 %, 32768 MiB, 3450 MiB, 29045 MiB, 232.08 W, 63
2026/06/18 12:31:42.117, 0, Tesla V100-SXM2-32GB, 95 %, 60 %, 32768 MiB, 3450 MiB, 29045 MiB, 249.26 W, 62
2026/06/18 12:31:43.119, 0, Tesla V100-SXM2-32GB, 95 %, 60 %, 32768 MiB, 3450 MiB, 29045 MiB, 270.72 W, 62
2026/06/18 12:31:44.121, 0, Tesla V100-SXM2-32GB, 95 %, 60 %, 32768 MiB, 3450 MiB, 29045 MiB, 278.60 W, 62
2026/06/18 12:31:45.123, 0, Tesla V100-SXM2-32GB, 95 %, 58 %, 32768 MiB, 3450 MiB, 29045 MiB, 283.99 W, 63
2026/06/18 12:31:46.125, 0, Tesla V100-SXM2-32GB, 96 %, 58 %, 32768 MiB, 3450 MiB, 29045 MiB, 267.96 W, 62
2026/06/18 12:31:47.127, 0, Tesla V100-SXM2-32GB, 95 %, 60 %, 32768 MiB, 3450 MiB, 29045 MiB, 280.89 W, 63
2026/06/18 12:31:48.129, 0, Tesla V100-SXM2-32GB, 95 %, 60 %, 32768 MiB, 3450 MiB, 29045 MiB, 278.30 W, 63
2026/06/18 12:31:49.131, 0, Tesla V100-SXM2-32GB, 92 %, 52 %, 32768 MiB, 3450 MiB, 29045 MiB, 266.70 W, 62
2026/06/18 12:31:50.132, 0, Tesla V100-SXM2-32GB, 99 %, 54 %, 32768 MiB, 3450 MiB, 29045 MiB, 263.73 W, 63
2026/06/18 12:31:51.134, 0, Tesla V100-SXM2-32GB, 99 %, 55 %, 32768 MiB, 3450 MiB, 29045 MiB, 272.46 W, 63
2026/06/18 12:31:52.137, 0, Tesla V100-SXM2-32GB, 9 %, 0 %, 32768 MiB, 3450 MiB, 29045 MiB, 78.29 W, 57
2026/06/18 12:31:53.139, 0, Tesla V100-SXM2-32GB, 0 %, 0 %, 32768 MiB, 3450 MiB, 29045 MiB, 74.19 W, 55
2026/06/18 12:31:54.141, 0, Tesla V100-SXM2-32GB, 4 %, 0 %, 32768 MiB, 3450 MiB, 29045 MiB, 73.71 W, 55
2026/06/18 12:31:55.142, 0, Tesla V100-SXM2-32GB, 0 %, 0 %, 32768 MiB, 3450 MiB, 29045 MiB, 60.76 W, 54
2026/06/18 12:31:56.144, 0, Tesla V100-SXM2-32GB, 87 %, 53 %, 32768 MiB, 3450 MiB, 29045 MiB, 224.40 W, 57
2026/06/18 12:31:57.145, 0, Tesla V100-SXM2-32GB, 92 %, 58 %, 32768 MiB, 3450 MiB, 29045 MiB, 272.46 W, 60
2026/06/18 12:31:58.147, 0, Tesla V100-SXM2-32GB, 95 %, 59 %, 32768 MiB, 3450 MiB, 29045 MiB, 271.38 W, 60
2026/06/18 12:31:59.148, 0, Tesla V100-SXM2-32GB, 95 %, 57 %, 32768 MiB, 3450 MiB, 29045 MiB, 264.82 W, 60
2026/06/18 12:32:00.150, 0, Tesla V100-SXM2-32GB, 96 %, 56 %, 32768 MiB, 3450 MiB, 29045 MiB, 268.02 W, 61
2026/06/18 12:32:01.151, 0, Tesla V100-SXM2-32GB, 96 %, 55 %, 32768 MiB, 3450 MiB, 29045 MiB, 273.97 W, 61
2026/06/18 12:32:02.153, 0, Tesla V100-SXM2-32GB, 96 %, 55 %, 32768 MiB, 3450 MiB, 29045 MiB, 288.12 W, 61
2026/06/18 12:32:03.154, 0, Tesla V100-SXM2-32GB, 95 %, 55 %, 32768 MiB, 3450 MiB, 29045 MiB, 269.88 W, 61
2026/06/18 12:32:04.155, 0, Tesla V100-SXM2-32GB, 96 %, 57 %, 32768 MiB, 3450 MiB, 29045 MiB, 227.92 W, 61
2026/06/18 12:32:05.157, 0, Tesla V100-SXM2-32GB, 96 %, 59 %, 32768 MiB, 3450 MiB, 29045 MiB, 225.03 W, 61
2026/06/18 12:32:06.158, 0, Tesla V100-SXM2-32GB, 95 %, 60 %, 32768 MiB, 3450 MiB, 29045 MiB, 253.59 W, 61
2026/06/18 12:32:07.160, 0, Tesla V100-SXM2-32GB, 95 %, 60 %, 32768 MiB, 3450 MiB, 29045 MiB, 270.42 W, 61
2026/06/18 12:32:08.161, 0, Tesla V100-SXM2-32GB, 95 %, 60 %, 32768 MiB, 3450 MiB, 29045 MiB, 276.97 W, 61
2026/06/18 12:32:09.163, 0, Tesla V100-SXM2-32GB, 95 %, 59 %, 32768 MiB, 3450 MiB, 29045 MiB, 284.08 W, 61
2026/06/18 12:32:10.164, 0, Tesla V100-SXM2-32GB, 95 %, 57 %, 32768 MiB, 3450 MiB, 29045 MiB, 281.19 W, 61
2026/06/18 12:32:11.166, 0, Tesla V100-SXM2-32GB, 96 %, 56 %, 32768 MiB, 3450 MiB, 29045 MiB, 279.74 W, 61
2026/06/18 12:32:12.168, 0, Tesla V100-SXM2-32GB, 96 %, 55 %, 32768 MiB, 3450 MiB, 29045 MiB, 278.23 W, 61
2026/06/18 12:32:13.170, 0, Tesla V100-SXM2-32GB, 96 %, 55 %, 32768 MiB, 3450 MiB, 29045 MiB, 264.47 W, 61
2026/06/18 12:32:14.171, 0, Tesla V100-SXM2-32GB, 96 %, 58 %, 32768 MiB, 3450 MiB, 29045 MiB, 267.36 W, 61
2026/06/18 12:32:15.173, 0, Tesla V100-SXM2-32GB, 95 %, 60 %, 32768 MiB, 3450 MiB, 29045 MiB, 278.00 W, 61
2026/06/18 12:32:16.176, 0, Tesla V100-SXM2-32GB, 95 %, 56 %, 32768 MiB, 3450 MiB, 29045 MiB, 279.85 W, 61
2026/06/18 12:32:17.177, 0, Tesla V100-SXM2-32GB, 96 %, 55 %, 32768 MiB, 3450 MiB, 29045 MiB, 260.97 W, 61
2026/06/18 12:32:18.179, 0, Tesla V100-SXM2-32GB, 96 %, 59 %, 32768 MiB, 3450 MiB, 29045 MiB, 233.06 W, 61
2026/06/18 12:32:19.180, 0, Tesla V100-SXM2-32GB, 96 %, 55 %, 32768 MiB, 3450 MiB, 29045 MiB, 239.48 W, 61
2026/06/18 12:32:20.181, 0, Tesla V100-SXM2-32GB, 96 %, 55 %, 32768 MiB, 3450 MiB, 29045 MiB, 245.09 W, 62
2026/06/18 12:32:21.183, 0, Tesla V100-SXM2-32GB, 96 %, 55 %, 32768 MiB, 3450 MiB, 29045 MiB, 265.91 W, 61
2026/06/18 12:32:22.184, 0, Tesla V100-SXM2-32GB, 95 %, 55 %, 32768 MiB, 3450 MiB, 29045 MiB, 280.04 W, 61
2026/06/18 12:32:23.186, 0, Tesla V100-SXM2-32GB, 95 %, 56 %, 32768 MiB, 3450 MiB, 29045 MiB, 280.71 W, 61
2026/06/18 12:32:24.187, 0, Tesla V100-SXM2-32GB, 96 %, 58 %, 32768 MiB, 3450 MiB, 29045 MiB, 275.23 W, 61
2026/06/18 12:32:25.188, 0, Tesla V100-SXM2-32GB, 95 %, 59 %, 32768 MiB, 3450 MiB, 29045 MiB, 281.59 W, 62
2026/06/18 12:32:26.190, 0, Tesla V100-SXM2-32GB, 95 %, 60 %, 32768 MiB, 3450 MiB, 29045 MiB, 271.20 W, 62
2026/06/18 12:32:27.191, 0, Tesla V100-SXM2-32GB, 95 %, 60 %, 32768 MiB, 3450 MiB, 29045 MiB, 273.12 W, 62
2026/06/18 12:32:28.193, 0, Tesla V100-SXM2-32GB, 96 %, 61 %, 32768 MiB, 3450 MiB, 29045 MiB, 264.95 W, 62
2026/06/18 12:32:29.195, 0, Tesla V100-SXM2-32GB, 95 %, 58 %, 32768 MiB, 3450 MiB, 29045 MiB, 271.86 W, 62
2026/06/18 12:32:30.197, 0, Tesla V100-SXM2-32GB, 94 %, 56 %, 32768 MiB, 3450 MiB, 29045 MiB, 278.41 W, 62
2026/06/18 12:32:31.199, 0, Tesla V100-SXM2-32GB, 96 %, 56 %, 32768 MiB, 3450 MiB, 29045 MiB, 268.50 W, 62
2026/06/18 12:32:32.201, 0, Tesla V100-SXM2-32GB, 96 %, 55 %, 32768 MiB, 3450 MiB, 29045 MiB, 280.89 W, 62
2026/06/18 12:32:33.203, 0, Tesla V100-SXM2-32GB, 96 %, 55 %, 32768 MiB, 3450 MiB, 29045 MiB, 246.69 W, 62
2026/06/18 12:32:34.206, 0, Tesla V100-SXM2-32GB, 95 %, 54 %, 32768 MiB, 3450 MiB, 29045 MiB, 219.73 W, 62
2026/06/18 12:32:35.208, 0, Tesla V100-SXM2-32GB, 95 %, 56 %, 32768 MiB, 3450 MiB, 29045 MiB, 238.99 W, 62
2026/06/18 12:32:36.209, 0, Tesla V100-SXM2-32GB, 96 %, 58 %, 32768 MiB, 3450 MiB, 29045 MiB, 267.23 W, 62
2026/06/18 12:32:37.212, 0, Tesla V100-SXM2-32GB, 95 %, 59 %, 32768 MiB, 3450 MiB, 29045 MiB, 270.90 W, 62
2026/06/18 12:32:38.214, 0, Tesla V100-SXM2-32GB, 94 %, 60 %, 32768 MiB, 3450 MiB, 29045 MiB, 278.23 W, 61
2026/06/18 12:32:39.217, 0, Tesla V100-SXM2-32GB, 95 %, 60 %, 32768 MiB, 3450 MiB, 29045 MiB, 283.11 W, 62
2026/06/18 12:32:40.219, 0, Tesla V100-SXM2-32GB, 95 %, 60 %, 32768 MiB, 3450 MiB, 29045 MiB, 281.00 W, 62
2026/06/18 12:32:41.220, 0, Tesla V100-SXM2-32GB, 95 %, 59 %, 32768 MiB, 3450 MiB, 29045 MiB, 279.26 W, 62
2026/06/18 12:32:42.223, 0, Tesla V100-SXM2-32GB, 95 %, 58 %, 32768 MiB, 3450 MiB, 29045 MiB, 268.98 W, 62
2026/06/18 12:32:43.225, 0, Tesla V100-SXM2-32GB, 95 %, 56 %, 32768 MiB, 3450 MiB, 29045 MiB, 278.71 W, 62
2026/06/18 12:32:44.227, 0, Tesla V100-SXM2-32GB, 96 %, 56 %, 32768 MiB, 3450 MiB, 29045 MiB, 265.91 W, 62
2026/06/18 12:32:45.228, 0, Tesla V100-SXM2-32GB, 96 %, 55 %, 32768 MiB, 3450 MiB, 29045 MiB, 263.99 W, 62
2026/06/18 12:32:46.230, 0, Tesla V100-SXM2-32GB, 95 %, 54 %, 32768 MiB, 3450 MiB, 29045 MiB, 276.67 W, 62
2026/06/18 12:32:47.233, 0, Tesla V100-SXM2-32GB, 95 %, 54 %, 32768 MiB, 3450 MiB, 29045 MiB, 271.38 W, 62
2026/06/18 12:32:48.235, 0, Tesla V100-SXM2-32GB, 96 %, 57 %, 32768 MiB, 3450 MiB, 29045 MiB, 254.69 W, 62
2026/06/18 12:32:49.238, 0, Tesla V100-SXM2-32GB, 96 %, 58 %, 32768 MiB, 3450 MiB, 29045 MiB, 243.01 W, 62
2026/06/18 12:32:50.240, 0, Tesla V100-SXM2-32GB, 95 %, 58 %, 32768 MiB, 3450 MiB, 29045 MiB, 227.77 W, 62
2026/06/18 12:32:51.243, 0, Tesla V100-SXM2-32GB, 95 %, 60 %, 32768 MiB, 3450 MiB, 29045 MiB, 244.45 W, 62
2026/06/18 12:32:52.245, 0, Tesla V100-SXM2-32GB, 95 %, 60 %, 32768 MiB, 3450 MiB, 29045 MiB, 265.13 W, 62
2026/06/18 12:32:53.246, 0, Tesla V100-SXM2-32GB, 95 %, 60 %, 32768 MiB, 3450 MiB, 29045 MiB, 274.27 W, 62
2026/06/18 12:32:54.249, 0, Tesla V100-SXM2-32GB, 95 %, 59 %, 32768 MiB, 3450 MiB, 29045 MiB, 283.89 W, 62
2026/06/18 12:32:55.250, 0, Tesla V100-SXM2-32GB, 95 %, 58 %, 32768 MiB, 3450 MiB, 29045 MiB, 271.68 W, 62
2026/06/18 12:32:56.252, 0, Tesla V100-SXM2-32GB, 95 %, 57 %, 32768 MiB, 3450 MiB, 29045 MiB, 289.56 W, 62
2026/06/18 12:32:57.254, 0, Tesla V100-SXM2-32GB, 96 %, 56 %, 32768 MiB, 3450 MiB, 29045 MiB, 279.19 W, 62
2026/06/18 12:32:58.256, 0, Tesla V100-SXM2-32GB, 96 %, 54 %, 32768 MiB, 3450 MiB, 29045 MiB, 275.41 W, 62
2026/06/18 12:32:59.258, 0, Tesla V100-SXM2-32GB, 95 %, 54 %, 32768 MiB, 3450 MiB, 29045 MiB, 273.79 W, 62
2026/06/18 12:33:00.260, 0, Tesla V100-SXM2-32GB, 96 %, 56 %, 32768 MiB, 3450 MiB, 29045 MiB, 275.53 W, 62
2026/06/18 12:33:01.263, 0, Tesla V100-SXM2-32GB, 96 %, 58 %, 32768 MiB, 3450 MiB, 29045 MiB, 274.93 W, 62
2026/06/18 12:33:02.265, 0, Tesla V100-SXM2-32GB, 94 %, 58 %, 32768 MiB, 3450 MiB, 29045 MiB, 279.56 W, 62
2026/06/18 12:33:03.267, 0, Tesla V100-SXM2-32GB, 95 %, 60 %, 32768 MiB, 3450 MiB, 29045 MiB, 270.00 W, 62
2026/06/18 12:33:04.269, 0, Tesla V100-SXM2-32GB, 95 %, 60 %, 32768 MiB, 3450 MiB, 29045 MiB, 211.54 W, 62
2026/06/18 12:33:05.271, 0, Tesla V100-SXM2-32GB, 96 %, 60 %, 32768 MiB, 3450 MiB, 29045 MiB, 244.13 W, 62
2026/06/18 12:33:06.273, 0, Tesla V100-SXM2-32GB, 95 %, 58 %, 32768 MiB, 3450 MiB, 29045 MiB, 271.20 W, 62
2026/06/18 12:33:07.275, 0, Tesla V100-SXM2-32GB, 95 %, 57 %, 32768 MiB, 3450 MiB, 29045 MiB, 277.15 W, 62
2026/06/18 12:33:08.277, 0, Tesla V100-SXM2-32GB, 96 %, 56 %, 32768 MiB, 3450 MiB, 29045 MiB, 277.63 W, 62
2026/06/18 12:33:09.279, 0, Tesla V100-SXM2-32GB, 96 %, 55 %, 32768 MiB, 3450 MiB, 29045 MiB, 285.04 W, 62
2026/06/18 12:33:10.281, 0, Tesla V100-SXM2-32GB, 95 %, 54 %, 32768 MiB, 3450 MiB, 29045 MiB, 276.67 W, 62
2026/06/18 12:33:11.282, 0, Tesla V100-SXM2-32GB, 96 %, 55 %, 32768 MiB, 3450 MiB, 29045 MiB, 271.08 W, 62
2026/06/18 12:33:12.284, 0, Tesla V100-SXM2-32GB, 96 %, 57 %, 32768 MiB, 3450 MiB, 29045 MiB, 270.90 W, 62
2026/06/18 12:33:13.286, 0, Tesla V100-SXM2-32GB, 96 %, 58 %, 32768 MiB, 3450 MiB, 29045 MiB, 262.72 W, 63
2026/06/18 12:33:14.288, 0, Tesla V100-SXM2-32GB, 99 %, 55 %, 32768 MiB, 3450 MiB, 29045 MiB, 264.52 W, 62
2026/06/18 12:33:15.290, 0, Tesla V100-SXM2-32GB, 99 %, 54 %, 32768 MiB, 3450 MiB, 29045 MiB, 264.95 W, 63
2026/06/18 12:33:16.292, 0, Tesla V100-SXM2-32GB, 99 %, 55 %, 32768 MiB, 3450 MiB, 29045 MiB, 256.61 W, 63
2026/06/18 12:33:17.294, 0, Tesla V100-SXM2-32GB, 0 %, 0 %, 32768 MiB, 3450 MiB, 29045 MiB, 77.54 W, 56
2026/06/18 12:33:18.296, 0, Tesla V100-SXM2-32GB, 0 %, 0 %, 32768 MiB, 3450 MiB, 29045 MiB, 73.71 W, 55
2026/06/18 12:33:19.297, 0, Tesla V100-SXM2-32GB, 8 %, 0 %, 32768 MiB, 3450 MiB, 29045 MiB, 60.72 W, 54
2026/06/18 12:33:20.299, 0, Tesla V100-SXM2-32GB, 0 %, 0 %, 32768 MiB, 3450 MiB, 29045 MiB, 60.28 W, 53
2026/06/18 12:33:21.300, 0, Tesla V100-SXM2-32GB, 0 %, 0 %, 32768 MiB, 3450 MiB, 29045 MiB, 60.28 W, 52
2026/06/18 12:33:22.302, 0, Tesla V100-SXM2-32GB, 0 %, 0 %, 32768 MiB, 3450 MiB, 29045 MiB, 59.80 W, 52
2026/06/18 12:33:23.303, 0, Tesla V100-SXM2-32GB, 0 %, 0 %, 32768 MiB, 3450 MiB, 29045 MiB, 59.76 W, 51
2026/06/18 12:33:24.305, 0, Tesla V100-SXM2-32GB, 95 %, 58 %, 32768 MiB, 3450 MiB, 29045 MiB, 269.58 W, 58
2026/06/18 12:33:25.306, 0, Tesla V100-SXM2-32GB, 95 %, 57 %, 32768 MiB, 3450 MiB, 29045 MiB, 278.89 W, 59
2026/06/18 12:33:26.308, 0, Tesla V100-SXM2-32GB, 96 %, 56 %, 32768 MiB, 3450 MiB, 29045 MiB, 262.72 W, 59
2026/06/18 12:33:27.309, 0, Tesla V100-SXM2-32GB, 96 %, 54 %, 32768 MiB, 3450 MiB, 29045 MiB, 225.18 W, 59
2026/06/18 12:33:28.310, 0, Tesla V100-SXM2-32GB, 95 %, 54 %, 32768 MiB, 3450 MiB, 29045 MiB, 249.90 W, 59
2026/06/18 12:33:29.312, 0, Tesla V100-SXM2-32GB, 96 %, 56 %, 32768 MiB, 3450 MiB, 29045 MiB, 264.65 W, 60
2026/06/18 12:33:30.314, 0, Tesla V100-SXM2-32GB, 96 %, 58 %, 32768 MiB, 3450 MiB, 29045 MiB, 282.63 W, 59
2026/06/18 12:33:31.315, 0, Tesla V100-SXM2-32GB, 95 %, 59 %, 32768 MiB, 3450 MiB, 29045 MiB, 284.85 W, 59
2026/06/18 12:33:32.316, 0, Tesla V100-SXM2-32GB, 95 %, 60 %, 32768 MiB, 3450 MiB, 29045 MiB, 278.11 W, 60
2026/06/18 12:33:33.318, 0, Tesla V100-SXM2-32GB, 95 %, 60 %, 32768 MiB, 3450 MiB, 29045 MiB, 280.52 W, 60
2026/06/18 12:33:34.319, 0, Tesla V100-SXM2-32GB, 95 %, 60 %, 32768 MiB, 3450 MiB, 29045 MiB, 268.62 W, 60
2026/06/18 12:33:35.320, 0, Tesla V100-SXM2-32GB, 95 %, 59 %, 32768 MiB, 3450 MiB, 29045 MiB, 268.50 W, 60
2026/06/18 12:33:36.322, 0, Tesla V100-SXM2-32GB, 95 %, 57 %, 32768 MiB, 3450 MiB, 29045 MiB, 263.38 W, 60
2026/06/18 12:33:37.324, 0, Tesla V100-SXM2-32GB, 94 %, 55 %, 32768 MiB, 3450 MiB, 29045 MiB, 266.88 W, 60
2026/06/18 12:33:38.326, 0, Tesla V100-SXM2-32GB, 96 %, 55 %, 32768 MiB, 3450 MiB, 29045 MiB, 264.52 W, 60
2026/06/18 12:33:39.327, 0, Tesla V100-SXM2-32GB, 95 %, 54 %, 32768 MiB, 3450 MiB, 29045 MiB, 279.93 W, 60
2026/06/18 12:33:40.329, 0, Tesla V100-SXM2-32GB, 96 %, 54 %, 32768 MiB, 3450 MiB, 29045 MiB, 276.97 W, 60
2026/06/18 12:33:41.330, 0, Tesla V100-SXM2-32GB, 96 %, 56 %, 32768 MiB, 3450 MiB, 29045 MiB, 281.96 W, 60
2026/06/18 12:33:42.332, 0, Tesla V100-SXM2-32GB, 95 %, 57 %, 32768 MiB, 3450 MiB, 29045 MiB, 268.80 W, 61
2026/06/18 12:33:43.333, 0, Tesla V100-SXM2-32GB, 96 %, 58 %, 32768 MiB, 3450 MiB, 29045 MiB, 255.85 W, 60
2026/06/18 12:33:44.335, 0, Tesla V100-SXM2-32GB, 95 %, 59 %, 32768 MiB, 3450 MiB, 29045 MiB, 218.29 W, 61
2026/06/18 12:33:45.336, 0, Tesla V100-SXM2-32GB, 94 %, 60 %, 32768 MiB, 3450 MiB, 29045 MiB, 248.31 W, 61
2026/06/18 12:33:46.338, 0, Tesla V100-SXM2-32GB, 95 %, 60 %, 32768 MiB, 3450 MiB, 29045 MiB, 258.70 W, 60
2026/06/18 12:33:47.339, 0, Tesla V100-SXM2-32GB, 95 %, 60 %, 32768 MiB, 3450 MiB, 29045 MiB, 270.42 W, 60
2026/06/18 12:33:48.341, 0, Tesla V100-SXM2-32GB, 95 %, 59 %, 32768 MiB, 3450 MiB, 29045 MiB, 272.83 W, 61
2026/06/18 12:33:49.343, 0, Tesla V100-SXM2-32GB, 94 %, 57 %, 32768 MiB, 3450 MiB, 29045 MiB, 277.45 W, 61
2026/06/18 12:33:50.345, 0, Tesla V100-SXM2-32GB, 96 %, 56 %, 32768 MiB, 3450 MiB, 29045 MiB, 275.16 W, 61
2026/06/18 12:33:51.346, 0, Tesla V100-SXM2-32GB, 95 %, 54 %, 32768 MiB, 3450 MiB, 29045 MiB, 281.48 W, 61
2026/06/18 12:33:52.348, 0, Tesla V100-SXM2-32GB, 96 %, 55 %, 32768 MiB, 3450 MiB, 29045 MiB, 278.78 W, 61
2026/06/18 12:33:53.350, 0, Tesla V100-SXM2-32GB, 96 %, 55 %, 32768 MiB, 3450 MiB, 29045 MiB, 278.11 W, 61
2026/06/18 12:33:54.352, 0, Tesla V100-SXM2-32GB, 96 %, 58 %, 32768 MiB, 3450 MiB, 29045 MiB, 269.46 W, 61
2026/06/18 12:33:55.355, 0, Tesla V100-SXM2-32GB, 95 %, 60 %, 32768 MiB, 3450 MiB, 29045 MiB, 285.14 W, 61
2026/06/18 12:33:56.356, 0, Tesla V100-SXM2-32GB, 95 %, 60 %, 32768 MiB, 3450 MiB, 29045 MiB, 242.36 W, 61
2026/06/18 12:33:57.359, 0, Tesla V100-SXM2-32GB, 95 %, 61 %, 32768 MiB, 3450 MiB, 29045 MiB, 215.25 W, 60
2026/06/18 12:33:58.360, 0, Tesla V100-SXM2-32GB, 87 %, 52 %, 32768 MiB, 3450 MiB, 29045 MiB, 79.26 W, 59
2026/06/18 12:33:59.363, 0, Tesla V100-SXM2-32GB, 95 %, 56 %, 32768 MiB, 3450 MiB, 29045 MiB, 268.98 W, 61
2026/06/18 12:34:00.365, 0, Tesla V100-SXM2-32GB, 96 %, 56 %, 32768 MiB, 3450 MiB, 29045 MiB, 271.20 W, 61
2026/06/18 12:34:01.367, 0, Tesla V100-SXM2-32GB, 96 %, 54 %, 32768 MiB, 3450 MiB, 29045 MiB, 270.24 W, 61
2026/06/18 12:34:02.369, 0, Tesla V100-SXM2-32GB, 95 %, 54 %, 32768 MiB, 3450 MiB, 29045 MiB, 275.53 W, 61
2026/06/18 12:34:03.371, 0, Tesla V100-SXM2-32GB, 96 %, 55 %, 32768 MiB, 3450 MiB, 29045 MiB, 276.86 W, 61
2026/06/18 12:34:04.373, 0, Tesla V100-SXM2-32GB, 96 %, 57 %, 32768 MiB, 3450 MiB, 29045 MiB, 275.23 W, 61
2026/06/18 12:34:05.376, 0, Tesla V100-SXM2-32GB, 96 %, 58 %, 32768 MiB, 3450 MiB, 29045 MiB, 267.53 W, 61
2026/06/18 12:34:06.378, 0, Tesla V100-SXM2-32GB, 95 %, 59 %, 32768 MiB, 3450 MiB, 29045 MiB, 269.64 W, 61
2026/06/18 12:34:07.379, 0, Tesla V100-SXM2-32GB, 94 %, 60 %, 32768 MiB, 3450 MiB, 29045 MiB, 277.82 W, 61
2026/06/18 12:34:08.382, 0, Tesla V100-SXM2-32GB, 95 %, 60 %, 32768 MiB, 3450 MiB, 29045 MiB, 279.67 W, 62
2026/06/18 12:34:09.384, 0, Tesla V100-SXM2-32GB, 95 %, 60 %, 32768 MiB, 3450 MiB, 29045 MiB, 280.23 W, 62
2026/06/18 12:34:10.386, 0, Tesla V100-SXM2-32GB, 95 %, 58 %, 32768 MiB, 3450 MiB, 29045 MiB, 275.23 W, 62
2026/06/18 12:34:11.388, 0, Tesla V100-SXM2-32GB, 95 %, 57 %, 32768 MiB, 3450 MiB, 29045 MiB, 249.41 W, 62
2026/06/18 12:34:12.390, 0, Tesla V100-SXM2-32GB, 95 %, 56 %, 32768 MiB, 3450 MiB, 29045 MiB, 221.99 W, 62
2026/06/18 12:34:13.393, 0, Tesla V100-SXM2-32GB, 96 %, 55 %, 32768 MiB, 3450 MiB, 29045 MiB, 231.77 W, 62
2026/06/18 12:34:14.394, 0, Tesla V100-SXM2-32GB, 96 %, 55 %, 32768 MiB, 3450 MiB, 29045 MiB, 250.70 W, 61
2026/06/18 12:34:15.396, 0, Tesla V100-SXM2-32GB, 95 %, 54 %, 32768 MiB, 3450 MiB, 29045 MiB, 260.15 W, 61
2026/06/18 12:34:16.399, 0, Tesla V100-SXM2-32GB, 95 %, 55 %, 32768 MiB, 3450 MiB, 29045 MiB, 276.49 W, 61
2026/06/18 12:34:17.402, 0, Tesla V100-SXM2-32GB, 96 %, 58 %, 32768 MiB, 3450 MiB, 29045 MiB, 276.01 W, 62
2026/06/18 12:34:18.403, 0, Tesla V100-SXM2-32GB, 95 %, 59 %, 32768 MiB, 3450 MiB, 29045 MiB, 277.45 W, 61
2026/06/18 12:34:19.405, 0, Tesla V100-SXM2-32GB, 95 %, 60 %, 32768 MiB, 3450 MiB, 29045 MiB, 280.71 W, 62
2026/06/18 12:34:20.406, 0, Tesla V100-SXM2-32GB, 95 %, 60 %, 32768 MiB, 3450 MiB, 29045 MiB, 268.80 W, 62
2026/06/18 12:34:21.408, 0, Tesla V100-SXM2-32GB, 95 %, 60 %, 32768 MiB, 3450 MiB, 29045 MiB, 265.43 W, 62
2026/06/18 12:34:22.410, 0, Tesla V100-SXM2-32GB, 95 %, 59 %, 32768 MiB, 3450 MiB, 29045 MiB, 266.88 W, 62
2026/06/18 12:34:23.412, 0, Tesla V100-SXM2-32GB, 94 %, 58 %, 32768 MiB, 3450 MiB, 29045 MiB, 267.71 W, 62
2026/06/18 12:34:24.415, 0, Tesla V100-SXM2-32GB, 95 %, 57 %, 32768 MiB, 3450 MiB, 29045 MiB, 273.24 W, 62
2026/06/18 12:34:25.417, 0, Tesla V100-SXM2-32GB, 96 %, 56 %, 32768 MiB, 3450 MiB, 29045 MiB, 270.90 W, 62
2026/06/18 12:34:26.420, 0, Tesla V100-SXM2-32GB, 96 %, 55 %, 32768 MiB, 3450 MiB, 29045 MiB, 275.05 W, 62
2026/06/18 12:34:27.422, 0, Tesla V100-SXM2-32GB, 95 %, 55 %, 32768 MiB, 3450 MiB, 29045 MiB, 252.31 W, 62
2026/06/18 12:34:28.423, 0, Tesla V100-SXM2-32GB, 96 %, 58 %, 32768 MiB, 3450 MiB, 29045 MiB, 216.84 W, 62
2026/06/18 12:34:29.426, 0, Tesla V100-SXM2-32GB, 96 %, 54 %, 32768 MiB, 3450 MiB, 29045 MiB, 227.13 W, 62
2026/06/18 12:34:30.427, 0, Tesla V100-SXM2-32GB, 96 %, 57 %, 32768 MiB, 3450 MiB, 29045 MiB, 256.95 W, 62
2026/06/18 12:34:31.429, 0, Tesla V100-SXM2-32GB, 95 %, 60 %, 32768 MiB, 3450 MiB, 29045 MiB, 268.19 W, 62
2026/06/18 12:34:32.430, 0, Tesla V100-SXM2-32GB, 95 %, 60 %, 32768 MiB, 3450 MiB, 29045 MiB, 276.38 W, 62
2026/06/18 12:34:33.432, 0, Tesla V100-SXM2-32GB, 95 %, 60 %, 32768 MiB, 3450 MiB, 29045 MiB, 276.97 W, 62
2026/06/18 12:34:34.433, 0, Tesla V100-SXM2-32GB, 95 %, 59 %, 32768 MiB, 3450 MiB, 29045 MiB, 275.71 W, 62
2026/06/18 12:34:35.434, 0, Tesla V100-SXM2-32GB, 95 %, 58 %, 32768 MiB, 3450 MiB, 29045 MiB, 277.45 W, 62
2026/06/18 12:34:36.436, 0, Tesla V100-SXM2-32GB, 95 %, 56 %, 32768 MiB, 3450 MiB, 29045 MiB, 283.89 W, 62
2026/06/18 12:34:37.437, 0, Tesla V100-SXM2-32GB, 96 %, 55 %, 32768 MiB, 3450 MiB, 29045 MiB, 266.70 W, 62
2026/06/18 12:34:38.439, 0, Tesla V100-SXM2-32GB, 95 %, 54 %, 32768 MiB, 3450 MiB, 29045 MiB, 273.49 W, 62
2026/06/18 12:34:39.440, 0, Tesla V100-SXM2-32GB, 95 %, 54 %, 32768 MiB, 3450 MiB, 29045 MiB, 264.30 W, 62
2026/06/18 12:34:40.441, 0, Tesla V100-SXM2-32GB, 96 %, 56 %, 32768 MiB, 3450 MiB, 29045 MiB, 278.00 W, 62
2026/06/18 12:34:41.443, 0, Tesla V100-SXM2-32GB, 96 %, 57 %, 32768 MiB, 3450 MiB, 29045 MiB, 283.49 W, 62
2026/06/18 12:34:42.444, 0, Tesla V100-SXM2-32GB, 99 %, 55 %, 32768 MiB, 3450 MiB, 29045 MiB, 259.36 W, 62
2026/06/18 12:34:43.446, 0, Tesla V100-SXM2-32GB, 99 %, 55 %, 32768 MiB, 3450 MiB, 29045 MiB, 280.60 W, 62
2026/06/18 12:34:44.447, 0, Tesla V100-SXM2-32GB, 20 %, 6 %, 32768 MiB, 3450 MiB, 29045 MiB, 78.45 W, 58
2026/06/18 12:34:45.449, 0, Tesla V100-SXM2-32GB, 18 %, 11 %, 32768 MiB, 3450 MiB, 29045 MiB, 219.25 W, 58
2026/06/18 12:34:46.450, 0, Tesla V100-SXM2-32GB, 95 %, 58 %, 32768 MiB, 3450 MiB, 29045 MiB, 252.31 W, 61
2026/06/18 12:34:47.452, 0, Tesla V100-SXM2-32GB, 95 %, 57 %, 32768 MiB, 3450 MiB, 29045 MiB, 260.32 W, 61
2026/06/18 12:34:48.453, 0, Tesla V100-SXM2-32GB, 96 %, 56 %, 32768 MiB, 3450 MiB, 29045 MiB, 271.38 W, 61
2026/06/18 12:34:49.455, 0, Tesla V100-SXM2-32GB, 96 %, 55 %, 32768 MiB, 3450 MiB, 29045 MiB, 278.60 W, 61
2026/06/18 12:34:50.456, 0, Tesla V100-SXM2-32GB, 95 %, 54 %, 32768 MiB, 3450 MiB, 29045 MiB, 278.89 W, 62
2026/06/18 12:34:51.457, 0, Tesla V100-SXM2-32GB, 95 %, 55 %, 32768 MiB, 3450 MiB, 29045 MiB, 276.78 W, 62
2026/06/18 12:34:52.459, 0, Tesla V100-SXM2-32GB, 96 %, 56 %, 32768 MiB, 3450 MiB, 29045 MiB, 280.81 W, 62
2026/06/18 12:34:53.460, 0, Tesla V100-SXM2-32GB, 96 %, 58 %, 32768 MiB, 3450 MiB, 29045 MiB, 267.71 W, 62
2026/06/18 12:34:54.462, 0, Tesla V100-SXM2-32GB, 95 %, 59 %, 32768 MiB, 3450 MiB, 29045 MiB, 267.66 W, 62
2026/06/18 12:34:55.463, 0, Tesla V100-SXM2-32GB, 94 %, 60 %, 32768 MiB, 3450 MiB, 29045 MiB, 264.17 W, 62
2026/06/18 12:34:56.464, 0, Tesla V100-SXM2-32GB, 95 %, 60 %, 32768 MiB, 3450 MiB, 29045 MiB, 277.45 W, 62
2026/06/18 12:34:57.466, 0, Tesla V100-SXM2-32GB, 95 %, 60 %, 32768 MiB, 3450 MiB, 29045 MiB, 265.43 W, 62
2026/06/18 12:34:58.467, 0, Tesla V100-SXM2-32GB, 95 %, 59 %, 32768 MiB, 3450 MiB, 29045 MiB, 267.36 W, 62
2026/06/18 12:34:59.469, 0, Tesla V100-SXM2-32GB, 95 %, 57 %, 32768 MiB, 3450 MiB, 29045 MiB, 270.72 W, 62
2026/06/18 12:35:00.471, 0, Tesla V100-SXM2-32GB, 95 %, 56 %, 32768 MiB, 3450 MiB, 29045 MiB, 265.43 W, 62
2026/06/18 12:35:01.472, 0, Tesla V100-SXM2-32GB, 96 %, 55 %, 32768 MiB, 3450 MiB, 29045 MiB, 228.73 W, 62
2026/06/18 12:35:02.473, 0, Tesla V100-SXM2-32GB, 95 %, 54 %, 32768 MiB, 3450 MiB, 29045 MiB, 238.99 W, 62
2026/06/18 12:35:03.475, 0, Tesla V100-SXM2-32GB, 95 %, 54 %, 32768 MiB, 3450 MiB, 29045 MiB, 250.70 W, 62
2026/06/18 12:35:04.476, 0, Tesla V100-SXM2-32GB, 95 %, 56 %, 32768 MiB, 3450 MiB, 29045 MiB, 263.51 W, 62
2026/06/18 12:35:05.478, 0, Tesla V100-SXM2-32GB, 96 %, 58 %, 32768 MiB, 3450 MiB, 29045 MiB, 279.26 W, 62
2026/06/18 12:35:06.479, 0, Tesla V100-SXM2-32GB, 96 %, 59 %, 32768 MiB, 3450 MiB, 29045 MiB, 272.64 W, 62
2026/06/18 12:35:07.480, 0, Tesla V100-SXM2-32GB, 94 %, 59 %, 32768 MiB, 3450 MiB, 29045 MiB, 276.01 W, 62
2026/06/18 12:35:08.483, 0, Tesla V100-SXM2-32GB, 95 %, 60 %, 32768 MiB, 3450 MiB, 29045 MiB, 289.56 W, 62
2026/06/18 12:35:09.484, 0, Tesla V100-SXM2-32GB, 95 %, 60 %, 32768 MiB, 3450 MiB, 29045 MiB, 279.37 W, 62
2026/06/18 12:35:10.486, 0, Tesla V100-SXM2-32GB, 95 %, 59 %, 32768 MiB, 3450 MiB, 29045 MiB, 266.88 W, 62
2026/06/18 12:35:11.488, 0, Tesla V100-SXM2-32GB, 95 %, 57 %, 32768 MiB, 3450 MiB, 29045 MiB, 275.41 W, 62
2026/06/18 12:35:12.490, 0, Tesla V100-SXM2-32GB, 95 %, 57 %, 32768 MiB, 3450 MiB, 29045 MiB, 275.71 W, 62
2026/06/18 12:35:13.492, 0, Tesla V100-SXM2-32GB, 96 %, 56 %, 32768 MiB, 3450 MiB, 29045 MiB, 272.52 W, 62
2026/06/18 12:35:14.494, 0, Tesla V100-SXM2-32GB, 96 %, 54 %, 32768 MiB, 3450 MiB, 29045 MiB, 271.98 W, 62
2026/06/18 12:35:15.495, 0, Tesla V100-SXM2-32GB, 95 %, 54 %, 32768 MiB, 3450 MiB, 29045 MiB, 269.10 W, 62
2026/06/18 12:35:16.497, 0, Tesla V100-SXM2-32GB, 96 %, 55 %, 32768 MiB, 3450 MiB, 29045 MiB, 249.89 W, 62
2026/06/18 12:35:17.500, 0, Tesla V100-SXM2-32GB, 95 %, 56 %, 32768 MiB, 3450 MiB, 29045 MiB, 231.44 W, 62
2026/06/18 12:35:18.502, 0, Tesla V100-SXM2-32GB, 96 %, 58 %, 32768 MiB, 3450 MiB, 29045 MiB, 230.35 W, 62
2026/06/18 12:35:19.504, 0, Tesla V100-SXM2-32GB, 96 %, 59 %, 32768 MiB, 3450 MiB, 29045 MiB, 244.45 W, 62
2026/06/18 12:35:20.506, 0, Tesla V100-SXM2-32GB, 95 %, 60 %, 32768 MiB, 3450 MiB, 29045 MiB, 272.34 W, 62
2026/06/18 12:35:21.509, 0, Tesla V100-SXM2-32GB, 95 %, 60 %, 32768 MiB, 3450 MiB, 29045 MiB, 276.49 W, 62
2026/06/18 12:35:22.511, 0, Tesla V100-SXM2-32GB, 95 %, 60 %, 32768 MiB, 3450 MiB, 29045 MiB, 275.82 W, 62
2026/06/18 12:35:23.513, 0, Tesla V100-SXM2-32GB, 95 %, 59 %, 32768 MiB, 3450 MiB, 29045 MiB, 285.43 W, 62
2026/06/18 12:35:24.515, 0, Tesla V100-SXM2-32GB, 95 %, 58 %, 32768 MiB, 3450 MiB, 29045 MiB, 277.15 W, 63
2026/06/18 12:35:25.517, 0, Tesla V100-SXM2-32GB, 95 %, 57 %, 32768 MiB, 3450 MiB, 29045 MiB, 268.02 W, 63
2026/06/18 12:35:26.519, 0, Tesla V100-SXM2-32GB, 96 %, 56 %, 32768 MiB, 3450 MiB, 29045 MiB, 276.01 W, 63
2026/06/18 12:35:27.521, 0, Tesla V100-SXM2-32GB, 95 %, 55 %, 32768 MiB, 3450 MiB, 29045 MiB, 267.36 W, 63
2026/06/18 12:35:28.523, 0, Tesla V100-SXM2-32GB, 96 %, 54 %, 32768 MiB, 3450 MiB, 29045 MiB, 271.86 W, 62
2026/06/18 12:35:29.524, 0, Tesla V100-SXM2-32GB, 95 %, 60 %, 32768 MiB, 3450 MiB, 29045 MiB, 273.90 W, 63
2026/06/18 12:35:30.526, 0, Tesla V100-SXM2-32GB, 95 %, 59 %, 32768 MiB, 3450 MiB, 29045 MiB, 268.32 W, 62
2026/06/18 12:35:31.529, 0, Tesla V100-SXM2-32GB, 95 %, 58 %, 32768 MiB, 3450 MiB, 29045 MiB, 283.22 W, 63
2026/06/18 12:35:32.530, 0, Tesla V100-SXM2-32GB, 94 %, 56 %, 32768 MiB, 3450 MiB, 29045 MiB, 268.67 W, 63
2026/06/18 12:35:33.533, 0, Tesla V100-SXM2-32GB, 96 %, 55 %, 32768 MiB, 3450 MiB, 29045 MiB, 251.35 W, 63
2026/06/18 12:35:34.535, 0, Tesla V100-SXM2-32GB, 95 %, 54 %, 32768 MiB, 3450 MiB, 29045 MiB, 217.80 W, 63
2026/06/18 12:35:35.536, 0, Tesla V100-SXM2-32GB, 96 %, 57 %, 32768 MiB, 3450 MiB, 29045 MiB, 244.61 W, 62
2026/06/18 12:35:36.538, 0, Tesla V100-SXM2-32GB, 95 %, 60 %, 32768 MiB, 3450 MiB, 29045 MiB, 262.24 W, 62
2026/06/18 12:35:37.540, 0, Tesla V100-SXM2-32GB, 95 %, 59 %, 32768 MiB, 3450 MiB, 29045 MiB, 277.82 W, 62
2026/06/18 12:35:38.541, 0, Tesla V100-SXM2-32GB, 95 %, 56 %, 32768 MiB, 3450 MiB, 29045 MiB, 274.86 W, 62
2026/06/18 12:35:39.542, 0, Tesla V100-SXM2-32GB, 96 %, 56 %, 32768 MiB, 3450 MiB, 29045 MiB, 276.78 W, 62
2026/06/18 12:35:40.544, 0, Tesla V100-SXM2-32GB, 95 %, 54 %, 32768 MiB, 3450 MiB, 29045 MiB, 288.98 W, 62
2026/06/18 12:35:41.545, 0, Tesla V100-SXM2-32GB, 95 %, 54 %, 32768 MiB, 3450 MiB, 29045 MiB, 273.31 W, 62
2026/06/18 12:35:42.547, 0, Tesla V100-SXM2-32GB, 96 %, 56 %, 32768 MiB, 3450 MiB, 29045 MiB, 265.91 W, 63
2026/06/18 12:35:43.548, 0, Tesla V100-SXM2-32GB, 96 %, 57 %, 32768 MiB, 3450 MiB, 29045 MiB, 268.32 W, 63
2026/06/18 12:35:44.550, 0, Tesla V100-SXM2-32GB, 96 %, 58 %, 32768 MiB, 3450 MiB, 29045 MiB, 264.65 W, 63
2026/06/18 12:35:45.551, 0, Tesla V100-SXM2-32GB, 95 %, 60 %, 32768 MiB, 3450 MiB, 29045 MiB, 263.82 W, 63
2026/06/18 12:35:46.553, 0, Tesla V100-SXM2-32GB, 95 %, 60 %, 32768 MiB, 3450 MiB, 29045 MiB, 279.19 W, 63
2026/06/18 12:35:47.554, 0, Tesla V100-SXM2-32GB, 95 %, 60 %, 32768 MiB, 3450 MiB, 29045 MiB, 273.12 W, 63
2026/06/18 12:35:48.556, 0, Tesla V100-SXM2-32GB, 95 %, 59 %, 32768 MiB, 3450 MiB, 29045 MiB, 283.03 W, 63
2026/06/18 12:35:49.557, 0, Tesla V100-SXM2-32GB, 95 %, 58 %, 32768 MiB, 3450 MiB, 29045 MiB, 275.60 W, 63
2026/06/18 12:35:50.559, 0, Tesla V100-SXM2-32GB, 95 %, 57 %, 32768 MiB, 3450 MiB, 29045 MiB, 251.52 W, 63
2026/06/18 12:35:51.560, 0, Tesla V100-SXM2-32GB, 96 %, 55 %, 32768 MiB, 3450 MiB, 29045 MiB, 243.49 W, 62
2026/06/18 12:35:52.561, 0, Tesla V100-SXM2-32GB, 96 %, 55 %, 32768 MiB, 3450 MiB, 29045 MiB, 269.28 W, 62
2026/06/18 12:35:53.563, 0, Tesla V100-SXM2-32GB, 96 %, 56 %, 32768 MiB, 3450 MiB, 29045 MiB, 277.08 W, 63
2026/06/18 12:35:54.564, 0, Tesla V100-SXM2-32GB, 96 %, 58 %, 32768 MiB, 3450 MiB, 29045 MiB, 285.33 W, 63
2026/06/18 12:35:55.566, 0, Tesla V100-SXM2-32GB, 49 %, 27 %, 32768 MiB, 3450 MiB, 29045 MiB, 233.70 W, 62
2026/06/18 12:35:56.567, 0, Tesla V100-SXM2-32GB, 88 %, 51 %, 32768 MiB, 3450 MiB, 29045 MiB, 238.20 W, 62
2026/06/18 12:35:57.569, 0, Tesla V100-SXM2-32GB, 95 %, 60 %, 32768 MiB, 3450 MiB, 29045 MiB, 272.52 W, 62
2026/06/18 12:35:58.570, 0, Tesla V100-SXM2-32GB, 95 %, 60 %, 32768 MiB, 3450 MiB, 29045 MiB, 268.50 W, 62
2026/06/18 12:35:59.572, 0, Tesla V100-SXM2-32GB, 95 %, 59 %, 32768 MiB, 3450 MiB, 29045 MiB, 264.95 W, 63
2026/06/18 12:36:00.573, 0, Tesla V100-SXM2-32GB, 94 %, 57 %, 32768 MiB, 3450 MiB, 29045 MiB, 276.01 W, 63
2026/06/18 12:36:01.576, 0, Tesla V100-SXM2-32GB, 95 %, 56 %, 32768 MiB, 3450 MiB, 29045 MiB, 268.32 W, 63
2026/06/18 12:36:02.578, 0, Tesla V100-SXM2-32GB, 95 %, 55 %, 32768 MiB, 3450 MiB, 29045 MiB, 280.15 W, 63
2026/06/18 12:36:03.580, 0, Tesla V100-SXM2-32GB, 72 %, 38 %, 32768 MiB, 3450 MiB, 29045 MiB, 272.83 W, 62
2026/06/18 12:36:04.582, 0, Tesla V100-SXM2-32GB, 99 %, 55 %, 32768 MiB, 3450 MiB, 29045 MiB, 265.43 W, 63
2026/06/18 12:36:05.585, 0, Tesla V100-SXM2-32GB, 99 %, 55 %, 32768 MiB, 3450 MiB, 29045 MiB, 257.09 W, 63
2026/06/18 12:36:06.587, 0, Tesla V100-SXM2-32GB, 6 %, 0 %, 32768 MiB, 3450 MiB, 29045 MiB, 77.97 W, 57
2026/06/18 12:36:07.589, 0, Tesla V100-SXM2-32GB, 7 %, 0 %, 32768 MiB, 3450 MiB, 29045 MiB, 73.85 W, 56
2026/06/18 12:36:08.590, 0, Tesla V100-SXM2-32GB, 96 %, 54 %, 32768 MiB, 3450 MiB, 29045 MiB, 278.04 W, 59
2026/06/18 12:36:09.592, 0, Tesla V100-SXM2-32GB, 95 %, 56 %, 32768 MiB, 3450 MiB, 29045 MiB, 267.84 W, 61
2026/06/18 12:36:10.593, 0, Tesla V100-SXM2-32GB, 96 %, 58 %, 32768 MiB, 3450 MiB, 29045 MiB, 234.82 W, 61
2026/06/18 12:36:11.595, 0, Tesla V100-SXM2-32GB, 95 %, 58 %, 32768 MiB, 3450 MiB, 29045 MiB, 230.96 W, 61
2026/06/18 12:36:12.596, 0, Tesla V100-SXM2-32GB, 95 %, 60 %, 32768 MiB, 3450 MiB, 29045 MiB, 250.87 W, 61
2026/06/18 12:36:13.598, 0, Tesla V100-SXM2-32GB, 95 %, 60 %, 32768 MiB, 3450 MiB, 29045 MiB, 266.39 W, 62
2026/06/18 12:36:14.599, 0, Tesla V100-SXM2-32GB, 96 %, 54 %, 32768 MiB, 3450 MiB, 29045 MiB, 277.15 W, 61
2026/06/18 12:36:15.601, 0, Tesla V100-SXM2-32GB, 95 %, 56 %, 32768 MiB, 3450 MiB, 29045 MiB, 274.75 W, 61
2026/06/18 12:36:16.602, 0, Tesla V100-SXM2-32GB, 95 %, 57 %, 32768 MiB, 3450 MiB, 29045 MiB, 279.67 W, 62
2026/06/18 12:36:17.603, 0, Tesla V100-SXM2-32GB, 96 %, 59 %, 32768 MiB, 3450 MiB, 29045 MiB, 275.41 W, 62
2026/06/18 12:36:18.605, 0, Tesla V100-SXM2-32GB, 95 %, 59 %, 32768 MiB, 3450 MiB, 29045 MiB, 281.86 W, 62
2026/06/18 12:36:19.606, 0, Tesla V100-SXM2-32GB, 95 %, 60 %, 32768 MiB, 3450 MiB, 29045 MiB, 277.45 W, 62
2026/06/18 12:36:20.609, 0, Tesla V100-SXM2-32GB, 95 %, 60 %, 32768 MiB, 3450 MiB, 29045 MiB, 274.08 W, 62
2026/06/18 12:36:21.611, 0, Tesla V100-SXM2-32GB, 95 %, 60 %, 32768 MiB, 3450 MiB, 29045 MiB, 269.46 W, 62
2026/06/18 12:36:22.612, 0, Tesla V100-SXM2-32GB, 95 %, 59 %, 32768 MiB, 3450 MiB, 29045 MiB, 265.91 W, 62
2026/06/18 12:36:23.614, 0, Tesla V100-SXM2-32GB, 95 %, 58 %, 32768 MiB, 3450 MiB, 29045 MiB, 274.27 W, 62
2026/06/18 12:36:24.616, 0, Tesla V100-SXM2-32GB, 94 %, 56 %, 32768 MiB, 3450 MiB, 29045 MiB, 272.16 W, 62
2026/06/18 12:36:25.619, 0, Tesla V100-SXM2-32GB, 96 %, 56 %, 32768 MiB, 3450 MiB, 29045 MiB, 283.51 W, 62
2026/06/18 12:36:26.621, 0, Tesla V100-SXM2-32GB, 96 %, 55 %, 32768 MiB, 3450 MiB, 29045 MiB, 278.60 W, 62
2026/06/18 12:36:27.623, 0, Tesla V100-SXM2-32GB, 96 %, 55 %, 32768 MiB, 3450 MiB, 29045 MiB, 236.91 W, 62
2026/06/18 12:36:28.625, 0, Tesla V100-SXM2-32GB, 95 %, 54 %, 32768 MiB, 3450 MiB, 29045 MiB, 242.53 W, 62
2026/06/18 12:36:29.627, 0, Tesla V100-SXM2-32GB, 95 %, 56 %, 32768 MiB, 3450 MiB, 29045 MiB, 250.87 W, 62
2026/06/18 12:36:30.630, 0, Tesla V100-SXM2-32GB, 96 %, 57 %, 32768 MiB, 3450 MiB, 29045 MiB, 266.27 W, 62
2026/06/18 12:36:31.632, 0, Tesla V100-SXM2-32GB, 95 %, 59 %, 32768 MiB, 3450 MiB, 29045 MiB, 276.67 W, 62
2026/06/18 12:36:32.635, 0, Tesla V100-SXM2-32GB, 95 %, 59 %, 32768 MiB, 3450 MiB, 29045 MiB, 282.15 W, 62
2026/06/18 12:36:33.637, 0, Tesla V100-SXM2-32GB, 95 %, 60 %, 32768 MiB, 3450 MiB, 29045 MiB, 270.72 W, 62
2026/06/18 12:36:34.639, 0, Tesla V100-SXM2-32GB, 95 %, 60 %, 32768 MiB, 3450 MiB, 29045 MiB, 287.93 W, 62
2026/06/18 12:36:35.641, 0, Tesla V100-SXM2-32GB, 95 %, 60 %, 32768 MiB, 3450 MiB, 29045 MiB, 272.83 W, 62
2026/06/18 12:36:36.643, 0, Tesla V100-SXM2-32GB, 95 %, 58 %, 32768 MiB, 3450 MiB, 29045 MiB, 266.70 W, 62
2026/06/18 12:36:37.645, 0, Tesla V100-SXM2-32GB, 95 %, 57 %, 32768 MiB, 3450 MiB, 29045 MiB, 266.57 W, 62
2026/06/18 12:36:38.646, 0, Tesla V100-SXM2-32GB, 96 %, 56 %, 32768 MiB, 3450 MiB, 29045 MiB, 264.17 W, 62
2026/06/18 12:36:39.649, 0, Tesla V100-SXM2-32GB, 96 %, 54 %, 32768 MiB, 3450 MiB, 29045 MiB, 264.95 W, 62
2026/06/18 12:36:40.652, 0, Tesla V100-SXM2-32GB, 96 %, 55 %, 32768 MiB, 3450 MiB, 29045 MiB, 273.79 W, 62
2026/06/18 12:36:41.653, 0, Tesla V100-SXM2-32GB, 95 %, 56 %, 32768 MiB, 3450 MiB, 29045 MiB, 288.21 W, 62
2026/06/18 12:36:42.655, 0, Tesla V100-SXM2-32GB, 95 %, 59 %, 32768 MiB, 3450 MiB, 29045 MiB, 273.31 W, 62
2026/06/18 12:36:43.656, 0, Tesla V100-SXM2-32GB, 95 %, 60 %, 32768 MiB, 3450 MiB, 29045 MiB, 254.72 W, 62
2026/06/18 12:36:44.658, 0, Tesla V100-SXM2-32GB, 94 %, 56 %, 32768 MiB, 3450 MiB, 29045 MiB, 224.06 W, 63
2026/06/18 12:36:45.659, 0, Tesla V100-SXM2-32GB, 96 %, 54 %, 32768 MiB, 3450 MiB, 29045 MiB, 226.17 W, 62
2026/06/18 12:36:46.661, 0, Tesla V100-SXM2-32GB, 95 %, 54 %, 32768 MiB, 3450 MiB, 29045 MiB, 247.98 W, 62
2026/06/18 12:36:47.662, 0, Tesla V100-SXM2-32GB, 96 %, 55 %, 32768 MiB, 3450 MiB, 29045 MiB, 266.75 W, 62
2026/06/18 12:36:48.664, 0, Tesla V100-SXM2-32GB, 96 %, 56 %, 32768 MiB, 3450 MiB, 29045 MiB, 276.01 W, 62
2026/06/18 12:36:49.665, 0, Tesla V100-SXM2-32GB, 96 %, 57 %, 32768 MiB, 3450 MiB, 29045 MiB, 276.30 W, 62
2026/06/18 12:36:50.667, 0, Tesla V100-SXM2-32GB, 95 %, 58 %, 32768 MiB, 3450 MiB, 29045 MiB, 269.28 W, 62
2026/06/18 12:36:51.668, 0, Tesla V100-SXM2-32GB, 95 %, 60 %, 32768 MiB, 3450 MiB, 29045 MiB, 281.00 W, 62
2026/06/18 12:36:52.669, 0, Tesla V100-SXM2-32GB, 95 %, 60 %, 32768 MiB, 3450 MiB, 29045 MiB, 275.64 W, 62
2026/06/18 12:36:53.671, 0, Tesla V100-SXM2-32GB, 95 %, 60 %, 32768 MiB, 3450 MiB, 29045 MiB, 282.34 W, 62
2026/06/18 12:36:54.672, 0, Tesla V100-SXM2-32GB, 96 %, 60 %, 32768 MiB, 3450 MiB, 29045 MiB, 273.49 W, 63
2026/06/18 12:36:55.674, 0, Tesla V100-SXM2-32GB, 95 %, 58 %, 32768 MiB, 3450 MiB, 29045 MiB, 271.68 W, 63
2026/06/18 12:36:56.675, 0, Tesla V100-SXM2-32GB, 95 %, 56 %, 32768 MiB, 3450 MiB, 29045 MiB, 277.63 W, 63
2026/06/18 12:36:57.677, 0, Tesla V100-SXM2-32GB, 96 %, 56 %, 32768 MiB, 3450 MiB, 29045 MiB, 265.43 W, 63
2026/06/18 12:36:58.678, 0, Tesla V100-SXM2-32GB, 96 %, 55 %, 32768 MiB, 3450 MiB, 29045 MiB, 274.27 W, 63
2026/06/18 12:36:59.679, 0, Tesla V100-SXM2-32GB, 96 %, 55 %, 32768 MiB, 3450 MiB, 29045 MiB, 274.57 W, 63
2026/06/18 12:37:00.681, 0, Tesla V100-SXM2-32GB, 95 %, 54 %, 32768 MiB, 3450 MiB, 29045 MiB, 274.57 W, 63
2026/06/18 12:37:01.682, 0, Tesla V100-SXM2-32GB, 95 %, 55 %, 32768 MiB, 3450 MiB, 29045 MiB, 255.99 W, 63
2026/06/18 12:37:02.684, 0, Tesla V100-SXM2-32GB, 96 %, 57 %, 32768 MiB, 3450 MiB, 29045 MiB, 236.43 W, 63
2026/06/18 12:37:03.685, 0, Tesla V100-SXM2-32GB, 96 %, 59 %, 32768 MiB, 3450 MiB, 29045 MiB, 235.62 W, 62
2026/06/18 12:37:04.687, 0, Tesla V100-SXM2-32GB, 95 %, 60 %, 32768 MiB, 3450 MiB, 29045 MiB, 250.53 W, 63
2026/06/18 12:37:05.688, 0, Tesla V100-SXM2-32GB, 95 %, 60 %, 32768 MiB, 3450 MiB, 29045 MiB, 272.16 W, 62
2026/06/18 12:37:06.689, 0, Tesla V100-SXM2-32GB, 96 %, 61 %, 32768 MiB, 3450 MiB, 29045 MiB, 276.97 W, 62
2026/06/18 12:37:07.691, 0, Tesla V100-SXM2-32GB, 95 %, 59 %, 32768 MiB, 3450 MiB, 29045 MiB, 277.45 W, 62
2026/06/18 12:37:08.693, 0, Tesla V100-SXM2-32GB, 95 %, 57 %, 32768 MiB, 3450 MiB, 29045 MiB, 276.01 W, 63
2026/06/18 12:37:09.695, 0, Tesla V100-SXM2-32GB, 96 %, 59 %, 32768 MiB, 3450 MiB, 29045 MiB, 267.66 W, 63
2026/06/18 12:37:10.697, 0, Tesla V100-SXM2-32GB, 95 %, 60 %, 32768 MiB, 3450 MiB, 29045 MiB, 267.84 W, 63
2026/06/18 12:37:11.699, 0, Tesla V100-SXM2-32GB, 95 %, 60 %, 32768 MiB, 3450 MiB, 29045 MiB, 273.97 W, 63
2026/06/18 12:37:12.701, 0, Tesla V100-SXM2-32GB, 95 %, 60 %, 32768 MiB, 3450 MiB, 29045 MiB, 264.60 W, 63
2026/06/18 12:37:13.704, 0, Tesla V100-SXM2-32GB, 95 %, 59 %, 32768 MiB, 3450 MiB, 29045 MiB, 268.32 W, 63
2026/06/18 12:37:14.706, 0, Tesla V100-SXM2-32GB, 95 %, 57 %, 32768 MiB, 3450 MiB, 29045 MiB, 273.49 W, 63
2026/06/18 12:37:15.708, 0, Tesla V100-SXM2-32GB, 95 %, 57 %, 32768 MiB, 3450 MiB, 29045 MiB, 275.60 W, 63
2026/06/18 12:37:16.711, 0, Tesla V100-SXM2-32GB, 96 %, 55 %, 32768 MiB, 3450 MiB, 29045 MiB, 268.37 W, 63
2026/06/18 12:37:17.713, 0, Tesla V100-SXM2-32GB, 96 %, 55 %, 32768 MiB, 3450 MiB, 29045 MiB, 215.40 W, 63
2026/06/18 12:37:18.715, 0, Tesla V100-SXM2-32GB, 95 %, 54 %, 32768 MiB, 3450 MiB, 29045 MiB, 244.94 W, 63
2026/06/18 12:37:19.717, 0, Tesla V100-SXM2-32GB, 95 %, 54 %, 32768 MiB, 3450 MiB, 29045 MiB, 252.62 W, 62
2026/06/18 12:37:20.719, 0, Tesla V100-SXM2-32GB, 96 %, 56 %, 32768 MiB, 3450 MiB, 29045 MiB, 263.03 W, 63
2026/06/18 12:37:21.721, 0, Tesla V100-SXM2-32GB, 96 %, 58 %, 32768 MiB, 3450 MiB, 29045 MiB, 277.74 W, 62
2026/06/18 12:37:22.722, 0, Tesla V100-SXM2-32GB, 95 %, 59 %, 32768 MiB, 3450 MiB, 29045 MiB, 273.90 W, 62
2026/06/18 12:37:23.725, 0, Tesla V100-SXM2-32GB, 95 %, 60 %, 32768 MiB, 3450 MiB, 29045 MiB, 290.14 W, 63
2026/06/18 12:37:24.727, 0, Tesla V100-SXM2-32GB, 95 %, 60 %, 32768 MiB, 3450 MiB, 29045 MiB, 276.49 W, 63
2026/06/18 12:37:25.729, 0, Tesla V100-SXM2-32GB, 96 %, 60 %, 32768 MiB, 3450 MiB, 29045 MiB, 282.44 W, 63
2026/06/18 12:37:26.731, 0, Tesla V100-SXM2-32GB, 99 %, 55 %, 32768 MiB, 3450 MiB, 29045 MiB, 271.20 W, 63
2026/06/18 12:37:27.733, 0, Tesla V100-SXM2-32GB, 99 %, 54 %, 32768 MiB, 3450 MiB, 29045 MiB, 267.89 W, 63
2026/06/18 12:37:28.735, 0, Tesla V100-SXM2-32GB, 99 %, 55 %, 32768 MiB, 3450 MiB, 29045 MiB, 280.04 W, 63
2026/06/18 12:37:29.737, 0, Tesla V100-SXM2-32GB, 0 %, 0 %, 32768 MiB, 3450 MiB, 29045 MiB, 77.86 W, 56
2026/06/18 12:37:30.739, 0, Tesla V100-SXM2-32GB, 0 %, 0 %, 32768 MiB, 3450 MiB, 29045 MiB, 73.90 W, 55
2026/06/18 12:37:31.740, 0, Tesla V100-SXM2-32GB, 94 %, 57 %, 32768 MiB, 3450 MiB, 29045 MiB, 220.21 W, 61
2026/06/18 12:37:32.742, 0, Tesla V100-SXM2-32GB, 96 %, 59 %, 32768 MiB, 3450 MiB, 29045 MiB, 225.36 W, 61
2026/06/18 12:37:33.743, 0, Tesla V100-SXM2-32GB, 95 %, 59 %, 32768 MiB, 3450 MiB, 29045 MiB, 237.87 W, 61
2026/06/18 12:37:34.745, 0, Tesla V100-SXM2-32GB, 95 %, 60 %, 32768 MiB, 3450 MiB, 29045 MiB, 266.27 W, 61
2026/06/18 12:37:35.746, 0, Tesla V100-SXM2-32GB, 95 %, 60 %, 32768 MiB, 3450 MiB, 29045 MiB, 272.34 W, 61
2026/06/18 12:37:36.747, 0, Tesla V100-SXM2-32GB, 95 %, 60 %, 32768 MiB, 3450 MiB, 29045 MiB, 276.01 W, 62
2026/06/18 12:37:37.749, 0, Tesla V100-SXM2-32GB, 95 %, 58 %, 32768 MiB, 3450 MiB, 29045 MiB, 271.86 W, 62
2026/06/18 12:37:38.750, 0, Tesla V100-SXM2-32GB, 95 %, 57 %, 32768 MiB, 3450 MiB, 29045 MiB, 281.30 W, 62
2026/06/18 12:37:39.752, 0, Tesla V100-SXM2-32GB, 96 %, 56 %, 32768 MiB, 3450 MiB, 29045 MiB, 278.11 W, 62
2026/06/18 12:37:40.753, 0, Tesla V100-SXM2-32GB, 96 %, 55 %, 32768 MiB, 3450 MiB, 29045 MiB, 271.50 W, 62
2026/06/18 12:37:41.754, 0, Tesla V100-SXM2-32GB, 96 %, 54 %, 32768 MiB, 3450 MiB, 29045 MiB, 275.05 W, 62
2026/06/18 12:37:42.756, 0, Tesla V100-SXM2-32GB, 96 %, 55 %, 32768 MiB, 3450 MiB, 29045 MiB, 265.61 W, 62
2026/06/18 12:37:43.758, 0, Tesla V100-SXM2-32GB, 95 %, 56 %, 32768 MiB, 3450 MiB, 29045 MiB, 268.02 W, 62
2026/06/18 12:37:44.759, 0, Tesla V100-SXM2-32GB, 96 %, 58 %, 32768 MiB, 3450 MiB, 29045 MiB, 281.19 W, 62
2026/06/18 12:37:45.760, 0, Tesla V100-SXM2-32GB, 95 %, 58 %, 32768 MiB, 3450 MiB, 29045 MiB, 273.49 W, 62
2026/06/18 12:37:46.762, 0, Tesla V100-SXM2-32GB, 95 %, 60 %, 32768 MiB, 3450 MiB, 29045 MiB, 280.33 W, 62
2026/06/18 12:37:47.765, 0, Tesla V100-SXM2-32GB, 95 %, 60 %, 32768 MiB, 3450 MiB, 29045 MiB, 272.46 W, 62
2026/06/18 12:37:48.766, 0, Tesla V100-SXM2-32GB, 95 %, 58 %, 32768 MiB, 3450 MiB, 29045 MiB, 242.52 W, 62
2026/06/18 12:37:49.768, 0, Tesla V100-SXM2-32GB, 97 %, 56 %, 32768 MiB, 3450 MiB, 29045 MiB, 241.56 W, 62
2026/06/18 12:37:50.769, 0, Tesla V100-SXM2-32GB, 96 %, 56 %, 32768 MiB, 3450 MiB, 29045 MiB, 270.30 W, 62
2026/06/18 12:37:51.771, 0, Tesla V100-SXM2-32GB, 95 %, 60 %, 32768 MiB, 3450 MiB, 29045 MiB, 279.67 W, 62
2026/06/18 12:37:52.772, 0, Tesla V100-SXM2-32GB, 96 %, 60 %, 32768 MiB, 3450 MiB, 29045 MiB, 287.64 W, 62
2026/06/18 12:37:53.776, 0, Tesla V100-SXM2-32GB, 95 %, 58 %, 32768 MiB, 3450 MiB, 29045 MiB, 281.86 W, 62
2026/06/18 12:37:54.778, 0, Tesla V100-SXM2-32GB, 96 %, 56 %, 32768 MiB, 3450 MiB, 29045 MiB, 262.68 W, 62
2026/06/18 12:37:55.780, 0, Tesla V100-SXM2-32GB, 76 %, 48 %, 32768 MiB, 3450 MiB, 29045 MiB, 82.91 W, 60
2026/06/18 12:37:56.781, 0, Tesla V100-SXM2-32GB, 95 %, 58 %, 32768 MiB, 3450 MiB, 29045 MiB, 266.09 W, 62
2026/06/18 12:37:57.784, 0, Tesla V100-SXM2-32GB, 95 %, 56 %, 32768 MiB, 3450 MiB, 29045 MiB, 271.20 W, 62
2026/06/18 12:37:58.787, 0, Tesla V100-SXM2-32GB, 96 %, 56 %, 32768 MiB, 3450 MiB, 29045 MiB, 270.24 W, 62
2026/06/18 12:37:59.789, 0, Tesla V100-SXM2-32GB, 96 %, 54 %, 32768 MiB, 3450 MiB, 29045 MiB, 262.07 W, 62
2026/06/18 12:38:00.792, 0, Tesla V100-SXM2-32GB, 95 %, 54 %, 32768 MiB, 3450 MiB, 29045 MiB, 282.15 W, 62
2026/06/18 12:38:01.794, 0, Tesla V100-SXM2-32GB, 95 %, 55 %, 32768 MiB, 3450 MiB, 29045 MiB, 275.05 W, 62
2026/06/18 12:38:02.796, 0, Tesla V100-SXM2-32GB, 96 %, 57 %, 32768 MiB, 3450 MiB, 29045 MiB, 286.48 W, 62
2026/06/18 12:38:03.798, 0, Tesla V100-SXM2-32GB, 95 %, 57 %, 32768 MiB, 3450 MiB, 29045 MiB, 253.76 W, 62
2026/06/18 12:38:04.800, 0, Tesla V100-SXM2-32GB, 95 %, 56 %, 32768 MiB, 3450 MiB, 29045 MiB, 221.62 W, 62
2026/06/18 12:38:05.802, 0, Tesla V100-SXM2-32GB, 96 %, 55 %, 32768 MiB, 3450 MiB, 29045 MiB, 230.50 W, 62
2026/06/18 12:38:06.804, 0, Tesla V100-SXM2-32GB, 95 %, 54 %, 32768 MiB, 3450 MiB, 29045 MiB, 254.24 W, 62
2026/06/18 12:38:07.806, 0, Tesla V100-SXM2-32GB, 95 %, 54 %, 32768 MiB, 3450 MiB, 29045 MiB, 267.36 W, 62
2026/06/18 12:38:08.808, 0, Tesla V100-SXM2-32GB, 96 %, 55 %, 32768 MiB, 3450 MiB, 29045 MiB, 272.64 W, 62
2026/06/18 12:38:09.810, 0, Tesla V100-SXM2-32GB, 95 %, 56 %, 32768 MiB, 3450 MiB, 29045 MiB, 282.44 W, 62
2026/06/18 12:38:10.812, 0, Tesla V100-SXM2-32GB, 96 %, 58 %, 32768 MiB, 3450 MiB, 29045 MiB, 279.56 W, 62
2026/06/18 12:38:11.814, 0, Tesla V100-SXM2-32GB, 95 %, 58 %, 32768 MiB, 3450 MiB, 29045 MiB, 276.49 W, 62
2026/06/18 12:38:12.816, 0, Tesla V100-SXM2-32GB, 95 %, 60 %, 32768 MiB, 3450 MiB, 29045 MiB, 269.76 W, 62
2026/06/18 12:38:13.818, 0, Tesla V100-SXM2-32GB, 95 %, 60 %, 32768 MiB, 3450 MiB, 29045 MiB, 269.76 W, 62
2026/06/18 12:38:14.820, 0, Tesla V100-SXM2-32GB, 95 %, 60 %, 32768 MiB, 3450 MiB, 29045 MiB, 271.08 W, 62
2026/06/18 12:38:15.822, 0, Tesla V100-SXM2-32GB, 95 %, 59 %, 32768 MiB, 3450 MiB, 29045 MiB, 263.99 W, 62
2026/06/18 12:38:16.824, 0, Tesla V100-SXM2-32GB, 95 %, 58 %, 32768 MiB, 3450 MiB, 29045 MiB, 267.05 W, 62
2026/06/18 12:38:17.826, 0, Tesla V100-SXM2-32GB, 95 %, 57 %, 32768 MiB, 3450 MiB, 29045 MiB, 273.12 W, 62
2026/06/18 12:38:18.829, 0, Tesla V100-SXM2-32GB, 96 %, 56 %, 32768 MiB, 3450 MiB, 29045 MiB, 271.98 W, 62
2026/06/18 12:38:19.830, 0, Tesla V100-SXM2-32GB, 96 %, 55 %, 32768 MiB, 3450 MiB, 29045 MiB, 285.62 W, 62
2026/06/18 12:38:20.833, 0, Tesla V100-SXM2-32GB, 96 %, 54 %, 32768 MiB, 3450 MiB, 29045 MiB, 249.55 W, 62
2026/06/18 12:38:21.836, 0, Tesla V100-SXM2-32GB, 95 %, 54 %, 32768 MiB, 3450 MiB, 29045 MiB, 216.36 W, 62
2026/06/18 12:38:22.838, 0, Tesla V100-SXM2-32GB, 95 %, 56 %, 32768 MiB, 3450 MiB, 29045 MiB, 228.10 W, 62
2026/06/18 12:38:23.840, 0, Tesla V100-SXM2-32GB, 96 %, 57 %, 32768 MiB, 3450 MiB, 29045 MiB, 242.04 W, 62
2026/06/18 12:38:24.842, 0, Tesla V100-SXM2-32GB, 96 %, 58 %, 32768 MiB, 3450 MiB, 29045 MiB, 266.88 W, 62
2026/06/18 12:38:25.844, 0, Tesla V100-SXM2-32GB, 95 %, 59 %, 32768 MiB, 3450 MiB, 29045 MiB, 277.63 W, 62
2026/06/18 12:38:26.846, 0, Tesla V100-SXM2-32GB, 95 %, 60 %, 32768 MiB, 3450 MiB, 29045 MiB, 279.56 W, 62
2026/06/18 12:38:27.848, 0, Tesla V100-SXM2-32GB, 95 %, 60 %, 32768 MiB, 3450 MiB, 29045 MiB, 283.51 W, 63
2026/06/18 12:38:28.850, 0, Tesla V100-SXM2-32GB, 95 %, 60 %, 32768 MiB, 3450 MiB, 29045 MiB, 271.68 W, 62
2026/06/18 12:38:29.852, 0, Tesla V100-SXM2-32GB, 95 %, 59 %, 32768 MiB, 3450 MiB, 29045 MiB, 274.75 W, 63
2026/06/18 12:38:30.854, 0, Tesla V100-SXM2-32GB, 95 %, 57 %, 32768 MiB, 3450 MiB, 29045 MiB, 264.78 W, 63
2026/06/18 12:38:31.856, 0, Tesla V100-SXM2-32GB, 96 %, 56 %, 32768 MiB, 3450 MiB, 29045 MiB, 277.63 W, 63
2026/06/18 12:38:32.858, 0, Tesla V100-SXM2-32GB, 96 %, 55 %, 32768 MiB, 3450 MiB, 29045 MiB, 280.89 W, 63
2026/06/18 12:38:33.860, 0, Tesla V100-SXM2-32GB, 96 %, 55 %, 32768 MiB, 3450 MiB, 29045 MiB, 266.88 W, 63
2026/06/18 12:38:34.862, 0, Tesla V100-SXM2-32GB, 96 %, 55 %, 32768 MiB, 3450 MiB, 29045 MiB, 286.10 W, 63
2026/06/18 12:38:35.864, 0, Tesla V100-SXM2-32GB, 95 %, 56 %, 32768 MiB, 3450 MiB, 29045 MiB, 262.86 W, 63
2026/06/18 12:38:36.866, 0, Tesla V100-SXM2-32GB, 96 %, 58 %, 32768 MiB, 3450 MiB, 29045 MiB, 260.32 W, 63
2026/06/18 12:38:37.868, 0, Tesla V100-SXM2-32GB, 96 %, 59 %, 32768 MiB, 3450 MiB, 29045 MiB, 221.51 W, 63
2026/06/18 12:38:38.870, 0, Tesla V100-SXM2-32GB, 95 %, 60 %, 32768 MiB, 3450 MiB, 29045 MiB, 246.86 W, 62
2026/06/18 12:38:39.872, 0, Tesla V100-SXM2-32GB, 95 %, 60 %, 32768 MiB, 3450 MiB, 29045 MiB, 259.05 W, 62
2026/06/18 12:38:40.874, 0, Tesla V100-SXM2-32GB, 95 %, 60 %, 32768 MiB, 3450 MiB, 29045 MiB, 276.38 W, 62
2026/06/18 12:38:41.876, 0, Tesla V100-SXM2-32GB, 95 %, 60 %, 32768 MiB, 3450 MiB, 29045 MiB, 280.04 W, 62
2026/06/18 12:38:42.878, 0, Tesla V100-SXM2-32GB, 95 %, 58 %, 32768 MiB, 3450 MiB, 29045 MiB, 269.88 W, 62
2026/06/18 12:38:43.880, 0, Tesla V100-SXM2-32GB, 95 %, 57 %, 32768 MiB, 3450 MiB, 29045 MiB, 284.18 W, 63
2026/06/18 12:38:44.883, 0, Tesla V100-SXM2-32GB, 96 %, 56 %, 32768 MiB, 3450 MiB, 29045 MiB, 270.42 W, 62
2026/06/18 12:38:45.885, 0, Tesla V100-SXM2-32GB, 96 %, 54 %, 32768 MiB, 3450 MiB, 29045 MiB, 277.34 W, 63
2026/06/18 12:38:46.886, 0, Tesla V100-SXM2-32GB, 96 %, 55 %, 32768 MiB, 3450 MiB, 29045 MiB, 273.31 W, 63
2026/06/18 12:38:47.888, 0, Tesla V100-SXM2-32GB, 95 %, 54 %, 32768 MiB, 3450 MiB, 29045 MiB, 264.47 W, 63
2026/06/18 12:38:48.889, 0, Tesla V100-SXM2-32GB, 95 %, 56 %, 32768 MiB, 3450 MiB, 29045 MiB, 271.68 W, 63
2026/06/18 12:38:49.891, 0, Tesla V100-SXM2-32GB, 99 %, 55 %, 32768 MiB, 3450 MiB, 29045 MiB, 271.86 W, 63
2026/06/18 12:38:50.892, 0, Tesla V100-SXM2-32GB, 99 %, 54 %, 32768 MiB, 3450 MiB, 29045 MiB, 261.15 W, 63
2026/06/18 12:38:51.893, 0, Tesla V100-SXM2-32GB, 99 %, 55 %, 32768 MiB, 3450 MiB, 29045 MiB, 251.01 W, 63
2026/06/18 12:38:52.895, 0, Tesla V100-SXM2-32GB, 0 %, 0 %, 32768 MiB, 3450 MiB, 29045 MiB, 77.76 W, 56
2026/06/18 12:38:53.896, 0, Tesla V100-SXM2-32GB, 0 %, 0 %, 32768 MiB, 3450 MiB, 29045 MiB, 74.14 W, 55
2026/06/18 12:38:54.898, 0, Tesla V100-SXM2-32GB, 95 %, 59 %, 32768 MiB, 3450 MiB, 29045 MiB, 271.86 W, 60
2026/06/18 12:38:55.899, 0, Tesla V100-SXM2-32GB, 95 %, 56 %, 32768 MiB, 3450 MiB, 29045 MiB, 270.30 W, 61
2026/06/18 12:38:56.901, 0, Tesla V100-SXM2-32GB, 96 %, 54 %, 32768 MiB, 3450 MiB, 29045 MiB, 224.84 W, 61
2026/06/18 12:38:57.902, 0, Tesla V100-SXM2-32GB, 96 %, 58 %, 32768 MiB, 3450 MiB, 29045 MiB, 237.23 W, 61
2026/06/18 12:38:58.904, 0, Tesla V100-SXM2-32GB, 96 %, 55 %, 32768 MiB, 3450 MiB, 29045 MiB, 249.42 W, 62
2026/06/18 12:38:59.905, 0, Tesla V100-SXM2-32GB, 95 %, 54 %, 32768 MiB, 3450 MiB, 29045 MiB, 257.74 W, 61
2026/06/18 12:39:00.907, 0, Tesla V100-SXM2-32GB, 95 %, 55 %, 32768 MiB, 3450 MiB, 29045 MiB, 269.10 W, 61
2026/06/18 12:39:01.908, 0, Tesla V100-SXM2-32GB, 95 %, 56 %, 32768 MiB, 3450 MiB, 29045 MiB, 273.42 W, 62
2026/06/18 12:39:02.909, 0, Tesla V100-SXM2-32GB, 96 %, 58 %, 32768 MiB, 3450 MiB, 29045 MiB, 277.74 W, 61
2026/06/18 12:39:03.911, 0, Tesla V100-SXM2-32GB, 96 %, 59 %, 32768 MiB, 3450 MiB, 29045 MiB, 277.74 W, 62
2026/06/18 12:39:04.912, 0, Tesla V100-SXM2-32GB, 94 %, 58 %, 32768 MiB, 3450 MiB, 29045 MiB, 285.52 W, 62
2026/06/18 12:39:05.914, 0, Tesla V100-SXM2-32GB, 93 %, 59 %, 32768 MiB, 3450 MiB, 29045 MiB, 287.25 W, 61
2026/06/18 12:39:06.915, 0, Tesla V100-SXM2-32GB, 95 %, 60 %, 32768 MiB, 3450 MiB, 29045 MiB, 270.90 W, 62
2026/06/18 12:39:07.916, 0, Tesla V100-SXM2-32GB, 95 %, 60 %, 32768 MiB, 3450 MiB, 29045 MiB, 266.39 W, 62
2026/06/18 12:39:08.918, 0, Tesla V100-SXM2-32GB, 95 %, 60 %, 32768 MiB, 3450 MiB, 29045 MiB, 268.98 W, 62
2026/06/18 12:39:09.919, 0, Tesla V100-SXM2-32GB, 95 %, 58 %, 32768 MiB, 3450 MiB, 29045 MiB, 266.09 W, 62
2026/06/18 12:39:10.921, 0, Tesla V100-SXM2-32GB, 95 %, 57 %, 32768 MiB, 3450 MiB, 29045 MiB, 269.46 W, 62
2026/06/18 12:39:11.922, 0, Tesla V100-SXM2-32GB, 96 %, 56 %, 32768 MiB, 3450 MiB, 29045 MiB, 280.04 W, 62
2026/06/18 12:39:12.924, 0, Tesla V100-SXM2-32GB, 96 %, 55 %, 32768 MiB, 3450 MiB, 29045 MiB, 268.80 W, 62
2026/06/18 12:39:13.925, 0, Tesla V100-SXM2-32GB, 95 %, 54 %, 32768 MiB, 3450 MiB, 29045 MiB, 269.10 W, 62
2026/06/18 12:39:14.927, 0, Tesla V100-SXM2-32GB, 95 %, 54 %, 32768 MiB, 3450 MiB, 29045 MiB, 272.71 W, 62
2026/06/18 12:39:15.928, 0, Tesla V100-SXM2-32GB, 95 %, 56 %, 32768 MiB, 3450 MiB, 29045 MiB, 245.25 W, 62
2026/06/18 12:39:16.929, 0, Tesla V100-SXM2-32GB, 96 %, 57 %, 32768 MiB, 3450 MiB, 29045 MiB, 206.86 W, 62
2026/06/18 12:39:17.931, 0, Tesla V100-SXM2-32GB, 96 %, 59 %, 32768 MiB, 3450 MiB, 29045 MiB, 225.36 W, 62
2026/06/18 12:39:18.932, 0, Tesla V100-SXM2-32GB, 94 %, 59 %, 32768 MiB, 3450 MiB, 29045 MiB, 250.22 W, 62
2026/06/18 12:39:19.934, 0, Tesla V100-SXM2-32GB, 95 %, 60 %, 32768 MiB, 3450 MiB, 29045 MiB, 263.99 W, 62
2026/06/18 12:39:20.935, 0, Tesla V100-SXM2-32GB, 95 %, 60 %, 32768 MiB, 3450 MiB, 29045 MiB, 276.01 W, 62
2026/06/18 12:39:21.937, 0, Tesla V100-SXM2-32GB, 95 %, 60 %, 32768 MiB, 3450 MiB, 29045 MiB, 278.23 W, 62
2026/06/18 12:39:22.939, 0, Tesla V100-SXM2-32GB, 95 %, 58 %, 32768 MiB, 3450 MiB, 29045 MiB, 284.85 W, 62
2026/06/18 12:39:23.941, 0, Tesla V100-SXM2-32GB, 95 %, 57 %, 32768 MiB, 3450 MiB, 29045 MiB, 283.22 W, 62
2026/06/18 12:39:24.943, 0, Tesla V100-SXM2-32GB, 95 %, 55 %, 32768 MiB, 3450 MiB, 29045 MiB, 272.10 W, 62
2026/06/18 12:39:25.945, 0, Tesla V100-SXM2-32GB, 96 %, 56 %, 32768 MiB, 3450 MiB, 29045 MiB, 276.97 W, 62
2026/06/18 12:39:26.947, 0, Tesla V100-SXM2-32GB, 95 %, 54 %, 32768 MiB, 3450 MiB, 29045 MiB, 267.00 W, 62
2026/06/18 12:39:27.949, 0, Tesla V100-SXM2-32GB, 95 %, 54 %, 32768 MiB, 3450 MiB, 29045 MiB, 275.89 W, 62
2026/06/18 12:39:28.951, 0, Tesla V100-SXM2-32GB, 95 %, 55 %, 32768 MiB, 3450 MiB, 29045 MiB, 274.93 W, 62
2026/06/18 12:39:29.954, 0, Tesla V100-SXM2-32GB, 96 %, 57 %, 32768 MiB, 3450 MiB, 29045 MiB, 277.74 W, 62
2026/06/18 12:39:30.956, 0, Tesla V100-SXM2-32GB, 96 %, 59 %, 32768 MiB, 3450 MiB, 29045 MiB, 273.79 W, 62
2026/06/18 12:39:31.957, 0, Tesla V100-SXM2-32GB, 82 %, 49 %, 32768 MiB, 3450 MiB, 29045 MiB, 268.80 W, 62
2026/06/18 12:39:32.959, 0, Tesla V100-SXM2-32GB, 96 %, 57 %, 32768 MiB, 3450 MiB, 29045 MiB, 266.88 W, 62
2026/06/18 12:39:33.960, 0, Tesla V100-SXM2-32GB, 96 %, 59 %, 32768 MiB, 3450 MiB, 29045 MiB, 272.94 W, 62
2026/06/18 12:39:34.962, 0, Tesla V100-SXM2-32GB, 94 %, 59 %, 32768 MiB, 3450 MiB, 29045 MiB, 277.27 W, 62
2026/06/18 12:39:35.963, 0, Tesla V100-SXM2-32GB, 95 %, 60 %, 32768 MiB, 3450 MiB, 29045 MiB, 284.37 W, 62
2026/06/18 12:39:36.965, 0, Tesla V100-SXM2-32GB, 96 %, 60 %, 32768 MiB, 3450 MiB, 29045 MiB, 260.18 W, 63
2026/06/18 12:39:37.966, 0, Tesla V100-SXM2-32GB, 95 %, 59 %, 32768 MiB, 3450 MiB, 29045 MiB, 208.72 W, 62
2026/06/18 12:39:38.968, 0, Tesla V100-SXM2-32GB, 95 %, 58 %, 32768 MiB, 3450 MiB, 29045 MiB, 243.33 W, 62
2026/06/18 12:39:39.969, 0, Tesla V100-SXM2-32GB, 95 %, 56 %, 32768 MiB, 3450 MiB, 29045 MiB, 261.94 W, 63
2026/06/18 12:39:40.971, 0, Tesla V100-SXM2-32GB, 96 %, 56 %, 32768 MiB, 3450 MiB, 29045 MiB, 273.60 W, 62
2026/06/18 12:39:41.972, 0, Tesla V100-SXM2-32GB, 96 %, 55 %, 32768 MiB, 3450 MiB, 29045 MiB, 278.41 W, 62
2026/06/18 12:39:42.974, 0, Tesla V100-SXM2-32GB, 95 %, 54 %, 32768 MiB, 3450 MiB, 29045 MiB, 277.04 W, 62
2026/06/18 12:39:43.975, 0, Tesla V100-SXM2-32GB, 96 %, 55 %, 32768 MiB, 3450 MiB, 29045 MiB, 276.97 W, 62
2026/06/18 12:39:44.976, 0, Tesla V100-SXM2-32GB, 95 %, 56 %, 32768 MiB, 3450 MiB, 29045 MiB, 278.30 W, 63
2026/06/18 12:39:45.978, 0, Tesla V100-SXM2-32GB, 95 %, 57 %, 32768 MiB, 3450 MiB, 29045 MiB, 276.67 W, 63
2026/06/18 12:39:46.979, 0, Tesla V100-SXM2-32GB, 95 %, 59 %, 32768 MiB, 3450 MiB, 29045 MiB, 279.37 W, 63
2026/06/18 12:39:47.981, 0, Tesla V100-SXM2-32GB, 95 %, 60 %, 32768 MiB, 3450 MiB, 29045 MiB, 271.68 W, 63
2026/06/18 12:39:48.982, 0, Tesla V100-SXM2-32GB, 95 %, 60 %, 32768 MiB, 3450 MiB, 29045 MiB, 267.84 W, 63
2026/06/18 12:39:49.984, 0, Tesla V100-SXM2-32GB, 96 %, 59 %, 32768 MiB, 3450 MiB, 29045 MiB, 275.64 W, 63
2026/06/18 12:39:50.985, 0, Tesla V100-SXM2-32GB, 95 %, 57 %, 32768 MiB, 3450 MiB, 29045 MiB, 265.43 W, 63
2026/06/18 12:39:51.986, 0, Tesla V100-SXM2-32GB, 96 %, 55 %, 32768 MiB, 3450 MiB, 29045 MiB, 217.03 W, 62
2026/06/18 12:39:52.988, 0, Tesla V100-SXM2-32GB, 88 %, 50 %, 32768 MiB, 3450 MiB, 29045 MiB, 227.92 W, 63
2026/06/18 12:39:53.989, 0, Tesla V100-SXM2-32GB, 96 %, 55 %, 32768 MiB, 3450 MiB, 29045 MiB, 232.73 W, 62
2026/06/18 12:39:54.991, 0, Tesla V100-SXM2-32GB, 19 %, 14 %, 32768 MiB, 3450 MiB, 29045 MiB, 268.56 W, 61
2026/06/18 12:39:55.992, 0, Tesla V100-SXM2-32GB, 96 %, 55 %, 32768 MiB, 3450 MiB, 29045 MiB, 240.76 W, 62
2026/06/18 12:39:56.994, 0, Tesla V100-SXM2-32GB, 96 %, 54 %, 32768 MiB, 3450 MiB, 29045 MiB, 214.01 W, 62
2026/06/18 12:39:57.995, 0, Tesla V100-SXM2-32GB, 95 %, 54 %, 32768 MiB, 3450 MiB, 29045 MiB, 244.93 W, 62
2026/06/18 12:39:58.997, 0, Tesla V100-SXM2-32GB, 96 %, 56 %, 32768 MiB, 3450 MiB, 29045 MiB, 262.90 W, 62
2026/06/18 12:39:59.998, 0, Tesla V100-SXM2-32GB, 96 %, 57 %, 32768 MiB, 3450 MiB, 29045 MiB, 279.08 W, 62
2026/06/18 12:40:01.000, 0, Tesla V100-SXM2-32GB, 94 %, 58 %, 32768 MiB, 3450 MiB, 29045 MiB, 276.67 W, 62
2026/06/18 12:40:02.001, 0, Tesla V100-SXM2-32GB, 95 %, 60 %, 32768 MiB, 3450 MiB, 29045 MiB, 273.79 W, 62
2026/06/18 12:40:03.003, 0, Tesla V100-SXM2-32GB, 95 %, 59 %, 32768 MiB, 3450 MiB, 29045 MiB, 286.87 W, 63
2026/06/18 12:40:04.004, 0, Tesla V100-SXM2-32GB, 95 %, 58 %, 32768 MiB, 3450 MiB, 29045 MiB, 276.78 W, 62
2026/06/18 12:40:05.006, 0, Tesla V100-SXM2-32GB, 95 %, 60 %, 32768 MiB, 3450 MiB, 29045 MiB, 277.45 W, 62
2026/06/18 12:40:06.007, 0, Tesla V100-SXM2-32GB, 95 %, 57 %, 32768 MiB, 3450 MiB, 29045 MiB, 266.22 W, 63
2026/06/18 12:40:07.008, 0, Tesla V100-SXM2-32GB, 95 %, 56 %, 32768 MiB, 3450 MiB, 29045 MiB, 263.69 W, 63
2026/06/18 12:40:08.010, 0, Tesla V100-SXM2-32GB, 96 %, 55 %, 32768 MiB, 3450 MiB, 29045 MiB, 271.68 W, 63
2026/06/18 12:40:09.011, 0, Tesla V100-SXM2-32GB, 95 %, 54 %, 32768 MiB, 3450 MiB, 29045 MiB, 281.38 W, 63
2026/06/18 12:40:10.013, 0, Tesla V100-SXM2-32GB, 95 %, 54 %, 32768 MiB, 3450 MiB, 29045 MiB, 265.43 W, 63
2026/06/18 12:40:11.014, 0, Tesla V100-SXM2-32GB, 96 %, 56 %, 32768 MiB, 3450 MiB, 29045 MiB, 276.97 W, 63
2026/06/18 12:40:12.016, 0, Tesla V100-SXM2-32GB, 94 %, 56 %, 32768 MiB, 3450 MiB, 29045 MiB, 278.30 W, 63
2026/06/18 12:40:13.017, 0, Tesla V100-SXM2-32GB, 79 %, 44 %, 32768 MiB, 3450 MiB, 29045 MiB, 263.69 W, 62
2026/06/18 12:40:14.018, 0, Tesla V100-SXM2-32GB, 99 %, 55 %, 32768 MiB, 3450 MiB, 29045 MiB, 278.30 W, 63
2026/06/18 12:40:15.020, 0, Tesla V100-SXM2-32GB, 99 %, 55 %, 32768 MiB, 3450 MiB, 29045 MiB, 284.75 W, 63
2026/06/18 12:40:16.021, 0, Tesla V100-SXM2-32GB, 5 %, 0 %, 32768 MiB, 3450 MiB, 29045 MiB, 78.02 W, 57
2026/06/18 12:40:17.023, 0, Tesla V100-SXM2-32GB, 8 %, 0 %, 32768 MiB, 3450 MiB, 29045 MiB, 74.34 W, 55
2026/06/18 12:40:18.024, 0, Tesla V100-SXM2-32GB, 0 %, 0 %, 32768 MiB, 3450 MiB, 29045 MiB, 249.41 W, 57
2026/06/18 12:40:19.026, 0, Tesla V100-SXM2-32GB, 96 %, 55 %, 32768 MiB, 3450 MiB, 29045 MiB, 274.93 W, 61
2026/06/18 12:40:20.027, 0, Tesla V100-SXM2-32GB, 95 %, 57 %, 32768 MiB, 3450 MiB, 29045 MiB, 273.31 W, 61
2026/06/18 12:40:21.028, 0, Tesla V100-SXM2-32GB, 96 %, 59 %, 32768 MiB, 3450 MiB, 29045 MiB, 269.76 W, 61
2026/06/18 12:40:22.030, 0, Tesla V100-SXM2-32GB, 95 %, 59 %, 32768 MiB, 3450 MiB, 29045 MiB, 278.60 W, 61
2026/06/18 12:40:23.031, 0, Tesla V100-SXM2-32GB, 95 %, 60 %, 32768 MiB, 3450 MiB, 29045 MiB, 272.64 W, 62
2026/06/18 12:40:24.033, 0, Tesla V100-SXM2-32GB, 95 %, 60 %, 32768 MiB, 3450 MiB, 29045 MiB, 285.43 W, 62
2026/06/18 12:40:25.034, 0, Tesla V100-SXM2-32GB, 95 %, 60 %, 32768 MiB, 3450 MiB, 29045 MiB, 259.01 W, 62
2026/06/18 12:40:26.036, 0, Tesla V100-SXM2-32GB, 95 %, 58 %, 32768 MiB, 3450 MiB, 29045 MiB, 234.01 W, 62
2026/06/18 12:40:27.037, 0, Tesla V100-SXM2-32GB, 95 %, 57 %, 32768 MiB, 3450 MiB, 29045 MiB, 239.16 W, 62
2026/06/18 12:40:28.039, 0, Tesla V100-SXM2-32GB, 96 %, 55 %, 32768 MiB, 3450 MiB, 29045 MiB, 253.59 W, 62
2026/06/18 12:40:29.040, 0, Tesla V100-SXM2-32GB, 96 %, 55 %, 32768 MiB, 3450 MiB, 29045 MiB, 259.97 W, 61
2026/06/18 12:40:30.041, 0, Tesla V100-SXM2-32GB, 96 %, 54 %, 32768 MiB, 3450 MiB, 29045 MiB, 280.23 W, 61
2026/06/18 12:40:31.043, 0, Tesla V100-SXM2-32GB, 96 %, 56 %, 32768 MiB, 3450 MiB, 29045 MiB, 277.15 W, 62
2026/06/18 12:40:32.044, 0, Tesla V100-SXM2-32GB, 96 %, 57 %, 32768 MiB, 3450 MiB, 29045 MiB, 278.41 W, 62
2026/06/18 12:40:33.046, 0, Tesla V100-SXM2-32GB, 95 %, 59 %, 32768 MiB, 3450 MiB, 29045 MiB, 278.30 W, 62
2026/06/18 12:40:34.047, 0, Tesla V100-SXM2-32GB, 95 %, 60 %, 32768 MiB, 3450 MiB, 29045 MiB, 273.12 W, 62
2026/06/18 12:40:35.048, 0, Tesla V100-SXM2-32GB, 95 %, 60 %, 32768 MiB, 3450 MiB, 29045 MiB, 270.72 W, 62
2026/06/18 12:40:36.050, 0, Tesla V100-SXM2-32GB, 95 %, 60 %, 32768 MiB, 3450 MiB, 29045 MiB, 277.82 W, 62
2026/06/18 12:40:37.051, 0, Tesla V100-SXM2-32GB, 95 %, 59 %, 32768 MiB, 3450 MiB, 29045 MiB, 274.75 W, 62
2026/06/18 12:40:38.053, 0, Tesla V100-SXM2-32GB, 95 %, 58 %, 32768 MiB, 3450 MiB, 29045 MiB, 268.14 W, 62
2026/06/18 12:40:39.054, 0, Tesla V100-SXM2-32GB, 95 %, 57 %, 32768 MiB, 3450 MiB, 29045 MiB, 272.83 W, 62
2026/06/18 12:40:40.056, 0, Tesla V100-SXM2-32GB, 96 %, 56 %, 32768 MiB, 3450 MiB, 29045 MiB, 278.11 W, 62
2026/06/18 12:40:41.058, 0, Tesla V100-SXM2-32GB, 95 %, 54 %, 32768 MiB, 3450 MiB, 29045 MiB, 268.80 W, 62
2026/06/18 12:40:42.059, 0, Tesla V100-SXM2-32GB, 96 %, 55 %, 32768 MiB, 3450 MiB, 29045 MiB, 210.38 W, 62
2026/06/18 12:40:43.062, 0, Tesla V100-SXM2-32GB, 96 %, 55 %, 32768 MiB, 3450 MiB, 29045 MiB, 236.43 W, 62
2026/06/18 12:40:44.064, 0, Tesla V100-SXM2-32GB, 96 %, 56 %, 32768 MiB, 3450 MiB, 29045 MiB, 256.95 W, 62
2026/06/18 12:40:45.066, 0, Tesla V100-SXM2-32GB, 96 %, 58 %, 32768 MiB, 3450 MiB, 29045 MiB, 271.38 W, 62
2026/06/18 12:40:46.067, 0, Tesla V100-SXM2-32GB, 95 %, 58 %, 32768 MiB, 3450 MiB, 29045 MiB, 275.71 W, 62
2026/06/18 12:40:47.069, 0, Tesla V100-SXM2-32GB, 95 %, 60 %, 32768 MiB, 3450 MiB, 29045 MiB, 276.01 W, 62
2026/06/18 12:40:48.072, 0, Tesla V100-SXM2-32GB, 94 %, 60 %, 32768 MiB, 3450 MiB, 29045 MiB, 287.93 W, 62
2026/06/18 12:40:49.074, 0, Tesla V100-SXM2-32GB, 95 %, 60 %, 32768 MiB, 3450 MiB, 29045 MiB, 286.67 W, 62
2026/06/18 12:40:50.076, 0, Tesla V100-SXM2-32GB, 95 %, 60 %, 32768 MiB, 3450 MiB, 29045 MiB, 269.94 W, 62
2026/06/18 12:40:51.077, 0, Tesla V100-SXM2-32GB, 95 %, 59 %, 32768 MiB, 3450 MiB, 29045 MiB, 272.34 W, 62
2026/06/18 12:40:52.080, 0, Tesla V100-SXM2-32GB, 95 %, 57 %, 32768 MiB, 3450 MiB, 29045 MiB, 266.39 W, 62
2026/06/18 12:40:53.082, 0, Tesla V100-SXM2-32GB, 95 %, 56 %, 32768 MiB, 3450 MiB, 29045 MiB, 271.56 W, 62
2026/06/18 12:40:54.084, 0, Tesla V100-SXM2-32GB, 96 %, 55 %, 32768 MiB, 3450 MiB, 29045 MiB, 271.38 W, 62
2026/06/18 12:40:55.086, 0, Tesla V100-SXM2-32GB, 96 %, 55 %, 32768 MiB, 3450 MiB, 29045 MiB, 273.31 W, 62
2026/06/18 12:40:56.087, 0, Tesla V100-SXM2-32GB, 95 %, 54 %, 32768 MiB, 3450 MiB, 29045 MiB, 285.33 W, 62
2026/06/18 12:40:57.090, 0, Tesla V100-SXM2-32GB, 95 %, 56 %, 32768 MiB, 3450 MiB, 29045 MiB, 259.22 W, 62
2026/06/18 12:40:58.092, 0, Tesla V100-SXM2-32GB, 96 %, 58 %, 32768 MiB, 3450 MiB, 29045 MiB, 222.47 W, 62
2026/06/18 12:40:59.094, 0, Tesla V100-SXM2-32GB, 95 %, 59 %, 32768 MiB, 3450 MiB, 29045 MiB, 250.05 W, 62
2026/06/18 12:41:00.097, 0, Tesla V100-SXM2-32GB, 95 %, 60 %, 32768 MiB, 3450 MiB, 29045 MiB, 263.20 W, 62
2026/06/18 12:41:01.099, 0, Tesla V100-SXM2-32GB, 95 %, 60 %, 32768 MiB, 3450 MiB, 29045 MiB, 281.77 W, 62
2026/06/18 12:41:02.102, 0, Tesla V100-SXM2-32GB, 95 %, 59 %, 32768 MiB, 3450 MiB, 29045 MiB, 280.04 W, 62
2026/06/18 12:41:03.104, 0, Tesla V100-SXM2-32GB, 95 %, 58 %, 32768 MiB, 3450 MiB, 29045 MiB, 283.41 W, 62
2026/06/18 12:41:04.106, 0, Tesla V100-SXM2-32GB, 95 %, 57 %, 32768 MiB, 3450 MiB, 29045 MiB, 273.12 W, 63
2026/06/18 12:41:05.107, 0, Tesla V100-SXM2-32GB, 95 %, 59 %, 32768 MiB, 3450 MiB, 29045 MiB, 271.32 W, 63
2026/06/18 12:41:06.109, 0, Tesla V100-SXM2-32GB, 95 %, 59 %, 32768 MiB, 3450 MiB, 29045 MiB, 275.53 W, 62
2026/06/18 12:41:07.111, 0, Tesla V100-SXM2-32GB, 95 %, 60 %, 32768 MiB, 3450 MiB, 29045 MiB, 266.39 W, 63
2026/06/18 12:41:08.114, 0, Tesla V100-SXM2-32GB, 95 %, 60 %, 32768 MiB, 3450 MiB, 29045 MiB, 277.04 W, 63
2026/06/18 12:41:09.115, 0, Tesla V100-SXM2-32GB, 95 %, 58 %, 32768 MiB, 3450 MiB, 29045 MiB, 268.14 W, 63
2026/06/18 12:41:10.116, 0, Tesla V100-SXM2-32GB, 96 %, 55 %, 32768 MiB, 3450 MiB, 29045 MiB, 275.05 W, 62
2026/06/18 12:41:11.118, 0, Tesla V100-SXM2-32GB, 95 %, 55 %, 32768 MiB, 3450 MiB, 29045 MiB, 275.46 W, 63
2026/06/18 12:41:12.122, 0, Tesla V100-SXM2-32GB, 94 %, 58 %, 32768 MiB, 3450 MiB, 29045 MiB, 260.15 W, 63
2026/06/18 12:41:13.124, 0, Tesla V100-SXM2-32GB, 95 %, 60 %, 32768 MiB, 3450 MiB, 29045 MiB, 251.18 W, 63
2026/06/18 12:41:14.125, 0, Tesla V100-SXM2-32GB, 95 %, 59 %, 32768 MiB, 3450 MiB, 29045 MiB, 208.17 W, 63
2026/06/18 12:41:15.126, 0, Tesla V100-SXM2-32GB, 95 %, 58 %, 32768 MiB, 3450 MiB, 29045 MiB, 234.99 W, 63
2026/06/18 12:41:16.128, 0, Tesla V100-SXM2-32GB, 94 %, 56 %, 32768 MiB, 3450 MiB, 29045 MiB, 251.98 W, 62
2026/06/18 12:41:17.129, 0, Tesla V100-SXM2-32GB, 96 %, 56 %, 32768 MiB, 3450 MiB, 29045 MiB, 266.39 W, 62
2026/06/18 12:41:18.131, 0, Tesla V100-SXM2-32GB, 96 %, 55 %, 32768 MiB, 3450 MiB, 29045 MiB, 276.49 W, 62
2026/06/18 12:41:19.132, 0, Tesla V100-SXM2-32GB, 95 %, 55 %, 32768 MiB, 3450 MiB, 29045 MiB, 277.45 W, 62
2026/06/18 12:41:20.134, 0, Tesla V100-SXM2-32GB, 95 %, 54 %, 32768 MiB, 3450 MiB, 29045 MiB, 276.38 W, 63
2026/06/18 12:41:21.135, 0, Tesla V100-SXM2-32GB, 96 %, 56 %, 32768 MiB, 3450 MiB, 29045 MiB, 282.07 W, 63
2026/06/18 12:41:22.136, 0, Tesla V100-SXM2-32GB, 96 %, 57 %, 32768 MiB, 3450 MiB, 29045 MiB, 272.16 W, 63
2026/06/18 12:41:23.138, 0, Tesla V100-SXM2-32GB, 96 %, 59 %, 32768 MiB, 3450 MiB, 29045 MiB, 276.19 W, 63
2026/06/18 12:41:24.139, 0, Tesla V100-SXM2-32GB, 94 %, 59 %, 32768 MiB, 3450 MiB, 29045 MiB, 275.53 W, 63
2026/06/18 12:41:25.141, 0, Tesla V100-SXM2-32GB, 95 %, 60 %, 32768 MiB, 3450 MiB, 29045 MiB, 272.64 W, 63
2026/06/18 12:41:26.142, 0, Tesla V100-SXM2-32GB, 95 %, 60 %, 32768 MiB, 3450 MiB, 29045 MiB, 274.27 W, 63
2026/06/18 12:41:27.144, 0, Tesla V100-SXM2-32GB, 95 %, 60 %, 32768 MiB, 3450 MiB, 29045 MiB, 276.49 W, 63
2026/06/18 12:41:28.146, 0, Tesla V100-SXM2-32GB, 95 %, 59 %, 32768 MiB, 3450 MiB, 29045 MiB, 271.02 W, 63
2026/06/18 12:41:29.148, 0, Tesla V100-SXM2-32GB, 95 %, 58 %, 32768 MiB, 3450 MiB, 29045 MiB, 273.42 W, 63
2026/06/18 12:41:30.150, 0, Tesla V100-SXM2-32GB, 95 %, 57 %, 32768 MiB, 3450 MiB, 29045 MiB, 282.92 W, 63
2026/06/18 12:41:31.151, 0, Tesla V100-SXM2-32GB, 96 %, 56 %, 32768 MiB, 3450 MiB, 29045 MiB, 245.24 W, 63
2026/06/18 12:41:32.154, 0, Tesla V100-SXM2-32GB, 95 %, 54 %, 32768 MiB, 3450 MiB, 29045 MiB, 239.63 W, 63
2026/06/18 12:41:33.156, 0, Tesla V100-SXM2-32GB, 96 %, 54 %, 32768 MiB, 3450 MiB, 29045 MiB, 230.48 W, 63
2026/06/18 12:41:34.157, 0, Tesla V100-SXM2-32GB, 96 %, 54 %, 32768 MiB, 3450 MiB, 29045 MiB, 255.82 W, 62
2026/06/18 12:41:35.159, 0, Tesla V100-SXM2-32GB, 96 %, 55 %, 32768 MiB, 3450 MiB, 29045 MiB, 257.92 W, 63
2026/06/18 12:41:36.161, 0, Tesla V100-SXM2-32GB, 99 %, 54 %, 32768 MiB, 3450 MiB, 29045 MiB, 265.61 W, 63
2026/06/18 12:41:37.164, 0, Tesla V100-SXM2-32GB, 99 %, 55 %, 32768 MiB, 3450 MiB, 29045 MiB, 275.64 W, 63
2026/06/18 12:41:38.166, 0, Tesla V100-SXM2-32GB, 99 %, 54 %, 32768 MiB, 3450 MiB, 29045 MiB, 272.16 W, 63
2026/06/18 12:41:39.168, 0, Tesla V100-SXM2-32GB, 0 %, 0 %, 32768 MiB, 3450 MiB, 29045 MiB, 77.92 W, 57
2026/06/18 12:41:40.170, 0, Tesla V100-SXM2-32GB, 2 %, 0 %, 32768 MiB, 3450 MiB, 29045 MiB, 73.90 W, 55
2026/06/18 12:41:41.172, 0, Tesla V100-SXM2-32GB, 0 %, 0 %, 32768 MiB, 3450 MiB, 29045 MiB, 61.72 W, 54
2026/06/18 12:41:42.175, 0, Tesla V100-SXM2-32GB, 0 %, 0 %, 32768 MiB, 3450 MiB, 29045 MiB, 59.80 W, 53
2026/06/18 12:41:43.177, 0, Tesla V100-SXM2-32GB, 0 %, 0 %, 32768 MiB, 3450 MiB, 29045 MiB, 59.80 W, 53
2026/06/18 12:41:44.179, 0, Tesla V100-SXM2-32GB, 0 %, 0 %, 32768 MiB, 3450 MiB, 29045 MiB, 59.80 W, 52
2026/06/18 12:41:45.181, 0, Tesla V100-SXM2-32GB, 0 %, 0 %, 32768 MiB, 3450 MiB, 29045 MiB, 59.32 W, 52
2026/06/18 12:41:46.183, 0, Tesla V100-SXM2-32GB, 96 %, 58 %, 32768 MiB, 3450 MiB, 29045 MiB, 248.31 W, 58
2026/06/18 12:41:47.184, 0, Tesla V100-SXM2-32GB, 95 %, 59 %, 32768 MiB, 3450 MiB, 29045 MiB, 266.39 W, 58
2026/06/18 12:41:48.186, 0, Tesla V100-SXM2-32GB, 94 %, 60 %, 32768 MiB, 3450 MiB, 29045 MiB, 272.34 W, 59
2026/06/18 12:41:49.187, 0, Tesla V100-SXM2-32GB, 95 %, 60 %, 32768 MiB, 3450 MiB, 29045 MiB, 275.53 W, 59
2026/06/18 12:41:50.188, 0, Tesla V100-SXM2-32GB, 95 %, 59 %, 32768 MiB, 3450 MiB, 29045 MiB, 279.88 W, 60
2026/06/18 12:41:51.190, 0, Tesla V100-SXM2-32GB, 95 %, 58 %, 32768 MiB, 3450 MiB, 29045 MiB, 276.67 W, 60
2026/06/18 12:41:52.191, 0, Tesla V100-SXM2-32GB, 95 %, 57 %, 32768 MiB, 3450 MiB, 29045 MiB, 276.01 W, 60
2026/06/18 12:41:53.193, 0, Tesla V100-SXM2-32GB, 96 %, 56 %, 32768 MiB, 3450 MiB, 29045 MiB, 265.26 W, 60
2026/06/18 12:41:54.194, 0, Tesla V100-SXM2-32GB, 96 %, 55 %, 32768 MiB, 3450 MiB, 29045 MiB, 286.10 W, 60
2026/06/18 12:41:55.195, 0, Tesla V100-SXM2-32GB, 96 %, 59 %, 32768 MiB, 3450 MiB, 29045 MiB, 279.19 W, 60
2026/06/18 12:41:56.197, 0, Tesla V100-SXM2-32GB, 95 %, 56 %, 32768 MiB, 3450 MiB, 29045 MiB, 271.68 W, 60
2026/06/18 12:41:57.198, 0, Tesla V100-SXM2-32GB, 80 %, 50 %, 32768 MiB, 3450 MiB, 29045 MiB, 273.97 W, 60
2026/06/18 12:41:58.200, 0, Tesla V100-SXM2-32GB, 96 %, 58 %, 32768 MiB, 3450 MiB, 29045 MiB, 268.98 W, 60
2026/06/18 12:41:59.201, 0, Tesla V100-SXM2-32GB, 96 %, 55 %, 32768 MiB, 3450 MiB, 29045 MiB, 224.06 W, 59
2026/06/18 12:42:00.203, 0, Tesla V100-SXM2-32GB, 96 %, 55 %, 32768 MiB, 3450 MiB, 29045 MiB, 250.22 W, 60
2026/06/18 12:42:01.204, 0, Tesla V100-SXM2-32GB, 95 %, 55 %, 32768 MiB, 3450 MiB, 29045 MiB, 266.57 W, 60
2026/06/18 12:42:02.206, 0, Tesla V100-SXM2-32GB, 96 %, 56 %, 32768 MiB, 3450 MiB, 29045 MiB, 278.60 W, 60
2026/06/18 12:42:03.207, 0, Tesla V100-SXM2-32GB, 96 %, 58 %, 32768 MiB, 3450 MiB, 29045 MiB, 271.08 W, 60
2026/06/18 12:42:04.208, 0, Tesla V100-SXM2-32GB, 95 %, 59 %, 32768 MiB, 3450 MiB, 29045 MiB, 282.15 W, 60
2026/06/18 12:42:05.210, 0, Tesla V100-SXM2-32GB, 95 %, 60 %, 32768 MiB, 3450 MiB, 29045 MiB, 281.00 W, 61
2026/06/18 12:42:06.211, 0, Tesla V100-SXM2-32GB, 95 %, 60 %, 32768 MiB, 3450 MiB, 29045 MiB, 277.27 W, 61
2026/06/18 12:42:07.213, 0, Tesla V100-SXM2-32GB, 95 %, 60 %, 32768 MiB, 3450 MiB, 29045 MiB, 270.24 W, 61
2026/06/18 12:42:08.214, 0, Tesla V100-SXM2-32GB, 95 %, 59 %, 32768 MiB, 3450 MiB, 29045 MiB, 277.63 W, 61
2026/06/18 12:42:09.215, 0, Tesla V100-SXM2-32GB, 95 %, 57 %, 32768 MiB, 3450 MiB, 29045 MiB, 269.76 W, 61
2026/06/18 12:42:10.217, 0, Tesla V100-SXM2-32GB, 95 %, 56 %, 32768 MiB, 3450 MiB, 29045 MiB, 265.43 W, 61
2026/06/18 12:42:11.218, 0, Tesla V100-SXM2-32GB, 96 %, 55 %, 32768 MiB, 3450 MiB, 29045 MiB, 283.89 W, 61
2026/06/18 12:42:12.220, 0, Tesla V100-SXM2-32GB, 96 %, 55 %, 32768 MiB, 3450 MiB, 29045 MiB, 274.93 W, 61
2026/06/18 12:42:13.221, 0, Tesla V100-SXM2-32GB, 95 %, 54 %, 32768 MiB, 3450 MiB, 29045 MiB, 285.43 W, 61
2026/06/18 12:42:14.223, 0, Tesla V100-SXM2-32GB, 95 %, 56 %, 32768 MiB, 3450 MiB, 29045 MiB, 272.71 W, 61
2026/06/18 12:42:15.224, 0, Tesla V100-SXM2-32GB, 96 %, 58 %, 32768 MiB, 3450 MiB, 29045 MiB, 233.37 W, 61
2026/06/18 12:42:16.226, 0, Tesla V100-SXM2-32GB, 95 %, 60 %, 32768 MiB, 3450 MiB, 29045 MiB, 242.04 W, 61
2026/06/18 12:42:17.227, 0, Tesla V100-SXM2-32GB, 95 %, 60 %, 32768 MiB, 3450 MiB, 29045 MiB, 249.90 W, 61
2026/06/18 12:42:18.229, 0, Tesla V100-SXM2-32GB, 95 %, 56 %, 32768 MiB, 3450 MiB, 29045 MiB, 268.50 W, 61
2026/06/18 12:42:19.230, 0, Tesla V100-SXM2-32GB, 95 %, 55 %, 32768 MiB, 3450 MiB, 29045 MiB, 274.08 W, 61
2026/06/18 12:42:20.233, 0, Tesla V100-SXM2-32GB, 95 %, 55 %, 32768 MiB, 3450 MiB, 29045 MiB, 280.04 W, 61
2026/06/18 12:42:21.235, 0, Tesla V100-SXM2-32GB, 96 %, 57 %, 32768 MiB, 3450 MiB, 29045 MiB, 278.41 W, 61
2026/06/18 12:42:22.237, 0, Tesla V100-SXM2-32GB, 95 %, 59 %, 32768 MiB, 3450 MiB, 29045 MiB, 275.53 W, 61
2026/06/18 12:42:23.238, 0, Tesla V100-SXM2-32GB, 94 %, 59 %, 32768 MiB, 3450 MiB, 29045 MiB, 268.32 W, 62
2026/06/18 12:42:24.239, 0, Tesla V100-SXM2-32GB, 95 %, 60 %, 32768 MiB, 3450 MiB, 29045 MiB, 279.26 W, 62
2026/06/18 12:42:25.241, 0, Tesla V100-SXM2-32GB, 96 %, 60 %, 32768 MiB, 3450 MiB, 29045 MiB, 268.02 W, 62
2026/06/18 12:42:26.242, 0, Tesla V100-SXM2-32GB, 95 %, 59 %, 32768 MiB, 3450 MiB, 29045 MiB, 263.20 W, 62
2026/06/18 12:42:27.244, 0, Tesla V100-SXM2-32GB, 95 %, 57 %, 32768 MiB, 3450 MiB, 29045 MiB, 279.56 W, 62
2026/06/18 12:42:28.245, 0, Tesla V100-SXM2-32GB, 95 %, 56 %, 32768 MiB, 3450 MiB, 29045 MiB, 274.57 W, 62
2026/06/18 12:42:29.247, 0, Tesla V100-SXM2-32GB, 96 %, 56 %, 32768 MiB, 3450 MiB, 29045 MiB, 274.08 W, 62
2026/06/18 12:42:30.248, 0, Tesla V100-SXM2-32GB, 96 %, 54 %, 32768 MiB, 3450 MiB, 29045 MiB, 276.86 W, 62
2026/06/18 12:42:31.250, 0, Tesla V100-SXM2-32GB, 95 %, 54 %, 32768 MiB, 3450 MiB, 29045 MiB, 268.67 W, 62
2026/06/18 12:42:32.251, 0, Tesla V100-SXM2-32GB, 95 %, 55 %, 32768 MiB, 3450 MiB, 29045 MiB, 216.84 W, 62
2026/06/18 12:42:33.252, 0, Tesla V100-SXM2-32GB, 96 %, 56 %, 32768 MiB, 3450 MiB, 29045 MiB, 237.55 W, 62
2026/06/18 12:42:34.254, 0, Tesla V100-SXM2-32GB, 95 %, 57 %, 32768 MiB, 3450 MiB, 29045 MiB, 249.90 W, 62
2026/06/18 12:42:35.255, 0, Tesla V100-SXM2-32GB, 94 %, 58 %, 32768 MiB, 3450 MiB, 29045 MiB, 259.36 W, 62
2026/06/18 12:42:36.257, 0, Tesla V100-SXM2-32GB, 95 %, 60 %, 32768 MiB, 3450 MiB, 29045 MiB, 272.52 W, 62
2026/06/18 12:42:37.258, 0, Tesla V100-SXM2-32GB, 95 %, 60 %, 32768 MiB, 3450 MiB, 29045 MiB, 275.05 W, 62
2026/06/18 12:42:38.260, 0, Tesla V100-SXM2-32GB, 95 %, 60 %, 32768 MiB, 3450 MiB, 29045 MiB, 266.70 W, 62
2026/06/18 12:42:39.261, 0, Tesla V100-SXM2-32GB, 95 %, 59 %, 32768 MiB, 3450 MiB, 29045 MiB, 283.41 W, 62
2026/06/18 12:42:40.262, 0, Tesla V100-SXM2-32GB, 95 %, 58 %, 32768 MiB, 3450 MiB, 29045 MiB, 278.23 W, 62
2026/06/18 12:42:41.264, 0, Tesla V100-SXM2-32GB, 95 %, 57 %, 32768 MiB, 3450 MiB, 29045 MiB, 272.94 W, 62
2026/06/18 12:42:42.265, 0, Tesla V100-SXM2-32GB, 96 %, 56 %, 32768 MiB, 3450 MiB, 29045 MiB, 273.12 W, 62
2026/06/18 12:42:43.267, 0, Tesla V100-SXM2-32GB, 96 %, 54 %, 32768 MiB, 3450 MiB, 29045 MiB, 272.16 W, 62
2026/06/18 12:42:44.268, 0, Tesla V100-SXM2-32GB, 95 %, 60 %, 32768 MiB, 3450 MiB, 29045 MiB, 262.86 W, 62
2026/06/18 12:42:45.270, 0, Tesla V100-SXM2-32GB, 96 %, 60 %, 32768 MiB, 3450 MiB, 29045 MiB, 268.80 W, 62
2026/06/18 12:42:46.272, 0, Tesla V100-SXM2-32GB, 95 %, 58 %, 32768 MiB, 3450 MiB, 29045 MiB, 275.53 W, 62
2026/06/18 12:42:47.273, 0, Tesla V100-SXM2-32GB, 95 %, 57 %, 32768 MiB, 3450 MiB, 29045 MiB, 276.01 W, 62
2026/06/18 12:42:48.275, 0, Tesla V100-SXM2-32GB, 95 %, 56 %, 32768 MiB, 3450 MiB, 29045 MiB, 264.17 W, 62
2026/06/18 12:42:49.277, 0, Tesla V100-SXM2-32GB, 96 %, 54 %, 32768 MiB, 3450 MiB, 29045 MiB, 216.36 W, 62
2026/06/18 12:42:50.279, 0, Tesla V100-SXM2-32GB, 95 %, 54 %, 32768 MiB, 3450 MiB, 29045 MiB, 243.49 W, 62
2026/06/18 12:42:51.281, 0, Tesla V100-SXM2-32GB, 96 %, 54 %, 32768 MiB, 3450 MiB, 29045 MiB, 248.78 W, 62
2026/06/18 12:42:52.283, 0, Tesla V100-SXM2-32GB, 95 %, 55 %, 32768 MiB, 3450 MiB, 29045 MiB, 266.75 W, 62
2026/06/18 12:42:53.285, 0, Tesla V100-SXM2-32GB, 96 %, 57 %, 32768 MiB, 3450 MiB, 29045 MiB, 275.05 W, 62
2026/06/18 12:42:54.288, 0, Tesla V100-SXM2-32GB, 96 %, 58 %, 32768 MiB, 3450 MiB, 29045 MiB, 272.46 W, 62
2026/06/18 12:42:55.290, 0, Tesla V100-SXM2-32GB, 95 %, 59 %, 32768 MiB, 3450 MiB, 29045 MiB, 276.12 W, 62
2026/06/18 12:42:56.292, 0, Tesla V100-SXM2-32GB, 95 %, 60 %, 32768 MiB, 3450 MiB, 29045 MiB, 279.56 W, 62
2026/06/18 12:42:57.294, 0, Tesla V100-SXM2-32GB, 95 %, 60 %, 32768 MiB, 3450 MiB, 29045 MiB, 265.43 W, 62
2026/06/18 12:42:58.296, 0, Tesla V100-SXM2-32GB, 95 %, 60 %, 32768 MiB, 3450 MiB, 29045 MiB, 277.63 W, 62
2026/06/18 12:42:59.299, 0, Tesla V100-SXM2-32GB, 95 %, 59 %, 32768 MiB, 3450 MiB, 29045 MiB, 263.51 W, 62
2026/06/18 12:43:00.301, 0, Tesla V100-SXM2-32GB, 95 %, 57 %, 32768 MiB, 3450 MiB, 29045 MiB, 265.43 W, 62
2026/06/18 12:43:01.303, 0, Tesla V100-SXM2-32GB, 95 %, 57 %, 32768 MiB, 3450 MiB, 29045 MiB, 279.08 W, 62
2026/06/18 12:43:02.305, 0, Tesla V100-SXM2-32GB, 96 %, 55 %, 32768 MiB, 3450 MiB, 29045 MiB, 275.34 W, 62
2026/06/18 12:43:03.307, 0, Tesla V100-SXM2-32GB, 96 %, 55 %, 32768 MiB, 3450 MiB, 29045 MiB, 272.04 W, 62
2026/06/18 12:43:04.309, 0, Tesla V100-SXM2-32GB, 99 %, 54 %, 32768 MiB, 3450 MiB, 29045 MiB, 264.82 W, 62
2026/06/18 12:43:05.311, 0, Tesla V100-SXM2-32GB, 99 %, 55 %, 32768 MiB, 3450 MiB, 29045 MiB, 276.78 W, 63
2026/06/18 12:43:06.313, 0, Tesla V100-SXM2-32GB, 99 %, 55 %, 32768 MiB, 3450 MiB, 29045 MiB, 128.17 W, 62
2026/06/18 12:43:07.315, 0, Tesla V100-SXM2-32GB, 0 %, 0 %, 32768 MiB, 3450 MiB, 29045 MiB, 77.23 W, 56
2026/06/18 12:43:08.316, 0, Tesla V100-SXM2-32GB, 0 %, 0 %, 32768 MiB, 3450 MiB, 29045 MiB, 73.66 W, 55
2026/06/18 12:43:09.318, 0, Tesla V100-SXM2-32GB, 7 %, 1 %, 32768 MiB, 3450 MiB, 29045 MiB, 135.39 W, 54
2026/06/18 12:43:10.319, 0, Tesla V100-SXM2-32GB, 98 %, 54 %, 32768 MiB, 3450 MiB, 29045 MiB, 280.12 W, 60
2026/06/18 12:43:11.321, 0, Tesla V100-SXM2-32GB, 99 %, 55 %, 32768 MiB, 3450 MiB, 29045 MiB, 269.52 W, 60
2026/06/18 12:43:12.322, 0, Tesla V100-SXM2-32GB, 99 %, 54 %, 32768 MiB, 3450 MiB, 29045 MiB, 268.50 W, 61
2026/06/18 12:43:13.323, 0, Tesla V100-SXM2-32GB, 99 %, 55 %, 32768 MiB, 3450 MiB, 29045 MiB, 251.98 W, 61
2026/06/18 12:43:14.325, 0, Tesla V100-SXM2-32GB, 99 %, 55 %, 32768 MiB, 3450 MiB, 29045 MiB, 262.24 W, 61
2026/06/18 12:43:15.326, 0, Tesla V100-SXM2-32GB, 0 %, 0 %, 32768 MiB, 3450 MiB, 29045 MiB, 74.00 W, 55
