timestamp, index, name, utilization.gpu [%], utilization.memory [%], memory.total [MiB], memory.used [MiB], memory.free [MiB], power.draw [W], temperature.gpu
2026/06/18 12:12:01.897, 0, Tesla V100-SXM2-32GB, 0 %, 0 %, 32768 MiB, 0 MiB, 32495 MiB, 42.61 W, 34
2026/06/18 12:12:02.900, 0, Tesla V100-SXM2-32GB, 0 %, 0 %, 32768 MiB, 0 MiB, 32495 MiB, 42.73 W, 34
2026/06/18 12:12:03.902, 0, Tesla V100-SXM2-32GB, 0 %, 0 %, 32768 MiB, 0 MiB, 32495 MiB, 42.53 W, 34
2026/06/18 12:12:04.905, 0, Tesla V100-SXM2-32GB, 0 %, 0 %, 32768 MiB, 0 MiB, 32495 MiB, 42.73 W, 34
2026/06/18 12:12:05.908, 0, Tesla V100-SXM2-32GB, 0 %, 0 %, 32768 MiB, 0 MiB, 32495 MiB, 42.73 W, 34
2026/06/18 12:12:06.910, 0, Tesla V100-SXM2-32GB, 0 %, 0 %, 32768 MiB, 30 MiB, 32465 MiB, 54.35 W, 34
2026/06/18 12:12:07.914, 0, Tesla V100-SXM2-32GB, 0 %, 0 %, 32768 MiB, 558 MiB, 31937 MiB, 57.70 W, 34
2026/06/18 12:12:08.917, 0, Tesla V100-SXM2-32GB, 79 %, 52 %, 32768 MiB, 4842 MiB, 27653 MiB, 216.65 W, 38
2026/06/18 12:12:09.922, 0, Tesla V100-SXM2-32GB, 96 %, 66 %, 32768 MiB, 4842 MiB, 27653 MiB, 260.20 W, 42
2026/06/18 12:12:10.924, 0, Tesla V100-SXM2-32GB, 95 %, 67 %, 32768 MiB, 4842 MiB, 27653 MiB, 267.42 W, 43
2026/06/18 12:12:11.925, 0, Tesla V100-SXM2-32GB, 96 %, 63 %, 32768 MiB, 4842 MiB, 27653 MiB, 259.54 W, 43
2026/06/18 12:12:12.927, 0, Tesla V100-SXM2-32GB, 96 %, 59 %, 32768 MiB, 4842 MiB, 27653 MiB, 272.33 W, 44
2026/06/18 12:12:13.931, 0, Tesla V100-SXM2-32GB, 96 %, 63 %, 32768 MiB, 4842 MiB, 27653 MiB, 268.68 W, 45
2026/06/18 12:12:14.933, 0, Tesla V100-SXM2-32GB, 96 %, 63 %, 32768 MiB, 4842 MiB, 27653 MiB, 261.50 W, 45
2026/06/18 12:12:15.934, 0, Tesla V100-SXM2-32GB, 96 %, 63 %, 32768 MiB, 4842 MiB, 27653 MiB, 266.29 W, 45
2026/06/18 12:12:16.936, 0, Tesla V100-SXM2-32GB, 96 %, 63 %, 32768 MiB, 4842 MiB, 27653 MiB, 257.50 W, 46
2026/06/18 12:12:17.937, 0, Tesla V100-SXM2-32GB, 96 %, 62 %, 32768 MiB, 4842 MiB, 27653 MiB, 259.89 W, 46
2026/06/18 12:12:18.939, 0, Tesla V100-SXM2-32GB, 96 %, 62 %, 32768 MiB, 4842 MiB, 27653 MiB, 260.54 W, 47
2026/06/18 12:12:19.940, 0, Tesla V100-SXM2-32GB, 96 %, 61 %, 32768 MiB, 4842 MiB, 27653 MiB, 256.06 W, 47
2026/06/18 12:12:20.941, 0, Tesla V100-SXM2-32GB, 96 %, 61 %, 32768 MiB, 4842 MiB, 27653 MiB, 258.15 W, 48
2026/06/18 12:12:21.943, 0, Tesla V100-SXM2-32GB, 96 %, 61 %, 32768 MiB, 4842 MiB, 27653 MiB, 263.11 W, 48
2026/06/18 12:12:22.945, 0, Tesla V100-SXM2-32GB, 96 %, 61 %, 32768 MiB, 4842 MiB, 27653 MiB, 265.63 W, 48
2026/06/18 12:12:23.948, 0, Tesla V100-SXM2-32GB, 96 %, 61 %, 32768 MiB, 4842 MiB, 27653 MiB, 274.98 W, 48
2026/06/18 12:12:24.950, 0, Tesla V100-SXM2-32GB, 87 %, 60 %, 32768 MiB, 4842 MiB, 27653 MiB, 258.67 W, 48
2026/06/18 12:12:25.952, 0, Tesla V100-SXM2-32GB, 95 %, 67 %, 32768 MiB, 4842 MiB, 27653 MiB, 234.05 W, 48
2026/06/18 12:12:26.953, 0, Tesla V100-SXM2-32GB, 95 %, 67 %, 32768 MiB, 4842 MiB, 27653 MiB, 238.36 W, 49
2026/06/18 12:12:27.955, 0, Tesla V100-SXM2-32GB, 95 %, 67 %, 32768 MiB, 4842 MiB, 27653 MiB, 236.29 W, 49
2026/06/18 12:12:28.956, 0, Tesla V100-SXM2-32GB, 95 %, 66 %, 32768 MiB, 4842 MiB, 27653 MiB, 236.93 W, 50
2026/06/18 12:12:29.958, 0, Tesla V100-SXM2-32GB, 95 %, 66 %, 32768 MiB, 4842 MiB, 27653 MiB, 231.98 W, 50
2026/06/18 12:12:30.959, 0, Tesla V100-SXM2-32GB, 95 %, 67 %, 32768 MiB, 4842 MiB, 27653 MiB, 242.36 W, 51
2026/06/18 12:12:31.961, 0, Tesla V100-SXM2-32GB, 96 %, 68 %, 32768 MiB, 4842 MiB, 27653 MiB, 202.89 W, 50
2026/06/18 12:12:32.962, 0, Tesla V100-SXM2-32GB, 95 %, 67 %, 32768 MiB, 4842 MiB, 27653 MiB, 244.11 W, 51
2026/06/18 12:12:33.964, 0, Tesla V100-SXM2-32GB, 96 %, 67 %, 32768 MiB, 4842 MiB, 27653 MiB, 243.63 W, 51
2026/06/18 12:12:34.965, 0, Tesla V100-SXM2-32GB, 96 %, 68 %, 32768 MiB, 4842 MiB, 27653 MiB, 247.63 W, 51
2026/06/18 12:12:35.966, 0, Tesla V100-SXM2-32GB, 87 %, 59 %, 32768 MiB, 4842 MiB, 27653 MiB, 221.51 W, 51
2026/06/18 12:12:36.968, 0, Tesla V100-SXM2-32GB, 96 %, 60 %, 32768 MiB, 4842 MiB, 27653 MiB, 250.66 W, 51
2026/06/18 12:12:37.969, 0, Tesla V100-SXM2-32GB, 96 %, 60 %, 32768 MiB, 4842 MiB, 27653 MiB, 246.66 W, 51
2026/06/18 12:12:38.971, 0, Tesla V100-SXM2-32GB, 96 %, 61 %, 32768 MiB, 4842 MiB, 27653 MiB, 250.99 W, 51
2026/06/18 12:12:39.972, 0, Tesla V100-SXM2-32GB, 96 %, 61 %, 32768 MiB, 4842 MiB, 27653 MiB, 240.92 W, 51
2026/06/18 12:12:40.974, 0, Tesla V100-SXM2-32GB, 86 %, 56 %, 32768 MiB, 4842 MiB, 27653 MiB, 221.84 W, 51
2026/06/18 12:12:41.975, 0, Tesla V100-SXM2-32GB, 95 %, 67 %, 32768 MiB, 4842 MiB, 27653 MiB, 262.46 W, 52
2026/06/18 12:12:42.977, 0, Tesla V100-SXM2-32GB, 96 %, 68 %, 32768 MiB, 4842 MiB, 27653 MiB, 266.95 W, 52
2026/06/18 12:12:43.978, 0, Tesla V100-SXM2-32GB, 96 %, 68 %, 32768 MiB, 4842 MiB, 27653 MiB, 279.98 W, 52
2026/06/18 12:12:44.980, 0, Tesla V100-SXM2-32GB, 96 %, 68 %, 32768 MiB, 4842 MiB, 27653 MiB, 277.30 W, 52
2026/06/18 12:12:45.981, 0, Tesla V100-SXM2-32GB, 96 %, 68 %, 32768 MiB, 4842 MiB, 27653 MiB, 273.76 W, 52
2026/06/18 12:12:46.984, 0, Tesla V100-SXM2-32GB, 96 %, 68 %, 32768 MiB, 4842 MiB, 27653 MiB, 277.30 W, 52
2026/06/18 12:12:47.986, 0, Tesla V100-SXM2-32GB, 96 %, 67 %, 32768 MiB, 4842 MiB, 27653 MiB, 261.80 W, 52
2026/06/18 12:12:48.988, 0, Tesla V100-SXM2-32GB, 96 %, 68 %, 32768 MiB, 4842 MiB, 27653 MiB, 264.85 W, 53
2026/06/18 12:12:49.990, 0, Tesla V100-SXM2-32GB, 96 %, 68 %, 32768 MiB, 4842 MiB, 27653 MiB, 265.81 W, 53
2026/06/18 12:12:50.992, 0, Tesla V100-SXM2-32GB, 96 %, 67 %, 32768 MiB, 4842 MiB, 27653 MiB, 267.24 W, 53
2026/06/18 12:12:51.994, 0, Tesla V100-SXM2-32GB, 96 %, 67 %, 32768 MiB, 4842 MiB, 27653 MiB, 266.29 W, 53
2026/06/18 12:12:52.997, 0, Tesla V100-SXM2-32GB, 96 %, 68 %, 32768 MiB, 4842 MiB, 27653 MiB, 270.00 W, 53
2026/06/18 12:12:53.998, 0, Tesla V100-SXM2-32GB, 99 %, 64 %, 32768 MiB, 4842 MiB, 27653 MiB, 254.32 W, 52
2026/06/18 12:12:55.000, 0, Tesla V100-SXM2-32GB, 19 %, 7 %, 32768 MiB, 4842 MiB, 27653 MiB, 75.40 W, 48
2026/06/18 12:12:56.002, 0, Tesla V100-SXM2-32GB, 0 %, 0 %, 32768 MiB, 4842 MiB, 27653 MiB, 131.90 W, 46
2026/06/18 12:12:57.004, 0, Tesla V100-SXM2-32GB, 96 %, 59 %, 32768 MiB, 4842 MiB, 27653 MiB, 217.71 W, 51
2026/06/18 12:12:58.006, 0, Tesla V100-SXM2-32GB, 95 %, 63 %, 32768 MiB, 4842 MiB, 27653 MiB, 277.48 W, 52
2026/06/18 12:12:59.008, 0, Tesla V100-SXM2-32GB, 95 %, 59 %, 32768 MiB, 4842 MiB, 27653 MiB, 210.58 W, 51
2026/06/18 12:13:00.009, 0, Tesla V100-SXM2-32GB, 96 %, 60 %, 32768 MiB, 4842 MiB, 27653 MiB, 219.33 W, 52
2026/06/18 12:13:01.011, 0, Tesla V100-SXM2-32GB, 96 %, 60 %, 32768 MiB, 4842 MiB, 27653 MiB, 228.12 W, 52
2026/06/18 12:13:02.014, 0, Tesla V100-SXM2-32GB, 97 %, 60 %, 32768 MiB, 4842 MiB, 27653 MiB, 225.90 W, 52
2026/06/18 12:13:03.016, 0, Tesla V100-SXM2-32GB, 97 %, 62 %, 32768 MiB, 4842 MiB, 27653 MiB, 128.79 W, 51
2026/06/18 12:13:04.018, 0, Tesla V100-SXM2-32GB, 97 %, 59 %, 32768 MiB, 4842 MiB, 27653 MiB, 239.80 W, 52
2026/06/18 12:13:05.019, 0, Tesla V100-SXM2-32GB, 96 %, 59 %, 32768 MiB, 4842 MiB, 27653 MiB, 238.84 W, 53
2026/06/18 12:13:06.021, 0, Tesla V100-SXM2-32GB, 96 %, 59 %, 32768 MiB, 4842 MiB, 27653 MiB, 238.84 W, 53
2026/06/18 12:13:07.024, 0, Tesla V100-SXM2-32GB, 96 %, 60 %, 32768 MiB, 4842 MiB, 27653 MiB, 238.68 W, 53
2026/06/18 12:13:08.025, 0, Tesla V100-SXM2-32GB, 96 %, 60 %, 32768 MiB, 4842 MiB, 27653 MiB, 245.22 W, 53
2026/06/18 12:13:09.027, 0, Tesla V100-SXM2-32GB, 96 %, 60 %, 32768 MiB, 4842 MiB, 27653 MiB, 250.18 W, 53
2026/06/18 12:13:10.029, 0, Tesla V100-SXM2-32GB, 96 %, 60 %, 32768 MiB, 4842 MiB, 27653 MiB, 246.35 W, 53
2026/06/18 12:13:11.031, 0, Tesla V100-SXM2-32GB, 96 %, 61 %, 32768 MiB, 4842 MiB, 27653 MiB, 255.62 W, 53
2026/06/18 12:13:12.033, 0, Tesla V100-SXM2-32GB, 97 %, 61 %, 32768 MiB, 4842 MiB, 27653 MiB, 245.72 W, 53
2026/06/18 12:13:13.035, 0, Tesla V100-SXM2-32GB, 97 %, 61 %, 32768 MiB, 4842 MiB, 27653 MiB, 237.24 W, 53
2026/06/18 12:13:14.037, 0, Tesla V100-SXM2-32GB, 73 %, 48 %, 32768 MiB, 4842 MiB, 27653 MiB, 279.77 W, 53
2026/06/18 12:13:15.039, 0, Tesla V100-SXM2-32GB, 95 %, 65 %, 32768 MiB, 4842 MiB, 27653 MiB, 273.47 W, 54
2026/06/18 12:13:16.041, 0, Tesla V100-SXM2-32GB, 96 %, 63 %, 32768 MiB, 4842 MiB, 27653 MiB, 274.61 W, 53
2026/06/18 12:13:17.042, 0, Tesla V100-SXM2-32GB, 97 %, 61 %, 32768 MiB, 4842 MiB, 27653 MiB, 268.68 W, 54
2026/06/18 12:13:18.044, 0, Tesla V100-SXM2-32GB, 96 %, 67 %, 32768 MiB, 4842 MiB, 27653 MiB, 268.68 W, 54
2026/06/18 12:13:19.045, 0, Tesla V100-SXM2-32GB, 97 %, 64 %, 32768 MiB, 4842 MiB, 27653 MiB, 271.85 W, 54
2026/06/18 12:13:20.047, 0, Tesla V100-SXM2-32GB, 96 %, 60 %, 32768 MiB, 4842 MiB, 27653 MiB, 271.37 W, 54
2026/06/18 12:13:21.048, 0, Tesla V100-SXM2-32GB, 96 %, 59 %, 32768 MiB, 4842 MiB, 27653 MiB, 264.07 W, 54
2026/06/18 12:13:22.050, 0, Tesla V100-SXM2-32GB, 96 %, 59 %, 32768 MiB, 4842 MiB, 27653 MiB, 268.56 W, 54
2026/06/18 12:13:23.051, 0, Tesla V100-SXM2-32GB, 96 %, 60 %, 32768 MiB, 4842 MiB, 27653 MiB, 267.90 W, 54
2026/06/18 12:13:24.053, 0, Tesla V100-SXM2-32GB, 96 %, 59 %, 32768 MiB, 4842 MiB, 27653 MiB, 268.20 W, 54
2026/06/18 12:13:25.054, 0, Tesla V100-SXM2-32GB, 96 %, 60 %, 32768 MiB, 4842 MiB, 27653 MiB, 272.03 W, 54
2026/06/18 12:13:26.056, 0, Tesla V100-SXM2-32GB, 60 %, 37 %, 32768 MiB, 4842 MiB, 27653 MiB, 265.99 W, 54
2026/06/18 12:13:27.057, 0, Tesla V100-SXM2-32GB, 96 %, 59 %, 32768 MiB, 4842 MiB, 27653 MiB, 283.42 W, 54
2026/06/18 12:13:28.058, 0, Tesla V100-SXM2-32GB, 97 %, 60 %, 32768 MiB, 4842 MiB, 27653 MiB, 271.85 W, 54
2026/06/18 12:13:29.060, 0, Tesla V100-SXM2-32GB, 97 %, 60 %, 32768 MiB, 4842 MiB, 27653 MiB, 277.88 W, 54
2026/06/18 12:13:30.061, 0, Tesla V100-SXM2-32GB, 97 %, 61 %, 32768 MiB, 4842 MiB, 27653 MiB, 281.32 W, 54
2026/06/18 12:13:31.063, 0, Tesla V100-SXM2-32GB, 76 %, 50 %, 32768 MiB, 4842 MiB, 27653 MiB, 274.79 W, 54
2026/06/18 12:13:32.064, 0, Tesla V100-SXM2-32GB, 95 %, 65 %, 32768 MiB, 4842 MiB, 27653 MiB, 207.96 W, 55
2026/06/18 12:13:33.066, 0, Tesla V100-SXM2-32GB, 95 %, 65 %, 32768 MiB, 4842 MiB, 27653 MiB, 209.26 W, 55
2026/06/18 12:13:34.067, 0, Tesla V100-SXM2-32GB, 96 %, 65 %, 32768 MiB, 4842 MiB, 27653 MiB, 233.24 W, 55
2026/06/18 12:13:35.069, 0, Tesla V100-SXM2-32GB, 96 %, 64 %, 32768 MiB, 4842 MiB, 27653 MiB, 222.54 W, 55
2026/06/18 12:13:36.070, 0, Tesla V100-SXM2-32GB, 95 %, 64 %, 32768 MiB, 4842 MiB, 27653 MiB, 221.25 W, 55
2026/06/18 12:13:37.073, 0, Tesla V100-SXM2-32GB, 96 %, 64 %, 32768 MiB, 4842 MiB, 27653 MiB, 222.54 W, 55
2026/06/18 12:13:38.075, 0, Tesla V100-SXM2-32GB, 96 %, 64 %, 32768 MiB, 4842 MiB, 27653 MiB, 238.68 W, 55
2026/06/18 12:13:39.076, 0, Tesla V100-SXM2-32GB, 97 %, 63 %, 32768 MiB, 4842 MiB, 27653 MiB, 244.44 W, 55
2026/06/18 12:13:40.078, 0, Tesla V100-SXM2-32GB, 97 %, 64 %, 32768 MiB, 4842 MiB, 27653 MiB, 248.57 W, 55
2026/06/18 12:13:41.079, 0, Tesla V100-SXM2-32GB, 87 %, 56 %, 32768 MiB, 4842 MiB, 27653 MiB, 259.45 W, 55
2026/06/18 12:13:42.080, 0, Tesla V100-SXM2-32GB, 99 %, 63 %, 32768 MiB, 4842 MiB, 27653 MiB, 254.01 W, 56
2026/06/18 12:13:43.082, 0, Tesla V100-SXM2-32GB, 4 %, 0 %, 32768 MiB, 4842 MiB, 27653 MiB, 72.94 W, 49
2026/06/18 12:13:44.083, 0, Tesla V100-SXM2-32GB, 97 %, 65 %, 32768 MiB, 4842 MiB, 27653 MiB, 267.37 W, 53
2026/06/18 12:13:45.085, 0, Tesla V100-SXM2-32GB, 97 %, 65 %, 32768 MiB, 4842 MiB, 27653 MiB, 263.59 W, 54
2026/06/18 12:13:46.087, 0, Tesla V100-SXM2-32GB, 96 %, 64 %, 32768 MiB, 4842 MiB, 27653 MiB, 261.37 W, 55
2026/06/18 12:13:47.089, 0, Tesla V100-SXM2-32GB, 59 %, 42 %, 32768 MiB, 4842 MiB, 27653 MiB, 271.14 W, 55
2026/06/18 12:13:48.090, 0, Tesla V100-SXM2-32GB, 97 %, 65 %, 32768 MiB, 4842 MiB, 27653 MiB, 269.34 W, 55
2026/06/18 12:13:49.091, 0, Tesla V100-SXM2-32GB, 96 %, 64 %, 32768 MiB, 4842 MiB, 27653 MiB, 273.95 W, 55
2026/06/18 12:13:50.093, 0, Tesla V100-SXM2-32GB, 96 %, 63 %, 32768 MiB, 4842 MiB, 27653 MiB, 252.10 W, 55
2026/06/18 12:13:51.095, 0, Tesla V100-SXM2-32GB, 96 %, 63 %, 32768 MiB, 4842 MiB, 27653 MiB, 260.89 W, 55
2026/06/18 12:13:52.096, 0, Tesla V100-SXM2-32GB, 97 %, 63 %, 32768 MiB, 4842 MiB, 27653 MiB, 245.72 W, 56
2026/06/18 12:13:53.097, 0, Tesla V100-SXM2-32GB, 96 %, 62 %, 32768 MiB, 4842 MiB, 27653 MiB, 237.40 W, 56
2026/06/18 12:13:54.099, 0, Tesla V100-SXM2-32GB, 90 %, 61 %, 32768 MiB, 4842 MiB, 27653 MiB, 270.48 W, 56
2026/06/18 12:13:55.100, 0, Tesla V100-SXM2-32GB, 97 %, 65 %, 32768 MiB, 4842 MiB, 27653 MiB, 252.57 W, 56
2026/06/18 12:13:56.102, 0, Tesla V100-SXM2-32GB, 97 %, 64 %, 32768 MiB, 4842 MiB, 27653 MiB, 243.15 W, 56
2026/06/18 12:13:57.103, 0, Tesla V100-SXM2-32GB, 97 %, 64 %, 32768 MiB, 4842 MiB, 27653 MiB, 243.47 W, 56
2026/06/18 12:13:58.105, 0, Tesla V100-SXM2-32GB, 96 %, 63 %, 32768 MiB, 4842 MiB, 27653 MiB, 236.92 W, 56
2026/06/18 12:13:59.106, 0, Tesla V100-SXM2-32GB, 88 %, 61 %, 32768 MiB, 4842 MiB, 27653 MiB, 268.74 W, 56
2026/06/18 12:14:00.107, 0, Tesla V100-SXM2-32GB, 97 %, 62 %, 32768 MiB, 4842 MiB, 27653 MiB, 238.20 W, 57
2026/06/18 12:14:01.110, 0, Tesla V100-SXM2-32GB, 95 %, 61 %, 32768 MiB, 4842 MiB, 27653 MiB, 249.07 W, 57
2026/06/18 12:14:02.111, 0, Tesla V100-SXM2-32GB, 97 %, 61 %, 32768 MiB, 4842 MiB, 27653 MiB, 250.66 W, 57
2026/06/18 12:14:03.113, 0, Tesla V100-SXM2-32GB, 96 %, 61 %, 32768 MiB, 4842 MiB, 27653 MiB, 257.54 W, 57
2026/06/18 12:14:04.115, 0, Tesla V100-SXM2-32GB, 96 %, 59 %, 32768 MiB, 4842 MiB, 27653 MiB, 287.35 W, 58
2026/06/18 12:14:05.117, 0, Tesla V100-SXM2-32GB, 96 %, 59 %, 32768 MiB, 4842 MiB, 27653 MiB, 277.11 W, 58
2026/06/18 12:14:06.119, 0, Tesla V100-SXM2-32GB, 96 %, 59 %, 32768 MiB, 4842 MiB, 27653 MiB, 272.69 W, 58
2026/06/18 12:14:07.121, 0, Tesla V100-SXM2-32GB, 96 %, 59 %, 32768 MiB, 4842 MiB, 27653 MiB, 265.63 W, 58
2026/06/18 12:14:08.123, 0, Tesla V100-SXM2-32GB, 96 %, 59 %, 32768 MiB, 4842 MiB, 27653 MiB, 275.09 W, 58
2026/06/18 12:14:09.125, 0, Tesla V100-SXM2-32GB, 96 %, 59 %, 32768 MiB, 4842 MiB, 27653 MiB, 273.36 W, 58
2026/06/18 12:14:10.128, 0, Tesla V100-SXM2-32GB, 96 %, 59 %, 32768 MiB, 4842 MiB, 27653 MiB, 274.24 W, 58
2026/06/18 12:14:11.130, 0, Tesla V100-SXM2-32GB, 96 %, 59 %, 32768 MiB, 4842 MiB, 27653 MiB, 277.48 W, 58
2026/06/18 12:14:12.132, 0, Tesla V100-SXM2-32GB, 96 %, 59 %, 32768 MiB, 4842 MiB, 27653 MiB, 280.94 W, 58
2026/06/18 12:14:13.134, 0, Tesla V100-SXM2-32GB, 96 %, 59 %, 32768 MiB, 4842 MiB, 27653 MiB, 272.03 W, 59
2026/06/18 12:14:14.137, 0, Tesla V100-SXM2-32GB, 96 %, 59 %, 32768 MiB, 4842 MiB, 27653 MiB, 278.07 W, 59
2026/06/18 12:14:15.139, 0, Tesla V100-SXM2-32GB, 96 %, 59 %, 32768 MiB, 4842 MiB, 27653 MiB, 271.67 W, 58
2026/06/18 12:14:16.140, 0, Tesla V100-SXM2-32GB, 96 %, 60 %, 32768 MiB, 4842 MiB, 27653 MiB, 268.68 W, 59
2026/06/18 12:14:17.142, 0, Tesla V100-SXM2-32GB, 96 %, 68 %, 32768 MiB, 4842 MiB, 27653 MiB, 275.02 W, 59
2026/06/18 12:14:18.144, 0, Tesla V100-SXM2-32GB, 96 %, 68 %, 32768 MiB, 4842 MiB, 27653 MiB, 286.20 W, 59
2026/06/18 12:14:19.145, 0, Tesla V100-SXM2-32GB, 96 %, 68 %, 32768 MiB, 4842 MiB, 27653 MiB, 280.27 W, 59
2026/06/18 12:14:20.146, 0, Tesla V100-SXM2-32GB, 84 %, 57 %, 32768 MiB, 4842 MiB, 27653 MiB, 273.47 W, 59
2026/06/18 12:14:21.148, 0, Tesla V100-SXM2-32GB, 94 %, 66 %, 32768 MiB, 4842 MiB, 27653 MiB, 282.09 W, 59
2026/06/18 12:14:22.149, 0, Tesla V100-SXM2-32GB, 82 %, 54 %, 32768 MiB, 4842 MiB, 27653 MiB, 223.32 W, 58
2026/06/18 12:14:23.151, 0, Tesla V100-SXM2-32GB, 96 %, 66 %, 32768 MiB, 4842 MiB, 27653 MiB, 245.07 W, 59
2026/06/18 12:14:24.152, 0, Tesla V100-SXM2-32GB, 96 %, 67 %, 32768 MiB, 4842 MiB, 27653 MiB, 241.08 W, 59
2026/06/18 12:14:25.154, 0, Tesla V100-SXM2-32GB, 96 %, 68 %, 32768 MiB, 4842 MiB, 27653 MiB, 235.33 W, 59
2026/06/18 12:14:26.155, 0, Tesla V100-SXM2-32GB, 95 %, 63 %, 32768 MiB, 4842 MiB, 27653 MiB, 130.55 W, 60
2026/06/18 12:14:27.157, 0, Tesla V100-SXM2-32GB, 65 %, 41 %, 32768 MiB, 4842 MiB, 27653 MiB, 278.26 W, 59
2026/06/18 12:14:28.158, 0, Tesla V100-SXM2-32GB, 97 %, 65 %, 32768 MiB, 4842 MiB, 27653 MiB, 279.69 W, 60
2026/06/18 12:14:29.160, 0, Tesla V100-SXM2-32GB, 99 %, 65 %, 32768 MiB, 4842 MiB, 27653 MiB, 264.67 W, 60
2026/06/18 12:14:30.161, 0, Tesla V100-SXM2-32GB, 99 %, 63 %, 32768 MiB, 4842 MiB, 27653 MiB, 258.15 W, 60
2026/06/18 12:14:31.163, 0, Tesla V100-SXM2-32GB, 5 %, 0 %, 32768 MiB, 4842 MiB, 27653 MiB, 74.82 W, 54
2026/06/18 12:14:32.164, 0, Tesla V100-SXM2-32GB, 97 %, 61 %, 32768 MiB, 4842 MiB, 27653 MiB, 251.45 W, 57
2026/06/18 12:14:33.166, 0, Tesla V100-SXM2-32GB, 97 %, 62 %, 32768 MiB, 4842 MiB, 27653 MiB, 254.66 W, 59
2026/06/18 12:14:34.167, 0, Tesla V100-SXM2-32GB, 97 %, 62 %, 32768 MiB, 4842 MiB, 27653 MiB, 246.35 W, 59
2026/06/18 12:14:35.168, 0, Tesla V100-SXM2-32GB, 96 %, 62 %, 32768 MiB, 4842 MiB, 27653 MiB, 247.78 W, 60
2026/06/18 12:14:36.170, 0, Tesla V100-SXM2-32GB, 97 %, 62 %, 32768 MiB, 4842 MiB, 27653 MiB, 228.12 W, 59
2026/06/18 12:14:37.171, 0, Tesla V100-SXM2-32GB, 54 %, 34 %, 32768 MiB, 4842 MiB, 27653 MiB, 80.87 W, 57
2026/06/18 12:14:38.173, 0, Tesla V100-SXM2-32GB, 96 %, 59 %, 32768 MiB, 4842 MiB, 27653 MiB, 283.23 W, 60
2026/06/18 12:14:39.174, 0, Tesla V100-SXM2-32GB, 96 %, 60 %, 32768 MiB, 4842 MiB, 27653 MiB, 295.10 W, 60
2026/06/18 12:14:40.176, 0, Tesla V100-SXM2-32GB, 96 %, 60 %, 32768 MiB, 4842 MiB, 27653 MiB, 283.33 W, 61
2026/06/18 12:14:41.177, 0, Tesla V100-SXM2-32GB, 96 %, 60 %, 32768 MiB, 4842 MiB, 27653 MiB, 270.12 W, 60
2026/06/18 12:14:42.179, 0, Tesla V100-SXM2-32GB, 96 %, 61 %, 32768 MiB, 4842 MiB, 27653 MiB, 277.78 W, 61
2026/06/18 12:14:43.180, 0, Tesla V100-SXM2-32GB, 96 %, 60 %, 32768 MiB, 4842 MiB, 27653 MiB, 271.37 W, 61
2026/06/18 12:14:44.181, 0, Tesla V100-SXM2-32GB, 97 %, 61 %, 32768 MiB, 4842 MiB, 27653 MiB, 279.51 W, 61
2026/06/18 12:14:45.184, 0, Tesla V100-SXM2-32GB, 96 %, 60 %, 32768 MiB, 4842 MiB, 27653 MiB, 281.90 W, 61
2026/06/18 12:14:46.186, 0, Tesla V100-SXM2-32GB, 96 %, 61 %, 32768 MiB, 4842 MiB, 27653 MiB, 271.37 W, 61
2026/06/18 12:14:47.188, 0, Tesla V100-SXM2-32GB, 96 %, 61 %, 32768 MiB, 4842 MiB, 27653 MiB, 290.22 W, 62
2026/06/18 12:14:48.190, 0, Tesla V100-SXM2-32GB, 96 %, 61 %, 32768 MiB, 4842 MiB, 27653 MiB, 279.21 W, 62
2026/06/18 12:14:49.192, 0, Tesla V100-SXM2-32GB, 96 %, 61 %, 32768 MiB, 4842 MiB, 27653 MiB, 286.11 W, 62
2026/06/18 12:14:50.194, 0, Tesla V100-SXM2-32GB, 82 %, 56 %, 32768 MiB, 4842 MiB, 27653 MiB, 100.76 W, 60
2026/06/18 12:14:51.196, 0, Tesla V100-SXM2-32GB, 96 %, 59 %, 32768 MiB, 4842 MiB, 27653 MiB, 274.90 W, 62
2026/06/18 12:14:52.197, 0, Tesla V100-SXM2-32GB, 96 %, 60 %, 32768 MiB, 4842 MiB, 27653 MiB, 280.09 W, 62
2026/06/18 12:14:53.199, 0, Tesla V100-SXM2-32GB, 97 %, 60 %, 32768 MiB, 4842 MiB, 27653 MiB, 277.45 W, 62
2026/06/18 12:14:54.201, 0, Tesla V100-SXM2-32GB, 97 %, 59 %, 32768 MiB, 4842 MiB, 27653 MiB, 277.96 W, 62
2026/06/18 12:14:55.205, 0, Tesla V100-SXM2-32GB, 88 %, 61 %, 32768 MiB, 4842 MiB, 27653 MiB, 109.81 W, 61
2026/06/18 12:14:56.207, 0, Tesla V100-SXM2-32GB, 95 %, 64 %, 32768 MiB, 4842 MiB, 27653 MiB, 272.69 W, 62
2026/06/18 12:14:57.209, 0, Tesla V100-SXM2-32GB, 96 %, 64 %, 32768 MiB, 4842 MiB, 27653 MiB, 278.92 W, 62
2026/06/18 12:14:58.211, 0, Tesla V100-SXM2-32GB, 95 %, 64 %, 32768 MiB, 4842 MiB, 27653 MiB, 275.68 W, 62
2026/06/18 12:14:59.213, 0, Tesla V100-SXM2-32GB, 95 %, 63 %, 32768 MiB, 4842 MiB, 27653 MiB, 271.96 W, 62
2026/06/18 12:15:00.215, 0, Tesla V100-SXM2-32GB, 95 %, 64 %, 32768 MiB, 4842 MiB, 27653 MiB, 277.80 W, 62
2026/06/18 12:15:01.217, 0, Tesla V100-SXM2-32GB, 97 %, 66 %, 32768 MiB, 4842 MiB, 27653 MiB, 277.80 W, 62
2026/06/18 12:15:02.219, 0, Tesla V100-SXM2-32GB, 97 %, 67 %, 32768 MiB, 4842 MiB, 27653 MiB, 276.77 W, 62
2026/06/18 12:15:03.220, 0, Tesla V100-SXM2-32GB, 97 %, 66 %, 32768 MiB, 4842 MiB, 27653 MiB, 267.24 W, 63
2026/06/18 12:15:04.223, 0, Tesla V100-SXM2-32GB, 97 %, 67 %, 32768 MiB, 4842 MiB, 27653 MiB, 276.29 W, 63
2026/06/18 12:15:05.225, 0, Tesla V100-SXM2-32GB, 97 %, 67 %, 32768 MiB, 4842 MiB, 27653 MiB, 270.76 W, 63
2026/06/18 12:15:06.226, 0, Tesla V100-SXM2-32GB, 97 %, 67 %, 32768 MiB, 4842 MiB, 27653 MiB, 263.08 W, 63
2026/06/18 12:15:07.228, 0, Tesla V100-SXM2-32GB, 97 %, 67 %, 32768 MiB, 4842 MiB, 27653 MiB, 256.90 W, 63
2026/06/18 12:15:08.229, 0, Tesla V100-SXM2-32GB, 97 %, 67 %, 32768 MiB, 4842 MiB, 27653 MiB, 259.80 W, 63
2026/06/18 12:15:09.231, 0, Tesla V100-SXM2-32GB, 97 %, 67 %, 32768 MiB, 4842 MiB, 27653 MiB, 259.32 W, 64
2026/06/18 12:15:10.232, 0, Tesla V100-SXM2-32GB, 96 %, 59 %, 32768 MiB, 4842 MiB, 27653 MiB, 279.15 W, 64
2026/06/18 12:15:11.234, 0, Tesla V100-SXM2-32GB, 97 %, 59 %, 32768 MiB, 4842 MiB, 27653 MiB, 275.23 W, 64
2026/06/18 12:15:12.235, 0, Tesla V100-SXM2-32GB, 97 %, 59 %, 32768 MiB, 4842 MiB, 27653 MiB, 278.76 W, 64
2026/06/18 12:15:13.237, 0, Tesla V100-SXM2-32GB, 97 %, 59 %, 32768 MiB, 4842 MiB, 27653 MiB, 278.28 W, 64
2026/06/18 12:15:14.238, 0, Tesla V100-SXM2-32GB, 96 %, 59 %, 32768 MiB, 4842 MiB, 27653 MiB, 276.95 W, 64
2026/06/18 12:15:15.240, 0, Tesla V100-SXM2-32GB, 96 %, 60 %, 32768 MiB, 4842 MiB, 27653 MiB, 283.62 W, 64
2026/06/18 12:15:16.241, 0, Tesla V100-SXM2-32GB, 97 %, 59 %, 32768 MiB, 4842 MiB, 27653 MiB, 284.76 W, 64
2026/06/18 12:15:17.243, 0, Tesla V100-SXM2-32GB, 99 %, 62 %, 32768 MiB, 4842 MiB, 27653 MiB, 275.82 W, 64
2026/06/18 12:15:18.244, 0, Tesla V100-SXM2-32GB, 99 %, 63 %, 32768 MiB, 4842 MiB, 27653 MiB, 272.08 W, 64
2026/06/18 12:15:19.246, 0, Tesla V100-SXM2-32GB, 8 %, 0 %, 32768 MiB, 4842 MiB, 27653 MiB, 77.76 W, 58
2026/06/18 12:15:20.247, 0, Tesla V100-SXM2-32GB, 95 %, 67 %, 32768 MiB, 4842 MiB, 27653 MiB, 245.87 W, 62
2026/06/18 12:15:21.249, 0, Tesla V100-SXM2-32GB, 96 %, 68 %, 32768 MiB, 4842 MiB, 27653 MiB, 244.90 W, 63
2026/06/18 12:15:22.250, 0, Tesla V100-SXM2-32GB, 87 %, 60 %, 32768 MiB, 4842 MiB, 27653 MiB, 206.18 W, 64
2026/06/18 12:15:23.252, 0, Tesla V100-SXM2-32GB, 96 %, 59 %, 32768 MiB, 4842 MiB, 27653 MiB, 274.54 W, 64
2026/06/18 12:15:24.253, 0, Tesla V100-SXM2-32GB, 96 %, 60 %, 32768 MiB, 4842 MiB, 27653 MiB, 297.12 W, 64
2026/06/18 12:15:25.255, 0, Tesla V100-SXM2-32GB, 96 %, 60 %, 32768 MiB, 4842 MiB, 27653 MiB, 275.38 W, 64
2026/06/18 12:15:26.256, 0, Tesla V100-SXM2-32GB, 58 %, 36 %, 32768 MiB, 4842 MiB, 27653 MiB, 278.44 W, 64
2026/06/18 12:15:27.258, 0, Tesla V100-SXM2-32GB, 96 %, 59 %, 32768 MiB, 4842 MiB, 27653 MiB, 297.40 W, 64
2026/06/18 12:15:28.259, 0, Tesla V100-SXM2-32GB, 96 %, 59 %, 32768 MiB, 4842 MiB, 27653 MiB, 286.78 W, 64
2026/06/18 12:15:29.262, 0, Tesla V100-SXM2-32GB, 96 %, 59 %, 32768 MiB, 4842 MiB, 27653 MiB, 278.36 W, 64
2026/06/18 12:15:30.264, 0, Tesla V100-SXM2-32GB, 96 %, 59 %, 32768 MiB, 4842 MiB, 27653 MiB, 279.32 W, 64
2026/06/18 12:15:31.265, 0, Tesla V100-SXM2-32GB, 96 %, 59 %, 32768 MiB, 4842 MiB, 27653 MiB, 262.11 W, 65
2026/06/18 12:15:32.266, 0, Tesla V100-SXM2-32GB, 96 %, 61 %, 32768 MiB, 4842 MiB, 27653 MiB, 265.33 W, 65
2026/06/18 12:15:33.268, 0, Tesla V100-SXM2-32GB, 97 %, 63 %, 32768 MiB, 4842 MiB, 27653 MiB, 254.80 W, 65
2026/06/18 12:15:34.269, 0, Tesla V100-SXM2-32GB, 97 %, 66 %, 32768 MiB, 4842 MiB, 27653 MiB, 254.94 W, 65
2026/06/18 12:15:35.271, 0, Tesla V100-SXM2-32GB, 97 %, 64 %, 32768 MiB, 4842 MiB, 27653 MiB, 230.55 W, 65
2026/06/18 12:15:36.272, 0, Tesla V100-SXM2-32GB, 97 %, 64 %, 32768 MiB, 4842 MiB, 27653 MiB, 215.69 W, 65
2026/06/18 12:15:37.274, 0, Tesla V100-SXM2-32GB, 96 %, 62 %, 32768 MiB, 4842 MiB, 27653 MiB, 260.85 W, 65
2026/06/18 12:15:38.275, 0, Tesla V100-SXM2-32GB, 96 %, 62 %, 32768 MiB, 4842 MiB, 27653 MiB, 258.15 W, 66
2026/06/18 12:15:39.277, 0, Tesla V100-SXM2-32GB, 96 %, 62 %, 32768 MiB, 4842 MiB, 27653 MiB, 262.23 W, 66
2026/06/18 12:15:40.278, 0, Tesla V100-SXM2-32GB, 96 %, 61 %, 32768 MiB, 4842 MiB, 27653 MiB, 281.04 W, 66
2026/06/18 12:15:41.280, 0, Tesla V100-SXM2-32GB, 96 %, 61 %, 32768 MiB, 4842 MiB, 27653 MiB, 272.08 W, 66
2026/06/18 12:15:42.281, 0, Tesla V100-SXM2-32GB, 96 %, 59 %, 32768 MiB, 4842 MiB, 27653 MiB, 285.44 W, 66
2026/06/18 12:15:43.283, 0, Tesla V100-SXM2-32GB, 96 %, 67 %, 32768 MiB, 4842 MiB, 27653 MiB, 252.07 W, 66
2026/06/18 12:15:44.284, 0, Tesla V100-SXM2-32GB, 95 %, 67 %, 32768 MiB, 4842 MiB, 27653 MiB, 240.76 W, 65
2026/06/18 12:15:45.286, 0, Tesla V100-SXM2-32GB, 96 %, 66 %, 32768 MiB, 4842 MiB, 27653 MiB, 229.60 W, 66
2026/06/18 12:15:46.287, 0, Tesla V100-SXM2-32GB, 96 %, 61 %, 32768 MiB, 4842 MiB, 27653 MiB, 231.34 W, 66
2026/06/18 12:15:47.289, 0, Tesla V100-SXM2-32GB, 96 %, 61 %, 32768 MiB, 4842 MiB, 27653 MiB, 239.96 W, 66
2026/06/18 12:15:48.290, 0, Tesla V100-SXM2-32GB, 97 %, 60 %, 32768 MiB, 4842 MiB, 27653 MiB, 263.54 W, 66
2026/06/18 12:15:49.292, 0, Tesla V100-SXM2-32GB, 95 %, 59 %, 32768 MiB, 4842 MiB, 27653 MiB, 286.49 W, 66
2026/06/18 12:15:50.293, 0, Tesla V100-SXM2-32GB, 41 %, 28 %, 32768 MiB, 4842 MiB, 27653 MiB, 238.68 W, 65
2026/06/18 12:15:51.295, 0, Tesla V100-SXM2-32GB, 97 %, 63 %, 32768 MiB, 4842 MiB, 27653 MiB, 232.31 W, 66
2026/06/18 12:15:52.296, 0, Tesla V100-SXM2-32GB, 97 %, 62 %, 32768 MiB, 4842 MiB, 27653 MiB, 216.36 W, 66
2026/06/18 12:15:53.298, 0, Tesla V100-SXM2-32GB, 97 %, 62 %, 32768 MiB, 4842 MiB, 27653 MiB, 252.04 W, 66
2026/06/18 12:15:54.301, 0, Tesla V100-SXM2-32GB, 96 %, 62 %, 32768 MiB, 4842 MiB, 27653 MiB, 259.20 W, 67
2026/06/18 12:15:55.303, 0, Tesla V100-SXM2-32GB, 97 %, 61 %, 32768 MiB, 4842 MiB, 27653 MiB, 266.83 W, 67
2026/06/18 12:15:56.306, 0, Tesla V100-SXM2-32GB, 97 %, 60 %, 32768 MiB, 4842 MiB, 27653 MiB, 262.84 W, 66
2026/06/18 12:15:57.308, 0, Tesla V100-SXM2-32GB, 96 %, 59 %, 32768 MiB, 4842 MiB, 27653 MiB, 290.01 W, 67
2026/06/18 12:15:58.310, 0, Tesla V100-SXM2-32GB, 96 %, 59 %, 32768 MiB, 4842 MiB, 27653 MiB, 282.96 W, 67
2026/06/18 12:15:59.312, 0, Tesla V100-SXM2-32GB, 96 %, 63 %, 32768 MiB, 4842 MiB, 27653 MiB, 288.28 W, 66
2026/06/18 12:16:00.314, 0, Tesla V100-SXM2-32GB, 95 %, 64 %, 32768 MiB, 4842 MiB, 27653 MiB, 284.48 W, 66
2026/06/18 12:16:01.316, 0, Tesla V100-SXM2-32GB, 95 %, 64 %, 32768 MiB, 4842 MiB, 27653 MiB, 296.09 W, 66
2026/06/18 12:16:02.318, 0, Tesla V100-SXM2-32GB, 95 %, 66 %, 32768 MiB, 4842 MiB, 27653 MiB, 282.77 W, 66
2026/06/18 12:16:03.320, 0, Tesla V100-SXM2-32GB, 96 %, 66 %, 32768 MiB, 4842 MiB, 27653 MiB, 274.02 W, 66
2026/06/18 12:16:04.323, 0, Tesla V100-SXM2-32GB, 96 %, 68 %, 32768 MiB, 4842 MiB, 27653 MiB, 274.28 W, 66
2026/06/18 12:16:05.325, 0, Tesla V100-SXM2-32GB, 99 %, 62 %, 32768 MiB, 4842 MiB, 27653 MiB, 261.18 W, 66
2026/06/18 12:16:06.327, 0, Tesla V100-SXM2-32GB, 99 %, 63 %, 32768 MiB, 4842 MiB, 27653 MiB, 280.77 W, 67
2026/06/18 12:16:07.329, 0, Tesla V100-SXM2-32GB, 4 %, 0 %, 32768 MiB, 4842 MiB, 27653 MiB, 83.05 W, 61
2026/06/18 12:16:08.331, 0, Tesla V100-SXM2-32GB, 96 %, 60 %, 32768 MiB, 4842 MiB, 27653 MiB, 279.32 W, 65
2026/06/18 12:16:09.333, 0, Tesla V100-SXM2-32GB, 96 %, 60 %, 32768 MiB, 4842 MiB, 27653 MiB, 283.53 W, 66
2026/06/18 12:16:10.335, 0, Tesla V100-SXM2-32GB, 96 %, 61 %, 32768 MiB, 4842 MiB, 27653 MiB, 289.34 W, 66
2026/06/18 12:16:11.336, 0, Tesla V100-SXM2-32GB, 97 %, 60 %, 32768 MiB, 4842 MiB, 27653 MiB, 295.85 W, 66
2026/06/18 12:16:12.339, 0, Tesla V100-SXM2-32GB, 97 %, 61 %, 32768 MiB, 4842 MiB, 27653 MiB, 286.38 W, 66
2026/06/18 12:16:13.341, 0, Tesla V100-SXM2-32GB, 97 %, 61 %, 32768 MiB, 4842 MiB, 27653 MiB, 266.35 W, 66
2026/06/18 12:16:14.342, 0, Tesla V100-SXM2-32GB, 97 %, 63 %, 32768 MiB, 4842 MiB, 27653 MiB, 277.91 W, 66
2026/06/18 12:16:15.345, 0, Tesla V100-SXM2-32GB, 83 %, 57 %, 32768 MiB, 4842 MiB, 27653 MiB, 147.87 W, 66
2026/06/18 12:16:16.347, 0, Tesla V100-SXM2-32GB, 97 %, 60 %, 32768 MiB, 4842 MiB, 27653 MiB, 273.47 W, 66
2026/06/18 12:16:17.348, 0, Tesla V100-SXM2-32GB, 96 %, 60 %, 32768 MiB, 4842 MiB, 27653 MiB, 271.08 W, 67
2026/06/18 12:16:18.350, 0, Tesla V100-SXM2-32GB, 44 %, 29 %, 32768 MiB, 4842 MiB, 27653 MiB, 278.33 W, 66
2026/06/18 12:16:19.351, 0, Tesla V100-SXM2-32GB, 97 %, 66 %, 32768 MiB, 4842 MiB, 27653 MiB, 287.92 W, 67
2026/06/18 12:16:20.353, 0, Tesla V100-SXM2-32GB, 97 %, 66 %, 32768 MiB, 4842 MiB, 27653 MiB, 276.64 W, 67
2026/06/18 12:16:21.354, 0, Tesla V100-SXM2-32GB, 97 %, 64 %, 32768 MiB, 4842 MiB, 27653 MiB, 275.09 W, 67
2026/06/18 12:16:22.356, 0, Tesla V100-SXM2-32GB, 97 %, 63 %, 32768 MiB, 4842 MiB, 27653 MiB, 271.19 W, 67
2026/06/18 12:16:23.357, 0, Tesla V100-SXM2-32GB, 97 %, 63 %, 32768 MiB, 4842 MiB, 27653 MiB, 284.00 W, 67
2026/06/18 12:16:24.359, 0, Tesla V100-SXM2-32GB, 96 %, 62 %, 32768 MiB, 4842 MiB, 27653 MiB, 279.69 W, 67
2026/06/18 12:16:25.360, 0, Tesla V100-SXM2-32GB, 92 %, 57 %, 32768 MiB, 4842 MiB, 27653 MiB, 108.36 W, 66
2026/06/18 12:16:26.361, 0, Tesla V100-SXM2-32GB, 88 %, 55 %, 32768 MiB, 4842 MiB, 27653 MiB, 154.03 W, 65
2026/06/18 12:16:27.363, 0, Tesla V100-SXM2-32GB, 96 %, 62 %, 32768 MiB, 4842 MiB, 27653 MiB, 232.45 W, 66
2026/06/18 12:16:28.365, 0, Tesla V100-SXM2-32GB, 97 %, 63 %, 32768 MiB, 4842 MiB, 27653 MiB, 220.62 W, 67
2026/06/18 12:16:29.366, 0, Tesla V100-SXM2-32GB, 97 %, 64 %, 32768 MiB, 4842 MiB, 27653 MiB, 245.70 W, 67
2026/06/18 12:16:30.367, 0, Tesla V100-SXM2-32GB, 95 %, 64 %, 32768 MiB, 4842 MiB, 27653 MiB, 254.32 W, 67
2026/06/18 12:16:31.369, 0, Tesla V100-SXM2-32GB, 96 %, 65 %, 32768 MiB, 4842 MiB, 27653 MiB, 264.98 W, 67
2026/06/18 12:16:32.370, 0, Tesla V100-SXM2-32GB, 96 %, 65 %, 32768 MiB, 4842 MiB, 27653 MiB, 261.02 W, 68
2026/06/18 12:16:33.372, 0, Tesla V100-SXM2-32GB, 96 %, 66 %, 32768 MiB, 4842 MiB, 27653 MiB, 274.06 W, 67
2026/06/18 12:16:34.374, 0, Tesla V100-SXM2-32GB, 96 %, 66 %, 32768 MiB, 4842 MiB, 27653 MiB, 285.53 W, 68
2026/06/18 12:16:35.376, 0, Tesla V100-SXM2-32GB, 96 %, 66 %, 32768 MiB, 4842 MiB, 27653 MiB, 281.23 W, 67
2026/06/18 12:16:36.377, 0, Tesla V100-SXM2-32GB, 96 %, 67 %, 32768 MiB, 4842 MiB, 27653 MiB, 282.95 W, 68
2026/06/18 12:16:37.379, 0, Tesla V100-SXM2-32GB, 96 %, 67 %, 32768 MiB, 4842 MiB, 27653 MiB, 287.06 W, 67
2026/06/18 12:16:38.382, 0, Tesla V100-SXM2-32GB, 96 %, 68 %, 32768 MiB, 4842 MiB, 27653 MiB, 298.60 W, 68
2026/06/18 12:16:39.384, 0, Tesla V100-SXM2-32GB, 96 %, 65 %, 32768 MiB, 4842 MiB, 27653 MiB, 286.01 W, 67
2026/06/18 12:16:40.385, 0, Tesla V100-SXM2-32GB, 96 %, 66 %, 32768 MiB, 4842 MiB, 27653 MiB, 263.31 W, 67
2026/06/18 12:16:41.387, 0, Tesla V100-SXM2-32GB, 96 %, 67 %, 32768 MiB, 4842 MiB, 27653 MiB, 280.48 W, 67
2026/06/18 12:16:42.388, 0, Tesla V100-SXM2-32GB, 96 %, 68 %, 32768 MiB, 4842 MiB, 27653 MiB, 283.82 W, 67
2026/06/18 12:16:43.391, 0, Tesla V100-SXM2-32GB, 96 %, 68 %, 32768 MiB, 4842 MiB, 27653 MiB, 270.46 W, 67
2026/06/18 12:16:44.395, 0, Tesla V100-SXM2-32GB, 96 %, 67 %, 32768 MiB, 4842 MiB, 27653 MiB, 258.55 W, 67
2026/06/18 12:16:45.396, 0, Tesla V100-SXM2-32GB, 96 %, 68 %, 32768 MiB, 4842 MiB, 27653 MiB, 275.71 W, 67
2026/06/18 12:16:46.398, 0, Tesla V100-SXM2-32GB, 44 %, 33 %, 32768 MiB, 4842 MiB, 27653 MiB, 287.54 W, 67
2026/06/18 12:16:47.400, 0, Tesla V100-SXM2-32GB, 96 %, 68 %, 32768 MiB, 4842 MiB, 27653 MiB, 260.37 W, 67
2026/06/18 12:16:48.402, 0, Tesla V100-SXM2-32GB, 96 %, 67 %, 32768 MiB, 4842 MiB, 27653 MiB, 262.81 W, 67
2026/06/18 12:16:49.404, 0, Tesla V100-SXM2-32GB, 96 %, 66 %, 32768 MiB, 4842 MiB, 27653 MiB, 256.92 W, 67
2026/06/18 12:16:50.406, 0, Tesla V100-SXM2-32GB, 96 %, 59 %, 32768 MiB, 4842 MiB, 27653 MiB, 276.37 W, 67
2026/06/18 12:16:51.409, 0, Tesla V100-SXM2-32GB, 96 %, 60 %, 32768 MiB, 4842 MiB, 27653 MiB, 288.58 W, 68
2026/06/18 12:16:52.410, 0, Tesla V100-SXM2-32GB, 96 %, 60 %, 32768 MiB, 4842 MiB, 27653 MiB, 284.01 W, 67
2026/06/18 12:16:53.413, 0, Tesla V100-SXM2-32GB, 97 %, 61 %, 32768 MiB, 4842 MiB, 27653 MiB, 273.99 W, 68
2026/06/18 12:16:54.415, 0, Tesla V100-SXM2-32GB, 99 %, 61 %, 32768 MiB, 4842 MiB, 27653 MiB, 271.89 W, 68
2026/06/18 12:16:55.417, 0, Tesla V100-SXM2-32GB, 3 %, 0 %, 32768 MiB, 4842 MiB, 27653 MiB, 84.34 W, 62
2026/06/18 12:16:56.419, 0, Tesla V100-SXM2-32GB, 0 %, 0 %, 32768 MiB, 4842 MiB, 27653 MiB, 83.55 W, 61
2026/06/18 12:16:57.421, 0, Tesla V100-SXM2-32GB, 94 %, 66 %, 32768 MiB, 4842 MiB, 27653 MiB, 232.45 W, 66
2026/06/18 12:16:58.423, 0, Tesla V100-SXM2-32GB, 95 %, 67 %, 32768 MiB, 4842 MiB, 27653 MiB, 220.66 W, 67
2026/06/18 12:16:59.425, 0, Tesla V100-SXM2-32GB, 94 %, 65 %, 32768 MiB, 4842 MiB, 27653 MiB, 248.87 W, 67
2026/06/18 12:17:00.428, 0, Tesla V100-SXM2-32GB, 97 %, 66 %, 32768 MiB, 4842 MiB, 27653 MiB, 265.40 W, 67
2026/06/18 12:17:01.430, 0, Tesla V100-SXM2-32GB, 97 %, 66 %, 32768 MiB, 4842 MiB, 27653 MiB, 275.89 W, 67
2026/06/18 12:17:02.432, 0, Tesla V100-SXM2-32GB, 95 %, 64 %, 32768 MiB, 4842 MiB, 27653 MiB, 285.25 W, 67
2026/06/18 12:17:03.435, 0, Tesla V100-SXM2-32GB, 97 %, 63 %, 32768 MiB, 4842 MiB, 27653 MiB, 261.88 W, 67
2026/06/18 12:17:04.438, 0, Tesla V100-SXM2-32GB, 96 %, 63 %, 32768 MiB, 4842 MiB, 27653 MiB, 273.80 W, 67
2026/06/18 12:17:05.440, 0, Tesla V100-SXM2-32GB, 96 %, 62 %, 32768 MiB, 4842 MiB, 27653 MiB, 280.39 W, 68
2026/06/18 12:17:06.441, 0, Tesla V100-SXM2-32GB, 96 %, 60 %, 32768 MiB, 4842 MiB, 27653 MiB, 280.36 W, 67
2026/06/18 12:17:07.443, 0, Tesla V100-SXM2-32GB, 95 %, 60 %, 32768 MiB, 4842 MiB, 27653 MiB, 265.93 W, 67
2026/06/18 12:17:08.444, 0, Tesla V100-SXM2-32GB, 96 %, 62 %, 32768 MiB, 4842 MiB, 27653 MiB, 257.80 W, 67
2026/06/18 12:17:09.445, 0, Tesla V100-SXM2-32GB, 95 %, 63 %, 32768 MiB, 4842 MiB, 27653 MiB, 220.04 W, 67
2026/06/18 12:17:10.447, 0, Tesla V100-SXM2-32GB, 95 %, 65 %, 32768 MiB, 4842 MiB, 27653 MiB, 252.52 W, 68
2026/06/18 12:17:11.448, 0, Tesla V100-SXM2-32GB, 95 %, 66 %, 32768 MiB, 4842 MiB, 27653 MiB, 251.42 W, 68
2026/06/18 12:17:12.450, 0, Tesla V100-SXM2-32GB, 95 %, 67 %, 32768 MiB, 4842 MiB, 27653 MiB, 279.05 W, 68
2026/06/18 12:17:13.451, 0, Tesla V100-SXM2-32GB, 96 %, 68 %, 32768 MiB, 4842 MiB, 27653 MiB, 291.44 W, 68
2026/06/18 12:17:14.453, 0, Tesla V100-SXM2-32GB, 85 %, 58 %, 32768 MiB, 4842 MiB, 27653 MiB, 86.75 W, 65
2026/06/18 12:17:15.454, 0, Tesla V100-SXM2-32GB, 95 %, 67 %, 32768 MiB, 4842 MiB, 27653 MiB, 275.86 W, 68
2026/06/18 12:17:16.456, 0, Tesla V100-SXM2-32GB, 95 %, 67 %, 32768 MiB, 4842 MiB, 27653 MiB, 270.23 W, 68
2026/06/18 12:17:17.458, 0, Tesla V100-SXM2-32GB, 95 %, 67 %, 32768 MiB, 4842 MiB, 27653 MiB, 293.66 W, 68
2026/06/18 12:17:18.460, 0, Tesla V100-SXM2-32GB, 94 %, 65 %, 32768 MiB, 4842 MiB, 27653 MiB, 278.84 W, 68
2026/06/18 12:17:19.462, 0, Tesla V100-SXM2-32GB, 97 %, 66 %, 32768 MiB, 4842 MiB, 27653 MiB, 287.06 W, 68
2026/06/18 12:17:20.464, 0, Tesla V100-SXM2-32GB, 97 %, 66 %, 32768 MiB, 4842 MiB, 27653 MiB, 284.77 W, 68
2026/06/18 12:17:21.466, 0, Tesla V100-SXM2-32GB, 97 %, 64 %, 32768 MiB, 4842 MiB, 27653 MiB, 281.62 W, 68
2026/06/18 12:17:22.468, 0, Tesla V100-SXM2-32GB, 97 %, 65 %, 32768 MiB, 4842 MiB, 27653 MiB, 285.15 W, 68
2026/06/18 12:17:23.470, 0, Tesla V100-SXM2-32GB, 97 %, 64 %, 32768 MiB, 4842 MiB, 27653 MiB, 274.17 W, 68
2026/06/18 12:17:24.472, 0, Tesla V100-SXM2-32GB, 97 %, 63 %, 32768 MiB, 4842 MiB, 27653 MiB, 275.60 W, 68
2026/06/18 12:17:25.474, 0, Tesla V100-SXM2-32GB, 97 %, 62 %, 32768 MiB, 4842 MiB, 27653 MiB, 265.22 W, 68
2026/06/18 12:17:26.477, 0, Tesla V100-SXM2-32GB, 96 %, 61 %, 32768 MiB, 4842 MiB, 27653 MiB, 252.35 W, 68
2026/06/18 12:17:27.479, 0, Tesla V100-SXM2-32GB, 96 %, 60 %, 32768 MiB, 4842 MiB, 27653 MiB, 241.86 W, 69
2026/06/18 12:17:28.481, 0, Tesla V100-SXM2-32GB, 96 %, 59 %, 32768 MiB, 4842 MiB, 27653 MiB, 220.66 W, 68
2026/06/18 12:17:29.483, 0, Tesla V100-SXM2-32GB, 95 %, 59 %, 32768 MiB, 4842 MiB, 27653 MiB, 252.35 W, 69
2026/06/18 12:17:30.485, 0, Tesla V100-SXM2-32GB, 96 %, 59 %, 32768 MiB, 4842 MiB, 27653 MiB, 270.10 W, 69
2026/06/18 12:17:31.488, 0, Tesla V100-SXM2-32GB, 94 %, 60 %, 32768 MiB, 4842 MiB, 27653 MiB, 289.06 W, 69
2026/06/18 12:17:32.490, 0, Tesla V100-SXM2-32GB, 95 %, 63 %, 32768 MiB, 4842 MiB, 27653 MiB, 284.58 W, 69
2026/06/18 12:17:33.492, 0, Tesla V100-SXM2-32GB, 94 %, 64 %, 32768 MiB, 4842 MiB, 27653 MiB, 271.05 W, 69
2026/06/18 12:17:34.494, 0, Tesla V100-SXM2-32GB, 95 %, 65 %, 32768 MiB, 4842 MiB, 27653 MiB, 279.62 W, 69
2026/06/18 12:17:35.495, 0, Tesla V100-SXM2-32GB, 95 %, 66 %, 32768 MiB, 4842 MiB, 27653 MiB, 287.72 W, 69
2026/06/18 12:17:36.497, 0, Tesla V100-SXM2-32GB, 95 %, 67 %, 32768 MiB, 4842 MiB, 27653 MiB, 299.97 W, 69
2026/06/18 12:17:37.498, 0, Tesla V100-SXM2-32GB, 95 %, 67 %, 32768 MiB, 4842 MiB, 27653 MiB, 278.67 W, 69
2026/06/18 12:17:38.500, 0, Tesla V100-SXM2-32GB, 96 %, 63 %, 32768 MiB, 4842 MiB, 27653 MiB, 287.05 W, 69
2026/06/18 12:17:39.501, 0, Tesla V100-SXM2-32GB, 96 %, 64 %, 32768 MiB, 4842 MiB, 27653 MiB, 279.34 W, 69
2026/06/18 12:17:40.502, 0, Tesla V100-SXM2-32GB, 96 %, 66 %, 32768 MiB, 4842 MiB, 27653 MiB, 291.92 W, 69
2026/06/18 12:17:41.504, 0, Tesla V100-SXM2-32GB, 63 %, 41 %, 32768 MiB, 4842 MiB, 27653 MiB, 272.46 W, 68
2026/06/18 12:17:42.505, 0, Tesla V100-SXM2-32GB, 98 %, 61 %, 32768 MiB, 4842 MiB, 27653 MiB, 276.53 W, 69
2026/06/18 12:17:43.507, 0, Tesla V100-SXM2-32GB, 0 %, 0 %, 32768 MiB, 4842 MiB, 27653 MiB, 81.25 W, 63
2026/06/18 12:17:44.508, 0, Tesla V100-SXM2-32GB, 39 %, 23 %, 32768 MiB, 4842 MiB, 27653 MiB, 258.80 W, 66
2026/06/18 12:17:45.510, 0, Tesla V100-SXM2-32GB, 97 %, 60 %, 32768 MiB, 4842 MiB, 27653 MiB, 265.75 W, 68
2026/06/18 12:17:46.511, 0, Tesla V100-SXM2-32GB, 97 %, 63 %, 32768 MiB, 4842 MiB, 27653 MiB, 281.72 W, 68
2026/06/18 12:17:47.513, 0, Tesla V100-SXM2-32GB, 97 %, 66 %, 32768 MiB, 4842 MiB, 27653 MiB, 234.54 W, 68
2026/06/18 12:17:48.550, 0, Tesla V100-SXM2-32GB, 97 %, 66 %, 32768 MiB, 4842 MiB, 27653 MiB, 249.18 W, 68
2026/06/18 12:17:49.553, 0, Tesla V100-SXM2-32GB, 87 %, 58 %, 32768 MiB, 4842 MiB, 27653 MiB, 287.74 W, 68
2026/06/18 12:17:50.554, 0, Tesla V100-SXM2-32GB, 97 %, 62 %, 32768 MiB, 4842 MiB, 27653 MiB, 287.07 W, 68
2026/06/18 12:17:51.556, 0, Tesla V100-SXM2-32GB, 96 %, 64 %, 32768 MiB, 4842 MiB, 27653 MiB, 266.89 W, 68
2026/06/18 12:17:52.557, 0, Tesla V100-SXM2-32GB, 96 %, 63 %, 32768 MiB, 4842 MiB, 27653 MiB, 249.03 W, 68
2026/06/18 12:17:53.559, 0, Tesla V100-SXM2-32GB, 96 %, 64 %, 32768 MiB, 4842 MiB, 27653 MiB, 249.99 W, 68
2026/06/18 12:17:54.561, 0, Tesla V100-SXM2-32GB, 96 %, 65 %, 32768 MiB, 4842 MiB, 27653 MiB, 239.96 W, 68
2026/06/18 12:17:55.562, 0, Tesla V100-SXM2-32GB, 95 %, 65 %, 32768 MiB, 4842 MiB, 27653 MiB, 243.14 W, 68
2026/06/18 12:17:56.564, 0, Tesla V100-SXM2-32GB, 96 %, 66 %, 32768 MiB, 4842 MiB, 27653 MiB, 229.77 W, 68
2026/06/18 12:17:57.565, 0, Tesla V100-SXM2-32GB, 96 %, 67 %, 32768 MiB, 4842 MiB, 27653 MiB, 231.04 W, 68
2026/06/18 12:17:58.567, 0, Tesla V100-SXM2-32GB, 96 %, 67 %, 32768 MiB, 4842 MiB, 27653 MiB, 252.48 W, 69
2026/06/18 12:17:59.568, 0, Tesla V100-SXM2-32GB, 96 %, 67 %, 32768 MiB, 4842 MiB, 27653 MiB, 262.78 W, 69
2026/06/18 12:18:00.571, 0, Tesla V100-SXM2-32GB, 96 %, 67 %, 32768 MiB, 4842 MiB, 27653 MiB, 271.35 W, 69
2026/06/18 12:18:01.573, 0, Tesla V100-SXM2-32GB, 96 %, 67 %, 32768 MiB, 4842 MiB, 27653 MiB, 268.61 W, 69
2026/06/18 12:18:02.574, 0, Tesla V100-SXM2-32GB, 96 %, 68 %, 32768 MiB, 4842 MiB, 27653 MiB, 284.20 W, 69
2026/06/18 12:18:03.577, 0, Tesla V100-SXM2-32GB, 96 %, 68 %, 32768 MiB, 4842 MiB, 27653 MiB, 280.20 W, 69
2026/06/18 12:18:04.579, 0, Tesla V100-SXM2-32GB, 96 %, 68 %, 32768 MiB, 4842 MiB, 27653 MiB, 295.69 W, 69
2026/06/18 12:18:05.581, 0, Tesla V100-SXM2-32GB, 96 %, 67 %, 32768 MiB, 4842 MiB, 27653 MiB, 278.30 W, 69
2026/06/18 12:18:06.583, 0, Tesla V100-SXM2-32GB, 96 %, 67 %, 32768 MiB, 4842 MiB, 27653 MiB, 282.10 W, 69
2026/06/18 12:18:07.585, 0, Tesla V100-SXM2-32GB, 95 %, 67 %, 32768 MiB, 4842 MiB, 27653 MiB, 284.29 W, 69
2026/06/18 12:18:08.587, 0, Tesla V100-SXM2-32GB, 96 %, 67 %, 32768 MiB, 4842 MiB, 27653 MiB, 282.29 W, 69
2026/06/18 12:18:09.590, 0, Tesla V100-SXM2-32GB, 96 %, 68 %, 32768 MiB, 4842 MiB, 27653 MiB, 283.24 W, 69
2026/06/18 12:18:10.592, 0, Tesla V100-SXM2-32GB, 2 %, 2 %, 32768 MiB, 4842 MiB, 27653 MiB, 86.15 W, 64
2026/06/18 12:18:11.594, 0, Tesla V100-SXM2-32GB, 7 %, 6 %, 32768 MiB, 4842 MiB, 27653 MiB, 267.07 W, 65
2026/06/18 12:18:12.596, 0, Tesla V100-SXM2-32GB, 0 %, 0 %, 32768 MiB, 4842 MiB, 27653 MiB, 84.20 W, 63
2026/06/18 12:18:13.597, 0, Tesla V100-SXM2-32GB, 0 %, 0 %, 32768 MiB, 4842 MiB, 27653 MiB, 83.27 W, 61
2026/06/18 12:18:14.599, 0, Tesla V100-SXM2-32GB, 0 %, 0 %, 32768 MiB, 4842 MiB, 27653 MiB, 82.79 W, 61
2026/06/18 12:18:15.601, 0, Tesla V100-SXM2-32GB, 97 %, 60 %, 32768 MiB, 4842 MiB, 27653 MiB, 242.33 W, 65
2026/06/18 12:18:16.602, 0, Tesla V100-SXM2-32GB, 97 %, 60 %, 32768 MiB, 4842 MiB, 27653 MiB, 238.52 W, 67
2026/06/18 12:18:17.604, 0, Tesla V100-SXM2-32GB, 97 %, 60 %, 32768 MiB, 4842 MiB, 27653 MiB, 229.15 W, 67
2026/06/18 12:18:18.605, 0, Tesla V100-SXM2-32GB, 97 %, 60 %, 32768 MiB, 4842 MiB, 27653 MiB, 239.47 W, 67
2026/06/18 12:18:19.607, 0, Tesla V100-SXM2-32GB, 96 %, 59 %, 32768 MiB, 4842 MiB, 27653 MiB, 217.87 W, 67
2026/06/18 12:18:20.608, 0, Tesla V100-SXM2-32GB, 97 %, 59 %, 32768 MiB, 4842 MiB, 27653 MiB, 243.12 W, 67
2026/06/18 12:18:21.609, 0, Tesla V100-SXM2-32GB, 96 %, 59 %, 32768 MiB, 4842 MiB, 27653 MiB, 264.21 W, 68
2026/06/18 12:18:22.611, 0, Tesla V100-SXM2-32GB, 96 %, 59 %, 32768 MiB, 4842 MiB, 27653 MiB, 270.87 W, 68
2026/06/18 12:18:23.612, 0, Tesla V100-SXM2-32GB, 96 %, 59 %, 32768 MiB, 4842 MiB, 27653 MiB, 269.15 W, 68
2026/06/18 12:18:24.614, 0, Tesla V100-SXM2-32GB, 96 %, 59 %, 32768 MiB, 4842 MiB, 27653 MiB, 271.82 W, 68
2026/06/18 12:18:25.615, 0, Tesla V100-SXM2-32GB, 97 %, 59 %, 32768 MiB, 4842 MiB, 27653 MiB, 286.48 W, 68
2026/06/18 12:18:26.617, 0, Tesla V100-SXM2-32GB, 96 %, 59 %, 32768 MiB, 4842 MiB, 27653 MiB, 288.30 W, 68
2026/06/18 12:18:27.620, 0, Tesla V100-SXM2-32GB, 96 %, 59 %, 32768 MiB, 4842 MiB, 27653 MiB, 271.35 W, 68
2026/06/18 12:18:28.622, 0, Tesla V100-SXM2-32GB, 97 %, 59 %, 32768 MiB, 4842 MiB, 27653 MiB, 278.48 W, 68
2026/06/18 12:18:29.624, 0, Tesla V100-SXM2-32GB, 96 %, 59 %, 32768 MiB, 4842 MiB, 27653 MiB, 268.08 W, 68
2026/06/18 12:18:30.625, 0, Tesla V100-SXM2-32GB, 96 %, 60 %, 32768 MiB, 4842 MiB, 27653 MiB, 285.34 W, 68
2026/06/18 12:18:31.627, 0, Tesla V100-SXM2-32GB, 97 %, 59 %, 32768 MiB, 4842 MiB, 27653 MiB, 287.53 W, 68
2026/06/18 12:18:32.629, 0, Tesla V100-SXM2-32GB, 97 %, 60 %, 32768 MiB, 4842 MiB, 27653 MiB, 283.91 W, 68
2026/06/18 12:18:33.631, 0, Tesla V100-SXM2-32GB, 99 %, 63 %, 32768 MiB, 4842 MiB, 27653 MiB, 269.67 W, 68
2026/06/18 12:18:34.633, 0, Tesla V100-SXM2-32GB, 99 %, 64 %, 32768 MiB, 4842 MiB, 27653 MiB, 266.89 W, 68
2026/06/18 12:18:35.635, 0, Tesla V100-SXM2-32GB, 8 %, 0 %, 32768 MiB, 4842 MiB, 27653 MiB, 80.65 W, 62
2026/06/18 12:18:36.638, 0, Tesla V100-SXM2-32GB, 96 %, 61 %, 32768 MiB, 4842 MiB, 27653 MiB, 278.48 W, 66
2026/06/18 12:18:37.640, 0, Tesla V100-SXM2-32GB, 96 %, 63 %, 32768 MiB, 4842 MiB, 27653 MiB, 292.29 W, 67
2026/06/18 12:18:38.642, 0, Tesla V100-SXM2-32GB, 95 %, 64 %, 32768 MiB, 4842 MiB, 27653 MiB, 259.45 W, 67
2026/06/18 12:18:39.643, 0, Tesla V100-SXM2-32GB, 95 %, 65 %, 32768 MiB, 4842 MiB, 27653 MiB, 282.58 W, 67
2026/06/18 12:18:40.645, 0, Tesla V100-SXM2-32GB, 96 %, 66 %, 32768 MiB, 4842 MiB, 27653 MiB, 262.43 W, 67
2026/06/18 12:18:41.646, 0, Tesla V100-SXM2-32GB, 97 %, 65 %, 32768 MiB, 4842 MiB, 27653 MiB, 258.85 W, 67
2026/06/18 12:18:42.648, 0, Tesla V100-SXM2-32GB, 94 %, 64 %, 32768 MiB, 4842 MiB, 27653 MiB, 292.87 W, 68
2026/06/18 12:18:43.649, 0, Tesla V100-SXM2-32GB, 95 %, 65 %, 32768 MiB, 4842 MiB, 27653 MiB, 277.80 W, 68
2026/06/18 12:18:44.650, 0, Tesla V100-SXM2-32GB, 96 %, 67 %, 32768 MiB, 4842 MiB, 27653 MiB, 279.44 W, 68
2026/06/18 12:18:45.652, 0, Tesla V100-SXM2-32GB, 96 %, 67 %, 32768 MiB, 4842 MiB, 27653 MiB, 287.53 W, 68
2026/06/18 12:18:46.653, 0, Tesla V100-SXM2-32GB, 96 %, 67 %, 32768 MiB, 4842 MiB, 27653 MiB, 289.91 W, 67
2026/06/18 12:18:47.655, 0, Tesla V100-SXM2-32GB, 96 %, 67 %, 32768 MiB, 4842 MiB, 27653 MiB, 280.39 W, 68
2026/06/18 12:18:48.656, 0, Tesla V100-SXM2-32GB, 96 %, 67 %, 32768 MiB, 4842 MiB, 27653 MiB, 273.36 W, 68
2026/06/18 12:18:49.657, 0, Tesla V100-SXM2-32GB, 96 %, 68 %, 32768 MiB, 4842 MiB, 27653 MiB, 275.52 W, 68
2026/06/18 12:18:50.659, 0, Tesla V100-SXM2-32GB, 96 %, 68 %, 32768 MiB, 4842 MiB, 27653 MiB, 260.88 W, 68
2026/06/18 12:18:51.661, 0, Tesla V100-SXM2-32GB, 96 %, 67 %, 32768 MiB, 4842 MiB, 27653 MiB, 255.65 W, 68
2026/06/18 12:18:52.662, 0, Tesla V100-SXM2-32GB, 96 %, 65 %, 32768 MiB, 4842 MiB, 27653 MiB, 246.31 W, 67
2026/06/18 12:18:53.664, 0, Tesla V100-SXM2-32GB, 97 %, 63 %, 32768 MiB, 4842 MiB, 27653 MiB, 243.29 W, 68
2026/06/18 12:18:54.665, 0, Tesla V100-SXM2-32GB, 96 %, 60 %, 32768 MiB, 4842 MiB, 27653 MiB, 239.47 W, 68
2026/06/18 12:18:55.667, 0, Tesla V100-SXM2-32GB, 96 %, 60 %, 32768 MiB, 4842 MiB, 27653 MiB, 234.55 W, 68
2026/06/18 12:18:56.668, 0, Tesla V100-SXM2-32GB, 97 %, 60 %, 32768 MiB, 4842 MiB, 27653 MiB, 258.85 W, 68
2026/06/18 12:18:57.670, 0, Tesla V100-SXM2-32GB, 96 %, 61 %, 32768 MiB, 4842 MiB, 27653 MiB, 259.32 W, 68
2026/06/18 12:18:58.671, 0, Tesla V100-SXM2-32GB, 96 %, 62 %, 32768 MiB, 4842 MiB, 27653 MiB, 264.69 W, 68
2026/06/18 12:18:59.673, 0, Tesla V100-SXM2-32GB, 96 %, 63 %, 32768 MiB, 4842 MiB, 27653 MiB, 290.19 W, 68
2026/06/18 12:19:00.675, 0, Tesla V100-SXM2-32GB, 96 %, 64 %, 32768 MiB, 4842 MiB, 27653 MiB, 279.25 W, 68
2026/06/18 12:19:01.676, 0, Tesla V100-SXM2-32GB, 95 %, 64 %, 32768 MiB, 4842 MiB, 27653 MiB, 278.77 W, 69
2026/06/18 12:19:02.679, 0, Tesla V100-SXM2-32GB, 96 %, 64 %, 32768 MiB, 4842 MiB, 27653 MiB, 279.25 W, 68
2026/06/18 12:19:03.682, 0, Tesla V100-SXM2-32GB, 96 %, 66 %, 32768 MiB, 4842 MiB, 27653 MiB, 283.34 W, 69
2026/06/18 12:19:04.684, 0, Tesla V100-SXM2-32GB, 96 %, 66 %, 32768 MiB, 4842 MiB, 27653 MiB, 286.86 W, 69
2026/06/18 12:19:05.688, 0, Tesla V100-SXM2-32GB, 96 %, 67 %, 32768 MiB, 4842 MiB, 27653 MiB, 281.34 W, 69
2026/06/18 12:19:06.693, 0, Tesla V100-SXM2-32GB, 96 %, 67 %, 32768 MiB, 4842 MiB, 27653 MiB, 273.91 W, 69
2026/06/18 12:19:07.695, 0, Tesla V100-SXM2-32GB, 96 %, 68 %, 32768 MiB, 4842 MiB, 27653 MiB, 276.11 W, 68
2026/06/18 12:19:08.698, 0, Tesla V100-SXM2-32GB, 96 %, 67 %, 32768 MiB, 4842 MiB, 27653 MiB, 284.67 W, 69
2026/06/18 12:19:09.700, 0, Tesla V100-SXM2-32GB, 96 %, 59 %, 32768 MiB, 4842 MiB, 27653 MiB, 267.78 W, 69
2026/06/18 12:19:10.703, 0, Tesla V100-SXM2-32GB, 96 %, 61 %, 32768 MiB, 4842 MiB, 27653 MiB, 283.53 W, 69
2026/06/18 12:19:11.706, 0, Tesla V100-SXM2-32GB, 96 %, 62 %, 32768 MiB, 4842 MiB, 27653 MiB, 283.53 W, 69
2026/06/18 12:19:12.708, 0, Tesla V100-SXM2-32GB, 96 %, 64 %, 32768 MiB, 4842 MiB, 27653 MiB, 278.30 W, 69
2026/06/18 12:19:13.712, 0, Tesla V100-SXM2-32GB, 95 %, 64 %, 32768 MiB, 4842 MiB, 27653 MiB, 272.67 W, 68
2026/06/18 12:19:14.714, 0, Tesla V100-SXM2-32GB, 95 %, 65 %, 32768 MiB, 4842 MiB, 27653 MiB, 286.19 W, 69
2026/06/18 12:19:15.717, 0, Tesla V100-SXM2-32GB, 95 %, 66 %, 32768 MiB, 4842 MiB, 27653 MiB, 285.34 W, 69
2026/06/18 12:19:16.720, 0, Tesla V100-SXM2-32GB, 96 %, 66 %, 32768 MiB, 4842 MiB, 27653 MiB, 280.00 W, 68
2026/06/18 12:19:17.722, 0, Tesla V100-SXM2-32GB, 96 %, 60 %, 32768 MiB, 4842 MiB, 27653 MiB, 266.17 W, 68
2026/06/18 12:19:18.725, 0, Tesla V100-SXM2-32GB, 96 %, 61 %, 32768 MiB, 4842 MiB, 27653 MiB, 252.24 W, 68
2026/06/18 12:19:19.728, 0, Tesla V100-SXM2-32GB, 96 %, 60 %, 32768 MiB, 4842 MiB, 27653 MiB, 258.24 W, 68
2026/06/18 12:19:20.730, 0, Tesla V100-SXM2-32GB, 96 %, 59 %, 32768 MiB, 4842 MiB, 27653 MiB, 268.56 W, 69
2026/06/18 12:19:21.733, 0, Tesla V100-SXM2-32GB, 99 %, 62 %, 32768 MiB, 4842 MiB, 27653 MiB, 266.65 W, 68
2026/06/18 12:19:22.735, 0, Tesla V100-SXM2-32GB, 2 %, 0 %, 32768 MiB, 4842 MiB, 27653 MiB, 85.56 W, 64
2026/06/18 12:19:23.738, 0, Tesla V100-SXM2-32GB, 56 %, 34 %, 32768 MiB, 4842 MiB, 27653 MiB, 230.23 W, 65
2026/06/18 12:19:24.740, 0, Tesla V100-SXM2-32GB, 97 %, 62 %, 32768 MiB, 4842 MiB, 27653 MiB, 242.66 W, 67
2026/06/18 12:19:25.745, 0, Tesla V100-SXM2-32GB, 97 %, 61 %, 32768 MiB, 4842 MiB, 27653 MiB, 248.05 W, 68
2026/06/18 12:19:26.749, 0, Tesla V100-SXM2-32GB, 96 %, 61 %, 32768 MiB, 4842 MiB, 27653 MiB, 265.82 W, 68
2026/06/18 12:19:27.751, 0, Tesla V100-SXM2-32GB, 97 %, 60 %, 32768 MiB, 4842 MiB, 27653 MiB, 272.19 W, 68
2026/06/18 12:19:28.754, 0, Tesla V100-SXM2-32GB, 96 %, 59 %, 32768 MiB, 4842 MiB, 27653 MiB, 289.62 W, 68
2026/06/18 12:19:29.757, 0, Tesla V100-SXM2-32GB, 97 %, 59 %, 32768 MiB, 4842 MiB, 27653 MiB, 277.06 W, 68
2026/06/18 12:19:30.760, 0, Tesla V100-SXM2-32GB, 95 %, 58 %, 32768 MiB, 4842 MiB, 27653 MiB, 282.77 W, 68
2026/06/18 12:19:31.769, 0, Tesla V100-SXM2-32GB, 96 %, 59 %, 32768 MiB, 4842 MiB, 27653 MiB, 282.10 W, 68
2026/06/18 12:19:32.771, 0, Tesla V100-SXM2-32GB, 97 %, 60 %, 32768 MiB, 4842 MiB, 27653 MiB, 284.95 W, 69
2026/06/18 12:19:33.774, 0, Tesla V100-SXM2-32GB, 97 %, 60 %, 32768 MiB, 4842 MiB, 27653 MiB, 284.29 W, 69
2026/06/18 12:19:34.777, 0, Tesla V100-SXM2-32GB, 97 %, 60 %, 32768 MiB, 4842 MiB, 27653 MiB, 278.11 W, 69
2026/06/18 12:19:35.780, 0, Tesla V100-SXM2-32GB, 97 %, 61 %, 32768 MiB, 4842 MiB, 27653 MiB, 282.10 W, 69
2026/06/18 12:19:36.786, 0, Tesla V100-SXM2-32GB, 97 %, 61 %, 32768 MiB, 4842 MiB, 27653 MiB, 290.58 W, 69
2026/06/18 12:19:37.789, 0, Tesla V100-SXM2-32GB, 91 %, 62 %, 32768 MiB, 4842 MiB, 27653 MiB, 234.07 W, 68
2026/06/18 12:19:38.792, 0, Tesla V100-SXM2-32GB, 97 %, 65 %, 32768 MiB, 4842 MiB, 27653 MiB, 216.92 W, 68
2026/06/18 12:19:39.795, 0, Tesla V100-SXM2-32GB, 95 %, 63 %, 32768 MiB, 4842 MiB, 27653 MiB, 235.98 W, 68
2026/06/18 12:19:40.798, 0, Tesla V100-SXM2-32GB, 97 %, 64 %, 32768 MiB, 4842 MiB, 27653 MiB, 246.46 W, 68
2026/06/18 12:19:41.800, 0, Tesla V100-SXM2-32GB, 97 %, 63 %, 32768 MiB, 4842 MiB, 27653 MiB, 252.82 W, 68
2026/06/18 12:19:42.803, 0, Tesla V100-SXM2-32GB, 97 %, 62 %, 32768 MiB, 4842 MiB, 27653 MiB, 251.22 W, 69
2026/06/18 12:19:43.806, 0, Tesla V100-SXM2-32GB, 97 %, 62 %, 32768 MiB, 4842 MiB, 27653 MiB, 270.40 W, 69
2026/06/18 12:19:44.810, 0, Tesla V100-SXM2-32GB, 97 %, 62 %, 32768 MiB, 4842 MiB, 27653 MiB, 274.28 W, 69
2026/06/18 12:19:45.814, 0, Tesla V100-SXM2-32GB, 97 %, 62 %, 32768 MiB, 4842 MiB, 27653 MiB, 268.02 W, 69
2026/06/18 12:19:46.816, 0, Tesla V100-SXM2-32GB, 97 %, 62 %, 32768 MiB, 4842 MiB, 27653 MiB, 278.94 W, 69
2026/06/18 12:19:47.819, 0, Tesla V100-SXM2-32GB, 97 %, 61 %, 32768 MiB, 4842 MiB, 27653 MiB, 282.20 W, 68
2026/06/18 12:19:48.822, 0, Tesla V100-SXM2-32GB, 97 %, 61 %, 32768 MiB, 4842 MiB, 27653 MiB, 283.05 W, 69
2026/06/18 12:19:49.824, 0, Tesla V100-SXM2-32GB, 97 %, 60 %, 32768 MiB, 4842 MiB, 27653 MiB, 276.40 W, 69
2026/06/18 12:19:50.827, 0, Tesla V100-SXM2-32GB, 97 %, 60 %, 32768 MiB, 4842 MiB, 27653 MiB, 283.62 W, 69
2026/06/18 12:19:51.830, 0, Tesla V100-SXM2-32GB, 72 %, 48 %, 32768 MiB, 4842 MiB, 27653 MiB, 136.35 W, 66
2026/06/18 12:19:52.832, 0, Tesla V100-SXM2-32GB, 88 %, 57 %, 32768 MiB, 4842 MiB, 27653 MiB, 285.82 W, 68
2026/06/18 12:19:53.835, 0, Tesla V100-SXM2-32GB, 96 %, 61 %, 32768 MiB, 4842 MiB, 27653 MiB, 277.41 W, 68
2026/06/18 12:19:54.838, 0, Tesla V100-SXM2-32GB, 97 %, 61 %, 32768 MiB, 4842 MiB, 27653 MiB, 284.01 W, 68
2026/06/18 12:19:55.841, 0, Tesla V100-SXM2-32GB, 97 %, 61 %, 32768 MiB, 4842 MiB, 27653 MiB, 284.96 W, 68
2026/06/18 12:19:56.843, 0, Tesla V100-SXM2-32GB, 96 %, 68 %, 32768 MiB, 4842 MiB, 27653 MiB, 295.26 W, 68
2026/06/18 12:19:57.846, 0, Tesla V100-SXM2-32GB, 96 %, 67 %, 32768 MiB, 4842 MiB, 27653 MiB, 280.95 W, 68
2026/06/18 12:19:58.849, 0, Tesla V100-SXM2-32GB, 96 %, 67 %, 32768 MiB, 4842 MiB, 27653 MiB, 278.28 W, 68
2026/06/18 12:19:59.853, 0, Tesla V100-SXM2-32GB, 95 %, 64 %, 32768 MiB, 4842 MiB, 27653 MiB, 277.35 W, 68
2026/06/18 12:20:00.856, 0, Tesla V100-SXM2-32GB, 97 %, 60 %, 32768 MiB, 4842 MiB, 27653 MiB, 275.82 W, 68
2026/06/18 12:20:01.862, 0, Tesla V100-SXM2-32GB, 96 %, 60 %, 32768 MiB, 4842 MiB, 27653 MiB, 282.01 W, 68
2026/06/18 12:20:02.864, 0, Tesla V100-SXM2-32GB, 96 %, 60 %, 32768 MiB, 4842 MiB, 27653 MiB, 281.82 W, 68
2026/06/18 12:20:03.866, 0, Tesla V100-SXM2-32GB, 97 %, 60 %, 32768 MiB, 4842 MiB, 27653 MiB, 266.95 W, 68
2026/06/18 12:20:04.867, 0, Tesla V100-SXM2-32GB, 59 %, 37 %, 32768 MiB, 4842 MiB, 27653 MiB, 284.01 W, 68
2026/06/18 12:20:05.869, 0, Tesla V100-SXM2-32GB, 97 %, 60 %, 32768 MiB, 4842 MiB, 27653 MiB, 266.23 W, 68
2026/06/18 12:20:06.870, 0, Tesla V100-SXM2-32GB, 97 %, 60 %, 32768 MiB, 4842 MiB, 27653 MiB, 254.05 W, 68
2026/06/18 12:20:07.872, 0, Tesla V100-SXM2-32GB, 97 %, 60 %, 32768 MiB, 4842 MiB, 27653 MiB, 245.18 W, 68
2026/06/18 12:20:08.873, 0, Tesla V100-SXM2-32GB, 99 %, 63 %, 32768 MiB, 4842 MiB, 27653 MiB, 255.95 W, 69
2026/06/18 12:20:09.875, 0, Tesla V100-SXM2-32GB, 99 %, 65 %, 32768 MiB, 4842 MiB, 27653 MiB, 263.44 W, 69
2026/06/18 12:20:10.876, 0, Tesla V100-SXM2-32GB, 5 %, 0 %, 32768 MiB, 4842 MiB, 27653 MiB, 84.91 W, 63
2026/06/18 12:20:11.878, 0, Tesla V100-SXM2-32GB, 97 %, 64 %, 32768 MiB, 4842 MiB, 27653 MiB, 255.82 W, 67
2026/06/18 12:20:12.879, 0, Tesla V100-SXM2-32GB, 96 %, 62 %, 32768 MiB, 4842 MiB, 27653 MiB, 259.63 W, 68
2026/06/18 12:20:13.880, 0, Tesla V100-SXM2-32GB, 97 %, 62 %, 32768 MiB, 4842 MiB, 27653 MiB, 243.91 W, 68
2026/06/18 12:20:14.882, 0, Tesla V100-SXM2-32GB, 96 %, 61 %, 32768 MiB, 4842 MiB, 27653 MiB, 229.31 W, 68
2026/06/18 12:20:15.883, 0, Tesla V100-SXM2-32GB, 96 %, 59 %, 32768 MiB, 4842 MiB, 27653 MiB, 227.23 W, 68
2026/06/18 12:20:16.885, 0, Tesla V100-SXM2-32GB, 96 %, 59 %, 32768 MiB, 4842 MiB, 27653 MiB, 260.10 W, 69
2026/06/18 12:20:17.886, 0, Tesla V100-SXM2-32GB, 95 %, 59 %, 32768 MiB, 4842 MiB, 27653 MiB, 299.42 W, 69
2026/06/18 12:20:18.888, 0, Tesla V100-SXM2-32GB, 96 %, 61 %, 32768 MiB, 4842 MiB, 27653 MiB, 281.34 W, 69
2026/06/18 12:20:19.890, 0, Tesla V100-SXM2-32GB, 96 %, 64 %, 32768 MiB, 4842 MiB, 27653 MiB, 276.77 W, 69
2026/06/18 12:20:20.892, 0, Tesla V100-SXM2-32GB, 95 %, 64 %, 32768 MiB, 4842 MiB, 27653 MiB, 288.76 W, 69
2026/06/18 12:20:21.894, 0, Tesla V100-SXM2-32GB, 95 %, 64 %, 32768 MiB, 4842 MiB, 27653 MiB, 283.91 W, 68
2026/06/18 12:20:22.898, 0, Tesla V100-SXM2-32GB, 95 %, 65 %, 32768 MiB, 4842 MiB, 27653 MiB, 286.77 W, 69
2026/06/18 12:20:23.900, 0, Tesla V100-SXM2-32GB, 95 %, 66 %, 32768 MiB, 4842 MiB, 27653 MiB, 289.34 W, 68
2026/06/18 12:20:24.901, 0, Tesla V100-SXM2-32GB, 96 %, 68 %, 32768 MiB, 4842 MiB, 27653 MiB, 282.58 W, 68
2026/06/18 12:20:25.903, 0, Tesla V100-SXM2-32GB, 96 %, 67 %, 32768 MiB, 4842 MiB, 27653 MiB, 282.48 W, 68
2026/06/18 12:20:26.905, 0, Tesla V100-SXM2-32GB, 95 %, 67 %, 32768 MiB, 4842 MiB, 27653 MiB, 262.01 W, 68
2026/06/18 12:20:27.906, 0, Tesla V100-SXM2-32GB, 96 %, 66 %, 32768 MiB, 4842 MiB, 27653 MiB, 255.34 W, 68
2026/06/18 12:20:28.908, 0, Tesla V100-SXM2-32GB, 97 %, 66 %, 32768 MiB, 4842 MiB, 27653 MiB, 239.94 W, 69
2026/06/18 12:20:29.910, 0, Tesla V100-SXM2-32GB, 97 %, 66 %, 32768 MiB, 4842 MiB, 27653 MiB, 234.38 W, 69
2026/06/18 12:20:30.911, 0, Tesla V100-SXM2-32GB, 97 %, 66 %, 32768 MiB, 4842 MiB, 27653 MiB, 239.63 W, 69
2026/06/18 12:20:31.913, 0, Tesla V100-SXM2-32GB, 97 %, 65 %, 32768 MiB, 4842 MiB, 27653 MiB, 257.11 W, 69
2026/06/18 12:20:32.914, 0, Tesla V100-SXM2-32GB, 96 %, 65 %, 32768 MiB, 4842 MiB, 27653 MiB, 226.71 W, 68
2026/06/18 12:20:33.916, 0, Tesla V100-SXM2-32GB, 97 %, 66 %, 32768 MiB, 4842 MiB, 27653 MiB, 259.07 W, 69
2026/06/18 12:20:34.918, 0, Tesla V100-SXM2-32GB, 97 %, 64 %, 32768 MiB, 4842 MiB, 27653 MiB, 255.55 W, 69
2026/06/18 12:20:35.921, 0, Tesla V100-SXM2-32GB, 97 %, 64 %, 32768 MiB, 4842 MiB, 27653 MiB, 275.52 W, 69
2026/06/18 12:20:36.922, 0, Tesla V100-SXM2-32GB, 97 %, 63 %, 32768 MiB, 4842 MiB, 27653 MiB, 279.71 W, 69
2026/06/18 12:20:37.924, 0, Tesla V100-SXM2-32GB, 97 %, 62 %, 32768 MiB, 4842 MiB, 27653 MiB, 284.58 W, 69
2026/06/18 12:20:38.928, 0, Tesla V100-SXM2-32GB, 96 %, 61 %, 32768 MiB, 4842 MiB, 27653 MiB, 282.29 W, 69
2026/06/18 12:20:39.930, 0, Tesla V100-SXM2-32GB, 96 %, 62 %, 32768 MiB, 4842 MiB, 27653 MiB, 286.87 W, 69
2026/06/18 12:20:40.931, 0, Tesla V100-SXM2-32GB, 27 %, 22 %, 32768 MiB, 4842 MiB, 27653 MiB, 299.95 W, 68
2026/06/18 12:20:41.933, 0, Tesla V100-SXM2-32GB, 35 %, 25 %, 32768 MiB, 4842 MiB, 27653 MiB, 281.33 W, 68
2026/06/18 12:20:42.935, 0, Tesla V100-SXM2-32GB, 97 %, 67 %, 32768 MiB, 4842 MiB, 27653 MiB, 264.57 W, 68
2026/06/18 12:20:43.937, 0, Tesla V100-SXM2-32GB, 97 %, 66 %, 32768 MiB, 4842 MiB, 27653 MiB, 262.66 W, 68
2026/06/18 12:20:44.940, 0, Tesla V100-SXM2-32GB, 97 %, 66 %, 32768 MiB, 4842 MiB, 27653 MiB, 256.12 W, 68
2026/06/18 12:20:45.942, 0, Tesla V100-SXM2-32GB, 97 %, 65 %, 32768 MiB, 4842 MiB, 27653 MiB, 246.46 W, 69
2026/06/18 12:20:46.944, 0, Tesla V100-SXM2-32GB, 97 %, 64 %, 32768 MiB, 4842 MiB, 27653 MiB, 241.54 W, 68
2026/06/18 12:20:47.946, 0, Tesla V100-SXM2-32GB, 97 %, 63 %, 32768 MiB, 4842 MiB, 27653 MiB, 234.07 W, 69
2026/06/18 12:20:48.947, 0, Tesla V100-SXM2-32GB, 97 %, 62 %, 32768 MiB, 4842 MiB, 27653 MiB, 228.81 W, 69
2026/06/18 12:20:49.951, 0, Tesla V100-SXM2-32GB, 97 %, 62 %, 32768 MiB, 4842 MiB, 27653 MiB, 261.10 W, 69
2026/06/18 12:20:50.953, 0, Tesla V100-SXM2-32GB, 97 %, 62 %, 32768 MiB, 4842 MiB, 27653 MiB, 256.03 W, 69
2026/06/18 12:20:51.956, 0, Tesla V100-SXM2-32GB, 97 %, 61 %, 32768 MiB, 4842 MiB, 27653 MiB, 263.19 W, 69
2026/06/18 12:20:52.957, 0, Tesla V100-SXM2-32GB, 97 %, 61 %, 32768 MiB, 4842 MiB, 27653 MiB, 276.37 W, 69
2026/06/18 12:20:53.959, 0, Tesla V100-SXM2-32GB, 97 %, 60 %, 32768 MiB, 4842 MiB, 27653 MiB, 279.71 W, 69
2026/06/18 12:20:54.962, 0, Tesla V100-SXM2-32GB, 96 %, 60 %, 32768 MiB, 4842 MiB, 27653 MiB, 288.87 W, 69
2026/06/18 12:20:55.964, 0, Tesla V100-SXM2-32GB, 96 %, 59 %, 32768 MiB, 4842 MiB, 27653 MiB, 158.68 W, 69
2026/06/18 12:20:56.966, 0, Tesla V100-SXM2-32GB, 99 %, 63 %, 32768 MiB, 4842 MiB, 27653 MiB, 272.37 W, 69
2026/06/18 12:20:57.968, 0, Tesla V100-SXM2-32GB, 1 %, 0 %, 32768 MiB, 4842 MiB, 27653 MiB, 85.73 W, 64
2026/06/18 12:20:58.969, 0, Tesla V100-SXM2-32GB, 6 %, 6 %, 32768 MiB, 4842 MiB, 27653 MiB, 235.98 W, 65
2026/06/18 12:20:59.971, 0, Tesla V100-SXM2-32GB, 95 %, 67 %, 32768 MiB, 4842 MiB, 27653 MiB, 156.66 W, 67
2026/06/18 12:21:00.972, 0, Tesla V100-SXM2-32GB, 73 %, 49 %, 32768 MiB, 4842 MiB, 27653 MiB, 283.82 W, 68
2026/06/18 12:21:01.974, 0, Tesla V100-SXM2-32GB, 97 %, 63 %, 32768 MiB, 4842 MiB, 27653 MiB, 293.83 W, 69
2026/06/18 12:21:02.977, 0, Tesla V100-SXM2-32GB, 96 %, 62 %, 32768 MiB, 4842 MiB, 27653 MiB, 280.39 W, 69
2026/06/18 12:21:03.978, 0, Tesla V100-SXM2-32GB, 97 %, 63 %, 32768 MiB, 4842 MiB, 27653 MiB, 277.72 W, 68
2026/06/18 12:21:04.980, 0, Tesla V100-SXM2-32GB, 97 %, 65 %, 32768 MiB, 4842 MiB, 27653 MiB, 278.11 W, 69
2026/06/18 12:21:05.985, 0, Tesla V100-SXM2-32GB, 97 %, 66 %, 32768 MiB, 4842 MiB, 27653 MiB, 281.34 W, 68
2026/06/18 12:21:06.987, 0, Tesla V100-SXM2-32GB, 96 %, 66 %, 32768 MiB, 4842 MiB, 27653 MiB, 280.39 W, 69
2026/06/18 12:21:07.990, 0, Tesla V100-SXM2-32GB, 96 %, 68 %, 32768 MiB, 4842 MiB, 27653 MiB, 278.48 W, 69
2026/06/18 12:21:08.993, 0, Tesla V100-SXM2-32GB, 96 %, 68 %, 32768 MiB, 4842 MiB, 27653 MiB, 280.58 W, 69
2026/06/18 12:21:09.996, 0, Tesla V100-SXM2-32GB, 96 %, 68 %, 32768 MiB, 4842 MiB, 27653 MiB, 278.01 W, 69
2026/06/18 12:21:10.999, 0, Tesla V100-SXM2-32GB, 96 %, 68 %, 32768 MiB, 4842 MiB, 27653 MiB, 274.68 W, 69
2026/06/18 12:21:12.001, 0, Tesla V100-SXM2-32GB, 96 %, 68 %, 32768 MiB, 4842 MiB, 27653 MiB, 282.96 W, 69
2026/06/18 12:21:13.004, 0, Tesla V100-SXM2-32GB, 96 %, 67 %, 32768 MiB, 4842 MiB, 27653 MiB, 282.58 W, 69
2026/06/18 12:21:14.006, 0, Tesla V100-SXM2-32GB, 96 %, 68 %, 32768 MiB, 4842 MiB, 27653 MiB, 298.87 W, 68
2026/06/18 12:21:15.008, 0, Tesla V100-SXM2-32GB, 96 %, 67 %, 32768 MiB, 4842 MiB, 27653 MiB, 291.81 W, 69
2026/06/18 12:21:16.009, 0, Tesla V100-SXM2-32GB, 96 %, 67 %, 32768 MiB, 4842 MiB, 27653 MiB, 278.59 W, 69
2026/06/18 12:21:17.010, 0, Tesla V100-SXM2-32GB, 96 %, 66 %, 32768 MiB, 4842 MiB, 27653 MiB, 279.73 W, 68
2026/06/18 12:21:18.012, 0, Tesla V100-SXM2-32GB, 96 %, 66 %, 32768 MiB, 4842 MiB, 27653 MiB, 266.11 W, 68
2026/06/18 12:21:19.013, 0, Tesla V100-SXM2-32GB, 97 %, 67 %, 32768 MiB, 4842 MiB, 27653 MiB, 266.23 W, 69
2026/06/18 12:21:20.014, 0, Tesla V100-SXM2-32GB, 97 %, 67 %, 32768 MiB, 4842 MiB, 27653 MiB, 260.10 W, 69
2026/06/18 12:21:21.016, 0, Tesla V100-SXM2-32GB, 97 %, 67 %, 32768 MiB, 4842 MiB, 27653 MiB, 258.20 W, 69
2026/06/18 12:21:22.018, 0, Tesla V100-SXM2-32GB, 97 %, 66 %, 32768 MiB, 4842 MiB, 27653 MiB, 243.59 W, 68
2026/06/18 12:21:23.020, 0, Tesla V100-SXM2-32GB, 97 %, 66 %, 32768 MiB, 4842 MiB, 27653 MiB, 223.59 W, 69
2026/06/18 12:21:24.022, 0, Tesla V100-SXM2-32GB, 97 %, 65 %, 32768 MiB, 4842 MiB, 27653 MiB, 199.69 W, 68
2026/06/18 12:21:25.025, 0, Tesla V100-SXM2-32GB, 97 %, 65 %, 32768 MiB, 4842 MiB, 27653 MiB, 249.32 W, 69
2026/06/18 12:21:26.028, 0, Tesla V100-SXM2-32GB, 97 %, 65 %, 32768 MiB, 4842 MiB, 27653 MiB, 262.84 W, 69
2026/06/18 12:21:27.030, 0, Tesla V100-SXM2-32GB, 97 %, 65 %, 32768 MiB, 4842 MiB, 27653 MiB, 258.07 W, 69
2026/06/18 12:21:28.032, 0, Tesla V100-SXM2-32GB, 97 %, 64 %, 32768 MiB, 4842 MiB, 27653 MiB, 297.12 W, 69
2026/06/18 12:21:29.034, 0, Tesla V100-SXM2-32GB, 97 %, 64 %, 32768 MiB, 4842 MiB, 27653 MiB, 298.74 W, 69
2026/06/18 12:21:30.036, 0, Tesla V100-SXM2-32GB, 96 %, 67 %, 32768 MiB, 4842 MiB, 27653 MiB, 293.83 W, 69
2026/06/18 12:21:31.038, 0, Tesla V100-SXM2-32GB, 96 %, 67 %, 32768 MiB, 4842 MiB, 27653 MiB, 275.82 W, 69
2026/06/18 12:21:32.039, 0, Tesla V100-SXM2-32GB, 96 %, 67 %, 32768 MiB, 4842 MiB, 27653 MiB, 294.11 W, 69
2026/06/18 12:21:33.041, 0, Tesla V100-SXM2-32GB, 96 %, 68 %, 32768 MiB, 4842 MiB, 27653 MiB, 293.43 W, 69
2026/06/18 12:21:34.042, 0, Tesla V100-SXM2-32GB, 96 %, 68 %, 32768 MiB, 4842 MiB, 27653 MiB, 293.63 W, 69
2026/06/18 12:21:35.044, 0, Tesla V100-SXM2-32GB, 96 %, 68 %, 32768 MiB, 4842 MiB, 27653 MiB, 293.71 W, 69
2026/06/18 12:21:36.045, 0, Tesla V100-SXM2-32GB, 96 %, 68 %, 32768 MiB, 4842 MiB, 27653 MiB, 271.53 W, 69
2026/06/18 12:21:37.046, 0, Tesla V100-SXM2-32GB, 96 %, 67 %, 32768 MiB, 4842 MiB, 27653 MiB, 298.95 W, 69
2026/06/18 12:21:38.048, 0, Tesla V100-SXM2-32GB, 96 %, 67 %, 32768 MiB, 4842 MiB, 27653 MiB, 294.19 W, 69
2026/06/18 12:21:39.049, 0, Tesla V100-SXM2-32GB, 96 %, 66 %, 32768 MiB, 4842 MiB, 27653 MiB, 295.89 W, 69
2026/06/18 12:21:40.051, 0, Tesla V100-SXM2-32GB, 96 %, 65 %, 32768 MiB, 4842 MiB, 27653 MiB, 279.15 W, 69
2026/06/18 12:21:41.052, 0, Tesla V100-SXM2-32GB, 96 %, 65 %, 32768 MiB, 4842 MiB, 27653 MiB, 304.79 W, 69
2026/06/18 12:21:42.054, 0, Tesla V100-SXM2-32GB, 96 %, 64 %, 32768 MiB, 4842 MiB, 27653 MiB, 287.72 W, 69
2026/06/18 12:21:43.055, 0, Tesla V100-SXM2-32GB, 97 %, 64 %, 32768 MiB, 4842 MiB, 27653 MiB, 288.28 W, 69
2026/06/18 12:21:44.056, 0, Tesla V100-SXM2-32GB, 99 %, 64 %, 32768 MiB, 4842 MiB, 27653 MiB, 272.37 W, 69
2026/06/18 12:21:45.058, 0, Tesla V100-SXM2-32GB, 8 %, 0 %, 32768 MiB, 4842 MiB, 27653 MiB, 85.62 W, 64
2026/06/18 12:21:46.059, 0, Tesla V100-SXM2-32GB, 0 %, 0 %, 32768 MiB, 4842 MiB, 27653 MiB, 80.71 W, 62
2026/06/18 12:21:47.061, 0, Tesla V100-SXM2-32GB, 97 %, 63 %, 32768 MiB, 4842 MiB, 27653 MiB, 275.89 W, 67
2026/06/18 12:21:48.062, 0, Tesla V100-SXM2-32GB, 97 %, 63 %, 32768 MiB, 4842 MiB, 27653 MiB, 279.71 W, 68
2026/06/18 12:21:49.064, 0, Tesla V100-SXM2-32GB, 97 %, 63 %, 32768 MiB, 4842 MiB, 27653 MiB, 278.96 W, 68
2026/06/18 12:21:50.065, 0, Tesla V100-SXM2-32GB, 97 %, 63 %, 32768 MiB, 4842 MiB, 27653 MiB, 281.42 W, 68
2026/06/18 12:21:51.067, 0, Tesla V100-SXM2-32GB, 71 %, 47 %, 32768 MiB, 4842 MiB, 27653 MiB, 279.29 W, 66
2026/06/18 12:21:52.068, 0, Tesla V100-SXM2-32GB, 89 %, 58 %, 32768 MiB, 4842 MiB, 27653 MiB, 158.29 W, 67
2026/06/18 12:21:53.070, 0, Tesla V100-SXM2-32GB, 96 %, 60 %, 32768 MiB, 4842 MiB, 27653 MiB, 271.02 W, 67
2026/06/18 12:21:54.071, 0, Tesla V100-SXM2-32GB, 96 %, 61 %, 32768 MiB, 4842 MiB, 27653 MiB, 251.56 W, 67
2026/06/18 12:21:55.073, 0, Tesla V100-SXM2-32GB, 97 %, 61 %, 32768 MiB, 4842 MiB, 27653 MiB, 249.82 W, 67
2026/06/18 12:21:56.074, 0, Tesla V100-SXM2-32GB, 97 %, 61 %, 32768 MiB, 4842 MiB, 27653 MiB, 257.72 W, 67
2026/06/18 12:21:57.076, 0, Tesla V100-SXM2-32GB, 97 %, 61 %, 32768 MiB, 4842 MiB, 27653 MiB, 256.94 W, 67
2026/06/18 12:21:58.077, 0, Tesla V100-SXM2-32GB, 97 %, 61 %, 32768 MiB, 4842 MiB, 27653 MiB, 258.72 W, 67
2026/06/18 12:21:59.079, 0, Tesla V100-SXM2-32GB, 97 %, 61 %, 32768 MiB, 4842 MiB, 27653 MiB, 247.10 W, 67
2026/06/18 12:22:00.080, 0, Tesla V100-SXM2-32GB, 97 %, 60 %, 32768 MiB, 4842 MiB, 27653 MiB, 252.18 W, 67
2026/06/18 12:22:01.082, 0, Tesla V100-SXM2-32GB, 97 %, 60 %, 32768 MiB, 4842 MiB, 27653 MiB, 256.46 W, 67
2026/06/18 12:22:02.083, 0, Tesla V100-SXM2-32GB, 97 %, 60 %, 32768 MiB, 4842 MiB, 27653 MiB, 254.56 W, 67
2026/06/18 12:22:03.085, 0, Tesla V100-SXM2-32GB, 97 %, 60 %, 32768 MiB, 4842 MiB, 27653 MiB, 257.59 W, 67
2026/06/18 12:22:04.086, 0, Tesla V100-SXM2-32GB, 97 %, 60 %, 32768 MiB, 4842 MiB, 27653 MiB, 253.16 W, 67
2026/06/18 12:22:05.088, 0, Tesla V100-SXM2-32GB, 96 %, 68 %, 32768 MiB, 4842 MiB, 27653 MiB, 278.33 W, 67
2026/06/18 12:22:06.090, 0, Tesla V100-SXM2-32GB, 97 %, 61 %, 32768 MiB, 4842 MiB, 27653 MiB, 276.71 W, 66
2026/06/18 12:22:07.092, 0, Tesla V100-SXM2-32GB, 97 %, 61 %, 32768 MiB, 4842 MiB, 27653 MiB, 264.62 W, 67
2026/06/18 12:22:08.094, 0, Tesla V100-SXM2-32GB, 97 %, 61 %, 32768 MiB, 4842 MiB, 27653 MiB, 258.67 W, 66
2026/06/18 12:22:09.096, 0, Tesla V100-SXM2-32GB, 97 %, 60 %, 32768 MiB, 4842 MiB, 27653 MiB, 264.74 W, 66
2026/06/18 12:22:10.098, 0, Tesla V100-SXM2-32GB, 97 %, 61 %, 32768 MiB, 4842 MiB, 27653 MiB, 257.85 W, 66
2026/06/18 12:22:11.100, 0, Tesla V100-SXM2-32GB, 97 %, 62 %, 32768 MiB, 4842 MiB, 27653 MiB, 261.53 W, 66
2026/06/18 12:22:12.102, 0, Tesla V100-SXM2-32GB, 97 %, 63 %, 32768 MiB, 4842 MiB, 27653 MiB, 249.18 W, 66
2026/06/18 12:22:13.103, 0, Tesla V100-SXM2-32GB, 97 %, 65 %, 32768 MiB, 4842 MiB, 27653 MiB, 256.03 W, 67
2026/06/18 12:22:14.105, 0, Tesla V100-SXM2-32GB, 96 %, 66 %, 32768 MiB, 4842 MiB, 27653 MiB, 246.46 W, 66
2026/06/18 12:22:15.106, 0, Tesla V100-SXM2-32GB, 97 %, 64 %, 32768 MiB, 4842 MiB, 27653 MiB, 238.36 W, 66
2026/06/18 12:22:16.108, 0, Tesla V100-SXM2-32GB, 97 %, 67 %, 32768 MiB, 4842 MiB, 27653 MiB, 253.78 W, 67
2026/06/18 12:22:17.109, 0, Tesla V100-SXM2-32GB, 97 %, 67 %, 32768 MiB, 4842 MiB, 27653 MiB, 238.68 W, 66
2026/06/18 12:22:18.110, 0, Tesla V100-SXM2-32GB, 97 %, 67 %, 32768 MiB, 4842 MiB, 27653 MiB, 237.09 W, 67
2026/06/18 12:22:19.112, 0, Tesla V100-SXM2-32GB, 96 %, 66 %, 32768 MiB, 4842 MiB, 27653 MiB, 239.47 W, 66
2026/06/18 12:22:20.113, 0, Tesla V100-SXM2-32GB, 96 %, 67 %, 32768 MiB, 4842 MiB, 27653 MiB, 236.45 W, 67
2026/06/18 12:22:21.115, 0, Tesla V100-SXM2-32GB, 96 %, 67 %, 32768 MiB, 4842 MiB, 27653 MiB, 224.84 W, 66
2026/06/18 12:22:22.116, 0, Tesla V100-SXM2-32GB, 96 %, 66 %, 32768 MiB, 4842 MiB, 27653 MiB, 227.38 W, 67
2026/06/18 12:22:23.118, 0, Tesla V100-SXM2-32GB, 95 %, 66 %, 32768 MiB, 4842 MiB, 27653 MiB, 218.64 W, 66
2026/06/18 12:22:24.119, 0, Tesla V100-SXM2-32GB, 96 %, 66 %, 32768 MiB, 4842 MiB, 27653 MiB, 245.98 W, 66
2026/06/18 12:22:25.121, 0, Tesla V100-SXM2-32GB, 96 %, 66 %, 32768 MiB, 4842 MiB, 27653 MiB, 248.84 W, 67
2026/06/18 12:22:26.122, 0, Tesla V100-SXM2-32GB, 96 %, 67 %, 32768 MiB, 4842 MiB, 27653 MiB, 261.28 W, 66
2026/06/18 12:22:27.124, 0, Tesla V100-SXM2-32GB, 96 %, 67 %, 32768 MiB, 4842 MiB, 27653 MiB, 263.14 W, 66
2026/06/18 12:22:28.125, 0, Tesla V100-SXM2-32GB, 96 %, 67 %, 32768 MiB, 4842 MiB, 27653 MiB, 252.18 W, 66
2026/06/18 12:22:29.127, 0, Tesla V100-SXM2-32GB, 96 %, 68 %, 32768 MiB, 4842 MiB, 27653 MiB, 260.28 W, 66
2026/06/18 12:22:30.128, 0, Tesla V100-SXM2-32GB, 94 %, 66 %, 32768 MiB, 4842 MiB, 27653 MiB, 263.79 W, 66
2026/06/18 12:22:31.129, 0, Tesla V100-SXM2-32GB, 96 %, 67 %, 32768 MiB, 4842 MiB, 27653 MiB, 92.16 W, 64
2026/06/18 12:22:32.131, 0, Tesla V100-SXM2-32GB, 99 %, 65 %, 32768 MiB, 4842 MiB, 27653 MiB, 268.38 W, 66
2026/06/18 12:22:33.133, 0, Tesla V100-SXM2-32GB, 0 %, 0 %, 32768 MiB, 4842 MiB, 27653 MiB, 83.07 W, 60
2026/06/18 12:22:34.135, 0, Tesla V100-SXM2-32GB, 18 %, 13 %, 32768 MiB, 4842 MiB, 27653 MiB, 206.79 W, 62
2026/06/18 12:22:35.136, 0, Tesla V100-SXM2-32GB, 96 %, 65 %, 32768 MiB, 4842 MiB, 27653 MiB, 243.31 W, 64
2026/06/18 12:22:36.138, 0, Tesla V100-SXM2-32GB, 96 %, 66 %, 32768 MiB, 4842 MiB, 27653 MiB, 256.68 W, 65
2026/06/18 12:22:37.139, 0, Tesla V100-SXM2-32GB, 96 %, 66 %, 32768 MiB, 4842 MiB, 27653 MiB, 252.82 W, 65
2026/06/18 12:22:38.141, 0, Tesla V100-SXM2-32GB, 96 %, 66 %, 32768 MiB, 4842 MiB, 27653 MiB, 263.31 W, 65
2026/06/18 12:22:39.142, 0, Tesla V100-SXM2-32GB, 96 %, 66 %, 32768 MiB, 4842 MiB, 27653 MiB, 259.50 W, 65
2026/06/18 12:22:40.143, 0, Tesla V100-SXM2-32GB, 96 %, 65 %, 32768 MiB, 4842 MiB, 27653 MiB, 265.22 W, 65
2026/06/18 12:22:41.145, 0, Tesla V100-SXM2-32GB, 96 %, 64 %, 32768 MiB, 4842 MiB, 27653 MiB, 263.79 W, 65
2026/06/18 12:22:42.146, 0, Tesla V100-SXM2-32GB, 96 %, 64 %, 32768 MiB, 4842 MiB, 27653 MiB, 267.72 W, 65
2026/06/18 12:22:43.148, 0, Tesla V100-SXM2-32GB, 96 %, 64 %, 32768 MiB, 4842 MiB, 27653 MiB, 255.21 W, 65
2026/06/18 12:22:44.149, 0, Tesla V100-SXM2-32GB, 97 %, 64 %, 32768 MiB, 4842 MiB, 27653 MiB, 274.94 W, 65
2026/06/18 12:22:45.151, 0, Tesla V100-SXM2-32GB, 97 %, 62 %, 32768 MiB, 4842 MiB, 27653 MiB, 270.28 W, 65
2026/06/18 12:22:46.152, 0, Tesla V100-SXM2-32GB, 97 %, 61 %, 32768 MiB, 4842 MiB, 27653 MiB, 249.79 W, 65
2026/06/18 12:22:47.156, 0, Tesla V100-SXM2-32GB, 97 %, 61 %, 32768 MiB, 4842 MiB, 27653 MiB, 268.85 W, 65
2026/06/18 12:22:48.157, 0, Tesla V100-SXM2-32GB, 97 %, 61 %, 32768 MiB, 4842 MiB, 27653 MiB, 262.84 W, 65
2026/06/18 12:22:49.160, 0, Tesla V100-SXM2-32GB, 96 %, 60 %, 32768 MiB, 4842 MiB, 27653 MiB, 269.51 W, 65
2026/06/18 12:22:50.162, 0, Tesla V100-SXM2-32GB, 97 %, 60 %, 32768 MiB, 4842 MiB, 27653 MiB, 247.58 W, 65
2026/06/18 12:22:51.172, 0, Tesla V100-SXM2-32GB, 97 %, 60 %, 32768 MiB, 4842 MiB, 27653 MiB, 217.50 W, 65
2026/06/18 12:22:52.173, 0, Tesla V100-SXM2-32GB, 96 %, 59 %, 32768 MiB, 4842 MiB, 27653 MiB, 253.78 W, 65
2026/06/18 12:22:53.175, 0, Tesla V100-SXM2-32GB, 97 %, 59 %, 32768 MiB, 4842 MiB, 27653 MiB, 262.71 W, 65
2026/06/18 12:22:54.176, 0, Tesla V100-SXM2-32GB, 97 %, 59 %, 32768 MiB, 4842 MiB, 27653 MiB, 250.75 W, 65
2026/06/18 12:22:55.178, 0, Tesla V100-SXM2-32GB, 97 %, 60 %, 32768 MiB, 4842 MiB, 27653 MiB, 244.24 W, 65
2026/06/18 12:22:56.179, 0, Tesla V100-SXM2-32GB, 97 %, 60 %, 32768 MiB, 4842 MiB, 27653 MiB, 245.51 W, 65
2026/06/18 12:22:57.181, 0, Tesla V100-SXM2-32GB, 97 %, 61 %, 32768 MiB, 4842 MiB, 27653 MiB, 226.58 W, 65
2026/06/18 12:22:58.182, 0, Tesla V100-SXM2-32GB, 97 %, 61 %, 32768 MiB, 4842 MiB, 27653 MiB, 224.37 W, 65
2026/06/18 12:22:59.184, 0, Tesla V100-SXM2-32GB, 97 %, 62 %, 32768 MiB, 4842 MiB, 27653 MiB, 217.98 W, 65
2026/06/18 12:23:00.186, 0, Tesla V100-SXM2-32GB, 97 %, 62 %, 32768 MiB, 4842 MiB, 27653 MiB, 208.28 W, 65
2026/06/18 12:23:01.188, 0, Tesla V100-SXM2-32GB, 97 %, 62 %, 32768 MiB, 4842 MiB, 27653 MiB, 229.44 W, 64
2026/06/18 12:23:02.190, 0, Tesla V100-SXM2-32GB, 97 %, 63 %, 32768 MiB, 4842 MiB, 27653 MiB, 232.32 W, 65
2026/06/18 12:23:03.193, 0, Tesla V100-SXM2-32GB, 97 %, 63 %, 32768 MiB, 4842 MiB, 27653 MiB, 229.61 W, 65
2026/06/18 12:23:04.195, 0, Tesla V100-SXM2-32GB, 97 %, 64 %, 32768 MiB, 4842 MiB, 27653 MiB, 236.45 W, 65
2026/06/18 12:23:05.197, 0, Tesla V100-SXM2-32GB, 97 %, 65 %, 32768 MiB, 4842 MiB, 27653 MiB, 243.93 W, 65
2026/06/18 12:23:06.198, 0, Tesla V100-SXM2-32GB, 97 %, 67 %, 32768 MiB, 4842 MiB, 27653 MiB, 227.86 W, 64
2026/06/18 12:23:07.199, 0, Tesla V100-SXM2-32GB, 97 %, 67 %, 32768 MiB, 4842 MiB, 27653 MiB, 245.34 W, 65
2026/06/18 12:23:08.201, 0, Tesla V100-SXM2-32GB, 98 %, 67 %, 32768 MiB, 4842 MiB, 27653 MiB, 247.58 W, 65
2026/06/18 12:23:09.202, 0, Tesla V100-SXM2-32GB, 96 %, 66 %, 32768 MiB, 4842 MiB, 27653 MiB, 255.04 W, 65
2026/06/18 12:23:10.204, 0, Tesla V100-SXM2-32GB, 96 %, 66 %, 32768 MiB, 4842 MiB, 27653 MiB, 249.63 W, 64
2026/06/18 12:23:11.205, 0, Tesla V100-SXM2-32GB, 96 %, 67 %, 32768 MiB, 4842 MiB, 27653 MiB, 250.44 W, 64
2026/06/18 12:23:12.207, 0, Tesla V100-SXM2-32GB, 96 %, 67 %, 32768 MiB, 4842 MiB, 27653 MiB, 243.93 W, 65
2026/06/18 12:23:13.208, 0, Tesla V100-SXM2-32GB, 96 %, 68 %, 32768 MiB, 4842 MiB, 27653 MiB, 245.34 W, 64
2026/06/18 12:23:14.210, 0, Tesla V100-SXM2-32GB, 96 %, 68 %, 32768 MiB, 4842 MiB, 27653 MiB, 255.86 W, 65
2026/06/18 12:23:15.211, 0, Tesla V100-SXM2-32GB, 96 %, 68 %, 32768 MiB, 4842 MiB, 27653 MiB, 252.18 W, 64
2026/06/18 12:23:16.213, 0, Tesla V100-SXM2-32GB, 97 %, 64 %, 32768 MiB, 4842 MiB, 27653 MiB, 251.22 W, 64
2026/06/18 12:23:17.214, 0, Tesla V100-SXM2-32GB, 95 %, 64 %, 32768 MiB, 4842 MiB, 27653 MiB, 251.56 W, 64
2026/06/18 12:23:18.216, 0, Tesla V100-SXM2-32GB, 70 %, 47 %, 32768 MiB, 4842 MiB, 27653 MiB, 266.77 W, 64
2026/06/18 12:23:19.217, 0, Tesla V100-SXM2-32GB, 99 %, 64 %, 32768 MiB, 4842 MiB, 27653 MiB, 267.42 W, 65
2026/06/18 12:23:20.219, 0, Tesla V100-SXM2-32GB, 0 %, 0 %, 32768 MiB, 4842 MiB, 27653 MiB, 78.35 W, 59
2026/06/18 12:23:21.220, 0, Tesla V100-SXM2-32GB, 68 %, 44 %, 32768 MiB, 4842 MiB, 27653 MiB, 286.59 W, 62
2026/06/18 12:23:22.221, 0, Tesla V100-SXM2-32GB, 96 %, 68 %, 32768 MiB, 4842 MiB, 27653 MiB, 278.38 W, 63
2026/06/18 12:23:23.223, 0, Tesla V100-SXM2-32GB, 96 %, 68 %, 32768 MiB, 4842 MiB, 27653 MiB, 279.91 W, 64
2026/06/18 12:23:24.224, 0, Tesla V100-SXM2-32GB, 96 %, 68 %, 32768 MiB, 4842 MiB, 27653 MiB, 281.24 W, 64
2026/06/18 12:23:25.226, 0, Tesla V100-SXM2-32GB, 96 %, 68 %, 32768 MiB, 4842 MiB, 27653 MiB, 277.06 W, 64
2026/06/18 12:23:26.227, 0, Tesla V100-SXM2-32GB, 93 %, 66 %, 32768 MiB, 4842 MiB, 27653 MiB, 282.20 W, 64
2026/06/18 12:23:27.228, 0, Tesla V100-SXM2-32GB, 96 %, 68 %, 32768 MiB, 4842 MiB, 27653 MiB, 274.76 W, 64
2026/06/18 12:23:28.230, 0, Tesla V100-SXM2-32GB, 79 %, 54 %, 32768 MiB, 4842 MiB, 27653 MiB, 291.19 W, 63
2026/06/18 12:23:29.231, 0, Tesla V100-SXM2-32GB, 64 %, 41 %, 32768 MiB, 4842 MiB, 27653 MiB, 279.96 W, 63
2026/06/18 12:23:30.233, 0, Tesla V100-SXM2-32GB, 97 %, 62 %, 32768 MiB, 4842 MiB, 27653 MiB, 274.17 W, 63
2026/06/18 12:23:31.234, 0, Tesla V100-SXM2-32GB, 94 %, 60 %, 32768 MiB, 4842 MiB, 27653 MiB, 252.82 W, 63
2026/06/18 12:23:32.235, 0, Tesla V100-SXM2-32GB, 97 %, 61 %, 32768 MiB, 4842 MiB, 27653 MiB, 243.76 W, 64
2026/06/18 12:23:33.237, 0, Tesla V100-SXM2-32GB, 96 %, 61 %, 32768 MiB, 4842 MiB, 27653 MiB, 246.31 W, 63
2026/06/18 12:23:34.238, 0, Tesla V100-SXM2-32GB, 97 %, 62 %, 32768 MiB, 4842 MiB, 27653 MiB, 252.82 W, 63
2026/06/18 12:23:35.240, 0, Tesla V100-SXM2-32GB, 97 %, 62 %, 32768 MiB, 4842 MiB, 27653 MiB, 250.13 W, 64
2026/06/18 12:23:36.242, 0, Tesla V100-SXM2-32GB, 97 %, 62 %, 32768 MiB, 4842 MiB, 27653 MiB, 246.46 W, 63
2026/06/18 12:23:37.244, 0, Tesla V100-SXM2-32GB, 97 %, 62 %, 32768 MiB, 4842 MiB, 27653 MiB, 252.82 W, 64
2026/06/18 12:23:38.247, 0, Tesla V100-SXM2-32GB, 97 %, 63 %, 32768 MiB, 4842 MiB, 27653 MiB, 245.36 W, 63
2026/06/18 12:23:39.249, 0, Tesla V100-SXM2-32GB, 97 %, 63 %, 32768 MiB, 4842 MiB, 27653 MiB, 253.78 W, 64
2026/06/18 12:23:40.252, 0, Tesla V100-SXM2-32GB, 97 %, 62 %, 32768 MiB, 4842 MiB, 27653 MiB, 241.38 W, 64
2026/06/18 12:23:41.254, 0, Tesla V100-SXM2-32GB, 97 %, 62 %, 32768 MiB, 4842 MiB, 27653 MiB, 233.11 W, 64
2026/06/18 12:23:42.257, 0, Tesla V100-SXM2-32GB, 97 %, 62 %, 32768 MiB, 4842 MiB, 27653 MiB, 234.23 W, 63
2026/06/18 12:23:43.259, 0, Tesla V100-SXM2-32GB, 97 %, 62 %, 32768 MiB, 4842 MiB, 27653 MiB, 234.07 W, 64
2026/06/18 12:23:44.261, 0, Tesla V100-SXM2-32GB, 97 %, 63 %, 32768 MiB, 4842 MiB, 27653 MiB, 231.35 W, 63
2026/06/18 12:23:45.263, 0, Tesla V100-SXM2-32GB, 97 %, 62 %, 32768 MiB, 4842 MiB, 27653 MiB, 237.73 W, 64
2026/06/18 12:23:46.266, 0, Tesla V100-SXM2-32GB, 97 %, 63 %, 32768 MiB, 4842 MiB, 27653 MiB, 237.25 W, 63
2026/06/18 12:23:47.268, 0, Tesla V100-SXM2-32GB, 97 %, 64 %, 32768 MiB, 4842 MiB, 27653 MiB, 240.59 W, 64
2026/06/18 12:23:48.270, 0, Tesla V100-SXM2-32GB, 97 %, 65 %, 32768 MiB, 4842 MiB, 27653 MiB, 185.01 W, 63
2026/06/18 12:23:49.272, 0, Tesla V100-SXM2-32GB, 97 %, 64 %, 32768 MiB, 4842 MiB, 27653 MiB, 222.31 W, 64
2026/06/18 12:23:50.275, 0, Tesla V100-SXM2-32GB, 89 %, 58 %, 32768 MiB, 4842 MiB, 27653 MiB, 259.32 W, 64
2026/06/18 12:23:51.278, 0, Tesla V100-SXM2-32GB, 97 %, 61 %, 32768 MiB, 4842 MiB, 27653 MiB, 262.86 W, 63
2026/06/18 12:23:52.280, 0, Tesla V100-SXM2-32GB, 72 %, 48 %, 32768 MiB, 4842 MiB, 27653 MiB, 84.36 W, 61
2026/06/18 12:23:53.282, 0, Tesla V100-SXM2-32GB, 97 %, 61 %, 32768 MiB, 4842 MiB, 27653 MiB, 263.89 W, 63
2026/06/18 12:23:54.285, 0, Tesla V100-SXM2-32GB, 97 %, 61 %, 32768 MiB, 4842 MiB, 27653 MiB, 265.58 W, 64
2026/06/18 12:23:55.288, 0, Tesla V100-SXM2-32GB, 97 %, 61 %, 32768 MiB, 4842 MiB, 27653 MiB, 271.12 W, 64
2026/06/18 12:23:56.290, 0, Tesla V100-SXM2-32GB, 96 %, 61 %, 32768 MiB, 4842 MiB, 27653 MiB, 280.48 W, 64
2026/06/18 12:23:57.291, 0, Tesla V100-SXM2-32GB, 96 %, 61 %, 32768 MiB, 4842 MiB, 27653 MiB, 281.24 W, 64
2026/06/18 12:23:58.293, 0, Tesla V100-SXM2-32GB, 97 %, 62 %, 32768 MiB, 4842 MiB, 27653 MiB, 273.91 W, 64
2026/06/18 12:23:59.296, 0, Tesla V100-SXM2-32GB, 96 %, 62 %, 32768 MiB, 4842 MiB, 27653 MiB, 282.20 W, 64
2026/06/18 12:24:00.298, 0, Tesla V100-SXM2-32GB, 97 %, 62 %, 32768 MiB, 4842 MiB, 27653 MiB, 278.67 W, 64
2026/06/18 12:24:01.299, 0, Tesla V100-SXM2-32GB, 97 %, 62 %, 32768 MiB, 4842 MiB, 27653 MiB, 279.34 W, 64
2026/06/18 12:24:02.301, 0, Tesla V100-SXM2-32GB, 91 %, 58 %, 32768 MiB, 4842 MiB, 27653 MiB, 278.20 W, 64
2026/06/18 12:24:03.303, 0, Tesla V100-SXM2-32GB, 96 %, 61 %, 32768 MiB, 4842 MiB, 27653 MiB, 277.53 W, 64
2026/06/18 12:24:04.305, 0, Tesla V100-SXM2-32GB, 97 %, 61 %, 32768 MiB, 4842 MiB, 27653 MiB, 283.43 W, 64
2026/06/18 12:24:05.307, 0, Tesla V100-SXM2-32GB, 95 %, 60 %, 32768 MiB, 4842 MiB, 27653 MiB, 277.91 W, 64
2026/06/18 12:24:06.309, 0, Tesla V100-SXM2-32GB, 90 %, 58 %, 32768 MiB, 4842 MiB, 27653 MiB, 146.61 W, 63
2026/06/18 12:24:07.310, 0, Tesla V100-SXM2-32GB, 99 %, 62 %, 32768 MiB, 4842 MiB, 27653 MiB, 264.98 W, 64
2026/06/18 12:24:08.313, 0, Tesla V100-SXM2-32GB, 2 %, 0 %, 32768 MiB, 4842 MiB, 27653 MiB, 78.24 W, 58
2026/06/18 12:24:09.314, 0, Tesla V100-SXM2-32GB, 0 %, 0 %, 32768 MiB, 4842 MiB, 27653 MiB, 263.94 W, 60
2026/06/18 12:24:10.316, 0, Tesla V100-SXM2-32GB, 97 %, 61 %, 32768 MiB, 4842 MiB, 27653 MiB, 268.92 W, 62
2026/06/18 12:24:11.317, 0, Tesla V100-SXM2-32GB, 96 %, 60 %, 32768 MiB, 4842 MiB, 27653 MiB, 275.05 W, 63
2026/06/18 12:24:12.318, 0, Tesla V100-SXM2-32GB, 97 %, 60 %, 32768 MiB, 4842 MiB, 27653 MiB, 280.39 W, 63
2026/06/18 12:24:13.320, 0, Tesla V100-SXM2-32GB, 97 %, 60 %, 32768 MiB, 4842 MiB, 27653 MiB, 275.63 W, 63
2026/06/18 12:24:14.321, 0, Tesla V100-SXM2-32GB, 97 %, 59 %, 32768 MiB, 4842 MiB, 27653 MiB, 278.67 W, 63
2026/06/18 12:24:15.323, 0, Tesla V100-SXM2-32GB, 97 %, 59 %, 32768 MiB, 4842 MiB, 27653 MiB, 282.39 W, 63
2026/06/18 12:24:16.324, 0, Tesla V100-SXM2-32GB, 97 %, 59 %, 32768 MiB, 4842 MiB, 27653 MiB, 281.53 W, 63
2026/06/18 12:24:17.325, 0, Tesla V100-SXM2-32GB, 97 %, 60 %, 32768 MiB, 4842 MiB, 27653 MiB, 274.57 W, 63
2026/06/18 12:24:18.327, 0, Tesla V100-SXM2-32GB, 97 %, 60 %, 32768 MiB, 4842 MiB, 27653 MiB, 279.15 W, 63
2026/06/18 12:24:19.328, 0, Tesla V100-SXM2-32GB, 97 %, 61 %, 32768 MiB, 4842 MiB, 27653 MiB, 279.15 W, 63
2026/06/18 12:24:20.330, 0, Tesla V100-SXM2-32GB, 97 %, 61 %, 32768 MiB, 4842 MiB, 27653 MiB, 279.15 W, 63
2026/06/18 12:24:21.331, 0, Tesla V100-SXM2-32GB, 97 %, 61 %, 32768 MiB, 4842 MiB, 27653 MiB, 281.24 W, 63
2026/06/18 12:24:22.333, 0, Tesla V100-SXM2-32GB, 97 %, 62 %, 32768 MiB, 4842 MiB, 27653 MiB, 277.24 W, 63
2026/06/18 12:24:23.334, 0, Tesla V100-SXM2-32GB, 97 %, 62 %, 32768 MiB, 4842 MiB, 27653 MiB, 268.38 W, 63
2026/06/18 12:24:24.335, 0, Tesla V100-SXM2-32GB, 97 %, 62 %, 32768 MiB, 4842 MiB, 27653 MiB, 283.91 W, 63
2026/06/18 12:24:25.337, 0, Tesla V100-SXM2-32GB, 97 %, 62 %, 32768 MiB, 4842 MiB, 27653 MiB, 277.72 W, 63
2026/06/18 12:24:26.338, 0, Tesla V100-SXM2-32GB, 97 %, 65 %, 32768 MiB, 4842 MiB, 27653 MiB, 267.90 W, 63
2026/06/18 12:24:27.340, 0, Tesla V100-SXM2-32GB, 95 %, 67 %, 32768 MiB, 4842 MiB, 27653 MiB, 282.67 W, 64
2026/06/18 12:24:28.341, 0, Tesla V100-SXM2-32GB, 94 %, 65 %, 32768 MiB, 4842 MiB, 27653 MiB, 271.24 W, 63
2026/06/18 12:24:29.342, 0, Tesla V100-SXM2-32GB, 97 %, 63 %, 32768 MiB, 4842 MiB, 27653 MiB, 281.72 W, 63
2026/06/18 12:24:30.344, 0, Tesla V100-SXM2-32GB, 97 %, 61 %, 32768 MiB, 4842 MiB, 27653 MiB, 274.10 W, 63
2026/06/18 12:24:31.345, 0, Tesla V100-SXM2-32GB, 97 %, 61 %, 32768 MiB, 4842 MiB, 27653 MiB, 268.20 W, 63
2026/06/18 12:24:32.348, 0, Tesla V100-SXM2-32GB, 97 %, 60 %, 32768 MiB, 4842 MiB, 27653 MiB, 265.52 W, 63
2026/06/18 12:24:33.350, 0, Tesla V100-SXM2-32GB, 97 %, 60 %, 32768 MiB, 4842 MiB, 27653 MiB, 284.10 W, 63
2026/06/18 12:24:34.353, 0, Tesla V100-SXM2-32GB, 97 %, 60 %, 32768 MiB, 4842 MiB, 27653 MiB, 279.62 W, 64
2026/06/18 12:24:35.355, 0, Tesla V100-SXM2-32GB, 97 %, 59 %, 32768 MiB, 4842 MiB, 27653 MiB, 265.04 W, 63
2026/06/18 12:24:36.359, 0, Tesla V100-SXM2-32GB, 97 %, 59 %, 32768 MiB, 4842 MiB, 27653 MiB, 283.43 W, 64
2026/06/18 12:24:37.362, 0, Tesla V100-SXM2-32GB, 97 %, 60 %, 32768 MiB, 4842 MiB, 27653 MiB, 285.62 W, 63
2026/06/18 12:24:38.363, 0, Tesla V100-SXM2-32GB, 97 %, 60 %, 32768 MiB, 4842 MiB, 27653 MiB, 285.82 W, 63
2026/06/18 12:24:39.366, 0, Tesla V100-SXM2-32GB, 97 %, 61 %, 32768 MiB, 4842 MiB, 27653 MiB, 279.15 W, 63
2026/06/18 12:24:40.367, 0, Tesla V100-SXM2-32GB, 97 %, 62 %, 32768 MiB, 4842 MiB, 27653 MiB, 286.77 W, 63
2026/06/18 12:24:41.368, 0, Tesla V100-SXM2-32GB, 97 %, 62 %, 32768 MiB, 4842 MiB, 27653 MiB, 288.28 W, 64
2026/06/18 12:24:42.370, 0, Tesla V100-SXM2-32GB, 97 %, 62 %, 32768 MiB, 4842 MiB, 27653 MiB, 284.39 W, 64
2026/06/18 12:24:43.371, 0, Tesla V100-SXM2-32GB, 97 %, 62 %, 32768 MiB, 4842 MiB, 27653 MiB, 287.53 W, 64
2026/06/18 12:24:44.373, 0, Tesla V100-SXM2-32GB, 97 %, 61 %, 32768 MiB, 4842 MiB, 27653 MiB, 288.67 W, 63
2026/06/18 12:24:45.374, 0, Tesla V100-SXM2-32GB, 97 %, 61 %, 32768 MiB, 4842 MiB, 27653 MiB, 290.38 W, 63
2026/06/18 12:24:46.376, 0, Tesla V100-SXM2-32GB, 97 %, 60 %, 32768 MiB, 4842 MiB, 27653 MiB, 288.67 W, 63
2026/06/18 12:24:47.377, 0, Tesla V100-SXM2-32GB, 97 %, 60 %, 32768 MiB, 4842 MiB, 27653 MiB, 284.58 W, 63
2026/06/18 12:24:48.379, 0, Tesla V100-SXM2-32GB, 97 %, 60 %, 32768 MiB, 4842 MiB, 27653 MiB, 283.43 W, 64
2026/06/18 12:24:49.380, 0, Tesla V100-SXM2-32GB, 97 %, 60 %, 32768 MiB, 4842 MiB, 27653 MiB, 288.48 W, 64
2026/06/18 12:24:50.381, 0, Tesla V100-SXM2-32GB, 96 %, 60 %, 32768 MiB, 4842 MiB, 27653 MiB, 279.34 W, 64
2026/06/18 12:24:51.383, 0, Tesla V100-SXM2-32GB, 89 %, 55 %, 32768 MiB, 4842 MiB, 27653 MiB, 276.42 W, 63
2026/06/18 12:24:52.384, 0, Tesla V100-SXM2-32GB, 96 %, 64 %, 32768 MiB, 4842 MiB, 27653 MiB, 282.07 W, 63
2026/06/18 12:24:53.386, 0, Tesla V100-SXM2-32GB, 97 %, 59 %, 32768 MiB, 4842 MiB, 27653 MiB, 282.75 W, 63
2026/06/18 12:24:54.387, 0, Tesla V100-SXM2-32GB, 99 %, 64 %, 32768 MiB, 4842 MiB, 27653 MiB, 273.88 W, 63
2026/06/18 12:24:55.389, 0, Tesla V100-SXM2-32GB, 99 %, 64 %, 32768 MiB, 4842 MiB, 27653 MiB, 82.57 W, 60
2026/06/18 12:24:56.390, 0, Tesla V100-SXM2-32GB, 2 %, 0 %, 32768 MiB, 4842 MiB, 27653 MiB, 77.15 W, 56
2026/06/18 12:24:57.391, 0, Tesla V100-SXM2-32GB, 97 %, 59 %, 32768 MiB, 4842 MiB, 27653 MiB, 284.86 W, 62
2026/06/18 12:24:58.394, 0, Tesla V100-SXM2-32GB, 97 %, 60 %, 32768 MiB, 4842 MiB, 27653 MiB, 282.86 W, 62
2026/06/18 12:24:59.395, 0, Tesla V100-SXM2-32GB, 97 %, 59 %, 32768 MiB, 4842 MiB, 27653 MiB, 282.67 W, 63
2026/06/18 12:25:00.396, 0, Tesla V100-SXM2-32GB, 97 %, 59 %, 32768 MiB, 4842 MiB, 27653 MiB, 269.44 W, 62
2026/06/18 12:25:01.398, 0, Tesla V100-SXM2-32GB, 97 %, 60 %, 32768 MiB, 4842 MiB, 27653 MiB, 279.34 W, 63
2026/06/18 12:25:02.399, 0, Tesla V100-SXM2-32GB, 96 %, 59 %, 32768 MiB, 4842 MiB, 27653 MiB, 281.91 W, 62
2026/06/18 12:25:03.401, 0, Tesla V100-SXM2-32GB, 96 %, 59 %, 32768 MiB, 4842 MiB, 27653 MiB, 284.39 W, 63
2026/06/18 12:25:04.402, 0, Tesla V100-SXM2-32GB, 96 %, 59 %, 32768 MiB, 4842 MiB, 27653 MiB, 279.62 W, 62
2026/06/18 12:25:05.404, 0, Tesla V100-SXM2-32GB, 96 %, 59 %, 32768 MiB, 4842 MiB, 27653 MiB, 279.62 W, 63
2026/06/18 12:25:06.405, 0, Tesla V100-SXM2-32GB, 96 %, 58 %, 32768 MiB, 4842 MiB, 27653 MiB, 279.81 W, 62
2026/06/18 12:25:07.407, 0, Tesla V100-SXM2-32GB, 96 %, 59 %, 32768 MiB, 4842 MiB, 27653 MiB, 282.77 W, 63
2026/06/18 12:25:08.408, 0, Tesla V100-SXM2-32GB, 97 %, 59 %, 32768 MiB, 4842 MiB, 27653 MiB, 285.91 W, 63
2026/06/18 12:25:09.409, 0, Tesla V100-SXM2-32GB, 97 %, 60 %, 32768 MiB, 4842 MiB, 27653 MiB, 286.29 W, 62
2026/06/18 12:25:10.411, 0, Tesla V100-SXM2-32GB, 97 %, 60 %, 32768 MiB, 4842 MiB, 27653 MiB, 283.24 W, 63
2026/06/18 12:25:11.412, 0, Tesla V100-SXM2-32GB, 97 %, 60 %, 32768 MiB, 4842 MiB, 27653 MiB, 289.06 W, 62
2026/06/18 12:25:12.413, 0, Tesla V100-SXM2-32GB, 97 %, 59 %, 32768 MiB, 4842 MiB, 27653 MiB, 288.58 W, 62
2026/06/18 12:25:13.415, 0, Tesla V100-SXM2-32GB, 97 %, 60 %, 32768 MiB, 4842 MiB, 27653 MiB, 273.43 W, 62
2026/06/18 12:25:14.416, 0, Tesla V100-SXM2-32GB, 95 %, 59 %, 32768 MiB, 4842 MiB, 27653 MiB, 265.52 W, 62
2026/06/18 12:25:15.418, 0, Tesla V100-SXM2-32GB, 97 %, 59 %, 32768 MiB, 4842 MiB, 27653 MiB, 274.86 W, 62
2026/06/18 12:25:16.419, 0, Tesla V100-SXM2-32GB, 97 %, 59 %, 32768 MiB, 4842 MiB, 27653 MiB, 279.34 W, 63
2026/06/18 12:25:17.421, 0, Tesla V100-SXM2-32GB, 96 %, 59 %, 32768 MiB, 4842 MiB, 27653 MiB, 280.58 W, 62
2026/06/18 12:25:18.422, 0, Tesla V100-SXM2-32GB, 97 %, 60 %, 32768 MiB, 4842 MiB, 27653 MiB, 280.58 W, 62
2026/06/18 12:25:19.424, 0, Tesla V100-SXM2-32GB, 97 %, 60 %, 32768 MiB, 4842 MiB, 27653 MiB, 279.62 W, 62
2026/06/18 12:25:20.426, 0, Tesla V100-SXM2-32GB, 97 %, 61 %, 32768 MiB, 4842 MiB, 27653 MiB, 277.72 W, 62
2026/06/18 12:25:21.429, 0, Tesla V100-SXM2-32GB, 97 %, 61 %, 32768 MiB, 4842 MiB, 27653 MiB, 276.66 W, 62
2026/06/18 12:25:22.430, 0, Tesla V100-SXM2-32GB, 97 %, 61 %, 32768 MiB, 4842 MiB, 27653 MiB, 275.23 W, 62
2026/06/18 12:25:23.432, 0, Tesla V100-SXM2-32GB, 97 %, 60 %, 32768 MiB, 4842 MiB, 27653 MiB, 265.52 W, 63
2026/06/18 12:25:24.433, 0, Tesla V100-SXM2-32GB, 97 %, 61 %, 32768 MiB, 4842 MiB, 27653 MiB, 270.17 W, 62
2026/06/18 12:25:25.434, 0, Tesla V100-SXM2-32GB, 96 %, 61 %, 32768 MiB, 4842 MiB, 27653 MiB, 255.68 W, 62
2026/06/18 12:25:26.436, 0, Tesla V100-SXM2-32GB, 97 %, 59 %, 32768 MiB, 4842 MiB, 27653 MiB, 242.97 W, 62
2026/06/18 12:25:27.437, 0, Tesla V100-SXM2-32GB, 97 %, 60 %, 32768 MiB, 4842 MiB, 27653 MiB, 241.22 W, 63
2026/06/18 12:25:28.440, 0, Tesla V100-SXM2-32GB, 96 %, 60 %, 32768 MiB, 4842 MiB, 27653 MiB, 246.46 W, 62
2026/06/18 12:25:29.441, 0, Tesla V100-SXM2-32GB, 97 %, 60 %, 32768 MiB, 4842 MiB, 27653 MiB, 242.02 W, 63
2026/06/18 12:25:30.443, 0, Tesla V100-SXM2-32GB, 97 %, 60 %, 32768 MiB, 4842 MiB, 27653 MiB, 229.31 W, 62
2026/06/18 12:25:31.444, 0, Tesla V100-SXM2-32GB, 97 %, 62 %, 32768 MiB, 4842 MiB, 27653 MiB, 225.65 W, 63
2026/06/18 12:25:32.446, 0, Tesla V100-SXM2-32GB, 96 %, 62 %, 32768 MiB, 4842 MiB, 27653 MiB, 217.69 W, 62
2026/06/18 12:25:33.447, 0, Tesla V100-SXM2-32GB, 97 %, 64 %, 32768 MiB, 4842 MiB, 27653 MiB, 232.00 W, 63
2026/06/18 12:25:34.449, 0, Tesla V100-SXM2-32GB, 97 %, 66 %, 32768 MiB, 4842 MiB, 27653 MiB, 221.65 W, 63
2026/06/18 12:25:35.451, 0, Tesla V100-SXM2-32GB, 97 %, 62 %, 32768 MiB, 4842 MiB, 27653 MiB, 214.20 W, 63
2026/06/18 12:25:36.452, 0, Tesla V100-SXM2-32GB, 97 %, 64 %, 32768 MiB, 4842 MiB, 27653 MiB, 251.08 W, 63
2026/06/18 12:25:37.454, 0, Tesla V100-SXM2-32GB, 97 %, 64 %, 32768 MiB, 4842 MiB, 27653 MiB, 253.78 W, 63
2026/06/18 12:25:38.455, 0, Tesla V100-SXM2-32GB, 97 %, 64 %, 32768 MiB, 4842 MiB, 27653 MiB, 255.68 W, 63
2026/06/18 12:25:39.458, 0, Tesla V100-SXM2-32GB, 97 %, 64 %, 32768 MiB, 4842 MiB, 27653 MiB, 252.65 W, 63
2026/06/18 12:25:40.460, 0, Tesla V100-SXM2-32GB, 97 %, 63 %, 32768 MiB, 4842 MiB, 27653 MiB, 262.66 W, 63
2026/06/18 12:25:41.462, 0, Tesla V100-SXM2-32GB, 99 %, 62 %, 32768 MiB, 4842 MiB, 27653 MiB, 283.53 W, 63
2026/06/18 12:25:42.464, 0, Tesla V100-SXM2-32GB, 92 %, 57 %, 32768 MiB, 4842 MiB, 27653 MiB, 82.57 W, 59
2026/06/18 12:25:43.466, 0, Tesla V100-SXM2-32GB, 2 %, 0 %, 32768 MiB, 4842 MiB, 27653 MiB, 77.48 W, 56
2026/06/18 12:25:44.467, 0, Tesla V100-SXM2-32GB, 97 %, 61 %, 32768 MiB, 4842 MiB, 27653 MiB, 287.92 W, 61
2026/06/18 12:25:45.469, 0, Tesla V100-SXM2-32GB, 97 %, 60 %, 32768 MiB, 4842 MiB, 27653 MiB, 283.91 W, 62
2026/06/18 12:25:46.470, 0, Tesla V100-SXM2-32GB, 97 %, 60 %, 32768 MiB, 4842 MiB, 27653 MiB, 278.67 W, 62
2026/06/18 12:25:47.472, 0, Tesla V100-SXM2-32GB, 97 %, 59 %, 32768 MiB, 4842 MiB, 27653 MiB, 273.33 W, 62
2026/06/18 12:25:48.473, 0, Tesla V100-SXM2-32GB, 97 %, 60 %, 32768 MiB, 4842 MiB, 27653 MiB, 278.48 W, 63
2026/06/18 12:25:49.474, 0, Tesla V100-SXM2-32GB, 97 %, 61 %, 32768 MiB, 4842 MiB, 27653 MiB, 286.20 W, 63
2026/06/18 12:25:50.476, 0, Tesla V100-SXM2-32GB, 88 %, 57 %, 32768 MiB, 4842 MiB, 27653 MiB, 98.21 W, 60
2026/06/18 12:25:51.477, 0, Tesla V100-SXM2-32GB, 97 %, 62 %, 32768 MiB, 4842 MiB, 27653 MiB, 272.28 W, 61
2026/06/18 12:25:52.479, 0, Tesla V100-SXM2-32GB, 0 %, 0 %, 32768 MiB, 4842 MiB, 27653 MiB, 80.82 W, 57
2026/06/18 12:25:53.480, 0, Tesla V100-SXM2-32GB, 97 %, 63 %, 32768 MiB, 4842 MiB, 27653 MiB, 243.95 W, 61
2026/06/18 12:25:54.482, 0, Tesla V100-SXM2-32GB, 97 %, 61 %, 32768 MiB, 4842 MiB, 27653 MiB, 256.20 W, 61
2026/06/18 12:25:55.483, 0, Tesla V100-SXM2-32GB, 97 %, 61 %, 32768 MiB, 4842 MiB, 27653 MiB, 256.46 W, 62
2026/06/18 12:25:56.485, 0, Tesla V100-SXM2-32GB, 97 %, 60 %, 32768 MiB, 4842 MiB, 27653 MiB, 246.29 W, 61
2026/06/18 12:25:57.486, 0, Tesla V100-SXM2-32GB, 97 %, 60 %, 32768 MiB, 4842 MiB, 27653 MiB, 262.31 W, 62
2026/06/18 12:25:58.487, 0, Tesla V100-SXM2-32GB, 97 %, 60 %, 32768 MiB, 4842 MiB, 27653 MiB, 257.85 W, 62
2026/06/18 12:25:59.489, 0, Tesla V100-SXM2-32GB, 97 %, 59 %, 32768 MiB, 4842 MiB, 27653 MiB, 247.43 W, 62
2026/06/18 12:26:00.490, 0, Tesla V100-SXM2-32GB, 97 %, 60 %, 32768 MiB, 4842 MiB, 27653 MiB, 248.53 W, 62
2026/06/18 12:26:01.492, 0, Tesla V100-SXM2-32GB, 97 %, 60 %, 32768 MiB, 4842 MiB, 27653 MiB, 249.01 W, 62
2026/06/18 12:26:02.493, 0, Tesla V100-SXM2-32GB, 97 %, 60 %, 32768 MiB, 4842 MiB, 27653 MiB, 245.19 W, 62
2026/06/18 12:26:03.494, 0, Tesla V100-SXM2-32GB, 97 %, 59 %, 32768 MiB, 4842 MiB, 27653 MiB, 246.15 W, 62
2026/06/18 12:26:04.496, 0, Tesla V100-SXM2-32GB, 97 %, 60 %, 32768 MiB, 4842 MiB, 27653 MiB, 259.98 W, 62
2026/06/18 12:26:05.497, 0, Tesla V100-SXM2-32GB, 97 %, 61 %, 32768 MiB, 4842 MiB, 27653 MiB, 266.17 W, 62
2026/06/18 12:26:06.499, 0, Tesla V100-SXM2-32GB, 97 %, 61 %, 32768 MiB, 4842 MiB, 27653 MiB, 254.22 W, 62
2026/06/18 12:26:07.500, 0, Tesla V100-SXM2-32GB, 97 %, 62 %, 32768 MiB, 4842 MiB, 27653 MiB, 270.65 W, 62
2026/06/18 12:26:08.502, 0, Tesla V100-SXM2-32GB, 96 %, 61 %, 32768 MiB, 4842 MiB, 27653 MiB, 261.53 W, 62
2026/06/18 12:26:09.503, 0, Tesla V100-SXM2-32GB, 97 %, 62 %, 32768 MiB, 4842 MiB, 27653 MiB, 270.65 W, 62
2026/06/18 12:26:10.505, 0, Tesla V100-SXM2-32GB, 97 %, 62 %, 32768 MiB, 4842 MiB, 27653 MiB, 269.69 W, 62
2026/06/18 12:26:11.506, 0, Tesla V100-SXM2-32GB, 97 %, 63 %, 32768 MiB, 4842 MiB, 27653 MiB, 263.14 W, 62
2026/06/18 12:26:12.508, 0, Tesla V100-SXM2-32GB, 97 %, 63 %, 32768 MiB, 4842 MiB, 27653 MiB, 262.48 W, 62
2026/06/18 12:26:13.509, 0, Tesla V100-SXM2-32GB, 97 %, 64 %, 32768 MiB, 4842 MiB, 27653 MiB, 265.64 W, 62
2026/06/18 12:26:14.510, 0, Tesla V100-SXM2-32GB, 97 %, 65 %, 32768 MiB, 4842 MiB, 27653 MiB, 267.42 W, 62
2026/06/18 12:26:15.512, 0, Tesla V100-SXM2-32GB, 97 %, 66 %, 32768 MiB, 4842 MiB, 27653 MiB, 280.67 W, 62
2026/06/18 12:26:16.513, 0, Tesla V100-SXM2-32GB, 32 %, 20 %, 32768 MiB, 4842 MiB, 27653 MiB, 287.16 W, 60
2026/06/18 12:26:17.515, 0, Tesla V100-SXM2-32GB, 9 %, 8 %, 32768 MiB, 4842 MiB, 27653 MiB, 224.06 W, 57
2026/06/18 12:26:18.516, 0, Tesla V100-SXM2-32GB, 97 %, 65 %, 32768 MiB, 4842 MiB, 27653 MiB, 250.94 W, 61
2026/06/18 12:26:19.518, 0, Tesla V100-SXM2-32GB, 98 %, 67 %, 32768 MiB, 4842 MiB, 27653 MiB, 261.10 W, 61
2026/06/18 12:26:20.519, 0, Tesla V100-SXM2-32GB, 98 %, 67 %, 32768 MiB, 4842 MiB, 27653 MiB, 265.70 W, 61
2026/06/18 12:26:21.521, 0, Tesla V100-SXM2-32GB, 96 %, 66 %, 32768 MiB, 4842 MiB, 27653 MiB, 274.39 W, 62
2026/06/18 12:26:22.524, 0, Tesla V100-SXM2-32GB, 96 %, 67 %, 32768 MiB, 4842 MiB, 27653 MiB, 273.91 W, 62
2026/06/18 12:26:23.526, 0, Tesla V100-SXM2-32GB, 96 %, 68 %, 32768 MiB, 4842 MiB, 27653 MiB, 272.48 W, 62
2026/06/18 12:26:24.528, 0, Tesla V100-SXM2-32GB, 96 %, 68 %, 32768 MiB, 4842 MiB, 27653 MiB, 282.48 W, 62
2026/06/18 12:26:25.530, 0, Tesla V100-SXM2-32GB, 96 %, 68 %, 32768 MiB, 4842 MiB, 27653 MiB, 289.43 W, 62
2026/06/18 12:26:26.532, 0, Tesla V100-SXM2-32GB, 96 %, 67 %, 32768 MiB, 4842 MiB, 27653 MiB, 294.30 W, 62
2026/06/18 12:26:27.534, 0, Tesla V100-SXM2-32GB, 96 %, 65 %, 32768 MiB, 4842 MiB, 27653 MiB, 289.62 W, 62
2026/06/18 12:26:28.536, 0, Tesla V100-SXM2-32GB, 94 %, 64 %, 32768 MiB, 4842 MiB, 27653 MiB, 288.39 W, 62
2026/06/18 12:26:29.537, 0, Tesla V100-SXM2-32GB, 54 %, 36 %, 32768 MiB, 4842 MiB, 27653 MiB, 246.31 W, 60
2026/06/18 12:26:30.539, 0, Tesla V100-SXM2-32GB, 99 %, 63 %, 32768 MiB, 4842 MiB, 27653 MiB, 260.28 W, 62
2026/06/18 12:26:31.542, 0, Tesla V100-SXM2-32GB, 0 %, 0 %, 32768 MiB, 4842 MiB, 27653 MiB, 77.33 W, 56
2026/06/18 12:26:32.543, 0, Tesla V100-SXM2-32GB, 4 %, 3 %, 32768 MiB, 4842 MiB, 27653 MiB, 202.95 W, 55
2026/06/18 12:26:33.544, 0, Tesla V100-SXM2-32GB, 96 %, 68 %, 32768 MiB, 4842 MiB, 27653 MiB, 246.97 W, 60
2026/06/18 12:26:34.546, 0, Tesla V100-SXM2-32GB, 96 %, 68 %, 32768 MiB, 4842 MiB, 27653 MiB, 255.07 W, 61
2026/06/18 12:26:35.547, 0, Tesla V100-SXM2-32GB, 96 %, 68 %, 32768 MiB, 4842 MiB, 27653 MiB, 239.95 W, 61
2026/06/18 12:26:36.552, 0, Tesla V100-SXM2-32GB, 96 %, 68 %, 32768 MiB, 4842 MiB, 27653 MiB, 251.87 W, 61
2026/06/18 12:26:37.553, 0, Tesla V100-SXM2-32GB, 97 %, 64 %, 32768 MiB, 4842 MiB, 27653 MiB, 250.75 W, 61
2026/06/18 12:26:38.555, 0, Tesla V100-SXM2-32GB, 97 %, 66 %, 32768 MiB, 4842 MiB, 27653 MiB, 261.88 W, 61
2026/06/18 12:26:39.556, 0, Tesla V100-SXM2-32GB, 97 %, 67 %, 32768 MiB, 4842 MiB, 27653 MiB, 269.21 W, 61
2026/06/18 12:26:40.558, 0, Tesla V100-SXM2-32GB, 96 %, 68 %, 32768 MiB, 4842 MiB, 27653 MiB, 260.28 W, 61
2026/06/18 12:26:41.560, 0, Tesla V100-SXM2-32GB, 96 %, 64 %, 32768 MiB, 4842 MiB, 27653 MiB, 258.85 W, 61
2026/06/18 12:26:42.561, 0, Tesla V100-SXM2-32GB, 97 %, 59 %, 32768 MiB, 4842 MiB, 27653 MiB, 269.51 W, 62
2026/06/18 12:26:43.563, 0, Tesla V100-SXM2-32GB, 97 %, 62 %, 32768 MiB, 4842 MiB, 27653 MiB, 265.99 W, 61
2026/06/18 12:26:44.564, 0, Tesla V100-SXM2-32GB, 97 %, 62 %, 32768 MiB, 4842 MiB, 27653 MiB, 269.21 W, 61
2026/06/18 12:26:45.566, 0, Tesla V100-SXM2-32GB, 97 %, 62 %, 32768 MiB, 4842 MiB, 27653 MiB, 271.05 W, 62
2026/06/18 12:26:46.568, 0, Tesla V100-SXM2-32GB, 97 %, 62 %, 32768 MiB, 4842 MiB, 27653 MiB, 265.99 W, 61
2026/06/18 12:26:47.570, 0, Tesla V100-SXM2-32GB, 97 %, 63 %, 32768 MiB, 4842 MiB, 27653 MiB, 269.99 W, 61
2026/06/18 12:26:48.572, 0, Tesla V100-SXM2-32GB, 97 %, 64 %, 32768 MiB, 4842 MiB, 27653 MiB, 269.51 W, 62
2026/06/18 12:26:49.573, 0, Tesla V100-SXM2-32GB, 97 %, 64 %, 32768 MiB, 4842 MiB, 27653 MiB, 272.74 W, 62
2026/06/18 12:26:50.575, 0, Tesla V100-SXM2-32GB, 97 %, 64 %, 32768 MiB, 4842 MiB, 27653 MiB, 260.10 W, 62
2026/06/18 12:26:51.576, 0, Tesla V100-SXM2-32GB, 97 %, 65 %, 32768 MiB, 4842 MiB, 27653 MiB, 270.58 W, 62
2026/06/18 12:26:52.578, 0, Tesla V100-SXM2-32GB, 97 %, 66 %, 32768 MiB, 4842 MiB, 27653 MiB, 270.87 W, 62
2026/06/18 12:26:53.579, 0, Tesla V100-SXM2-32GB, 97 %, 67 %, 32768 MiB, 4842 MiB, 27653 MiB, 280.95 W, 62
2026/06/18 12:26:54.580, 0, Tesla V100-SXM2-32GB, 97 %, 67 %, 32768 MiB, 4842 MiB, 27653 MiB, 278.57 W, 62
2026/06/18 12:26:55.582, 0, Tesla V100-SXM2-32GB, 96 %, 67 %, 32768 MiB, 4842 MiB, 27653 MiB, 277.30 W, 62
2026/06/18 12:26:56.583, 0, Tesla V100-SXM2-32GB, 96 %, 67 %, 32768 MiB, 4842 MiB, 27653 MiB, 271.89 W, 62
2026/06/18 12:26:57.585, 0, Tesla V100-SXM2-32GB, 96 %, 67 %, 32768 MiB, 4842 MiB, 27653 MiB, 275.63 W, 62
2026/06/18 12:26:58.586, 0, Tesla V100-SXM2-32GB, 96 %, 68 %, 32768 MiB, 4842 MiB, 27653 MiB, 277.24 W, 62
2026/06/18 12:26:59.588, 0, Tesla V100-SXM2-32GB, 96 %, 68 %, 32768 MiB, 4842 MiB, 27653 MiB, 285.34 W, 62
2026/06/18 12:27:00.589, 0, Tesla V100-SXM2-32GB, 96 %, 68 %, 32768 MiB, 4842 MiB, 27653 MiB, 288.20 W, 62
2026/06/18 12:27:01.590, 0, Tesla V100-SXM2-32GB, 96 %, 67 %, 32768 MiB, 4842 MiB, 27653 MiB, 297.44 W, 62
2026/06/18 12:27:02.592, 0, Tesla V100-SXM2-32GB, 95 %, 66 %, 32768 MiB, 4842 MiB, 27653 MiB, 295.54 W, 62
2026/06/18 12:27:03.593, 0, Tesla V100-SXM2-32GB, 96 %, 66 %, 32768 MiB, 4842 MiB, 27653 MiB, 294.66 W, 62
2026/06/18 12:27:04.595, 0, Tesla V100-SXM2-32GB, 96 %, 65 %, 32768 MiB, 4842 MiB, 27653 MiB, 284.39 W, 62
2026/06/18 12:27:05.596, 0, Tesla V100-SXM2-32GB, 96 %, 64 %, 32768 MiB, 4842 MiB, 27653 MiB, 294.58 W, 63
2026/06/18 12:27:06.598, 0, Tesla V100-SXM2-32GB, 97 %, 64 %, 32768 MiB, 4842 MiB, 27653 MiB, 289.34 W, 62
2026/06/18 12:27:07.599, 0, Tesla V100-SXM2-32GB, 97 %, 63 %, 32768 MiB, 4842 MiB, 27653 MiB, 285.34 W, 62
2026/06/18 12:27:08.601, 0, Tesla V100-SXM2-32GB, 97 %, 62 %, 32768 MiB, 4842 MiB, 27653 MiB, 284.58 W, 63
2026/06/18 12:27:09.602, 0, Tesla V100-SXM2-32GB, 97 %, 61 %, 32768 MiB, 4842 MiB, 27653 MiB, 279.15 W, 62
2026/06/18 12:27:10.603, 0, Tesla V100-SXM2-32GB, 96 %, 61 %, 32768 MiB, 4842 MiB, 27653 MiB, 284.86 W, 63
2026/06/18 12:27:11.605, 0, Tesla V100-SXM2-32GB, 97 %, 60 %, 32768 MiB, 4842 MiB, 27653 MiB, 270.28 W, 62
2026/06/18 12:27:12.606, 0, Tesla V100-SXM2-32GB, 96 %, 68 %, 32768 MiB, 4842 MiB, 27653 MiB, 277.24 W, 63
2026/06/18 12:27:13.608, 0, Tesla V100-SXM2-32GB, 96 %, 67 %, 32768 MiB, 4842 MiB, 27653 MiB, 279.62 W, 63
2026/06/18 12:27:14.609, 0, Tesla V100-SXM2-32GB, 96 %, 67 %, 32768 MiB, 4842 MiB, 27653 MiB, 278.67 W, 63
2026/06/18 12:27:15.611, 0, Tesla V100-SXM2-32GB, 94 %, 65 %, 32768 MiB, 4842 MiB, 27653 MiB, 276.29 W, 63
2026/06/18 12:27:16.613, 0, Tesla V100-SXM2-32GB, 96 %, 62 %, 32768 MiB, 4842 MiB, 27653 MiB, 259.98 W, 61
2026/06/18 12:27:17.615, 0, Tesla V100-SXM2-32GB, 99 %, 63 %, 32768 MiB, 4842 MiB, 27653 MiB, 269.92 W, 62
2026/06/18 12:27:18.617, 0, Tesla V100-SXM2-32GB, 0 %, 0 %, 32768 MiB, 4842 MiB, 27653 MiB, 80.71 W, 57
2026/06/18 12:27:19.619, 0, Tesla V100-SXM2-32GB, 0 %, 0 %, 32768 MiB, 4842 MiB, 27653 MiB, 267.60 W, 58
2026/06/18 12:27:20.620, 0, Tesla V100-SXM2-32GB, 97 %, 61 %, 32768 MiB, 4842 MiB, 27653 MiB, 284.77 W, 61
2026/06/18 12:27:21.622, 0, Tesla V100-SXM2-32GB, 97 %, 60 %, 32768 MiB, 4842 MiB, 27653 MiB, 273.91 W, 62
2026/06/18 12:27:22.623, 0, Tesla V100-SXM2-32GB, 97 %, 60 %, 32768 MiB, 4842 MiB, 27653 MiB, 282.01 W, 62
2026/06/18 12:27:23.624, 0, Tesla V100-SXM2-32GB, 97 %, 59 %, 32768 MiB, 4842 MiB, 27653 MiB, 277.72 W, 62
2026/06/18 12:27:24.626, 0, Tesla V100-SXM2-32GB, 97 %, 60 %, 32768 MiB, 4842 MiB, 27653 MiB, 282.10 W, 62
2026/06/18 12:27:25.627, 0, Tesla V100-SXM2-32GB, 97 %, 61 %, 32768 MiB, 4842 MiB, 27653 MiB, 269.81 W, 62
2026/06/18 12:27:26.629, 0, Tesla V100-SXM2-32GB, 97 %, 60 %, 32768 MiB, 4842 MiB, 27653 MiB, 268.38 W, 62
2026/06/18 12:27:27.630, 0, Tesla V100-SXM2-32GB, 97 %, 62 %, 32768 MiB, 4842 MiB, 27653 MiB, 282.48 W, 62
2026/06/18 12:27:28.631, 0, Tesla V100-SXM2-32GB, 97 %, 63 %, 32768 MiB, 4842 MiB, 27653 MiB, 281.82 W, 62
2026/06/18 12:27:29.633, 0, Tesla V100-SXM2-32GB, 97 %, 63 %, 32768 MiB, 4842 MiB, 27653 MiB, 285.34 W, 62
2026/06/18 12:27:30.634, 0, Tesla V100-SXM2-32GB, 97 %, 64 %, 32768 MiB, 4842 MiB, 27653 MiB, 277.91 W, 62
2026/06/18 12:27:31.636, 0, Tesla V100-SXM2-32GB, 97 %, 65 %, 32768 MiB, 4842 MiB, 27653 MiB, 261.23 W, 62
2026/06/18 12:27:32.637, 0, Tesla V100-SXM2-32GB, 97 %, 66 %, 32768 MiB, 4842 MiB, 27653 MiB, 280.95 W, 62
2026/06/18 12:27:33.639, 0, Tesla V100-SXM2-32GB, 97 %, 67 %, 32768 MiB, 4842 MiB, 27653 MiB, 256.77 W, 62
2026/06/18 12:27:34.640, 0, Tesla V100-SXM2-32GB, 96 %, 66 %, 32768 MiB, 4842 MiB, 27653 MiB, 258.85 W, 62
2026/06/18 12:27:35.642, 0, Tesla V100-SXM2-32GB, 96 %, 67 %, 32768 MiB, 4842 MiB, 27653 MiB, 254.73 W, 62
2026/06/18 12:27:36.644, 0, Tesla V100-SXM2-32GB, 96 %, 68 %, 32768 MiB, 4842 MiB, 27653 MiB, 254.73 W, 62
2026/06/18 12:27:37.646, 0, Tesla V100-SXM2-32GB, 96 %, 68 %, 32768 MiB, 4842 MiB, 27653 MiB, 245.03 W, 62
2026/06/18 12:27:38.649, 0, Tesla V100-SXM2-32GB, 96 %, 68 %, 32768 MiB, 4842 MiB, 27653 MiB, 252.82 W, 62
2026/06/18 12:27:39.651, 0, Tesla V100-SXM2-32GB, 86 %, 59 %, 32768 MiB, 4842 MiB, 27653 MiB, 281.69 W, 62
2026/06/18 12:27:40.653, 0, Tesla V100-SXM2-32GB, 96 %, 67 %, 32768 MiB, 4842 MiB, 27653 MiB, 255.00 W, 61
2026/06/18 12:27:41.655, 0, Tesla V100-SXM2-32GB, 61 %, 38 %, 32768 MiB, 4842 MiB, 27653 MiB, 285.24 W, 61
2026/06/18 12:27:42.658, 0, Tesla V100-SXM2-32GB, 97 %, 65 %, 32768 MiB, 4842 MiB, 27653 MiB, 284.20 W, 62
2026/06/18 12:27:43.660, 0, Tesla V100-SXM2-32GB, 98 %, 66 %, 32768 MiB, 4842 MiB, 27653 MiB, 283.15 W, 62
2026/06/18 12:27:44.662, 0, Tesla V100-SXM2-32GB, 97 %, 67 %, 32768 MiB, 4842 MiB, 27653 MiB, 273.14 W, 62
2026/06/18 12:27:45.663, 0, Tesla V100-SXM2-32GB, 96 %, 67 %, 32768 MiB, 4842 MiB, 27653 MiB, 278.38 W, 62
2026/06/18 12:27:46.665, 0, Tesla V100-SXM2-32GB, 96 %, 68 %, 32768 MiB, 4842 MiB, 27653 MiB, 279.15 W, 62
2026/06/18 12:27:47.666, 0, Tesla V100-SXM2-32GB, 96 %, 65 %, 32768 MiB, 4842 MiB, 27653 MiB, 282.29 W, 62
2026/06/18 12:27:48.668, 0, Tesla V100-SXM2-32GB, 97 %, 61 %, 32768 MiB, 4842 MiB, 27653 MiB, 286.20 W, 61
2026/06/18 12:27:49.669, 0, Tesla V100-SXM2-32GB, 97 %, 60 %, 32768 MiB, 4842 MiB, 27653 MiB, 276.85 W, 61
2026/06/18 12:27:50.671, 0, Tesla V100-SXM2-32GB, 96 %, 61 %, 32768 MiB, 4842 MiB, 27653 MiB, 273.69 W, 61
2026/06/18 12:27:51.672, 0, Tesla V100-SXM2-32GB, 0 %, 0 %, 32768 MiB, 4842 MiB, 27653 MiB, 76.42 W, 55
2026/06/18 12:27:52.674, 0, Tesla V100-SXM2-32GB, 89 %, 59 %, 32768 MiB, 4842 MiB, 27653 MiB, 263.51 W, 60
2026/06/18 12:27:53.676, 0, Tesla V100-SXM2-32GB, 0 %, 0 %, 32768 MiB, 4842 MiB, 27653 MiB, 75.35 W, 54
2026/06/18 12:27:54.677, 0, Tesla V100-SXM2-32GB, 0 %, 0 %, 32768 MiB, 4842 MiB, 27653 MiB, 74.67 W, 53
2026/06/18 12:27:55.679, 0, Tesla V100-SXM2-32GB, 27 %, 18 %, 32768 MiB, 4842 MiB, 27653 MiB, 276.60 W, 57
2026/06/18 12:27:56.680, 0, Tesla V100-SXM2-32GB, 97 %, 62 %, 32768 MiB, 4842 MiB, 27653 MiB, 280.75 W, 58
2026/06/18 12:27:57.682, 0, Tesla V100-SXM2-32GB, 97 %, 61 %, 32768 MiB, 4842 MiB, 27653 MiB, 271.71 W, 59
2026/06/18 12:27:58.683, 0, Tesla V100-SXM2-32GB, 97 %, 60 %, 32768 MiB, 4842 MiB, 27653 MiB, 279.05 W, 59
2026/06/18 12:27:59.684, 0, Tesla V100-SXM2-32GB, 97 %, 60 %, 32768 MiB, 4842 MiB, 27653 MiB, 277.91 W, 59
2026/06/18 12:28:00.686, 0, Tesla V100-SXM2-32GB, 97 %, 59 %, 32768 MiB, 4842 MiB, 27653 MiB, 276.19 W, 59
2026/06/18 12:28:01.687, 0, Tesla V100-SXM2-32GB, 97 %, 60 %, 32768 MiB, 4842 MiB, 27653 MiB, 278.38 W, 59
2026/06/18 12:28:02.689, 0, Tesla V100-SXM2-32GB, 97 %, 61 %, 32768 MiB, 4842 MiB, 27653 MiB, 274.86 W, 59
2026/06/18 12:28:03.690, 0, Tesla V100-SXM2-32GB, 97 %, 62 %, 32768 MiB, 4842 MiB, 27653 MiB, 280.10 W, 59
2026/06/18 12:28:04.692, 0, Tesla V100-SXM2-32GB, 97 %, 62 %, 32768 MiB, 4842 MiB, 27653 MiB, 268.67 W, 59
2026/06/18 12:28:05.693, 0, Tesla V100-SXM2-32GB, 97 %, 63 %, 32768 MiB, 4842 MiB, 27653 MiB, 277.33 W, 59
2026/06/18 12:28:06.695, 0, Tesla V100-SXM2-32GB, 97 %, 63 %, 32768 MiB, 4842 MiB, 27653 MiB, 272.67 W, 59
2026/06/18 12:28:07.696, 0, Tesla V100-SXM2-32GB, 99 %, 63 %, 32768 MiB, 4842 MiB, 27653 MiB, 259.98 W, 58
2026/06/18 12:28:08.698, 0, Tesla V100-SXM2-32GB, 99 %, 62 %, 32768 MiB, 4842 MiB, 27653 MiB, 266.65 W, 58
2026/06/18 12:28:09.700, 0, Tesla V100-SXM2-32GB, 3 %, 0 %, 32768 MiB, 4842 MiB, 27653 MiB, 77.86 W, 52
2026/06/18 12:28:10.702, 0, Tesla V100-SXM2-32GB, 6 %, 0 %, 32768 MiB, 4842 MiB, 27653 MiB, 77.28 W, 51
2026/06/18 12:28:11.703, 0, Tesla V100-SXM2-32GB, 99 %, 63 %, 32768 MiB, 4842 MiB, 27653 MiB, 275.68 W, 57
2026/06/18 12:28:12.705, 0, Tesla V100-SXM2-32GB, 99 %, 65 %, 32768 MiB, 4842 MiB, 27653 MiB, 267.60 W, 58
2026/06/18 12:28:13.707, 0, Tesla V100-SXM2-32GB, 100 %, 63 %, 32768 MiB, 4842 MiB, 27653 MiB, 78.84 W, 55
2026/06/18 12:28:14.709, 0, Tesla V100-SXM2-32GB, 0 %, 0 %, 32768 MiB, 4842 MiB, 27653 MiB, 77.38 W, 52
