job_id,experiment_name,model_name,epoch,step,batch_size,num_workers,cpus_per_task,loss,top1,top5,data_time_sec,compute_time_sec,step_time_sec,samples_per_sec,torch_mem_allocated_mb,torch_mem_reserved_mb,torch_max_mem_allocated_mb,torch_max_mem_reserved_mb
1145,custom,resnet34,1,1,128,4,4,4.733074,0.78125,3.90625,0.48071,1.151847,1.632557,78.4046,183.3657,1764.0,1202.8286,1764.0
1145,custom,resnet34,1,2,128,4,4,4.812465,0.78125,4.6875,0.000375,0.074145,0.074521,1717.6429,183.3657,1764.0,1287.0684,1764.0
1145,custom,resnet34,1,3,128,4,4,5.365245,3.125,10.9375,0.000412,0.074692,0.075104,1704.3138,183.3657,1764.0,1287.0684,1764.0
1145,custom,resnet34,1,4,128,4,4,6.040698,2.34375,5.46875,0.000414,0.071647,0.072061,1776.2801,183.3657,1764.0,1287.0684,1764.0
1145,custom,resnet34,1,5,128,4,4,6.112752,0.78125,6.25,0.000179,0.071005,0.071183,1798.1729,183.3657,1764.0,1287.0684,1764.0
1145,custom,resnet34,1,6,128,4,4,5.843209,1.5625,4.6875,0.000278,0.069782,0.07006,1827.0144,183.3657,1764.0,1287.0684,1764.0
1145,custom,resnet34,1,7,128,4,4,5.029191,1.5625,7.8125,0.000207,0.068467,0.068674,1863.8836,183.3657,1764.0,1287.0684,1764.0
1145,custom,resnet34,1,8,128,4,4,5.394367,2.34375,3.90625,0.000428,0.068376,0.068803,1860.3714,183.3657,1764.0,1287.0684,1764.0
1145,custom,resnet34,1,9,128,4,4,5.801413,1.5625,7.03125,0.000485,0.068841,0.069326,1846.3362,183.3657,1764.0,1287.0684,1764.0
1145,custom,resnet34,1,10,128,4,4,5.531562,0.0,3.90625,0.000196,0.068576,0.068772,1861.2209,183.3657,1764.0,1287.0684,1764.0
1145,custom,resnet34,1,11,128,4,4,5.634457,0.0,3.90625,0.000434,0.068562,0.068997,1855.1633,183.3657,1764.0,1287.0684,1764.0
1145,custom,resnet34,1,12,128,4,4,5.649586,2.34375,3.125,0.000637,0.068669,0.069307,1846.8652,183.3657,1764.0,1287.0684,1764.0
1145,custom,resnet34,1,13,128,4,4,6.022853,1.5625,4.6875,0.000194,0.068757,0.068952,1856.3718,183.3657,1764.0,1287.0684,1764.0
1145,custom,resnet34,1,14,128,4,4,5.778797,1.5625,7.03125,0.000273,0.068513,0.068787,1860.825,183.3657,1764.0,1287.0684,1764.0
1145,custom,resnet34,1,15,128,4,4,5.247489,1.5625,8.59375,0.000693,0.068482,0.069175,1850.3682,183.3657,1764.0,1287.0684,1764.0
1145,custom,resnet34,1,16,128,4,4,5.180564,0.0,2.34375,0.000309,0.068489,0.068797,1860.5379,183.3657,1764.0,1287.0684,1764.0
1145,custom,resnet34,1,17,128,4,4,4.934064,0.78125,5.46875,0.000262,0.068825,0.069086,1852.7521,183.3657,1764.0,1287.0684,1764.0
1145,custom,resnet34,1,18,128,4,4,5.341818,1.5625,8.59375,0.000461,0.068429,0.06889,1858.0386,183.3657,1764.0,1287.0684,1764.0
1145,custom,resnet34,1,19,128,4,4,5.007361,0.78125,7.03125,0.000365,0.068405,0.06877,1861.2675,183.3657,1764.0,1287.0684,1764.0
1145,custom,resnet34,1,20,128,4,4,4.973996,1.5625,10.15625,0.000192,0.068608,0.0688,1860.4785,183.3657,1764.0,1287.0684,1764.0
1145,custom,resnet34,1,21,128,4,4,4.871648,0.78125,4.6875,0.000665,0.068974,0.069639,1838.0605,183.3657,1764.0,1287.0684,1764.0
1145,custom,resnet34,1,22,128,4,4,4.748253,0.78125,3.90625,0.000371,0.068434,0.068804,1860.3503,183.3657,1764.0,1287.0684,1764.0
1145,custom,resnet34,1,23,128,4,4,4.666219,0.0,6.25,0.000419,0.068887,0.069306,1846.8857,183.3657,1764.0,1287.0684,1764.0
1145,custom,resnet34,1,24,128,4,4,4.692979,1.5625,6.25,0.000216,0.068479,0.068695,1863.3195,183.3657,1764.0,1287.0684,1764.0
1145,custom,resnet34,1,25,128,4,4,4.719477,1.5625,8.59375,0.000437,0.068763,0.0692,1849.7014,183.3657,1764.0,1287.0684,1764.0
1145,custom,resnet34,1,26,128,4,4,4.856037,1.5625,5.46875,0.000417,0.068673,0.06909,1852.6516,183.3657,1764.0,1287.0684,1764.0
1145,custom,resnet34,1,27,128,4,4,4.68683,3.125,8.59375,0.000204,0.068305,0.068509,1868.3725,183.3657,1764.0,1287.0684,1764.0
1145,custom,resnet34,1,28,128,4,4,4.69292,1.5625,3.125,0.000378,0.06831,0.068687,1863.5163,183.3657,1764.0,1287.0684,1764.0
1145,custom,resnet34,1,29,128,4,4,4.718182,1.5625,4.6875,0.000354,0.068749,0.069103,1852.3164,183.3657,1764.0,1287.0684,1764.0
1145,custom,resnet34,1,30,128,4,4,4.725596,2.34375,7.8125,0.000194,0.068618,0.068812,1860.1372,183.3657,1764.0,1287.0684,1764.0
1145,custom,resnet34,1,31,128,4,4,4.597305,1.5625,7.8125,0.000216,0.068595,0.068811,1860.1663,183.3657,1764.0,1287.0684,1764.0
1145,custom,resnet34,1,32,128,4,4,4.755611,3.125,11.71875,0.000412,0.068628,0.069041,1853.977,183.3657,1764.0,1287.0684,1764.0
1145,custom,resnet34,1,33,128,4,4,4.932479,2.34375,3.125,0.000635,0.06891,0.069545,1840.5234,183.3657,1764.0,1287.0684,1764.0
1145,custom,resnet34,1,34,128,4,4,4.747497,2.34375,8.59375,0.000671,0.068427,0.069098,1852.4402,183.3657,1764.0,1287.0684,1764.0
1145,custom,resnet34,1,35,128,4,4,4.766211,2.34375,4.6875,0.00019,0.0685,0.06869,1863.4368,183.3657,1764.0,1287.0684,1764.0
1145,custom,resnet34,1,36,128,4,4,4.590238,3.125,7.8125,0.000196,0.068515,0.068711,1862.8842,183.3657,1764.0,1287.0684,1764.0
1145,custom,resnet34,1,37,128,4,4,4.733024,3.90625,10.9375,0.000428,0.068882,0.06931,1846.7681,183.3657,1764.0,1287.0684,1764.0
1145,custom,resnet34,1,38,128,4,4,4.504436,2.34375,10.15625,0.000623,0.068555,0.069178,1850.3116,183.3657,1764.0,1287.0684,1764.0
1145,custom,resnet34,1,39,128,4,4,4.499059,5.46875,9.375,0.000428,0.068632,0.06906,1853.4561,183.3657,1764.0,1287.0684,1764.0
1145,custom,resnet34,1,40,128,4,4,4.602212,1.5625,7.03125,0.000215,0.068534,0.068749,1861.8448,183.3657,1764.0,1287.0684,1764.0
1145,custom,resnet34,1,41,128,4,4,4.533063,1.5625,8.59375,0.000199,0.068904,0.069103,1852.319,183.3657,1764.0,1287.0684,1764.0
1145,custom,resnet34,1,42,128,4,4,4.495337,3.90625,10.15625,0.000452,0.068584,0.069036,1854.0963,183.3657,1764.0,1287.0684,1764.0
1145,custom,resnet34,1,43,128,4,4,4.675758,1.5625,7.03125,0.00031,0.07083,0.07114,1799.2811,183.3657,1764.0,1287.0684,1764.0
1145,custom,resnet34,1,44,128,4,4,4.593128,4.6875,14.0625,0.000449,0.06875,0.069199,1849.7395,183.3657,1764.0,1287.0684,1764.0
1145,custom,resnet34,1,45,128,4,4,4.497909,3.125,7.8125,0.000989,0.068881,0.06987,1831.97,183.3657,1764.0,1287.0684,1764.0
1145,custom,resnet34,1,46,128,4,4,4.528522,3.125,7.8125,0.000655,0.068717,0.069372,1845.1299,183.3657,1764.0,1287.0684,1764.0
1145,custom,resnet34,1,47,128,4,4,4.466815,4.6875,15.625,0.000235,0.068391,0.068626,1865.1915,183.3657,1764.0,1287.0684,1764.0
1145,custom,resnet34,1,48,128,4,4,4.552089,1.5625,3.90625,0.00036,0.068495,0.068855,1858.9703,183.3657,1764.0,1287.0684,1764.0
1145,custom,resnet34,1,49,128,4,4,4.493721,3.90625,12.5,0.000545,0.069011,0.069555,1840.2576,183.3657,1764.0,1287.0684,1764.0
1145,custom,resnet34,1,50,128,4,4,4.647562,2.34375,5.46875,0.000144,0.068668,0.068812,1860.144,183.3657,1764.0,1287.0684,1764.0
1145,custom,resnet34,1,51,128,4,4,4.611132,0.0,3.90625,0.000306,0.069343,0.069649,1837.7851,183.3657,1764.0,1287.0684,1764.0
1145,custom,resnet34,1,52,128,4,4,4.514438,1.5625,7.8125,0.000286,0.068565,0.068851,1859.0839,183.3657,1764.0,1287.0684,1764.0
1145,custom,resnet34,1,53,128,4,4,4.540257,4.6875,16.40625,0.000646,0.069041,0.069687,1836.7881,183.3657,1764.0,1287.0684,1764.0
1145,custom,resnet34,1,54,128,4,4,4.589115,0.0,4.6875,0.000409,0.068751,0.06916,1850.7885,183.3657,1764.0,1287.0684,1764.0
1145,custom,resnet34,1,55,128,4,4,4.466401,3.125,10.15625,0.000301,0.069879,0.07018,1823.8826,183.3657,1764.0,1287.0684,1764.0
1145,custom,resnet34,1,56,128,4,4,4.557821,3.125,10.15625,0.00019,0.068632,0.068823,1859.8487,183.3657,1764.0,1287.0684,1764.0
1145,custom,resnet34,1,57,128,4,4,4.416498,2.34375,14.84375,0.000183,0.068942,0.069125,1851.7277,183.3657,1764.0,1287.0684,1764.0
1145,custom,resnet34,1,58,128,4,4,4.430559,3.125,10.15625,0.000523,0.068564,0.069087,1852.7341,183.3657,1764.0,1287.0684,1764.0
1145,custom,resnet34,1,59,128,4,4,4.580805,0.78125,7.03125,0.000661,0.068622,0.069282,1847.509,183.3657,1764.0,1287.0684,1764.0
1145,custom,resnet34,1,60,128,4,4,4.53494,0.78125,10.9375,0.00066,0.0685,0.069159,1850.7965,183.3657,1764.0,1287.0684,1764.0
1145,custom,resnet34,1,61,128,4,4,4.453952,3.90625,9.375,0.000611,0.068638,0.069249,1848.4013,183.3657,1764.0,1287.0684,1764.0
1145,custom,resnet34,1,62,128,4,4,4.372688,3.90625,13.28125,0.000419,0.068508,0.068927,1857.0428,183.3657,1764.0,1287.0684,1764.0
1145,custom,resnet34,1,63,128,4,4,4.391148,4.6875,12.5,0.000432,0.06847,0.068902,1857.7103,183.3657,1764.0,1287.0684,1764.0
1145,custom,resnet34,1,64,128,4,4,4.469447,1.5625,7.03125,0.000227,0.06859,0.068817,1860.0108,183.3657,1764.0,1287.0684,1764.0
1145,custom,resnet34,1,65,128,4,4,4.466777,3.90625,10.9375,0.000618,0.068655,0.069273,1847.7609,183.3657,1764.0,1287.0684,1764.0
1145,custom,resnet34,1,66,128,4,4,4.465951,0.0,10.9375,0.000502,0.068383,0.068885,1858.1774,183.3657,1764.0,1287.0684,1764.0
1145,custom,resnet34,1,67,128,4,4,4.427702,1.5625,11.71875,0.000207,0.068387,0.068594,1866.0636,183.3657,1764.0,1287.0684,1764.0
1145,custom,resnet34,1,68,128,4,4,4.349939,3.125,11.71875,0.000153,0.068409,0.068561,1866.945,183.3657,1764.0,1287.0684,1764.0
1145,custom,resnet34,1,69,128,4,4,4.431528,3.125,13.28125,0.000457,0.068845,0.069302,1846.9959,183.3657,1764.0,1287.0684,1764.0
1145,custom,resnet34,1,70,128,4,4,4.441809,3.90625,10.15625,0.000569,0.068576,0.069145,1851.1896,183.3657,1764.0,1287.0684,1764.0
1145,custom,resnet34,1,71,128,4,4,4.430397,3.90625,13.28125,0.000296,0.06858,0.068876,1858.4231,183.3657,1764.0,1287.0684,1764.0
1145,custom,resnet34,1,72,128,4,4,4.450259,1.5625,9.375,0.000227,0.068641,0.068868,1858.6367,183.3657,1764.0,1287.0684,1764.0
1145,custom,resnet34,1,73,128,4,4,4.50125,4.6875,9.375,0.00054,0.068775,0.069315,1846.6299,183.3657,1764.0,1287.0684,1764.0
1145,custom,resnet34,1,74,128,4,4,4.397365,2.34375,9.375,0.000123,0.068625,0.068747,1861.8884,183.3657,1764.0,1287.0684,1764.0
1145,custom,resnet34,1,75,128,4,4,4.441557,2.34375,11.71875,0.000467,0.068797,0.069264,1847.9936,183.3657,1764.0,1287.0684,1764.0
1145,custom,resnet34,1,76,128,4,4,4.405918,3.125,10.9375,0.000631,0.068621,0.069252,1848.3259,183.3657,1764.0,1287.0684,1764.0
1145,custom,resnet34,1,77,128,4,4,4.426447,0.78125,13.28125,0.000341,0.068988,0.069328,1846.2846,183.3657,1764.0,1287.0684,1764.0
1145,custom,resnet34,1,78,128,4,4,4.415342,4.6875,17.1875,0.000441,0.068695,0.069136,1851.4311,183.3657,1764.0,1287.0684,1764.0
1145,custom,resnet34,1,79,128,4,4,4.378018,3.125,10.9375,0.000214,0.068378,0.068592,1866.0975,183.3657,1764.0,1287.0684,1764.0
1145,custom,resnet34,1,80,128,4,4,4.403885,4.6875,15.625,0.000662,0.068719,0.069381,1844.8837,183.3657,1764.0,1287.0684,1764.0
1145,custom,resnet34,1,81,128,4,4,4.317361,3.90625,17.96875,0.000405,0.068974,0.069378,1844.965,183.3657,1764.0,1287.0684,1764.0
1145,custom,resnet34,1,82,128,4,4,4.29546,0.78125,18.75,0.000154,0.068416,0.06857,1866.7136,183.3657,1764.0,1287.0684,1764.0
1145,custom,resnet34,1,83,128,4,4,4.260439,5.46875,16.40625,0.000248,0.068444,0.068691,1863.4109,183.3657,1764.0,1287.0684,1764.0
1145,custom,resnet34,1,84,128,4,4,4.371117,2.34375,9.375,0.001355,0.068957,0.070311,1820.4742,183.3657,1764.0,1287.0684,1764.0
1145,custom,resnet34,1,85,128,4,4,4.379682,2.34375,10.15625,0.000176,0.068874,0.06905,1853.7378,183.3657,1764.0,1287.0684,1764.0
1145,custom,resnet34,1,86,128,4,4,4.351791,5.46875,16.40625,0.000145,0.068744,0.068889,1858.058,183.3657,1764.0,1287.0684,1764.0
1145,custom,resnet34,1,87,128,4,4,4.309435,2.34375,14.0625,0.000229,0.068567,0.068796,1860.5723,183.3657,1764.0,1287.0684,1764.0
1145,custom,resnet34,1,88,128,4,4,4.377062,4.6875,17.1875,0.00038,0.068383,0.068763,1861.4649,183.3657,1764.0,1287.0684,1764.0
1145,custom,resnet34,1,89,128,4,4,4.276889,5.46875,15.625,0.00018,0.069091,0.069271,1847.8045,183.3657,1764.0,1287.0684,1764.0
1145,custom,resnet34,1,90,128,4,4,4.360364,4.6875,15.625,0.00015,0.068818,0.068967,1855.9518,183.3657,1764.0,1287.0684,1764.0
1145,custom,resnet34,1,91,128,4,4,4.294914,3.125,18.75,0.00106,0.068768,0.069828,1833.0806,183.3657,1764.0,1287.0684,1764.0
1145,custom,resnet34,1,92,128,4,4,4.296372,3.125,19.53125,0.000189,0.068374,0.068564,1866.8742,183.3657,1764.0,1287.0684,1764.0
1145,custom,resnet34,1,93,128,4,4,4.306808,4.6875,15.625,0.000238,0.068747,0.068985,1855.481,183.3657,1764.0,1287.0684,1764.0
1145,custom,resnet34,1,94,128,4,4,4.190526,6.25,17.1875,0.000381,0.068735,0.069116,1851.9483,183.3657,1764.0,1287.0684,1764.0
1145,custom,resnet34,1,95,128,4,4,4.266282,4.6875,18.75,0.000224,0.068537,0.068761,1861.5164,183.3657,1764.0,1287.0684,1764.0
1145,custom,resnet34,1,96,128,4,4,4.219777,3.125,17.96875,0.00021,0.06875,0.068959,1856.1627,183.3657,1764.0,1287.0684,1764.0
1145,custom,resnet34,1,97,128,4,4,4.158492,3.90625,23.4375,0.000806,0.068982,0.069788,1834.1381,183.3657,1764.0,1287.0684,1764.0
1145,custom,resnet34,1,98,128,4,4,4.30824,3.90625,10.9375,0.000161,0.068175,0.068336,1873.0909,183.3657,1764.0,1287.0684,1764.0
1145,custom,resnet34,1,99,128,4,4,4.213502,4.6875,14.84375,0.000411,0.068749,0.06916,1850.7898,183.3657,1764.0,1287.0684,1764.0
1145,custom,resnet34,1,100,128,4,4,4.277374,4.6875,21.875,0.000445,0.068585,0.069031,1854.2437,183.3657,1764.0,1287.0684,1764.0
1145,custom,resnet34,1,101,128,4,4,4.508925,3.125,11.71875,0.000451,0.068945,0.069396,1844.491,183.3657,1764.0,1287.0684,1764.0
1145,custom,resnet34,1,102,128,4,4,4.210578,5.46875,19.53125,0.000137,0.068678,0.068816,1860.0449,183.3657,1764.0,1287.0684,1764.0
1145,custom,resnet34,1,103,128,4,4,4.410766,4.6875,12.5,0.000462,0.06856,0.069022,1854.487,183.3657,1764.0,1287.0684,1764.0
1145,custom,resnet34,1,104,128,4,4,4.384953,3.125,11.71875,0.000454,0.068764,0.069218,1849.2209,183.3657,1764.0,1287.0684,1764.0
1145,custom,resnet34,1,105,128,4,4,4.350309,0.0,10.9375,0.000162,0.068789,0.068951,1856.3867,183.3657,1764.0,1287.0684,1764.0
1145,custom,resnet34,1,106,128,4,4,4.293039,3.90625,14.0625,0.000264,0.068588,0.068852,1859.0551,183.3657,1764.0,1287.0684,1764.0
1145,custom,resnet34,1,107,128,4,4,4.36837,3.90625,14.84375,0.000621,0.06864,0.069261,1848.0834,183.3657,1764.0,1287.0684,1764.0
1145,custom,resnet34,1,108,128,4,4,4.246277,3.125,16.40625,0.000402,0.068534,0.068936,1856.7952,183.3657,1764.0,1287.0684,1764.0
1145,custom,resnet34,1,109,128,4,4,4.27741,3.90625,12.5,0.000225,0.068938,0.069163,1850.7012,183.3657,1764.0,1287.0684,1764.0
1145,custom,resnet34,1,110,128,4,4,4.309098,3.90625,13.28125,0.000376,0.06855,0.068926,1857.0701,183.3657,1764.0,1287.0684,1764.0
1145,custom,resnet34,1,111,128,4,4,4.254741,2.34375,17.96875,0.000409,0.06846,0.068869,1858.6122,183.3657,1764.0,1287.0684,1764.0
1145,custom,resnet34,1,112,128,4,4,4.300887,0.78125,11.71875,0.000386,0.068569,0.068954,1856.2986,183.3657,1764.0,1287.0684,1764.0
1145,custom,resnet34,1,113,128,4,4,4.17069,2.34375,24.21875,0.000138,0.069016,0.069153,1850.9647,183.3657,1764.0,1287.0684,1764.0
1145,custom,resnet34,1,114,128,4,4,4.269448,4.6875,19.53125,0.000149,0.0685,0.068649,1864.5552,183.3657,1764.0,1287.0684,1764.0
1145,custom,resnet34,1,115,128,4,4,4.218255,3.125,17.1875,0.0004,0.068714,0.069114,1852.0081,183.3657,1764.0,1287.0684,1764.0
1145,custom,resnet34,1,116,128,4,4,4.299384,3.125,13.28125,0.001024,0.068567,0.069591,1839.3211,183.3657,1764.0,1287.0684,1764.0
1145,custom,resnet34,1,117,128,4,4,4.194115,6.25,20.3125,0.000773,0.069096,0.069869,1832.0033,183.3657,1764.0,1287.0684,1764.0
1145,custom,resnet34,1,118,128,4,4,4.34556,4.6875,17.96875,0.000494,0.068573,0.069068,1853.2572,183.3657,1764.0,1287.0684,1764.0
1145,custom,resnet34,1,119,128,4,4,4.207053,3.125,17.96875,0.000146,0.068669,0.068815,1860.0688,183.3657,1764.0,1287.0684,1764.0
1145,custom,resnet34,1,120,128,4,4,4.169832,3.90625,20.3125,0.000398,0.068347,0.068744,1861.9794,183.3657,1764.0,1287.0684,1764.0
1145,custom,resnet34,1,121,128,4,4,4.244355,1.5625,15.625,0.000162,0.068748,0.06891,1857.506,183.3657,1764.0,1287.0684,1764.0
1145,custom,resnet34,1,122,128,4,4,4.249062,4.6875,15.625,0.000138,0.068514,0.068652,1864.4649,183.3657,1764.0,1287.0684,1764.0
1145,custom,resnet34,1,123,128,4,4,4.292172,4.6875,17.1875,0.00038,0.06843,0.06881,1860.182,183.3657,1764.0,1287.0684,1764.0
1145,custom,resnet34,1,124,128,4,4,4.290459,3.90625,14.0625,0.000452,0.068489,0.068941,1856.6705,183.3657,1764.0,1287.0684,1764.0
1145,custom,resnet34,1,125,128,4,4,4.237759,4.6875,14.0625,0.000411,0.068965,0.069376,1845.0188,183.3657,1764.0,1287.0684,1764.0
1145,custom,resnet34,1,126,128,4,4,4.187401,4.6875,20.3125,0.000359,0.068586,0.068945,1856.5448,183.3657,1764.0,1287.0684,1764.0
1145,custom,resnet34,1,127,128,4,4,4.209008,2.34375,17.96875,0.000742,0.068589,0.069331,1846.212,183.3657,1764.0,1287.0684,1764.0
1145,custom,resnet34,1,128,128,4,4,4.222596,3.125,20.3125,0.000347,0.068721,0.069068,1853.233,183.3657,1764.0,1287.0684,1764.0
1145,custom,resnet34,1,129,128,4,4,4.034468,7.03125,28.125,0.000146,0.068811,0.068957,1856.2185,183.3657,1764.0,1287.0684,1764.0
1145,custom,resnet34,1,130,128,4,4,4.115746,4.6875,18.75,0.00042,0.06848,0.0689,1857.7571,183.3657,1764.0,1287.0684,1764.0
1145,custom,resnet34,1,131,128,4,4,4.281523,5.46875,14.84375,0.000496,0.068574,0.069069,1853.2092,183.3657,1764.0,1287.0684,1764.0
1145,custom,resnet34,1,132,128,4,4,4.137891,4.6875,21.09375,0.000164,0.068792,0.068956,1856.2626,183.3657,1764.0,1287.0684,1764.0
1145,custom,resnet34,1,133,128,4,4,4.274601,0.78125,14.84375,0.00128,0.06882,0.0701,1825.9708,183.3657,1764.0,1287.0684,1764.0
1145,custom,resnet34,1,134,128,4,4,4.311649,3.90625,16.40625,0.000143,0.068569,0.068712,1862.844,183.3657,1764.0,1287.0684,1764.0
1145,custom,resnet34,1,135,128,4,4,4.140752,8.59375,20.3125,0.000453,0.068588,0.06904,1853.9893,183.3657,1764.0,1287.0684,1764.0
1145,custom,resnet34,1,136,128,4,4,4.277633,6.25,17.96875,0.000209,0.068537,0.068746,1861.9258,183.3657,1764.0,1287.0684,1764.0
1145,custom,resnet34,1,137,128,4,4,4.148801,3.125,17.1875,0.000224,0.068726,0.06895,1856.4249,183.3657,1764.0,1287.0684,1764.0
1145,custom,resnet34,1,138,128,4,4,4.089052,3.125,19.53125,0.000427,0.068544,0.068971,1855.8542,183.3657,1764.0,1287.0684,1764.0
1145,custom,resnet34,1,139,128,4,4,4.161329,3.90625,17.96875,0.000323,0.068605,0.068929,1856.9922,183.3657,1764.0,1287.0684,1764.0
1145,custom,resnet34,1,140,128,4,4,4.209488,5.46875,17.1875,0.000505,0.068528,0.069034,1854.1718,183.3657,1764.0,1287.0684,1764.0
1145,custom,resnet34,1,141,128,4,4,4.108299,8.59375,24.21875,0.000241,0.068914,0.069154,1850.9308,183.3657,1764.0,1287.0684,1764.0
1145,custom,resnet34,1,142,128,4,4,4.217781,2.34375,14.84375,0.000266,0.068376,0.068642,1864.7446,183.3657,1764.0,1287.0684,1764.0
1145,custom,resnet34,1,143,128,4,4,4.3227,5.46875,15.625,0.000379,0.068576,0.068956,1856.2687,183.3657,1764.0,1287.0684,1764.0
1145,custom,resnet34,1,144,128,4,4,4.244252,3.125,18.75,0.000505,0.068643,0.069148,1851.1145,183.3657,1764.0,1287.0684,1764.0
1145,custom,resnet34,1,145,128,4,4,4.115069,8.59375,21.09375,0.000448,0.068954,0.069402,1844.3296,183.3657,1764.0,1287.0684,1764.0
1145,custom,resnet34,1,146,128,4,4,4.137698,7.8125,20.3125,0.00043,0.068433,0.068863,1858.7748,183.3657,1764.0,1287.0684,1764.0
1145,custom,resnet34,1,147,128,4,4,4.239224,2.34375,22.65625,0.000232,0.068505,0.068737,1862.1757,183.3657,1764.0,1287.0684,1764.0
1145,custom,resnet34,1,148,128,4,4,4.248587,2.34375,18.75,0.000298,0.0685,0.068798,1860.5289,183.3657,1764.0,1287.0684,1764.0
1145,custom,resnet34,1,149,128,4,4,4.017274,5.46875,23.4375,0.000405,0.068964,0.069369,1845.2125,183.3657,1764.0,1287.0684,1764.0
1145,custom,resnet34,1,150,128,4,4,4.186477,7.03125,19.53125,0.00045,0.06861,0.06906,1853.4715,183.3657,1764.0,1287.0684,1764.0
1145,custom,resnet34,1,151,128,4,4,4.245059,5.46875,14.0625,0.00016,0.068473,0.068633,1864.9896,183.3657,1764.0,1287.0684,1764.0
1145,custom,resnet34,1,152,128,4,4,4.19545,2.34375,14.84375,0.000612,0.068617,0.069229,1848.9432,183.3657,1764.0,1287.0684,1764.0
1145,custom,resnet34,1,153,128,4,4,4.154747,2.34375,17.1875,0.000831,0.069889,0.07072,1809.964,183.3657,1764.0,1287.0684,1764.0
1145,custom,resnet34,1,154,128,4,4,4.13045,4.6875,18.75,0.000437,0.068486,0.068923,1857.1446,183.3657,1764.0,1287.0684,1764.0
1145,custom,resnet34,1,155,128,4,4,4.213309,4.6875,17.1875,0.000401,0.069365,0.069766,1834.7097,183.3657,1764.0,1287.0684,1764.0
1145,custom,resnet34,1,156,128,4,4,4.244577,3.90625,14.0625,0.000217,0.068511,0.068728,1862.4213,183.3657,1764.0,1287.0684,1764.0
1145,custom,resnet34,1,157,128,4,4,4.040091,8.59375,28.125,0.000143,0.068867,0.06901,1854.8056,183.3657,1764.0,1287.0684,1764.0
1145,custom,resnet34,1,158,128,4,4,4.22747,5.46875,18.75,0.000753,0.068479,0.069232,1848.8556,183.3657,1764.0,1287.0684,1764.0
1145,custom,resnet34,1,159,128,4,4,4.208712,3.125,19.53125,0.001265,0.068838,0.070103,1825.8748,183.3657,1764.0,1287.0684,1764.0
1145,custom,resnet34,1,160,128,4,4,4.114142,5.46875,21.09375,0.000444,0.068703,0.069147,1851.1283,183.3657,1764.0,1287.0684,1764.0
1145,custom,resnet34,1,161,128,4,4,4.259895,5.46875,18.75,0.000146,0.068919,0.069065,1853.323,183.3657,1764.0,1287.0684,1764.0
1145,custom,resnet34,1,162,128,4,4,4.283136,3.125,19.53125,0.000137,0.06854,0.068677,1863.7893,183.3657,1764.0,1287.0684,1764.0
1145,custom,resnet34,1,163,128,4,4,4.038074,4.6875,20.3125,0.000137,0.068647,0.068784,1860.8986,183.3657,1764.0,1287.0684,1764.0
1145,custom,resnet34,1,164,128,4,4,4.019823,7.03125,30.46875,0.000152,0.068637,0.068789,1860.7551,183.3657,1764.0,1287.0684,1764.0
1145,custom,resnet34,1,165,128,4,4,4.138134,7.03125,23.4375,0.000192,0.069035,0.069227,1848.9907,183.3657,1764.0,1287.0684,1764.0
1145,custom,resnet34,1,166,128,4,4,4.213679,7.8125,18.75,0.000258,0.068606,0.068864,1858.7433,183.3657,1764.0,1287.0684,1764.0
1145,custom,resnet34,1,167,128,4,4,4.092089,5.46875,23.4375,0.000624,0.068682,0.069306,1846.8782,183.3657,1764.0,1287.0684,1764.0
1145,custom,resnet34,1,168,128,4,4,4.137561,3.90625,20.3125,0.000387,0.068688,0.069076,1853.0333,183.3657,1764.0,1287.0684,1764.0
1145,custom,resnet34,1,169,128,4,4,4.008753,5.46875,27.34375,0.00013,0.069086,0.069216,1849.2704,183.3657,1764.0,1287.0684,1764.0
1145,custom,resnet34,1,170,128,4,4,4.119856,7.8125,23.4375,0.000132,0.068593,0.068725,1862.4876,183.3657,1764.0,1287.0684,1764.0
1145,custom,resnet34,1,171,128,4,4,4.059296,6.25,25.0,0.000146,0.068683,0.068829,1859.6819,183.3657,1764.0,1287.0684,1764.0
1145,custom,resnet34,1,172,128,4,4,4.167852,5.46875,23.4375,0.000232,0.068552,0.068784,1860.9012,183.3657,1764.0,1287.0684,1764.0
1145,custom,resnet34,1,173,128,4,4,3.944946,5.46875,25.78125,0.000415,0.069202,0.069618,1838.6131,183.3657,1764.0,1287.0684,1764.0
1145,custom,resnet34,1,174,128,4,4,4.254694,7.8125,17.1875,0.000462,0.068618,0.06908,1852.9346,183.3657,1764.0,1287.0684,1764.0
1145,custom,resnet34,1,175,128,4,4,4.098511,1.5625,19.53125,0.000725,0.068872,0.069597,1839.1688,183.3657,1764.0,1287.0684,1764.0
1145,custom,resnet34,1,176,128,4,4,4.164848,8.59375,23.4375,0.000417,0.068637,0.069054,1853.6143,183.3657,1764.0,1287.0684,1764.0
1145,custom,resnet34,1,177,128,4,4,4.042804,7.03125,22.65625,0.000403,0.06905,0.069453,1842.9768,183.3657,1764.0,1287.0684,1764.0
1145,custom,resnet34,1,178,128,4,4,4.016896,6.25,25.0,0.000132,0.068516,0.068648,1864.5765,183.3657,1764.0,1287.0684,1764.0
1145,custom,resnet34,1,179,128,4,4,4.17944,6.25,18.75,0.000374,0.068378,0.068751,1861.7815,183.3657,1764.0,1287.0684,1764.0
1145,custom,resnet34,1,180,128,4,4,4.112799,7.8125,24.21875,0.000342,0.068333,0.068675,1863.8481,183.3657,1764.0,1287.0684,1764.0
1145,custom,resnet34,1,181,128,4,4,4.281203,3.125,17.1875,0.000395,0.068706,0.069101,1852.3728,183.3657,1764.0,1287.0684,1764.0
1145,custom,resnet34,1,182,128,4,4,4.170049,6.25,14.84375,0.000139,0.068463,0.068602,1865.8282,183.3657,1764.0,1287.0684,1764.0
1145,custom,resnet34,1,183,128,4,4,4.245066,3.90625,17.1875,0.000406,0.068457,0.068863,1858.7745,183.3657,1764.0,1287.0684,1764.0
1145,custom,resnet34,1,184,128,4,4,4.119648,4.6875,21.875,0.000225,0.068357,0.068582,1866.3747,183.3657,1764.0,1287.0684,1764.0
1145,custom,resnet34,1,185,128,4,4,4.010181,8.59375,22.65625,0.000578,0.068724,0.069302,1847.0002,183.3657,1764.0,1287.0684,1764.0
1145,custom,resnet34,1,186,128,4,4,4.074385,2.34375,20.3125,0.000573,0.068662,0.069235,1848.7737,183.3657,1764.0,1287.0684,1764.0
1145,custom,resnet34,1,187,128,4,4,4.096323,10.9375,27.34375,0.000218,0.068474,0.068692,1863.3875,183.3657,1764.0,1287.0684,1764.0
1145,custom,resnet34,1,188,128,4,4,4.176164,3.90625,18.75,0.000211,0.068635,0.068847,1859.2038,183.3657,1764.0,1287.0684,1764.0
1145,custom,resnet34,1,189,128,4,4,4.153811,7.8125,17.1875,0.000454,0.068893,0.069347,1845.7974,183.3657,1764.0,1287.0684,1764.0
1145,custom,resnet34,1,190,128,4,4,3.977477,5.46875,25.0,0.000441,0.068616,0.069057,1853.5405,183.3657,1764.0,1287.0684,1764.0
1145,custom,resnet34,1,191,128,4,4,4.094907,5.46875,24.21875,0.00056,0.068369,0.068928,1857.0009,183.3657,1764.0,1287.0684,1764.0
1145,custom,resnet34,1,192,128,4,4,3.980213,3.90625,29.6875,0.000449,0.068496,0.068945,1856.5495,183.3657,1764.0,1287.0684,1764.0
1145,custom,resnet34,1,193,128,4,4,4.142229,7.03125,22.65625,0.000465,0.069028,0.069492,1841.9333,183.3657,1764.0,1287.0684,1764.0
1145,custom,resnet34,1,194,128,4,4,4.05096,5.46875,25.0,0.000455,0.068879,0.069334,1846.1322,183.3657,1764.0,1287.0684,1764.0
1145,custom,resnet34,1,195,128,4,4,4.030845,11.71875,30.46875,0.000615,0.068646,0.069261,1848.0876,183.3657,1764.0,1287.0684,1764.0
1145,custom,resnet34,1,196,128,4,4,4.009723,7.03125,24.21875,0.0004,0.068656,0.069055,1853.5828,183.3657,1764.0,1287.0684,1764.0
1145,custom,resnet34,1,197,128,4,4,4.087952,7.03125,23.4375,0.000142,0.068953,0.069095,1852.5279,183.3657,1764.0,1287.0684,1764.0
1145,custom,resnet34,1,198,128,4,4,4.135472,8.59375,24.21875,0.000475,0.068626,0.069101,1852.3553,183.3657,1764.0,1287.0684,1764.0
1145,custom,resnet34,1,199,128,4,4,4.014936,3.125,23.4375,0.000312,0.068543,0.068855,1858.9821,183.3657,1764.0,1287.0684,1764.0
1145,custom,resnet34,1,200,128,4,4,4.108542,4.6875,21.09375,0.000317,0.068539,0.068856,1858.9633,183.3657,1764.0,1287.0684,1764.0
1145,custom,resnet34,1,201,128,4,4,4.037725,6.25,20.3125,0.000602,0.06883,0.069432,1843.5216,183.3657,1764.0,1287.0684,1764.0
1145,custom,resnet34,1,202,128,4,4,4.000148,5.46875,30.46875,0.000155,0.068635,0.06879,1860.7442,183.3657,1764.0,1287.0684,1764.0
1145,custom,resnet34,1,203,128,4,4,4.240378,3.125,21.09375,0.000146,0.068439,0.068585,1866.2923,183.3657,1764.0,1287.0684,1764.0
1145,custom,resnet34,1,204,128,4,4,4.221989,3.125,14.84375,0.000512,0.068724,0.069236,1848.7393,183.3657,1764.0,1287.0684,1764.0
1145,custom,resnet34,1,205,128,4,4,4.088927,6.25,27.34375,0.00018,0.0688,0.06898,1855.6021,183.3657,1764.0,1287.0684,1764.0
1145,custom,resnet34,1,206,128,4,4,4.023157,3.125,27.34375,0.000137,0.068589,0.068727,1862.4522,183.3657,1764.0,1287.0684,1764.0
1145,custom,resnet34,1,207,128,4,4,4.119708,5.46875,21.875,0.000158,0.068552,0.06871,1862.9116,183.3657,1764.0,1287.0684,1764.0
1145,custom,resnet34,1,208,128,4,4,4.00703,6.25,21.875,0.000461,0.068627,0.069088,1852.6991,183.3657,1764.0,1287.0684,1764.0
1145,custom,resnet34,1,209,128,4,4,4.000449,4.6875,24.21875,0.000296,0.068761,0.069058,1853.5153,183.3657,1764.0,1287.0684,1764.0
1145,custom,resnet34,1,210,128,4,4,3.948315,9.375,25.78125,0.000139,0.068988,0.069127,1851.6555,183.3657,1764.0,1287.0684,1764.0
1145,custom,resnet34,1,211,128,4,4,4.129976,3.90625,21.875,0.000359,0.068617,0.068976,1855.7237,183.3657,1764.0,1287.0684,1764.0
1145,custom,resnet34,1,212,128,4,4,3.926589,7.03125,30.46875,0.000132,0.068636,0.068767,1861.3457,183.3657,1764.0,1287.0684,1764.0
1145,custom,resnet34,1,213,128,4,4,4.021006,6.25,25.78125,0.000366,0.068808,0.069174,1850.4129,183.3657,1764.0,1287.0684,1764.0
1145,custom,resnet34,1,214,128,4,4,3.930545,7.8125,28.125,0.000587,0.068682,0.069268,1847.8873,183.3657,1764.0,1287.0684,1764.0
1145,custom,resnet34,1,215,128,4,4,4.045372,11.71875,28.90625,0.000331,0.068433,0.068764,1861.4417,183.3657,1764.0,1287.0684,1764.0
1145,custom,resnet34,1,216,128,4,4,4.002392,4.6875,23.4375,0.000233,0.068347,0.068581,1866.4171,183.3657,1764.0,1287.0684,1764.0
1145,custom,resnet34,1,217,128,4,4,4.148888,6.25,21.875,0.000703,0.068679,0.069382,1844.872,183.3657,1764.0,1287.0684,1764.0
1145,custom,resnet34,1,218,128,4,4,3.972476,7.03125,22.65625,0.000925,0.068604,0.069529,1840.9647,183.3657,1764.0,1287.0684,1764.0
1145,custom,resnet34,1,219,128,4,4,4.206201,8.59375,22.65625,0.000298,0.068689,0.068987,1855.4124,183.3657,1764.0,1287.0684,1764.0
1145,custom,resnet34,1,220,128,4,4,3.963444,5.46875,24.21875,0.000221,0.068601,0.068822,1859.8824,183.3657,1764.0,1287.0684,1764.0
1145,custom,resnet34,1,221,128,4,4,4.023791,5.46875,25.0,0.000502,0.068816,0.069318,1846.5713,183.3657,1764.0,1287.0684,1764.0
1145,custom,resnet34,1,222,128,4,4,4.07802,3.90625,23.4375,0.000152,0.068487,0.068639,1864.8175,183.3657,1764.0,1287.0684,1764.0
1145,custom,resnet34,1,223,128,4,4,3.968994,6.25,25.0,0.000199,0.06849,0.068689,1863.4762,183.3657,1764.0,1287.0684,1764.0
1145,custom,resnet34,1,224,128,4,4,3.986754,5.46875,26.5625,0.00038,0.068791,0.069171,1850.4812,183.3657,1764.0,1287.0684,1764.0
1145,custom,resnet34,1,225,128,4,4,4.084302,2.34375,19.53125,0.000134,0.068692,0.068826,1859.7573,183.3657,1764.0,1287.0684,1764.0
1145,custom,resnet34,1,226,128,4,4,3.993631,6.25,25.78125,0.000151,0.068589,0.06874,1862.0909,183.3657,1764.0,1287.0684,1764.0
1145,custom,resnet34,1,227,128,4,4,4.065814,4.6875,21.09375,0.000338,0.06894,0.069278,1847.6301,183.3657,1764.0,1287.0684,1764.0
1145,custom,resnet34,1,228,128,4,4,4.011424,7.8125,24.21875,0.000385,0.068346,0.068731,1862.332,183.3657,1764.0,1287.0684,1764.0
1145,custom,resnet34,1,229,128,4,4,4.119102,4.6875,19.53125,0.000305,0.06892,0.069224,1849.0586,183.3657,1764.0,1287.0684,1764.0
1145,custom,resnet34,1,230,128,4,4,3.931575,11.71875,28.125,0.000273,0.068404,0.068678,1863.7818,183.3657,1764.0,1287.0684,1764.0
1145,custom,resnet34,1,231,128,4,4,4.082421,6.25,21.09375,0.000242,0.06865,0.068892,1857.9831,183.3657,1764.0,1287.0684,1764.0
1145,custom,resnet34,1,232,128,4,4,3.989607,7.8125,26.5625,0.000407,0.0684,0.068808,1860.261,183.3657,1764.0,1287.0684,1764.0
1145,custom,resnet34,1,233,128,4,4,3.94301,6.25,26.5625,0.000638,0.068973,0.069611,1838.7867,183.3657,1764.0,1287.0684,1764.0
1145,custom,resnet34,1,234,128,4,4,4.219618,2.34375,19.53125,0.00047,0.068736,0.069205,1849.5737,183.3657,1764.0,1287.0684,1764.0
1145,custom,resnet34,1,235,128,4,4,4.206259,6.25,21.875,0.001554,0.068723,0.070277,1821.3675,183.3657,1764.0,1287.0684,1764.0
1145,custom,resnet34,1,236,128,4,4,4.156639,6.25,19.53125,0.000424,0.068792,0.069216,1849.2936,183.3657,1764.0,1287.0684,1764.0
1145,custom,resnet34,1,237,128,4,4,4.083587,1.5625,19.53125,0.000471,0.068853,0.069324,1846.3936,183.3657,1764.0,1287.0684,1764.0
1145,custom,resnet34,1,238,128,4,4,4.178396,4.6875,20.3125,0.00013,0.068467,0.068597,1865.9608,183.3657,1764.0,1287.0684,1764.0
1145,custom,resnet34,1,239,128,4,4,4.191252,3.90625,18.75,0.000382,0.068452,0.068834,1859.5392,183.3657,1764.0,1287.0684,1764.0
1145,custom,resnet34,1,240,128,4,4,4.190172,3.90625,22.65625,0.000334,0.068472,0.068806,1860.3003,183.3657,1764.0,1287.0684,1764.0
1145,custom,resnet34,1,241,128,4,4,4.144239,6.25,20.3125,0.000133,0.068951,0.069085,1852.8005,183.3657,1764.0,1287.0684,1764.0
1145,custom,resnet34,1,242,128,4,4,4.149334,5.46875,19.53125,0.00013,0.068655,0.068785,1860.8704,183.3657,1764.0,1287.0684,1764.0
1145,custom,resnet34,1,243,128,4,4,4.030391,3.90625,21.875,0.00091,0.068583,0.069493,1841.9184,183.3657,1764.0,1287.0684,1764.0
1145,custom,resnet34,1,244,128,4,4,3.980594,10.9375,32.03125,0.000476,0.068749,0.069225,1849.0478,183.3657,1764.0,1287.0684,1764.0
1145,custom,resnet34,1,245,128,4,4,4.002279,4.6875,23.4375,0.000146,0.068871,0.069017,1854.6241,183.3657,1764.0,1287.0684,1764.0
1145,custom,resnet34,1,246,128,4,4,4.243172,6.25,17.96875,0.000406,0.068546,0.068951,1856.3786,183.3657,1764.0,1287.0684,1764.0
1145,custom,resnet34,1,247,128,4,4,4.03189,6.25,25.78125,0.000204,0.068432,0.068636,1864.911,183.3657,1764.0,1287.0684,1764.0
1145,custom,resnet34,1,248,128,4,4,4.053224,6.25,21.09375,0.000492,0.068969,0.069461,1842.7659,183.3657,1764.0,1287.0684,1764.0
1145,custom,resnet34,1,249,128,4,4,4.192867,6.25,27.34375,0.000129,0.069177,0.069305,1846.8969,183.3657,1764.0,1287.0684,1764.0
1145,custom,resnet34,1,250,128,4,4,3.955492,7.03125,26.5625,0.00038,0.068548,0.068927,1857.0287,183.3657,1764.0,1287.0684,1764.0
1145,custom,resnet34,1,251,128,4,4,4.191722,6.25,21.875,0.000124,0.068652,0.068775,1861.131,183.3657,1764.0,1287.0684,1764.0
1145,custom,resnet34,1,252,128,4,4,4.081797,10.9375,22.65625,0.000409,0.068577,0.068985,1855.4707,183.3657,1764.0,1287.0684,1764.0
1145,custom,resnet34,1,253,128,4,4,4.086177,5.46875,23.4375,0.001091,0.068829,0.06992,1830.654,183.3657,1764.0,1287.0684,1764.0
1145,custom,resnet34,1,254,128,4,4,3.989008,8.59375,25.78125,0.000452,0.068749,0.069201,1849.687,183.3657,1764.0,1287.0684,1764.0
1145,custom,resnet34,1,255,128,4,4,4.079632,5.46875,25.78125,0.000134,0.068506,0.06864,1864.7915,183.3657,1764.0,1287.0684,1764.0
1145,custom,resnet34,1,256,128,4,4,4.045983,7.8125,25.78125,0.000404,0.068808,0.069212,1849.3771,183.3657,1764.0,1287.0684,1764.0
1145,custom,resnet34,1,257,128,4,4,4.07059,6.25,24.21875,0.000193,0.068981,0.069174,1850.4064,183.3657,1764.0,1287.0684,1764.0
1145,custom,resnet34,1,258,128,4,4,3.861639,11.71875,34.375,0.000124,0.068638,0.068762,1861.498,183.3657,1764.0,1287.0684,1764.0
1145,custom,resnet34,1,259,128,4,4,4.017786,6.25,29.6875,0.000147,0.068465,0.068612,1865.555,183.3657,1764.0,1287.0684,1764.0
1145,custom,resnet34,1,260,128,4,4,4.078742,7.8125,25.0,0.000138,0.068506,0.068644,1864.6836,183.3657,1764.0,1287.0684,1764.0
1145,custom,resnet34,1,261,128,4,4,3.962882,6.25,29.6875,0.000198,0.068948,0.069146,1851.1531,183.3657,1764.0,1287.0684,1764.0
1145,custom,resnet34,1,262,128,4,4,4.015032,9.375,26.5625,0.000354,0.068486,0.06884,1859.3879,183.3657,1764.0,1287.0684,1764.0
1145,custom,resnet34,1,263,128,4,4,4.067899,10.15625,28.125,0.000239,0.068839,0.069078,1852.9661,183.3657,1764.0,1287.0684,1764.0
1145,custom,resnet34,1,264,128,4,4,4.25445,4.6875,24.21875,0.000466,0.068879,0.069345,1845.8323,183.3657,1764.0,1287.0684,1764.0
1145,custom,resnet34,1,265,128,4,4,4.057255,7.8125,24.21875,0.000628,0.069044,0.069672,1837.1764,183.3657,1764.0,1287.0684,1764.0
1145,custom,resnet34,1,266,128,4,4,4.148078,4.6875,16.40625,0.000396,0.06851,0.068907,1857.5815,183.3657,1764.0,1287.0684,1764.0
1145,custom,resnet34,1,267,128,4,4,3.949578,7.8125,26.5625,0.000389,0.068552,0.068941,1856.6589,183.3657,1764.0,1287.0684,1764.0
1145,custom,resnet34,1,268,128,4,4,3.965839,5.46875,23.4375,0.000256,0.068735,0.06899,1855.3281,183.3657,1764.0,1287.0684,1764.0
1145,custom,resnet34,1,269,128,4,4,3.998662,8.59375,24.21875,0.000467,0.068957,0.069423,1843.758,183.3657,1764.0,1287.0684,1764.0
1145,custom,resnet34,1,270,128,4,4,4.008857,8.59375,25.78125,0.000121,0.068578,0.068698,1863.2141,183.3657,1764.0,1287.0684,1764.0
1145,custom,resnet34,1,271,128,4,4,3.971807,10.15625,29.6875,0.000504,0.068539,0.069043,1853.929,183.3657,1764.0,1287.0684,1764.0
1145,custom,resnet34,1,272,128,4,4,4.136681,4.6875,18.75,0.000448,0.068698,0.069146,1851.1564,183.3657,1764.0,1287.0684,1764.0
1145,custom,resnet34,1,273,128,4,4,4.057151,6.25,22.65625,0.001029,0.069479,0.070508,1815.3908,183.3657,1764.0,1287.0684,1764.0
1145,custom,resnet34,1,274,128,4,4,3.946815,6.25,28.125,0.000146,0.068727,0.068873,1858.4843,183.3657,1764.0,1287.0684,1764.0
1145,custom,resnet34,1,275,128,4,4,3.839931,10.9375,28.90625,0.000383,0.068592,0.068975,1855.7409,183.3657,1764.0,1287.0684,1764.0
1145,custom,resnet34,1,276,128,4,4,3.953587,7.03125,32.8125,0.000684,0.068692,0.069376,1845.0126,183.3657,1764.0,1287.0684,1764.0
1145,custom,resnet34,1,277,128,4,4,4.044721,5.46875,25.0,0.000145,0.068877,0.069022,1854.4697,183.3657,1764.0,1287.0684,1764.0
1145,custom,resnet34,1,278,128,4,4,4.126807,7.03125,28.90625,0.000139,0.06857,0.06871,1862.9154,183.3657,1764.0,1287.0684,1764.0
1145,custom,resnet34,1,279,128,4,4,4.013706,6.25,27.34375,0.000384,0.068243,0.068627,1865.1678,183.3657,1764.0,1287.0684,1764.0
1145,custom,resnet34,1,280,128,4,4,4.059444,7.8125,26.5625,0.000136,0.068472,0.068608,1865.6782,183.3657,1764.0,1287.0684,1764.0
1145,custom,resnet34,1,281,128,4,4,4.000686,4.6875,21.09375,0.000613,0.068685,0.069299,1847.0802,183.3657,1764.0,1287.0684,1764.0
1145,custom,resnet34,1,282,128,4,4,4.040808,5.46875,22.65625,0.000137,0.06845,0.068587,1866.2512,183.3657,1764.0,1287.0684,1764.0
1145,custom,resnet34,1,283,128,4,4,3.912043,9.375,32.03125,0.000315,0.068629,0.068944,1856.573,183.3657,1764.0,1287.0684,1764.0
1145,custom,resnet34,1,284,128,4,4,4.005525,5.46875,25.78125,0.000128,0.068739,0.068867,1858.6576,183.3657,1764.0,1287.0684,1764.0
1145,custom,resnet34,1,285,128,4,4,3.949838,7.03125,25.78125,0.000675,0.068899,0.069574,1839.7623,183.3657,1764.0,1287.0684,1764.0
1145,custom,resnet34,1,286,128,4,4,4.160717,4.6875,18.75,0.000143,0.068597,0.06874,1862.0988,183.3657,1764.0,1287.0684,1764.0
1145,custom,resnet34,1,287,128,4,4,3.972357,6.25,28.125,0.000137,0.068636,0.068772,1861.211,183.3657,1764.0,1287.0684,1764.0
1145,custom,resnet34,1,288,128,4,4,4.286728,3.90625,20.3125,0.000422,0.068774,0.069195,1849.8381,183.3657,1764.0,1287.0684,1764.0
1145,custom,resnet34,1,289,128,4,4,3.993788,6.25,18.75,0.000219,0.068914,0.069133,1851.4908,183.3657,1764.0,1287.0684,1764.0
1145,custom,resnet34,1,290,128,4,4,3.94327,3.125,23.4375,0.000238,0.068667,0.068905,1857.6354,183.3657,1764.0,1287.0684,1764.0
1145,custom,resnet34,1,291,128,4,4,3.853375,11.71875,28.90625,0.000488,0.068521,0.069009,1854.8311,183.3657,1764.0,1287.0684,1764.0
1145,custom,resnet34,1,292,128,4,4,4.039936,7.03125,26.5625,0.000485,0.068524,0.069009,1854.8387,183.3657,1764.0,1287.0684,1764.0
1145,custom,resnet34,1,293,128,4,4,3.914828,7.8125,24.21875,0.000169,0.068975,0.069144,1851.2048,183.3657,1764.0,1287.0684,1764.0
1145,custom,resnet34,1,294,128,4,4,3.922548,7.03125,25.78125,0.000143,0.068541,0.068684,1863.617,183.3657,1764.0,1287.0684,1764.0
1145,custom,resnet34,1,295,128,4,4,4.152712,5.46875,13.28125,0.00041,0.068539,0.068949,1856.4424,183.3657,1764.0,1287.0684,1764.0
1145,custom,resnet34,1,296,128,4,4,4.016224,10.15625,28.90625,0.000391,0.068727,0.069118,1851.9017,183.3657,1764.0,1287.0684,1764.0
1145,custom,resnet34,1,297,128,4,4,4.066921,4.6875,21.09375,0.000404,0.068895,0.069299,1847.0774,183.3657,1764.0,1287.0684,1764.0
1145,custom,resnet34,1,298,128,4,4,4.122134,6.25,17.96875,0.000764,0.068633,0.069397,1844.4679,183.3657,1764.0,1287.0684,1764.0
1145,custom,resnet34,1,299,128,4,4,4.089123,7.03125,24.21875,0.000414,0.068724,0.069138,1851.3629,183.3657,1764.0,1287.0684,1764.0
1145,custom,resnet34,1,300,128,4,4,3.840569,7.8125,34.375,0.000427,0.068481,0.068907,1857.5723,183.3657,1764.0,1287.0684,1764.0
1145,custom,resnet34,1,301,128,4,4,4.070845,3.125,15.625,0.00013,0.068763,0.068894,1857.9385,183.3657,1764.0,1287.0684,1764.0
1145,custom,resnet34,1,302,128,4,4,3.956972,7.03125,28.90625,0.000261,0.068372,0.068633,1864.9917,183.3657,1764.0,1287.0684,1764.0
1145,custom,resnet34,1,303,128,4,4,3.930131,11.71875,28.90625,0.000128,0.068554,0.068682,1863.6654,183.3657,1764.0,1287.0684,1764.0
1145,custom,resnet34,1,304,128,4,4,3.801038,9.375,28.125,0.00042,0.068748,0.069168,1850.5699,183.3657,1764.0,1287.0684,1764.0
1145,custom,resnet34,1,305,128,4,4,3.899567,6.25,26.5625,0.000383,0.069116,0.0695,1841.7362,183.3657,1764.0,1287.0684,1764.0
1145,custom,resnet34,1,306,128,4,4,3.948513,4.6875,28.125,0.000133,0.068532,0.068665,1864.1193,183.3657,1764.0,1287.0684,1764.0
1145,custom,resnet34,1,307,128,4,4,3.933695,6.25,30.46875,0.000255,0.068485,0.068739,1862.1084,183.3657,1764.0,1287.0684,1764.0
1145,custom,resnet34,1,308,128,4,4,3.849675,9.375,31.25,0.000407,0.068497,0.068904,1857.644,183.3657,1764.0,1287.0684,1764.0
1145,custom,resnet34,1,309,128,4,4,3.952178,12.5,29.6875,0.000387,0.068962,0.069349,1845.7352,183.3657,1764.0,1287.0684,1764.0
1145,custom,resnet34,1,310,128,4,4,3.952914,7.8125,28.90625,0.000136,0.068469,0.068605,1865.7551,183.3657,1764.0,1287.0684,1764.0
1145,custom,resnet34,1,311,128,4,4,4.028422,8.59375,28.125,0.000431,0.068511,0.068942,1856.6414,183.3657,1764.0,1287.0684,1764.0
1145,custom,resnet34,1,312,128,4,4,3.917757,8.59375,28.125,0.00023,0.068415,0.068646,1864.6475,183.3657,1764.0,1287.0684,1764.0
1145,custom,resnet34,1,313,128,4,4,4.001896,7.03125,24.21875,0.000174,0.068905,0.069078,1852.9709,183.3657,1764.0,1287.0684,1764.0
1145,custom,resnet34,1,314,128,4,4,4.001583,2.34375,28.125,0.000142,0.068574,0.068715,1862.7546,183.3657,1764.0,1287.0684,1764.0
1145,custom,resnet34,1,315,128,4,4,3.996989,6.25,27.34375,0.00042,0.068471,0.068891,1858.0152,183.3657,1764.0,1287.0684,1764.0
1145,custom,resnet34,1,316,128,4,4,4.254985,5.46875,18.75,0.000227,0.068568,0.068795,1860.6052,183.3657,1764.0,1287.0684,1764.0
1145,custom,resnet34,1,317,128,4,4,4.133904,1.5625,18.75,0.00017,0.068922,0.069092,1852.5939,183.3657,1764.0,1287.0684,1764.0
1145,custom,resnet34,1,318,128,4,4,3.96595,14.0625,28.90625,0.000161,0.068263,0.068424,1870.6959,183.3657,1764.0,1287.0684,1764.0
1145,custom,resnet34,1,319,128,4,4,3.998714,3.90625,26.5625,0.000235,0.068446,0.068681,1863.6868,183.3657,1764.0,1287.0684,1764.0
1145,custom,resnet34,1,320,128,4,4,3.94556,7.03125,32.8125,0.000534,0.068474,0.069008,1854.859,183.3657,1764.0,1287.0684,1764.0
1145,custom,resnet34,1,321,128,4,4,3.911877,8.59375,27.34375,0.000136,0.068925,0.069062,1853.4154,183.3657,1764.0,1287.0684,1764.0
1145,custom,resnet34,1,322,128,4,4,3.977734,12.5,26.5625,0.000146,0.068789,0.068935,1856.8302,183.3657,1764.0,1287.0684,1764.0
1145,custom,resnet34,1,323,128,4,4,3.967848,6.25,27.34375,0.000219,0.068443,0.068662,1864.1968,183.3657,1764.0,1287.0684,1764.0
1145,custom,resnet34,1,324,128,4,4,3.975425,13.28125,29.6875,0.000236,0.068521,0.068758,1861.6104,183.3657,1764.0,1287.0684,1764.0
1145,custom,resnet34,1,325,128,4,4,3.939048,4.6875,24.21875,0.000396,0.068812,0.069208,1849.4962,183.3657,1764.0,1287.0684,1764.0
1145,custom,resnet34,1,326,128,4,4,4.014614,5.46875,24.21875,0.000353,0.068509,0.068861,1858.8056,183.3657,1764.0,1287.0684,1764.0
1145,custom,resnet34,1,327,128,4,4,4.105657,7.03125,24.21875,0.000156,0.068471,0.068627,1865.1553,183.3657,1764.0,1287.0684,1764.0
1145,custom,resnet34,1,328,128,4,4,3.862839,7.03125,28.90625,0.000416,0.068745,0.069161,1850.7508,183.3657,1764.0,1287.0684,1764.0
1145,custom,resnet34,1,329,128,4,4,3.943499,9.375,25.78125,0.001601,0.069082,0.070683,1810.8953,183.3657,1764.0,1287.0684,1764.0
1145,custom,resnet34,1,330,128,4,4,3.98255,6.25,28.90625,0.000486,0.068464,0.06895,1856.4082,183.3657,1764.0,1287.0684,1764.0
1145,custom,resnet34,1,331,128,4,4,4.191146,6.25,23.4375,0.000148,0.068509,0.068657,1864.3287,183.3657,1764.0,1287.0684,1764.0
1145,custom,resnet34,1,332,128,4,4,3.752446,14.0625,28.125,0.000456,0.068623,0.069079,1852.9475,183.3657,1764.0,1287.0684,1764.0
1145,custom,resnet34,1,333,128,4,4,3.895921,11.71875,31.25,0.000136,0.068971,0.069108,1852.1851,183.3657,1764.0,1287.0684,1764.0
1145,custom,resnet34,1,334,128,4,4,3.844265,10.9375,27.34375,0.000148,0.068553,0.068701,1863.1553,183.3657,1764.0,1287.0684,1764.0
1145,custom,resnet34,1,335,128,4,4,3.949163,7.03125,25.78125,0.00014,0.068558,0.068698,1863.2294,183.3657,1764.0,1287.0684,1764.0
1145,custom,resnet34,1,336,128,4,4,4.069174,7.8125,23.4375,0.000294,0.069246,0.06954,1840.6739,183.3657,1764.0,1287.0684,1764.0
1145,custom,resnet34,1,337,128,4,4,3.986864,5.46875,21.875,0.00014,0.069046,0.069185,1850.0992,183.3657,1764.0,1287.0684,1764.0
1145,custom,resnet34,1,338,128,4,4,3.834126,10.15625,35.9375,0.000169,0.068533,0.068702,1863.1179,183.3657,1764.0,1287.0684,1764.0
1145,custom,resnet34,1,339,128,4,4,3.987915,4.6875,26.5625,0.00024,0.068524,0.068763,1861.4551,183.3657,1764.0,1287.0684,1764.0
1145,custom,resnet34,1,340,128,4,4,3.817414,12.5,29.6875,0.000769,0.068632,0.0694,1844.3746,183.3657,1764.0,1287.0684,1764.0
1145,custom,resnet34,1,341,128,4,4,3.737276,11.71875,35.9375,0.000468,0.068887,0.069354,1845.5965,183.3657,1764.0,1287.0684,1764.0
1145,custom,resnet34,1,342,128,4,4,3.870004,8.59375,28.125,0.000156,0.068622,0.068777,1861.0776,183.3657,1764.0,1287.0684,1764.0
1145,custom,resnet34,1,343,128,4,4,3.933621,11.71875,28.90625,0.00037,0.068808,0.069178,1850.3011,183.3657,1764.0,1287.0684,1764.0
1145,custom,resnet34,1,344,128,4,4,4.039146,4.6875,22.65625,0.005401,0.068555,0.073956,1730.7603,183.3657,1764.0,1287.0684,1764.0
1145,custom,resnet34,1,345,128,4,4,3.935287,10.15625,25.0,0.000249,0.069079,0.069328,1846.2999,183.3657,1764.0,1287.0684,1764.0
1145,custom,resnet34,1,346,128,4,4,3.954669,6.25,23.4375,0.000248,0.068428,0.068677,1863.8066,183.3657,1764.0,1287.0684,1764.0
1145,custom,resnet34,1,347,128,4,4,3.9496,5.46875,28.125,0.000168,0.068501,0.068669,1864.002,183.3657,1764.0,1287.0684,1764.0
1145,custom,resnet34,1,348,128,4,4,3.866831,8.59375,28.125,0.000266,0.068646,0.068911,1857.4665,183.3657,1764.0,1287.0684,1764.0
1145,custom,resnet34,1,349,128,4,4,3.99734,10.15625,28.90625,0.000218,0.069061,0.069279,1847.6146,183.3657,1764.0,1287.0684,1764.0
1145,custom,resnet34,1,350,128,4,4,3.9472,9.375,29.6875,8.5e-05,0.068574,0.068659,1864.2914,183.3657,1764.0,1287.0684,1764.0
1145,custom,resnet34,1,351,128,4,4,3.883422,7.03125,23.4375,8.7e-05,0.068505,0.068592,1866.109,183.3657,1764.0,1287.0684,1764.0
1145,custom,resnet34,1,352,128,4,4,3.848728,12.5,27.777778,0.000211,0.088121,0.088332,815.1059,182.1885,1764.0,1287.0684,1764.0
1145,custom,resnet34,2,353,128,4,4,3.964549,9.375,31.25,0.104767,0.068301,0.173068,739.5947,183.3657,1764.0,1287.0684,1764.0
1145,custom,resnet34,2,354,128,4,4,4.071385,5.46875,17.96875,0.000211,0.068745,0.068956,1856.2519,183.3657,1764.0,1287.0684,1764.0
1145,custom,resnet34,2,355,128,4,4,4.000983,10.15625,26.5625,0.000186,0.068604,0.06879,1860.7476,183.3657,1764.0,1287.0684,1764.0
1145,custom,resnet34,2,356,128,4,4,3.939017,7.03125,26.5625,0.000232,0.068659,0.068891,1858.0156,183.3657,1764.0,1287.0684,1764.0
1145,custom,resnet34,2,357,128,4,4,3.888371,5.46875,29.6875,0.000396,0.068679,0.069075,1853.067,183.3657,1764.0,1287.0684,1764.0
1145,custom,resnet34,2,358,128,4,4,3.986797,8.59375,24.21875,0.000592,0.069061,0.069653,1837.6859,183.3657,1764.0,1287.0684,1764.0
1145,custom,resnet34,2,359,128,4,4,3.663055,12.5,33.59375,0.000484,0.068752,0.069237,1848.7307,183.3657,1764.0,1287.0684,1764.0
1145,custom,resnet34,2,360,128,4,4,3.831661,10.15625,31.25,0.000117,0.068629,0.068746,1861.9292,183.3657,1764.0,1287.0684,1764.0
1145,custom,resnet34,2,361,128,4,4,3.766742,13.28125,35.15625,0.000474,0.068606,0.06908,1852.9153,183.3657,1764.0,1287.0684,1764.0
1145,custom,resnet34,2,362,128,4,4,3.825305,11.71875,29.6875,0.000431,0.069105,0.069536,1840.7701,183.3657,1764.0,1287.0684,1764.0
1145,custom,resnet34,2,363,128,4,4,3.843125,8.59375,28.90625,0.000418,0.06865,0.069068,1853.234,183.3657,1764.0,1287.0684,1764.0
1145,custom,resnet34,2,364,128,4,4,3.910071,5.46875,26.5625,0.000514,0.068635,0.069149,1851.0735,183.3657,1764.0,1287.0684,1764.0
1145,custom,resnet34,2,365,128,4,4,4.039792,11.71875,25.78125,0.000266,0.068516,0.068783,1860.9293,183.3657,1764.0,1287.0684,1764.0
1145,custom,resnet34,2,366,128,4,4,3.866542,7.03125,28.125,0.000183,0.068982,0.069165,1850.6444,183.3657,1764.0,1287.0684,1764.0
1145,custom,resnet34,2,367,128,4,4,4.037457,8.59375,27.34375,0.00013,0.068509,0.068639,1864.83,183.3657,1764.0,1287.0684,1764.0
1145,custom,resnet34,2,368,128,4,4,4.099615,8.59375,26.5625,0.000394,0.06861,0.069004,1854.9645,183.3657,1764.0,1287.0684,1764.0
1145,custom,resnet34,2,369,128,4,4,3.776292,8.59375,32.03125,0.000266,0.068612,0.068878,1858.3594,183.3657,1764.0,1287.0684,1764.0
1145,custom,resnet34,2,370,128,4,4,3.804971,10.15625,36.71875,0.000636,0.068873,0.069509,1841.5011,183.3657,1764.0,1287.0684,1764.0
1145,custom,resnet34,2,371,128,4,4,3.876914,10.9375,24.21875,0.000131,0.068641,0.068772,1861.2202,183.3657,1764.0,1287.0684,1764.0
1145,custom,resnet34,2,372,128,4,4,3.815105,9.375,29.6875,0.001382,0.068838,0.070219,1822.8605,183.3657,1764.0,1287.0684,1764.0
1145,custom,resnet34,2,373,128,4,4,3.864013,9.375,31.25,0.000285,0.068612,0.068897,1857.8441,183.3657,1764.0,1287.0684,1764.0
1145,custom,resnet34,2,374,128,4,4,4.08246,4.6875,23.4375,0.000353,0.072599,0.072952,1754.5715,183.3657,1764.0,1287.0684,1764.0
1145,custom,resnet34,2,375,128,4,4,3.868041,8.59375,35.15625,0.000127,0.068644,0.068771,1861.2421,183.3657,1764.0,1287.0684,1764.0
1145,custom,resnet34,2,376,128,4,4,3.808959,10.15625,30.46875,0.000971,0.068726,0.069696,1836.5419,183.3657,1764.0,1287.0684,1764.0
1145,custom,resnet34,2,377,128,4,4,3.813815,4.6875,28.125,0.000645,0.068701,0.069346,1845.8068,183.3657,1764.0,1287.0684,1764.0
1145,custom,resnet34,2,378,128,4,4,3.780297,9.375,29.6875,0.000275,0.069933,0.070209,1823.1292,183.3657,1764.0,1287.0684,1764.0
1145,custom,resnet34,2,379,128,4,4,3.927826,4.6875,24.21875,0.000122,0.068444,0.068566,1866.8135,183.3657,1764.0,1287.0684,1764.0
1145,custom,resnet34,2,380,128,4,4,3.7978,10.15625,28.90625,0.000373,0.068623,0.068996,1855.1907,183.3657,1764.0,1287.0684,1764.0
1145,custom,resnet34,2,381,128,4,4,4.020974,8.59375,25.0,0.000394,0.068674,0.069068,1853.2526,183.3657,1764.0,1287.0684,1764.0
1145,custom,resnet34,2,382,128,4,4,3.857606,3.125,23.4375,0.000268,0.07608,0.076348,1676.529,183.3657,1764.0,1287.0684,1764.0
1145,custom,resnet34,2,383,128,4,4,3.952243,7.03125,26.5625,0.000114,0.068364,0.068478,1869.2152,183.3657,1764.0,1287.0684,1764.0
1145,custom,resnet34,2,384,128,4,4,3.899098,8.59375,33.59375,0.000126,0.06851,0.068636,1864.9185,183.3657,1764.0,1287.0684,1764.0
1145,custom,resnet34,2,385,128,4,4,3.886465,10.9375,28.90625,0.000126,0.068506,0.068631,1865.0394,183.3657,1764.0,1287.0684,1764.0
1145,custom,resnet34,2,386,128,4,4,3.723578,7.8125,35.15625,0.000211,0.068966,0.069176,1850.3466,183.3657,1764.0,1287.0684,1764.0
1145,custom,resnet34,2,387,128,4,4,3.915109,7.8125,30.46875,0.000147,0.068506,0.068653,1864.4564,183.3657,1764.0,1287.0684,1764.0
1145,custom,resnet34,2,388,128,4,4,3.975467,10.15625,27.34375,0.000352,0.068569,0.06892,1857.2179,183.3657,1764.0,1287.0684,1764.0
1145,custom,resnet34,2,389,128,4,4,3.765436,10.9375,28.90625,0.000332,0.068476,0.068808,1860.2587,183.3657,1764.0,1287.0684,1764.0
1145,custom,resnet34,2,390,128,4,4,3.980706,7.8125,25.0,0.000192,0.068853,0.069044,1853.8841,183.3657,1764.0,1287.0684,1764.0
1145,custom,resnet34,2,391,128,4,4,3.91444,10.9375,27.34375,0.000123,0.068625,0.068748,1861.8763,183.3657,1764.0,1287.0684,1764.0
1145,custom,resnet34,2,392,128,4,4,3.971345,11.71875,26.5625,0.000211,0.068582,0.068792,1860.6767,183.3657,1764.0,1287.0684,1764.0
1145,custom,resnet34,2,393,128,4,4,3.914821,9.375,29.6875,0.0005,0.068507,0.069007,1854.8823,183.3657,1764.0,1287.0684,1764.0
1145,custom,resnet34,2,394,128,4,4,3.849963,9.375,28.90625,0.000179,0.068775,0.068954,1856.3149,183.3657,1764.0,1287.0684,1764.0
1145,custom,resnet34,2,395,128,4,4,3.538602,16.40625,39.84375,0.000442,0.068683,0.069125,1851.7199,183.3657,1764.0,1287.0684,1764.0
1145,custom,resnet34,2,396,128,4,4,3.887776,6.25,28.125,0.000811,0.068639,0.069451,1843.0389,183.3657,1764.0,1287.0684,1764.0
1145,custom,resnet34,2,397,128,4,4,3.72474,7.03125,32.8125,0.000164,0.068556,0.06872,1862.6394,183.3657,1764.0,1287.0684,1764.0
1145,custom,resnet34,2,398,128,4,4,3.926003,8.59375,29.6875,0.000332,0.07407,0.074402,1720.3899,183.3657,1764.0,1287.0684,1764.0
1145,custom,resnet34,2,399,128,4,4,3.969008,7.03125,27.34375,0.000236,0.0688,0.069036,1854.1063,183.3657,1764.0,1287.0684,1764.0
1145,custom,resnet34,2,400,128,4,4,3.895559,10.15625,28.90625,0.000171,0.0685,0.06867,1863.9782,183.3657,1764.0,1287.0684,1764.0
1145,custom,resnet34,2,401,128,4,4,3.905067,9.375,28.90625,0.00019,0.068564,0.068754,1861.7013,183.3657,1764.0,1287.0684,1764.0
1145,custom,resnet34,2,402,128,4,4,3.879274,10.15625,27.34375,0.000316,0.068788,0.069103,1852.2954,183.3657,1764.0,1287.0684,1764.0
1145,custom,resnet34,2,403,128,4,4,3.967501,7.8125,30.46875,0.000381,0.068357,0.068738,1862.1476,183.3657,1764.0,1287.0684,1764.0
1145,custom,resnet34,2,404,128,4,4,4.043798,10.9375,25.78125,0.000378,0.068685,0.069063,1853.3677,183.3657,1764.0,1287.0684,1764.0
1145,custom,resnet34,2,405,128,4,4,3.957119,5.46875,23.4375,0.000175,0.068582,0.068757,1861.6303,183.3657,1764.0,1287.0684,1764.0
1145,custom,resnet34,2,406,128,4,4,3.750249,14.0625,35.9375,0.000566,0.068579,0.069145,1851.1852,183.3657,1764.0,1287.0684,1764.0
1145,custom,resnet34,2,407,128,4,4,3.974576,7.03125,27.34375,0.000125,0.068691,0.068816,1860.0397,183.3657,1764.0,1287.0684,1764.0
1145,custom,resnet34,2,408,128,4,4,3.958605,7.8125,27.34375,0.000128,0.06847,0.068598,1865.9383,183.3657,1764.0,1287.0684,1764.0
1145,custom,resnet34,2,409,128,4,4,3.696351,14.0625,38.28125,0.000122,0.068453,0.068575,1866.5767,183.3657,1764.0,1287.0684,1764.0
1145,custom,resnet34,2,410,128,4,4,3.70284,10.9375,34.375,0.000313,0.071382,0.071695,1785.3498,183.3657,1764.0,1287.0684,1764.0
1145,custom,resnet34,2,411,128,4,4,3.899061,10.9375,32.03125,0.000389,0.068615,0.069004,1854.9706,183.3657,1764.0,1287.0684,1764.0
1145,custom,resnet34,2,412,128,4,4,4.001265,8.59375,28.90625,0.000357,0.068556,0.068913,1857.4152,183.3657,1764.0,1287.0684,1764.0
1145,custom,resnet34,2,413,128,4,4,3.826467,6.25,28.125,0.000131,0.068622,0.068753,1861.7303,183.3657,1764.0,1287.0684,1764.0
1145,custom,resnet34,2,414,128,4,4,3.918119,9.375,28.90625,0.000785,0.068754,0.069538,1840.7175,183.3657,1764.0,1287.0684,1764.0
1145,custom,resnet34,2,415,128,4,4,3.879011,10.15625,30.46875,0.000402,0.068697,0.069099,1852.4068,183.3657,1764.0,1287.0684,1764.0
1145,custom,resnet34,2,416,128,4,4,3.855393,6.25,29.6875,0.000118,0.068552,0.06867,1863.9871,183.3657,1764.0,1287.0684,1764.0
1145,custom,resnet34,2,417,128,4,4,3.815045,8.59375,28.90625,0.000457,0.068634,0.069091,1852.6282,183.3657,1764.0,1287.0684,1764.0
1145,custom,resnet34,2,418,128,4,4,3.931788,3.125,23.4375,0.000224,0.068847,0.069071,1853.1694,183.3657,1764.0,1287.0684,1764.0
1145,custom,resnet34,2,419,128,4,4,3.878257,7.03125,30.46875,0.000148,0.068519,0.068667,1864.0819,183.3657,1764.0,1287.0684,1764.0
1145,custom,resnet34,2,420,128,4,4,3.93407,11.71875,30.46875,0.000144,0.068808,0.068953,1856.3448,183.3657,1764.0,1287.0684,1764.0
1145,custom,resnet34,2,421,128,4,4,3.983751,6.25,26.5625,0.00044,0.068789,0.06923,1848.9156,183.3657,1764.0,1287.0684,1764.0
1145,custom,resnet34,2,422,128,4,4,3.837717,9.375,30.46875,0.000219,0.0689,0.069119,1851.88,183.3657,1764.0,1287.0684,1764.0
1145,custom,resnet34,2,423,128,4,4,3.869188,4.6875,27.34375,0.000165,0.068484,0.068649,1864.5452,183.3657,1764.0,1287.0684,1764.0
1145,custom,resnet34,2,424,128,4,4,3.975818,10.15625,27.34375,0.000351,0.06873,0.069081,1852.8954,183.3657,1764.0,1287.0684,1764.0
1145,custom,resnet34,2,425,128,4,4,4.151809,8.59375,25.78125,0.000595,0.068447,0.069042,1853.9435,183.3657,1764.0,1287.0684,1764.0
1145,custom,resnet34,2,426,128,4,4,3.884665,9.375,28.125,0.000331,0.068932,0.069263,1848.02,183.3657,1764.0,1287.0684,1764.0
1145,custom,resnet34,2,427,128,4,4,3.831178,7.8125,34.375,0.000129,0.068652,0.068781,1860.9744,183.3657,1764.0,1287.0684,1764.0
1145,custom,resnet34,2,428,128,4,4,3.845648,3.90625,28.90625,0.000143,0.068487,0.068631,1865.057,183.3657,1764.0,1287.0684,1764.0
1145,custom,resnet34,2,429,128,4,4,3.843219,11.71875,32.8125,0.000461,0.068516,0.068977,1855.6831,183.3657,1764.0,1287.0684,1764.0
1145,custom,resnet34,2,430,128,4,4,3.799757,11.71875,37.5,0.000678,0.068653,0.069331,1846.2097,183.3657,1764.0,1287.0684,1764.0
1145,custom,resnet34,2,431,128,4,4,3.838216,10.15625,32.03125,0.000123,0.06843,0.068553,1867.1725,183.3657,1764.0,1287.0684,1764.0
1145,custom,resnet34,2,432,128,4,4,3.732676,11.71875,29.6875,0.000229,0.0683,0.068528,1867.8411,183.3657,1764.0,1287.0684,1764.0
1145,custom,resnet34,2,433,128,4,4,3.883861,7.8125,34.375,0.000289,0.068498,0.068787,1860.8119,183.3657,1764.0,1287.0684,1764.0
1145,custom,resnet34,2,434,128,4,4,3.839016,10.15625,29.6875,0.000529,0.068623,0.069151,1851.0176,183.3657,1764.0,1287.0684,1764.0
1145,custom,resnet34,2,435,128,4,4,3.906976,6.25,21.09375,0.000124,0.068518,0.068642,1864.7559,183.3657,1764.0,1287.0684,1764.0
1145,custom,resnet34,2,436,128,4,4,3.871611,12.5,29.6875,0.000142,0.068508,0.06865,1864.5251,183.3657,1764.0,1287.0684,1764.0
1145,custom,resnet34,2,437,128,4,4,3.766803,7.8125,36.71875,0.000636,0.068615,0.069251,1848.3543,183.3657,1764.0,1287.0684,1764.0
1145,custom,resnet34,2,438,128,4,4,3.838624,9.375,29.6875,0.000433,0.073846,0.074279,1723.2319,183.3657,1764.0,1287.0684,1764.0
1145,custom,resnet34,2,439,128,4,4,3.834738,8.59375,29.6875,0.000203,0.068421,0.068624,1865.2329,183.3657,1764.0,1287.0684,1764.0
1145,custom,resnet34,2,440,128,4,4,3.819655,13.28125,26.5625,0.000371,0.068825,0.069197,1849.7944,183.3657,1764.0,1287.0684,1764.0
1145,custom,resnet34,2,441,128,4,4,3.757586,10.15625,35.15625,0.000619,0.068663,0.069282,1847.5286,183.3657,1764.0,1287.0684,1764.0
1145,custom,resnet34,2,442,128,4,4,4.098217,7.03125,22.65625,0.000202,0.068978,0.069179,1850.2675,183.3657,1764.0,1287.0684,1764.0
1145,custom,resnet34,2,443,128,4,4,3.817588,10.15625,27.34375,0.000346,0.06861,0.068956,1856.2622,183.3657,1764.0,1287.0684,1764.0
1145,custom,resnet34,2,444,128,4,4,3.823515,4.6875,32.03125,0.000382,0.068652,0.069034,1854.172,183.3657,1764.0,1287.0684,1764.0
1145,custom,resnet34,2,445,128,4,4,3.837176,12.5,35.15625,0.000385,0.073083,0.073468,1742.2623,183.3657,1764.0,1287.0684,1764.0
1145,custom,resnet34,2,446,128,4,4,3.819168,9.375,30.46875,0.000214,0.068981,0.069195,1849.8441,183.3657,1764.0,1287.0684,1764.0
1145,custom,resnet34,2,447,128,4,4,3.693994,10.9375,37.5,0.000215,0.06892,0.069135,1851.4446,183.3657,1764.0,1287.0684,1764.0
1145,custom,resnet34,2,448,128,4,4,3.792825,8.59375,32.03125,0.000395,0.068644,0.069039,1854.0176,183.3657,1764.0,1287.0684,1764.0
1145,custom,resnet34,2,449,128,4,4,3.7718,7.8125,31.25,0.000126,0.068604,0.06873,1862.3665,183.3657,1764.0,1287.0684,1764.0
1145,custom,resnet34,2,450,128,4,4,3.654828,10.9375,33.59375,0.000191,0.068914,0.069105,1852.2584,183.3657,1764.0,1287.0684,1764.0
1145,custom,resnet34,2,451,128,4,4,3.915727,11.71875,28.90625,0.000446,0.068574,0.06902,1854.5433,183.3657,1764.0,1287.0684,1764.0
1145,custom,resnet34,2,452,128,4,4,3.849185,7.8125,28.125,0.00015,0.068484,0.068634,1864.9632,183.3657,1764.0,1287.0684,1764.0
1145,custom,resnet34,2,453,128,4,4,3.747517,9.375,35.9375,0.000401,0.068753,0.069154,1850.9538,183.3657,1764.0,1287.0684,1764.0
1145,custom,resnet34,2,454,128,4,4,3.87711,8.59375,31.25,0.000214,0.069001,0.069214,1849.3266,183.3657,1764.0,1287.0684,1764.0
1145,custom,resnet34,2,455,128,4,4,3.682203,10.15625,37.5,0.000134,0.068662,0.068796,1860.5682,183.3657,1764.0,1287.0684,1764.0
1145,custom,resnet34,2,456,128,4,4,4.007936,10.15625,25.0,0.00097,0.068831,0.069802,1833.7641,183.3657,1764.0,1287.0684,1764.0
1145,custom,resnet34,2,457,128,4,4,3.857595,5.46875,30.46875,0.000125,0.068511,0.068636,1864.9186,183.3657,1764.0,1287.0684,1764.0
1145,custom,resnet34,2,458,128,4,4,3.850726,8.59375,28.90625,0.000205,0.068846,0.069051,1853.6998,183.3657,1764.0,1287.0684,1764.0
1145,custom,resnet34,2,459,128,4,4,3.924974,3.90625,25.0,0.000382,0.068777,0.069158,1850.8257,183.3657,1764.0,1287.0684,1764.0
1145,custom,resnet34,2,460,128,4,4,4.006968,12.5,25.78125,0.000514,0.068635,0.069149,1851.0782,183.3657,1764.0,1287.0684,1764.0
1145,custom,resnet34,2,461,128,4,4,3.860262,14.0625,30.46875,0.000395,0.068479,0.068874,1858.4714,183.3657,1764.0,1287.0684,1764.0
1145,custom,resnet34,2,462,128,4,4,3.74728,10.15625,34.375,0.000189,0.06892,0.069109,1852.1509,183.3657,1764.0,1287.0684,1764.0
1145,custom,resnet34,2,463,128,4,4,3.945241,6.25,30.46875,0.000122,0.068465,0.068588,1866.2268,183.3657,1764.0,1287.0684,1764.0
1145,custom,resnet34,2,464,128,4,4,4.008979,10.15625,34.375,0.000237,0.068418,0.068655,1864.3924,183.3657,1764.0,1287.0684,1764.0
1145,custom,resnet34,2,465,128,4,4,3.945275,11.71875,26.5625,0.000288,0.068555,0.068843,1859.3066,183.3657,1764.0,1287.0684,1764.0
1145,custom,resnet34,2,466,128,4,4,3.85409,6.25,28.90625,0.000356,0.068599,0.068955,1856.2718,183.3657,1764.0,1287.0684,1764.0
1145,custom,resnet34,2,467,128,4,4,3.95352,10.9375,31.25,0.000357,0.068092,0.06845,1869.9876,183.3657,1764.0,1287.0684,1764.0
1145,custom,resnet34,2,468,128,4,4,3.772445,11.71875,35.15625,0.000131,0.068463,0.068593,1866.0717,183.3657,1764.0,1287.0684,1764.0
1145,custom,resnet34,2,469,128,4,4,3.822865,9.375,35.9375,0.000255,0.068563,0.068818,1859.9828,183.3657,1764.0,1287.0684,1764.0
1145,custom,resnet34,2,470,128,4,4,3.841307,9.375,28.90625,0.000699,0.068808,0.069507,1841.5374,183.3657,1764.0,1287.0684,1764.0
1145,custom,resnet34,2,471,128,4,4,3.881067,9.375,31.25,0.00037,0.068508,0.068878,1858.3573,183.3657,1764.0,1287.0684,1764.0
1145,custom,resnet34,2,472,128,4,4,3.753522,10.9375,39.0625,0.000137,0.068492,0.068628,1865.1252,183.3657,1764.0,1287.0684,1764.0
1145,custom,resnet34,2,473,128,4,4,3.807178,7.8125,34.375,0.001284,0.068242,0.069526,1841.0446,183.3657,1764.0,1287.0684,1764.0
1145,custom,resnet34,2,474,128,4,4,3.609326,10.9375,36.71875,0.000481,0.068806,0.069287,1847.3906,183.3657,1764.0,1287.0684,1764.0
1145,custom,resnet34,2,475,128,4,4,3.777973,10.15625,35.15625,0.000147,0.068447,0.068593,1866.0768,183.3657,1764.0,1287.0684,1764.0
1145,custom,resnet34,2,476,128,4,4,3.797352,8.59375,32.03125,0.000121,0.068521,0.068642,1864.7451,183.3657,1764.0,1287.0684,1764.0
1145,custom,resnet34,2,477,128,4,4,3.755571,10.15625,30.46875,0.000582,0.069248,0.069831,1833.0034,183.3657,1764.0,1287.0684,1764.0
1145,custom,resnet34,2,478,128,4,4,3.847159,7.8125,29.6875,0.000605,0.068927,0.069532,1840.8751,183.3657,1764.0,1287.0684,1764.0
1145,custom,resnet34,2,479,128,4,4,3.741823,9.375,35.9375,0.000136,0.068552,0.068687,1863.52,183.3657,1764.0,1287.0684,1764.0
1145,custom,resnet34,2,480,128,4,4,3.682495,7.8125,40.625,0.000371,0.068419,0.06879,1860.7299,183.3657,1764.0,1287.0684,1764.0
1145,custom,resnet34,2,481,128,4,4,3.801082,10.9375,35.9375,0.000161,0.068412,0.068573,1866.6343,183.3657,1764.0,1287.0684,1764.0
1145,custom,resnet34,2,482,128,4,4,3.719042,13.28125,34.375,0.000597,0.06871,0.069307,1846.8613,183.3657,1764.0,1287.0684,1764.0
1145,custom,resnet34,2,483,128,4,4,3.78389,8.59375,28.90625,0.000149,0.06839,0.068539,1867.5596,183.3657,1764.0,1287.0684,1764.0
1145,custom,resnet34,2,484,128,4,4,4.036322,7.03125,23.4375,0.000334,0.068424,0.068758,1861.6048,183.3657,1764.0,1287.0684,1764.0
1145,custom,resnet34,2,485,128,4,4,3.806734,10.9375,35.15625,0.000364,0.068521,0.068885,1858.1624,183.3657,1764.0,1287.0684,1764.0
1145,custom,resnet34,2,486,128,4,4,3.748197,7.8125,32.03125,0.000652,0.069051,0.069703,1836.3675,183.3657,1764.0,1287.0684,1764.0
1145,custom,resnet34,2,487,128,4,4,3.818266,11.71875,32.03125,0.000131,0.068479,0.068611,1865.6012,183.3657,1764.0,1287.0684,1764.0
1145,custom,resnet34,2,488,128,4,4,3.883992,8.59375,34.375,0.000428,0.068426,0.068853,1859.0211,183.3657,1764.0,1287.0684,1764.0
1145,custom,resnet34,2,489,128,4,4,3.671335,6.25,30.46875,0.000418,0.068678,0.069096,1852.4822,183.3657,1764.0,1287.0684,1764.0
1145,custom,resnet34,2,490,128,4,4,3.644742,15.625,39.84375,0.000213,0.068939,0.069152,1851.001,183.3657,1764.0,1287.0684,1764.0
1145,custom,resnet34,2,491,128,4,4,3.630742,14.0625,38.28125,0.000129,0.068306,0.068434,1870.409,183.3657,1764.0,1287.0684,1764.0
1145,custom,resnet34,2,492,128,4,4,3.646181,14.84375,34.375,0.000193,0.068488,0.068681,1863.6824,183.3657,1764.0,1287.0684,1764.0
1145,custom,resnet34,2,493,128,4,4,3.698341,8.59375,39.84375,0.000709,0.068638,0.069347,1845.7768,183.3657,1764.0,1287.0684,1764.0
1145,custom,resnet34,2,494,128,4,4,3.701756,14.0625,38.28125,0.000301,0.06909,0.069391,1844.6246,183.3657,1764.0,1287.0684,1764.0
1145,custom,resnet34,2,495,128,4,4,3.80916,10.9375,26.5625,0.000455,0.068494,0.068949,1856.4577,183.3657,1764.0,1287.0684,1764.0
1145,custom,resnet34,2,496,128,4,4,3.893719,10.9375,31.25,0.000441,0.068412,0.068853,1859.027,183.3657,1764.0,1287.0684,1764.0
1145,custom,resnet34,2,497,128,4,4,3.607907,10.9375,39.84375,0.000399,0.068499,0.068898,1857.8067,183.3657,1764.0,1287.0684,1764.0
1145,custom,resnet34,2,498,128,4,4,3.708744,10.9375,32.8125,0.000288,0.071243,0.07153,1789.447,183.3657,1764.0,1287.0684,1764.0
1145,custom,resnet34,2,499,128,4,4,3.687774,10.9375,33.59375,0.000426,0.068571,0.068996,1855.1731,183.3657,1764.0,1287.0684,1764.0
1145,custom,resnet34,2,500,128,4,4,3.97691,9.375,27.34375,0.000396,0.068685,0.069081,1852.8902,183.3657,1764.0,1287.0684,1764.0
1145,custom,resnet34,2,501,128,4,4,3.83669,11.71875,35.15625,0.000123,0.068569,0.068693,1863.3746,183.3657,1764.0,1287.0684,1764.0
1145,custom,resnet34,2,502,128,4,4,3.732979,8.59375,32.03125,0.000191,0.068971,0.069162,1850.7322,183.3657,1764.0,1287.0684,1764.0
1145,custom,resnet34,2,503,128,4,4,3.640784,7.8125,37.5,0.000133,0.068366,0.0685,1868.6263,183.3657,1764.0,1287.0684,1764.0
1145,custom,resnet34,2,504,128,4,4,3.80811,10.15625,33.59375,0.0004,0.068392,0.068791,1860.6981,183.3657,1764.0,1287.0684,1764.0
1145,custom,resnet34,2,505,128,4,4,3.794718,11.71875,33.59375,0.000496,0.068444,0.06894,1856.6744,183.3657,1764.0,1287.0684,1764.0
1145,custom,resnet34,2,506,128,4,4,3.737691,16.40625,38.28125,0.000226,0.068802,0.069027,1854.3432,183.3657,1764.0,1287.0684,1764.0
1145,custom,resnet34,2,507,128,4,4,3.846136,10.15625,34.375,0.000371,0.068536,0.068907,1857.5768,183.3657,1764.0,1287.0684,1764.0
1145,custom,resnet34,2,508,128,4,4,3.787453,14.84375,33.59375,0.000143,0.068708,0.068851,1859.0936,183.3657,1764.0,1287.0684,1764.0
1145,custom,resnet34,2,509,128,4,4,3.68674,12.5,34.375,0.000151,0.068494,0.068645,1864.6637,183.3657,1764.0,1287.0684,1764.0
1145,custom,resnet34,2,510,128,4,4,3.803367,13.28125,33.59375,0.000201,0.068918,0.06912,1851.8645,183.3657,1764.0,1287.0684,1764.0
1145,custom,resnet34,2,511,128,4,4,3.713875,10.9375,35.9375,0.000405,0.06881,0.069215,1849.3032,183.3657,1764.0,1287.0684,1764.0
1145,custom,resnet34,2,512,128,4,4,3.816323,9.375,32.8125,0.000234,0.06871,0.068943,1856.599,183.3657,1764.0,1287.0684,1764.0
1145,custom,resnet34,2,513,128,4,4,3.78342,13.28125,35.15625,0.000258,0.068607,0.068865,1858.7074,183.3657,1764.0,1287.0684,1764.0
1145,custom,resnet34,2,514,128,4,4,3.875979,7.8125,34.375,0.00092,0.068874,0.069794,1833.972,183.3657,1764.0,1287.0684,1764.0
1145,custom,resnet34,2,515,128,4,4,3.723922,13.28125,39.84375,0.000446,0.068741,0.069187,1850.0485,183.3657,1764.0,1287.0684,1764.0
1145,custom,resnet34,2,516,128,4,4,3.765393,10.15625,34.375,0.000155,0.068831,0.068986,1855.4463,183.3657,1764.0,1287.0684,1764.0
1145,custom,resnet34,2,517,128,4,4,3.732032,14.0625,36.71875,0.000235,0.068462,0.068697,1863.2449,183.3657,1764.0,1287.0684,1764.0
1145,custom,resnet34,2,518,128,4,4,3.756868,14.84375,39.0625,0.00053,0.068664,0.069194,1849.8715,183.3657,1764.0,1287.0684,1764.0
1145,custom,resnet34,2,519,128,4,4,3.885933,6.25,25.78125,0.000401,0.068499,0.0689,1857.7757,183.3657,1764.0,1287.0684,1764.0
1145,custom,resnet34,2,520,128,4,4,3.89799,9.375,26.5625,0.000376,0.068744,0.06912,1851.854,183.3657,1764.0,1287.0684,1764.0
1145,custom,resnet34,2,521,128,4,4,3.64027,10.9375,33.59375,0.000132,0.068588,0.06872,1862.6287,183.3657,1764.0,1287.0684,1764.0
1145,custom,resnet34,2,522,128,4,4,3.752724,13.28125,36.71875,0.000196,0.06889,0.069086,1852.766,183.3657,1764.0,1287.0684,1764.0
1145,custom,resnet34,2,523,128,4,4,3.832203,7.8125,27.34375,0.000204,0.068593,0.068797,1860.5463,183.3657,1764.0,1287.0684,1764.0
1145,custom,resnet34,2,524,128,4,4,3.922383,6.25,32.03125,0.000525,0.068517,0.069042,1853.9438,183.3657,1764.0,1287.0684,1764.0
1145,custom,resnet34,2,525,128,4,4,3.749783,7.03125,32.03125,0.000444,0.068453,0.068898,1857.8269,183.3657,1764.0,1287.0684,1764.0
1145,custom,resnet34,2,526,128,4,4,3.751004,11.71875,33.59375,0.000131,0.068946,0.069078,1852.9909,183.3657,1764.0,1287.0684,1764.0
1145,custom,resnet34,2,527,128,4,4,3.729596,13.28125,33.59375,0.000149,0.068682,0.068832,1859.6116,183.3657,1764.0,1287.0684,1764.0
1145,custom,resnet34,2,528,128,4,4,3.880351,11.71875,29.6875,0.000212,0.06857,0.068782,1860.9601,183.3657,1764.0,1287.0684,1764.0
1145,custom,resnet34,2,529,128,4,4,3.836561,15.625,30.46875,0.000248,0.068611,0.068859,1858.8768,183.3657,1764.0,1287.0684,1764.0
1145,custom,resnet34,2,530,128,4,4,4.000155,4.6875,24.21875,0.000672,0.068858,0.06953,1840.9302,183.3657,1764.0,1287.0684,1764.0
1145,custom,resnet34,2,531,128,4,4,3.699141,10.15625,30.46875,0.000153,0.068288,0.068441,1870.2187,183.3657,1764.0,1287.0684,1764.0
1145,custom,resnet34,2,532,128,4,4,3.770125,12.5,35.15625,0.000575,0.068692,0.069267,1847.9153,183.3657,1764.0,1287.0684,1764.0
1145,custom,resnet34,2,533,128,4,4,3.85234,11.71875,32.8125,0.000529,0.0686,0.069129,1851.6177,183.3657,1764.0,1287.0684,1764.0
1145,custom,resnet34,2,534,128,4,4,3.896213,7.8125,24.21875,0.000232,0.068981,0.069212,1849.3833,183.3657,1764.0,1287.0684,1764.0
1145,custom,resnet34,2,535,128,4,4,3.642721,14.0625,38.28125,0.000888,0.068642,0.069531,1840.9162,183.3657,1764.0,1287.0684,1764.0
1145,custom,resnet34,2,536,128,4,4,3.763869,9.375,33.59375,0.00014,0.06857,0.06871,1862.9039,183.3657,1764.0,1287.0684,1764.0
1145,custom,resnet34,2,537,128,4,4,3.766149,11.71875,35.15625,0.000145,0.068452,0.068598,1865.9482,183.3657,1764.0,1287.0684,1764.0
1145,custom,resnet34,2,538,128,4,4,3.70114,16.40625,39.0625,0.000227,0.068955,0.069182,1850.1887,183.3657,1764.0,1287.0684,1764.0
1145,custom,resnet34,2,539,128,4,4,3.617424,9.375,39.0625,0.000435,0.06852,0.068955,1856.2898,183.3657,1764.0,1287.0684,1764.0
1145,custom,resnet34,2,540,128,4,4,3.754271,7.8125,32.8125,0.000492,0.068736,0.069228,1848.9695,183.3657,1764.0,1287.0684,1764.0
1145,custom,resnet34,2,541,128,4,4,3.575402,15.625,39.84375,0.000444,0.068645,0.069089,1852.6849,183.3657,1764.0,1287.0684,1764.0
1145,custom,resnet34,2,542,128,4,4,3.844196,8.59375,35.15625,0.00065,0.068952,0.069602,1839.0235,183.3657,1764.0,1287.0684,1764.0
1145,custom,resnet34,2,543,128,4,4,3.603649,12.5,35.9375,0.000513,0.068415,0.068927,1857.0313,183.3657,1764.0,1287.0684,1764.0
1145,custom,resnet34,2,544,128,4,4,3.831764,10.9375,31.25,0.000528,0.068563,0.069091,1852.6316,183.3657,1764.0,1287.0684,1764.0
1145,custom,resnet34,2,545,128,4,4,3.752708,8.59375,35.9375,0.000211,0.068623,0.068834,1859.5427,183.3657,1764.0,1287.0684,1764.0
1145,custom,resnet34,2,546,128,4,4,3.906899,9.375,26.5625,0.000311,0.075604,0.075915,1686.0951,183.3657,1764.0,1287.0684,1764.0
1145,custom,resnet34,2,547,128,4,4,3.771036,7.8125,32.03125,0.000134,0.06844,0.068574,1866.597,183.3657,1764.0,1287.0684,1764.0
1145,custom,resnet34,2,548,128,4,4,3.959178,8.59375,26.5625,0.000129,0.06868,0.068808,1860.2371,183.3657,1764.0,1287.0684,1764.0
1145,custom,resnet34,2,549,128,4,4,3.816333,8.59375,34.375,0.000124,0.068502,0.068625,1865.1986,183.3657,1764.0,1287.0684,1764.0
1145,custom,resnet34,2,550,128,4,4,3.843132,7.03125,31.25,0.000413,0.068836,0.069249,1848.4069,183.3657,1764.0,1287.0684,1764.0
1145,custom,resnet34,2,551,128,4,4,3.792598,8.59375,35.9375,0.000127,0.068439,0.068566,1866.812,183.3657,1764.0,1287.0684,1764.0
1145,custom,resnet34,2,552,128,4,4,3.597,10.9375,42.1875,0.000134,0.068553,0.068687,1863.5302,183.3657,1764.0,1287.0684,1764.0
1145,custom,resnet34,2,553,128,4,4,3.731427,12.5,39.84375,0.000586,0.068586,0.069173,1850.445,183.3657,1764.0,1287.0684,1764.0
1145,custom,resnet34,2,554,128,4,4,3.760992,6.25,33.59375,0.000228,0.068968,0.069195,1849.8343,183.3657,1764.0,1287.0684,1764.0
1145,custom,resnet34,2,555,128,4,4,3.645089,13.28125,38.28125,0.00036,0.06859,0.06895,1856.413,183.3657,1764.0,1287.0684,1764.0
1145,custom,resnet34,2,556,128,4,4,3.991802,6.25,28.90625,0.000387,0.068674,0.069061,1853.4447,183.3657,1764.0,1287.0684,1764.0
1145,custom,resnet34,2,557,128,4,4,3.69885,7.8125,32.8125,0.000377,0.068491,0.068868,1858.6355,183.3657,1764.0,1287.0684,1764.0
1145,custom,resnet34,2,558,128,4,4,4.007783,9.375,27.34375,0.000197,0.068947,0.069144,1851.1984,183.3657,1764.0,1287.0684,1764.0
1145,custom,resnet34,2,559,128,4,4,3.610435,11.71875,41.40625,0.000263,0.068608,0.068871,1858.5375,183.3657,1764.0,1287.0684,1764.0
1145,custom,resnet34,2,560,128,4,4,3.581368,14.84375,37.5,0.000137,0.068674,0.068811,1860.1682,183.3657,1764.0,1287.0684,1764.0
1145,custom,resnet34,2,561,128,4,4,3.665108,7.8125,32.03125,0.000316,0.075504,0.07582,1688.2179,183.3657,1764.0,1287.0684,1764.0
1145,custom,resnet34,2,562,128,4,4,3.805785,6.25,34.375,0.000192,0.068915,0.069106,1852.2226,183.3657,1764.0,1287.0684,1764.0
1145,custom,resnet34,2,563,128,4,4,3.701373,13.28125,41.40625,0.000893,0.068596,0.069489,1842.0181,183.3657,1764.0,1287.0684,1764.0
1145,custom,resnet34,2,564,128,4,4,3.708814,14.0625,36.71875,0.000683,0.068551,0.069235,1848.7797,183.3657,1764.0,1287.0684,1764.0
1145,custom,resnet34,2,565,128,4,4,3.54811,9.375,41.40625,0.000268,0.068467,0.068735,1862.2216,183.3657,1764.0,1287.0684,1764.0
1145,custom,resnet34,2,566,128,4,4,3.930408,7.8125,29.6875,0.000482,0.069145,0.069627,1838.3663,183.3657,1764.0,1287.0684,1764.0
1145,custom,resnet34,2,567,128,4,4,3.650858,10.9375,34.375,0.000656,0.068812,0.069469,1842.5593,183.3657,1764.0,1287.0684,1764.0
1145,custom,resnet34,2,568,128,4,4,3.730392,11.71875,32.8125,0.000131,0.068725,0.068856,1858.9432,183.3657,1764.0,1287.0684,1764.0
1145,custom,resnet34,2,569,128,4,4,3.607278,15.625,38.28125,0.00033,0.068542,0.068871,1858.5367,183.3657,1764.0,1287.0684,1764.0
1145,custom,resnet34,2,570,128,4,4,3.530109,11.71875,35.15625,0.000431,0.068911,0.069342,1845.9226,183.3657,1764.0,1287.0684,1764.0
1145,custom,resnet34,2,571,128,4,4,3.812064,9.375,32.8125,0.000405,0.068795,0.069199,1849.7265,183.3657,1764.0,1287.0684,1764.0
1145,custom,resnet34,2,572,128,4,4,3.822337,10.15625,29.6875,0.000129,0.068544,0.068673,1863.9087,183.3657,1764.0,1287.0684,1764.0
1145,custom,resnet34,2,573,128,4,4,3.82031,9.375,40.625,0.000453,0.068421,0.068874,1858.4767,183.3657,1764.0,1287.0684,1764.0
1145,custom,resnet34,2,574,128,4,4,3.758069,10.15625,33.59375,0.000349,0.068856,0.069205,1849.5751,183.3657,1764.0,1287.0684,1764.0
1145,custom,resnet34,2,575,128,4,4,3.688971,15.625,35.15625,0.000133,0.068579,0.068712,1862.8522,183.3657,1764.0,1287.0684,1764.0
1145,custom,resnet34,2,576,128,4,4,3.832407,7.03125,30.46875,0.000394,0.068495,0.068889,1858.0555,183.3657,1764.0,1287.0684,1764.0
1145,custom,resnet34,2,577,128,4,4,3.669744,9.375,37.5,0.000313,0.068502,0.068815,1860.0643,183.3657,1764.0,1287.0684,1764.0
1145,custom,resnet34,2,578,128,4,4,3.665259,13.28125,35.15625,0.000308,0.06932,0.069627,1838.3556,183.3657,1764.0,1287.0684,1764.0
1145,custom,resnet34,2,579,128,4,4,3.605747,15.625,39.0625,0.000148,0.068401,0.068549,1867.2691,183.3657,1764.0,1287.0684,1764.0
1145,custom,resnet34,2,580,128,4,4,3.785952,10.9375,35.9375,0.000445,0.068623,0.069068,1853.2458,183.3657,1764.0,1287.0684,1764.0
1145,custom,resnet34,2,581,128,4,4,3.779162,11.71875,29.6875,0.000283,0.068687,0.06897,1855.8791,183.3657,1764.0,1287.0684,1764.0
1145,custom,resnet34,2,582,128,4,4,3.805099,7.8125,30.46875,0.000256,0.068739,0.068995,1855.2095,183.3657,1764.0,1287.0684,1764.0
1145,custom,resnet34,2,583,128,4,4,3.742062,14.0625,34.375,0.000161,0.068596,0.068757,1861.6383,183.3657,1764.0,1287.0684,1764.0
1145,custom,resnet34,2,584,128,4,4,3.955462,13.28125,32.03125,0.000174,0.06849,0.068664,1864.1583,183.3657,1764.0,1287.0684,1764.0
1145,custom,resnet34,2,585,128,4,4,3.609462,12.5,39.0625,0.000403,0.06859,0.068993,1855.2565,183.3657,1764.0,1287.0684,1764.0
1145,custom,resnet34,2,586,128,4,4,3.71266,10.9375,32.8125,0.000715,0.068942,0.069657,1837.5697,183.3657,1764.0,1287.0684,1764.0
1145,custom,resnet34,2,587,128,4,4,3.987896,7.03125,26.5625,0.000143,0.068651,0.068794,1860.6189,183.3657,1764.0,1287.0684,1764.0
1145,custom,resnet34,2,588,128,4,4,3.741025,9.375,32.8125,0.000421,0.06868,0.069101,1852.3537,183.3657,1764.0,1287.0684,1764.0
1145,custom,resnet34,2,589,128,4,4,3.825342,9.375,32.03125,0.000157,0.068563,0.06872,1862.6401,183.3657,1764.0,1287.0684,1764.0
1145,custom,resnet34,2,590,128,4,4,3.611768,14.0625,38.28125,0.000397,0.068926,0.069324,1846.4097,183.3657,1764.0,1287.0684,1764.0
1145,custom,resnet34,2,591,128,4,4,3.710749,10.15625,35.15625,0.000129,0.068584,0.068713,1862.8203,183.3657,1764.0,1287.0684,1764.0
1145,custom,resnet34,2,592,128,4,4,3.791209,9.375,31.25,0.000134,0.068535,0.068669,1864.0097,183.3657,1764.0,1287.0684,1764.0
1145,custom,resnet34,2,593,128,4,4,3.709092,8.59375,35.9375,0.000376,0.068462,0.068837,1859.4575,183.3657,1764.0,1287.0684,1764.0
1145,custom,resnet34,2,594,128,4,4,3.755575,11.71875,35.15625,0.000201,0.068897,0.069098,1852.4444,183.3657,1764.0,1287.0684,1764.0
1145,custom,resnet34,2,595,128,4,4,3.702307,14.0625,35.9375,0.000134,0.068689,0.068823,1859.837,183.3657,1764.0,1287.0684,1764.0
1145,custom,resnet34,2,596,128,4,4,3.906933,9.375,31.25,0.000375,0.068827,0.069202,1849.653,183.3657,1764.0,1287.0684,1764.0
1145,custom,resnet34,2,597,128,4,4,3.874187,10.9375,28.90625,0.00061,0.068586,0.069196,1849.8106,183.3657,1764.0,1287.0684,1764.0
1145,custom,resnet34,2,598,128,4,4,3.640733,13.28125,37.5,0.000463,0.068943,0.069406,1844.2172,183.3657,1764.0,1287.0684,1764.0
1145,custom,resnet34,2,599,128,4,4,3.646803,17.1875,39.0625,0.00013,0.06857,0.068699,1863.1869,183.3657,1764.0,1287.0684,1764.0
1145,custom,resnet34,2,600,128,4,4,3.766648,11.71875,37.5,0.000207,0.068773,0.06898,1855.6037,183.3657,1764.0,1287.0684,1764.0
1145,custom,resnet34,2,601,128,4,4,3.645616,12.5,36.71875,0.000409,0.068722,0.069131,1851.5479,183.3657,1764.0,1287.0684,1764.0
1145,custom,resnet34,2,602,128,4,4,3.64721,14.0625,39.84375,0.000609,0.068882,0.069491,1841.9582,183.3657,1764.0,1287.0684,1764.0
1145,custom,resnet34,2,603,128,4,4,3.479335,12.5,39.84375,0.000151,0.068561,0.068712,1862.8394,183.3657,1764.0,1287.0684,1764.0
1145,custom,resnet34,2,604,128,4,4,3.622057,13.28125,36.71875,0.000131,0.068316,0.068448,1870.0403,183.3657,1764.0,1287.0684,1764.0
1145,custom,resnet34,2,605,128,4,4,3.697862,11.71875,39.0625,0.000555,0.068517,0.069072,1853.1389,183.3657,1764.0,1287.0684,1764.0
1145,custom,resnet34,2,606,128,4,4,3.846433,4.6875,28.90625,0.000331,0.071099,0.07143,1791.962,183.3657,1764.0,1287.0684,1764.0
1145,custom,resnet34,2,607,128,4,4,3.829863,8.59375,33.59375,0.00013,0.068575,0.068705,1863.0396,183.3657,1764.0,1287.0684,1764.0
1145,custom,resnet34,2,608,128,4,4,3.625274,13.28125,35.9375,0.000205,0.068694,0.068899,1857.7871,183.3657,1764.0,1287.0684,1764.0
1145,custom,resnet34,2,609,128,4,4,3.610566,16.40625,36.71875,0.000167,0.068366,0.068533,1867.7259,183.3657,1764.0,1287.0684,1764.0
1145,custom,resnet34,2,610,128,4,4,3.772778,12.5,34.375,0.000293,0.068878,0.069171,1850.4897,183.3657,1764.0,1287.0684,1764.0
1145,custom,resnet34,2,611,128,4,4,3.720223,10.9375,39.0625,0.000149,0.068544,0.068693,1863.3744,183.3657,1764.0,1287.0684,1764.0
1145,custom,resnet34,2,612,128,4,4,3.754536,10.9375,32.03125,0.000419,0.068562,0.068981,1855.5819,183.3657,1764.0,1287.0684,1764.0
1145,custom,resnet34,2,613,128,4,4,3.594612,13.28125,35.15625,0.000454,0.0688,0.069254,1848.2736,183.3657,1764.0,1287.0684,1764.0
1145,custom,resnet34,2,614,128,4,4,3.625948,14.84375,37.5,0.000189,0.068953,0.069143,1851.2436,183.3657,1764.0,1287.0684,1764.0
1145,custom,resnet34,2,615,128,4,4,3.699066,12.5,37.5,0.000127,0.068572,0.068699,1863.1894,183.3657,1764.0,1287.0684,1764.0
1145,custom,resnet34,2,616,128,4,4,3.884696,9.375,28.125,0.000343,0.069382,0.069724,1835.7985,183.3657,1764.0,1287.0684,1764.0
1145,custom,resnet34,2,617,128,4,4,3.910257,3.90625,31.25,0.000263,0.068657,0.06892,1857.2291,183.3657,1764.0,1287.0684,1764.0
1145,custom,resnet34,2,618,128,4,4,3.779541,10.15625,35.15625,0.000294,0.072536,0.07283,1757.5078,183.3657,1764.0,1287.0684,1764.0
1145,custom,resnet34,2,619,128,4,4,3.726704,10.9375,35.9375,0.000309,0.068855,0.069164,1850.6732,183.3657,1764.0,1287.0684,1764.0
1145,custom,resnet34,2,620,128,4,4,3.656238,14.84375,39.0625,0.000436,0.068464,0.068901,1857.7494,183.3657,1764.0,1287.0684,1764.0
1145,custom,resnet34,2,621,128,4,4,3.514476,14.0625,43.75,0.000334,0.068551,0.068885,1858.1728,183.3657,1764.0,1287.0684,1764.0
1145,custom,resnet34,2,622,128,4,4,3.622353,14.0625,42.1875,0.000229,0.068817,0.069045,1853.8536,183.3657,1764.0,1287.0684,1764.0
1145,custom,resnet34,2,623,128,4,4,3.462043,17.1875,42.96875,0.00038,0.068439,0.068819,1859.9475,183.3657,1764.0,1287.0684,1764.0
1145,custom,resnet34,2,624,128,4,4,3.916756,10.15625,31.25,0.000133,0.0685,0.068633,1864.9931,183.3657,1764.0,1287.0684,1764.0
1145,custom,resnet34,2,625,128,4,4,3.824902,6.25,32.8125,0.000701,0.068447,0.069148,1851.0902,183.3657,1764.0,1287.0684,1764.0
1145,custom,resnet34,2,626,128,4,4,3.858055,9.375,29.6875,0.000229,0.068937,0.069166,1850.6199,183.3657,1764.0,1287.0684,1764.0
1145,custom,resnet34,2,627,128,4,4,3.716122,14.0625,37.5,0.000448,0.068647,0.069095,1852.5231,183.3657,1764.0,1287.0684,1764.0
1145,custom,resnet34,2,628,128,4,4,3.502823,14.84375,43.75,0.000165,0.068552,0.068717,1862.7078,183.3657,1764.0,1287.0684,1764.0
1145,custom,resnet34,2,629,128,4,4,3.699167,14.84375,35.9375,0.000503,0.06851,0.069014,1854.7041,183.3657,1764.0,1287.0684,1764.0
1145,custom,resnet34,2,630,128,4,4,3.53545,10.9375,38.28125,0.00023,0.068541,0.068771,1861.2496,183.3657,1764.0,1287.0684,1764.0
1145,custom,resnet34,2,631,128,4,4,3.670408,14.84375,35.15625,0.000124,0.068395,0.068519,1868.1083,183.3657,1764.0,1287.0684,1764.0
1145,custom,resnet34,2,632,128,4,4,3.566647,12.5,37.5,0.00066,0.068562,0.069221,1849.1371,183.3657,1764.0,1287.0684,1764.0
1145,custom,resnet34,2,633,128,4,4,3.643456,15.625,39.0625,0.000303,0.069062,0.069365,1845.2996,183.3657,1764.0,1287.0684,1764.0
1145,custom,resnet34,2,634,128,4,4,3.813772,11.71875,36.71875,0.000233,0.068962,0.069195,1849.8506,183.3657,1764.0,1287.0684,1764.0
1145,custom,resnet34,2,635,128,4,4,3.615085,11.71875,36.71875,0.000241,0.068598,0.068839,1859.4058,183.3657,1764.0,1287.0684,1764.0
1145,custom,resnet34,2,636,128,4,4,3.612735,18.75,39.0625,0.000153,0.068625,0.068777,1861.0762,183.3657,1764.0,1287.0684,1764.0
1145,custom,resnet34,2,637,128,4,4,3.986007,11.71875,31.25,0.000204,0.068652,0.068856,1858.9498,183.3657,1764.0,1287.0684,1764.0
1145,custom,resnet34,2,638,128,4,4,3.803372,10.9375,35.9375,0.000132,0.069002,0.069133,1851.4951,183.3657,1764.0,1287.0684,1764.0
1145,custom,resnet34,2,639,128,4,4,3.521775,12.5,41.40625,0.000144,0.068516,0.06866,1864.2545,183.3657,1764.0,1287.0684,1764.0
1145,custom,resnet34,2,640,128,4,4,3.662349,15.625,32.03125,0.000264,0.068606,0.06887,1858.5849,183.3657,1764.0,1287.0684,1764.0
1145,custom,resnet34,2,641,128,4,4,3.769978,8.59375,32.8125,0.000669,0.068581,0.06925,1848.3772,183.3657,1764.0,1287.0684,1764.0
1145,custom,resnet34,2,642,128,4,4,3.692829,9.375,35.15625,0.000657,0.069381,0.070038,1827.5882,183.3657,1764.0,1287.0684,1764.0
1145,custom,resnet34,2,643,128,4,4,3.77195,11.71875,31.25,0.000141,0.068606,0.068747,1861.9025,183.3657,1764.0,1287.0684,1764.0
1145,custom,resnet34,2,644,128,4,4,3.73322,11.71875,33.59375,0.000494,0.068595,0.069089,1852.6824,183.3657,1764.0,1287.0684,1764.0
1145,custom,resnet34,2,645,128,4,4,3.469492,16.40625,40.625,0.000446,0.068596,0.069042,1853.9535,183.3657,1764.0,1287.0684,1764.0
1145,custom,resnet34,2,646,128,4,4,3.60318,14.84375,37.5,0.000436,0.070643,0.071079,1800.8167,183.3657,1764.0,1287.0684,1764.0
1145,custom,resnet34,2,647,128,4,4,3.760947,15.625,36.71875,0.000137,0.068511,0.068648,1864.5965,183.3657,1764.0,1287.0684,1764.0
1145,custom,resnet34,2,648,128,4,4,3.522873,11.71875,40.625,0.000374,0.068747,0.069121,1851.8369,183.3657,1764.0,1287.0684,1764.0
1145,custom,resnet34,2,649,128,4,4,3.456272,20.3125,45.3125,0.000365,0.06845,0.068815,1860.0549,183.3657,1764.0,1287.0684,1764.0
1145,custom,resnet34,2,650,128,4,4,3.71698,11.71875,36.71875,0.000671,0.068976,0.069647,1837.848,183.3657,1764.0,1287.0684,1764.0
1145,custom,resnet34,2,651,128,4,4,3.653481,7.8125,29.6875,0.000127,0.06857,0.068697,1863.2589,183.3657,1764.0,1287.0684,1764.0
1145,custom,resnet34,2,652,128,4,4,3.762218,10.9375,32.8125,0.000146,0.068603,0.068749,1861.8439,183.3657,1764.0,1287.0684,1764.0
1145,custom,resnet34,2,653,128,4,4,3.356908,14.0625,44.53125,0.001082,0.06857,0.069652,1837.7062,183.3657,1764.0,1287.0684,1764.0
1145,custom,resnet34,2,654,128,4,4,3.571898,14.0625,35.15625,0.000211,0.068957,0.069169,1850.5523,183.3657,1764.0,1287.0684,1764.0
1145,custom,resnet34,2,655,128,4,4,3.377724,13.28125,39.84375,0.000134,0.068548,0.068682,1863.6547,183.3657,1764.0,1287.0684,1764.0
1145,custom,resnet34,2,656,128,4,4,3.559601,18.75,43.75,0.000134,0.068501,0.068634,1864.9517,183.3657,1764.0,1287.0684,1764.0
1145,custom,resnet34,2,657,128,4,4,3.508653,12.5,44.53125,0.000487,0.068498,0.068985,1855.4844,183.3657,1764.0,1287.0684,1764.0
1145,custom,resnet34,2,658,128,4,4,3.551621,17.1875,37.5,0.000464,0.068997,0.069462,1842.7425,183.3657,1764.0,1287.0684,1764.0
1145,custom,resnet34,2,659,128,4,4,3.730518,13.28125,33.59375,0.000131,0.068678,0.068809,1860.2207,183.3657,1764.0,1287.0684,1764.0
1145,custom,resnet34,2,660,128,4,4,3.7734,14.84375,33.59375,0.000132,0.068385,0.068517,1868.1402,183.3657,1764.0,1287.0684,1764.0
1145,custom,resnet34,2,661,128,4,4,3.7499,13.28125,40.625,0.000823,0.06852,0.069343,1845.8976,183.3657,1764.0,1287.0684,1764.0
1145,custom,resnet34,2,662,128,4,4,3.523977,14.0625,35.9375,0.000216,0.068931,0.069148,1851.1081,183.3657,1764.0,1287.0684,1764.0
1145,custom,resnet34,2,663,128,4,4,3.443238,14.0625,41.40625,0.000135,0.068568,0.068704,1863.0782,183.3657,1764.0,1287.0684,1764.0
1145,custom,resnet34,2,664,128,4,4,3.640128,10.9375,34.375,0.000133,0.068641,0.068774,1861.1653,183.3657,1764.0,1287.0684,1764.0
1145,custom,resnet34,2,665,128,4,4,3.422379,16.40625,45.3125,0.000844,0.068521,0.069365,1845.3108,183.3657,1764.0,1287.0684,1764.0
1145,custom,resnet34,2,666,128,4,4,3.394677,13.28125,46.875,0.000286,0.069345,0.069631,1838.2511,183.3657,1764.0,1287.0684,1764.0
1145,custom,resnet34,2,667,128,4,4,3.350224,18.75,41.40625,0.000128,0.068608,0.068736,1862.1857,183.3657,1764.0,1287.0684,1764.0
1145,custom,resnet34,2,668,128,4,4,3.557137,14.84375,43.75,0.00015,0.068625,0.068775,1861.1427,183.3657,1764.0,1287.0684,1764.0
1145,custom,resnet34,2,669,128,4,4,3.772306,10.9375,32.03125,0.000319,0.068646,0.068965,1856.0034,183.3657,1764.0,1287.0684,1764.0
1145,custom,resnet34,2,670,128,4,4,3.559288,17.96875,37.5,0.000206,0.068928,0.069135,1851.4618,183.3657,1764.0,1287.0684,1764.0
1145,custom,resnet34,2,671,128,4,4,3.776607,11.71875,33.59375,0.000126,0.068679,0.068805,1860.3242,183.3657,1764.0,1287.0684,1764.0
1145,custom,resnet34,2,672,128,4,4,3.617576,14.84375,39.0625,0.000397,0.068809,0.069206,1849.553,183.3657,1764.0,1287.0684,1764.0
1145,custom,resnet34,2,673,128,4,4,3.570636,10.9375,41.40625,0.00037,0.068485,0.068855,1858.9879,183.3657,1764.0,1287.0684,1764.0
1145,custom,resnet34,2,674,128,4,4,3.410562,22.65625,46.875,0.00033,0.070048,0.070378,1818.749,183.3657,1764.0,1287.0684,1764.0
1145,custom,resnet34,2,675,128,4,4,3.772892,11.71875,35.15625,0.00013,0.06859,0.06872,1862.6414,183.3657,1764.0,1287.0684,1764.0
1145,custom,resnet34,2,676,128,4,4,3.469326,17.1875,45.3125,0.000495,0.068512,0.069007,1854.886,183.3657,1764.0,1287.0684,1764.0
1145,custom,resnet34,2,677,128,4,4,3.530164,14.84375,41.40625,0.000305,0.06859,0.068895,1857.8976,183.3657,1764.0,1287.0684,1764.0
1145,custom,resnet34,2,678,128,4,4,3.591709,12.5,40.625,0.000295,0.071857,0.072152,1774.033,183.3657,1764.0,1287.0684,1764.0
1145,custom,resnet34,2,679,128,4,4,3.524419,14.84375,42.96875,0.000423,0.068515,0.068938,1856.7383,183.3657,1764.0,1287.0684,1764.0
1145,custom,resnet34,2,680,128,4,4,3.558733,9.375,35.9375,0.000389,0.068817,0.069206,1849.543,183.3657,1764.0,1287.0684,1764.0
1145,custom,resnet34,2,681,128,4,4,3.694422,14.0625,37.5,0.00012,0.06865,0.06877,1861.2654,183.3657,1764.0,1287.0684,1764.0
1145,custom,resnet34,2,682,128,4,4,3.531149,18.75,42.96875,0.000643,0.068807,0.069449,1843.0671,183.3657,1764.0,1287.0684,1764.0
1145,custom,resnet34,2,683,128,4,4,3.309288,21.875,48.4375,0.000518,0.06851,0.069027,1854.3383,183.3657,1764.0,1287.0684,1764.0
1145,custom,resnet34,2,684,128,4,4,3.566031,15.625,41.40625,0.000141,0.068692,0.068833,1859.5769,183.3657,1764.0,1287.0684,1764.0
1145,custom,resnet34,2,685,128,4,4,3.721786,9.375,34.375,0.00076,0.068628,0.069388,1844.6995,183.3657,1764.0,1287.0684,1764.0
1145,custom,resnet34,2,686,128,4,4,3.663201,16.40625,39.84375,0.000211,0.069042,0.069253,1848.297,183.3657,1764.0,1287.0684,1764.0
1145,custom,resnet34,2,687,128,4,4,3.664569,17.96875,39.0625,0.00013,0.06848,0.06861,1865.6176,183.3657,1764.0,1287.0684,1764.0
1145,custom,resnet34,2,688,128,4,4,3.527391,14.0625,42.1875,0.00014,0.068832,0.068972,1855.8129,183.3657,1764.0,1287.0684,1764.0
1145,custom,resnet34,2,689,128,4,4,3.492285,12.5,39.0625,0.000451,0.068597,0.069047,1853.8049,183.3657,1764.0,1287.0684,1764.0
1145,custom,resnet34,2,690,128,4,4,3.477005,17.1875,47.65625,0.000196,0.069476,0.069672,1837.187,183.3657,1764.0,1287.0684,1764.0
1145,custom,resnet34,2,691,128,4,4,3.596828,15.625,42.96875,0.000673,0.068505,0.069178,1850.3008,183.3657,1764.0,1287.0684,1764.0
1145,custom,resnet34,2,692,128,4,4,3.749163,10.15625,35.15625,0.000365,0.068528,0.068893,1857.9566,183.3657,1764.0,1287.0684,1764.0
1145,custom,resnet34,2,693,128,4,4,3.757937,10.15625,37.5,0.000633,0.068619,0.069252,1848.3291,183.3657,1764.0,1287.0684,1764.0
1145,custom,resnet34,2,694,128,4,4,3.475505,17.96875,39.84375,0.000203,0.068808,0.069011,1854.7822,183.3657,1764.0,1287.0684,1764.0
1145,custom,resnet34,2,695,128,4,4,3.515153,17.1875,44.53125,0.000178,0.068722,0.0689,1857.7537,183.3657,1764.0,1287.0684,1764.0
1145,custom,resnet34,2,696,128,4,4,3.69923,9.375,36.71875,0.00362,0.068604,0.072224,1772.2676,183.3657,1764.0,1287.0684,1764.0
1145,custom,resnet34,2,697,128,4,4,3.551548,10.9375,36.71875,0.000256,0.068523,0.068779,1861.0454,183.3657,1764.0,1287.0684,1764.0
1145,custom,resnet34,2,698,128,4,4,3.483454,14.84375,39.0625,0.000849,0.069062,0.069911,1830.9022,183.3657,1764.0,1287.0684,1764.0
1145,custom,resnet34,2,699,128,4,4,3.523759,14.0625,38.28125,0.000227,0.068613,0.06884,1859.3845,183.3657,1764.0,1287.0684,1764.0
1145,custom,resnet34,2,700,128,4,4,3.600253,10.15625,41.40625,0.000261,0.068642,0.068903,1857.6962,183.3657,1764.0,1287.0684,1764.0
1145,custom,resnet34,2,701,128,4,4,3.393376,16.40625,46.09375,8.3e-05,0.068519,0.068603,1865.8208,183.3657,1764.0,1287.0684,1764.0
1145,custom,resnet34,2,702,128,4,4,3.533557,9.375,42.96875,0.000379,0.069095,0.069475,1842.3977,183.3657,1764.0,1287.0684,1764.0
1145,custom,resnet34,2,703,128,4,4,3.526876,9.375,42.1875,8.8e-05,0.068627,0.068715,1862.7554,183.3657,1764.0,1287.0684,1764.0
1145,custom,resnet34,2,704,128,4,4,3.658945,15.277778,34.722222,8.4e-05,0.038742,0.038827,1854.3965,182.1885,1764.0,1287.0684,1764.0
1145,custom,resnet34,3,705,128,4,4,3.406919,17.96875,45.3125,0.083815,0.068223,0.152038,841.8931,183.3657,1764.0,1287.0684,1764.0
1145,custom,resnet34,3,706,128,4,4,3.581758,13.28125,36.71875,0.000237,0.068392,0.068629,1865.0968,183.3657,1764.0,1287.0684,1764.0
1145,custom,resnet34,3,707,128,4,4,3.706646,11.71875,31.25,0.000121,0.069013,0.069134,1851.4685,183.3657,1764.0,1287.0684,1764.0
1145,custom,resnet34,3,708,128,4,4,3.758896,9.375,28.90625,0.000338,0.068656,0.068995,1855.215,183.3657,1764.0,1287.0684,1764.0
1145,custom,resnet34,3,709,128,4,4,3.495284,17.96875,42.96875,0.000469,0.068673,0.069142,1851.2607,183.3657,1764.0,1287.0684,1764.0
1145,custom,resnet34,3,710,128,4,4,3.547581,10.9375,42.96875,0.000176,0.069151,0.069327,1846.3277,183.3657,1764.0,1287.0684,1764.0
1145,custom,resnet34,3,711,128,4,4,3.534214,15.625,40.625,0.000551,0.069078,0.069629,1838.3046,183.3657,1764.0,1287.0684,1764.0
1145,custom,resnet34,3,712,128,4,4,3.393397,17.1875,47.65625,0.000195,0.068427,0.068622,1865.2838,183.3657,1764.0,1287.0684,1764.0
1145,custom,resnet34,3,713,128,4,4,3.601502,10.15625,39.84375,0.000722,0.068679,0.069401,1844.3441,183.3657,1764.0,1287.0684,1764.0
1145,custom,resnet34,3,714,128,4,4,3.288065,21.09375,47.65625,0.00067,0.068529,0.069199,1849.746,183.3657,1764.0,1287.0684,1764.0
1145,custom,resnet34,3,715,128,4,4,3.373202,14.84375,47.65625,0.000126,0.068878,0.069003,1854.979,183.3657,1764.0,1287.0684,1764.0
1145,custom,resnet34,3,716,128,4,4,3.43212,16.40625,42.96875,0.000364,0.068664,0.069027,1854.3378,183.3657,1764.0,1287.0684,1764.0
1145,custom,resnet34,3,717,128,4,4,3.5698,14.84375,37.5,0.000311,0.068335,0.068646,1864.6307,183.3657,1764.0,1287.0684,1764.0
1145,custom,resnet34,3,718,128,4,4,3.647678,7.8125,33.59375,0.000258,0.068513,0.068771,1861.2459,183.3657,1764.0,1287.0684,1764.0
1145,custom,resnet34,3,719,128,4,4,3.469903,17.1875,48.4375,0.000455,0.069116,0.069571,1839.8511,183.3657,1764.0,1287.0684,1764.0
1145,custom,resnet34,3,720,128,4,4,3.510815,14.84375,42.1875,0.000312,0.068559,0.068871,1858.5405,183.3657,1764.0,1287.0684,1764.0
1145,custom,resnet34,3,721,128,4,4,3.65185,7.03125,39.0625,0.000428,0.068573,0.069002,1855.0247,183.3657,1764.0,1287.0684,1764.0
1145,custom,resnet34,3,722,128,4,4,3.519265,12.5,36.71875,0.000215,0.068593,0.068808,1860.2407,183.3657,1764.0,1287.0684,1764.0
1145,custom,resnet34,3,723,128,4,4,3.534344,12.5,46.09375,0.000211,0.068945,0.069156,1850.8884,183.3657,1764.0,1287.0684,1764.0
1145,custom,resnet34,3,724,128,4,4,3.406376,13.28125,42.1875,0.000397,0.06859,0.068987,1855.416,183.3657,1764.0,1287.0684,1764.0
1145,custom,resnet34,3,725,128,4,4,3.215577,22.65625,50.78125,0.000194,0.068582,0.068777,1861.0985,183.3657,1764.0,1287.0684,1764.0
1145,custom,resnet34,3,726,128,4,4,3.413634,16.40625,48.4375,0.000198,0.068555,0.068754,1861.7219,183.3657,1764.0,1287.0684,1764.0
1145,custom,resnet34,3,727,128,4,4,3.51369,15.625,41.40625,0.000378,0.069172,0.069551,1840.3854,183.3657,1764.0,1287.0684,1764.0
1145,custom,resnet34,3,728,128,4,4,3.721591,10.15625,38.28125,0.000629,0.068498,0.069128,1851.6498,183.3657,1764.0,1287.0684,1764.0
1145,custom,resnet34,3,729,128,4,4,3.368904,15.625,47.65625,0.000279,0.06854,0.06882,1859.9341,183.3657,1764.0,1287.0684,1764.0
1145,custom,resnet34,3,730,128,4,4,3.435562,16.40625,46.09375,0.000207,0.0685,0.068707,1862.99,183.3657,1764.0,1287.0684,1764.0
1145,custom,resnet34,3,731,128,4,4,3.480217,14.0625,39.84375,0.000152,0.068902,0.069053,1853.636,183.3657,1764.0,1287.0684,1764.0
1145,custom,resnet34,3,732,128,4,4,3.569843,15.625,42.1875,0.000217,0.068589,0.068805,1860.3175,183.3657,1764.0,1287.0684,1764.0
1145,custom,resnet34,3,733,128,4,4,3.37268,17.1875,46.875,0.000284,0.068552,0.068836,1859.4938,183.3657,1764.0,1287.0684,1764.0
1145,custom,resnet34,3,734,128,4,4,3.38068,14.84375,45.3125,0.000201,0.068587,0.068788,1860.7883,183.3657,1764.0,1287.0684,1764.0
1145,custom,resnet34,3,735,128,4,4,3.595577,13.28125,39.0625,0.000238,0.068942,0.069179,1850.2692,183.3657,1764.0,1287.0684,1764.0
1145,custom,resnet34,3,736,128,4,4,3.536049,13.28125,44.53125,0.001324,0.068485,0.06981,1833.5596,183.3657,1764.0,1287.0684,1764.0
1145,custom,resnet34,3,737,128,4,4,3.520612,15.625,34.375,0.00042,0.068486,0.068905,1857.6184,183.3657,1764.0,1287.0684,1764.0
1145,custom,resnet34,3,738,128,4,4,3.555923,10.15625,39.84375,0.00022,0.068703,0.068923,1857.1317,183.3657,1764.0,1287.0684,1764.0
1145,custom,resnet34,3,739,128,4,4,3.180941,23.4375,48.4375,0.000389,0.069125,0.069514,1841.3626,183.3657,1764.0,1287.0684,1764.0
1145,custom,resnet34,3,740,128,4,4,3.488725,20.3125,46.09375,0.000272,0.068812,0.069084,1852.8187,183.3657,1764.0,1287.0684,1764.0
1145,custom,resnet34,3,741,128,4,4,3.58932,18.75,42.96875,0.000286,0.068553,0.068839,1859.4079,183.3657,1764.0,1287.0684,1764.0
1145,custom,resnet34,3,742,128,4,4,3.553837,12.5,40.625,0.000183,0.068546,0.068729,1862.3752,183.3657,1764.0,1287.0684,1764.0
1145,custom,resnet34,3,743,128,4,4,3.357326,19.53125,45.3125,0.000212,0.06888,0.069092,1852.6068,183.3657,1764.0,1287.0684,1764.0
1145,custom,resnet34,3,744,128,4,4,3.434615,14.0625,44.53125,0.000356,0.068505,0.068861,1858.823,183.3657,1764.0,1287.0684,1764.0
1145,custom,resnet34,3,745,128,4,4,3.485392,13.28125,46.875,0.000215,0.068606,0.068821,1859.8957,183.3657,1764.0,1287.0684,1764.0
1145,custom,resnet34,3,746,128,4,4,3.486542,12.5,39.0625,0.000186,0.0686,0.068786,1860.8381,183.3657,1764.0,1287.0684,1764.0
1145,custom,resnet34,3,747,128,4,4,3.615777,16.40625,39.0625,0.000213,0.068968,0.06918,1850.2387,183.3657,1764.0,1287.0684,1764.0
1145,custom,resnet34,3,748,128,4,4,3.556591,11.71875,40.625,0.000223,0.068713,0.068936,1856.7817,183.3657,1764.0,1287.0684,1764.0
1145,custom,resnet34,3,749,128,4,4,3.648902,10.9375,35.9375,0.000616,0.06856,0.069177,1850.332,183.3657,1764.0,1287.0684,1764.0
1145,custom,resnet34,3,750,128,4,4,3.538574,17.1875,42.1875,0.000199,0.068627,0.068826,1859.7539,183.3657,1764.0,1287.0684,1764.0
1145,custom,resnet34,3,751,128,4,4,3.497425,15.625,43.75,0.000128,0.068979,0.069107,1852.2129,183.3657,1764.0,1287.0684,1764.0
1145,custom,resnet34,3,752,128,4,4,3.662212,10.9375,35.9375,0.000388,0.06881,0.069197,1849.7862,183.3657,1764.0,1287.0684,1764.0
1145,custom,resnet34,3,753,128,4,4,3.654926,13.28125,35.9375,0.000184,0.06861,0.068794,1860.6272,183.3657,1764.0,1287.0684,1764.0
1145,custom,resnet34,3,754,128,4,4,3.498121,19.53125,40.625,0.000195,0.068609,0.068804,1860.3468,183.3657,1764.0,1287.0684,1764.0
1145,custom,resnet34,3,755,128,4,4,3.525482,13.28125,40.625,0.000132,0.068881,0.069013,1854.7313,183.3657,1764.0,1287.0684,1764.0
1145,custom,resnet34,3,756,128,4,4,3.50387,17.1875,38.28125,0.00083,0.068528,0.069358,1845.4984,183.3657,1764.0,1287.0684,1764.0
1145,custom,resnet34,3,757,128,4,4,3.387171,17.96875,46.09375,0.000619,0.068523,0.069143,1851.2452,183.3657,1764.0,1287.0684,1764.0
1145,custom,resnet34,3,758,128,4,4,3.663669,14.0625,41.40625,0.000209,0.068552,0.06876,1861.5381,183.3657,1764.0,1287.0684,1764.0
1145,custom,resnet34,3,759,128,4,4,3.604041,12.5,38.28125,0.000978,0.068805,0.069783,1834.2611,183.3657,1764.0,1287.0684,1764.0
1145,custom,resnet34,3,760,128,4,4,3.442531,12.5,37.5,0.000158,0.068602,0.068759,1861.5673,183.3657,1764.0,1287.0684,1764.0
1145,custom,resnet34,3,761,128,4,4,3.608677,11.71875,34.375,0.000484,0.0688,0.069284,1847.4761,183.3657,1764.0,1287.0684,1764.0
1145,custom,resnet34,3,762,128,4,4,3.545595,13.28125,36.71875,0.00019,0.068579,0.068769,1861.2942,183.3657,1764.0,1287.0684,1764.0
1145,custom,resnet34,3,763,128,4,4,3.316348,17.1875,46.875,0.000374,0.068905,0.069279,1847.5979,183.3657,1764.0,1287.0684,1764.0
1145,custom,resnet34,3,764,128,4,4,3.333188,15.625,47.65625,0.000132,0.068559,0.068691,1863.4108,183.3657,1764.0,1287.0684,1764.0
1145,custom,resnet34,3,765,128,4,4,3.447096,18.75,40.625,0.000404,0.068582,0.068986,1855.4549,183.3657,1764.0,1287.0684,1764.0
1145,custom,resnet34,3,766,128,4,4,3.53304,14.84375,44.53125,0.000212,0.068524,0.068736,1862.1858,183.3657,1764.0,1287.0684,1764.0
1145,custom,resnet34,3,767,128,4,4,3.496533,17.1875,43.75,0.000131,0.068922,0.069053,1853.6374,183.3657,1764.0,1287.0684,1764.0
1145,custom,resnet34,3,768,128,4,4,3.592435,12.5,41.40625,0.000128,0.068411,0.068538,1867.5714,183.3657,1764.0,1287.0684,1764.0
1145,custom,resnet34,3,769,128,4,4,3.440649,20.3125,49.21875,0.00071,0.068502,0.069212,1849.3843,183.3657,1764.0,1287.0684,1764.0
1145,custom,resnet34,3,770,128,4,4,3.501783,13.28125,47.65625,0.000336,0.06936,0.069696,1836.5537,183.3657,1764.0,1287.0684,1764.0
1145,custom,resnet34,3,771,128,4,4,3.332834,17.1875,47.65625,0.000126,0.068824,0.068949,1856.4334,183.3657,1764.0,1287.0684,1764.0
1145,custom,resnet34,3,772,128,4,4,3.465932,17.1875,44.53125,0.000373,0.068737,0.06911,1852.1161,183.3657,1764.0,1287.0684,1764.0
1145,custom,resnet34,3,773,128,4,4,3.558949,14.0625,42.96875,0.000291,0.06857,0.068861,1858.8149,183.3657,1764.0,1287.0684,1764.0
1145,custom,resnet34,3,774,128,4,4,3.404772,12.5,42.1875,0.000285,0.069568,0.069853,1832.4095,183.3657,1764.0,1287.0684,1764.0
1145,custom,resnet34,3,775,128,4,4,3.271351,21.875,50.0,0.00016,0.068869,0.06903,1854.2774,183.3657,1764.0,1287.0684,1764.0
1145,custom,resnet34,3,776,128,4,4,3.499356,13.28125,42.96875,0.000388,0.0686,0.068988,1855.4038,183.3657,1764.0,1287.0684,1764.0
1145,custom,resnet34,3,777,128,4,4,3.431798,12.5,43.75,0.000328,0.06906,0.069388,1844.7025,183.3657,1764.0,1287.0684,1764.0
1145,custom,resnet34,3,778,128,4,4,3.414462,15.625,45.3125,0.00076,0.074582,0.075341,1698.9326,183.3657,1764.0,1287.0684,1764.0
1145,custom,resnet34,3,779,128,4,4,3.422581,15.625,46.09375,0.000409,0.069014,0.069423,1843.7703,183.3657,1764.0,1287.0684,1764.0
1145,custom,resnet34,3,780,128,4,4,3.451926,16.40625,44.53125,0.000393,0.068643,0.069036,1854.1025,183.3657,1764.0,1287.0684,1764.0
1145,custom,resnet34,3,781,128,4,4,3.491712,12.5,42.1875,0.000698,0.068704,0.069401,1844.3411,183.3657,1764.0,1287.0684,1764.0
1145,custom,resnet34,3,782,128,4,4,3.43842,15.625,42.1875,0.000424,0.06852,0.068944,1856.5689,183.3657,1764.0,1287.0684,1764.0
1145,custom,resnet34,3,783,128,4,4,3.635242,13.28125,35.15625,0.000359,0.068969,0.069328,1846.2924,183.3657,1764.0,1287.0684,1764.0
1145,custom,resnet34,3,784,128,4,4,3.462013,14.0625,45.3125,0.000123,0.068486,0.068609,1865.6392,183.3657,1764.0,1287.0684,1764.0
1145,custom,resnet34,3,785,128,4,4,3.357185,14.0625,42.96875,0.000607,0.068456,0.069063,1853.3753,183.3657,1764.0,1287.0684,1764.0
1145,custom,resnet34,3,786,128,4,4,3.735716,10.9375,34.375,0.000195,0.068518,0.068713,1862.8272,183.3657,1764.0,1287.0684,1764.0
1145,custom,resnet34,3,787,128,4,4,3.394023,16.40625,46.09375,0.000469,0.068838,0.069307,1846.8587,183.3657,1764.0,1287.0684,1764.0
1145,custom,resnet34,3,788,128,4,4,3.531345,17.96875,36.71875,0.000199,0.068491,0.06869,1863.4492,183.3657,1764.0,1287.0684,1764.0
1145,custom,resnet34,3,789,128,4,4,3.674606,12.5,32.8125,0.001084,0.068434,0.069519,1841.2355,183.3657,1764.0,1287.0684,1764.0
1145,custom,resnet34,3,790,128,4,4,3.530907,16.40625,41.40625,0.000229,0.06853,0.068759,1861.5767,183.3657,1764.0,1287.0684,1764.0
1145,custom,resnet34,3,791,128,4,4,3.490187,16.40625,38.28125,0.000365,0.06908,0.069445,1843.1752,183.3657,1764.0,1287.0684,1764.0
1145,custom,resnet34,3,792,128,4,4,3.597868,11.71875,45.3125,0.000411,0.068716,0.069127,1851.6648,183.3657,1764.0,1287.0684,1764.0
1145,custom,resnet34,3,793,128,4,4,3.524463,13.28125,38.28125,0.000569,0.068392,0.068962,1856.0999,183.3657,1764.0,1287.0684,1764.0
1145,custom,resnet34,3,794,128,4,4,3.308356,17.96875,48.4375,0.000744,0.068534,0.069278,1847.6235,183.3657,1764.0,1287.0684,1764.0
1145,custom,resnet34,3,795,128,4,4,3.528158,19.53125,38.28125,0.000202,0.068883,0.069085,1852.7835,183.3657,1764.0,1287.0684,1764.0
1145,custom,resnet34,3,796,128,4,4,3.440608,13.28125,45.3125,0.000429,0.068819,0.069248,1848.4321,183.3657,1764.0,1287.0684,1764.0
1145,custom,resnet34,3,797,128,4,4,3.409166,12.5,46.09375,0.000623,0.06857,0.069193,1849.9102,183.3657,1764.0,1287.0684,1764.0
1145,custom,resnet34,3,798,128,4,4,3.458047,14.84375,43.75,0.000214,0.06852,0.068734,1862.253,183.3657,1764.0,1287.0684,1764.0
1145,custom,resnet34,3,799,128,4,4,3.59242,12.5,39.0625,0.000367,0.06909,0.069457,1842.8793,183.3657,1764.0,1287.0684,1764.0
1145,custom,resnet34,3,800,128,4,4,3.663233,16.40625,36.71875,0.000396,0.068522,0.068918,1857.2783,183.3657,1764.0,1287.0684,1764.0
1145,custom,resnet34,3,801,128,4,4,3.297456,15.625,47.65625,0.0002,0.068662,0.068862,1858.7937,183.3657,1764.0,1287.0684,1764.0
1145,custom,resnet34,3,802,128,4,4,3.496716,14.84375,42.96875,0.000196,0.068613,0.068809,1860.2197,183.3657,1764.0,1287.0684,1764.0
1145,custom,resnet34,3,803,128,4,4,3.489196,10.15625,41.40625,0.000383,0.068984,0.069367,1845.2504,183.3657,1764.0,1287.0684,1764.0
1145,custom,resnet34,3,804,128,4,4,3.469942,18.75,40.625,0.001214,0.068415,0.069629,1838.315,183.3657,1764.0,1287.0684,1764.0
1145,custom,resnet34,3,805,128,4,4,3.257172,22.65625,50.0,0.000126,0.068496,0.068622,1865.2915,183.3657,1764.0,1287.0684,1764.0
1145,custom,resnet34,3,806,128,4,4,3.299979,17.1875,48.4375,0.000215,0.068602,0.068817,1860.0148,183.3657,1764.0,1287.0684,1764.0
1145,custom,resnet34,3,807,128,4,4,3.328085,17.96875,50.78125,0.000371,0.068952,0.069323,1846.4248,183.3657,1764.0,1287.0684,1764.0
1145,custom,resnet34,3,808,128,4,4,3.598895,13.28125,39.84375,0.000395,0.068704,0.069099,1852.4063,183.3657,1764.0,1287.0684,1764.0
1145,custom,resnet34,3,809,128,4,4,3.242728,21.09375,47.65625,0.000129,0.068669,0.068798,1860.5181,183.3657,1764.0,1287.0684,1764.0
1145,custom,resnet34,3,810,128,4,4,3.421869,17.96875,46.875,0.000493,0.068428,0.068921,1857.197,183.3657,1764.0,1287.0684,1764.0
1145,custom,resnet34,3,811,128,4,4,3.306547,19.53125,42.1875,0.000135,0.068975,0.06911,1852.1216,183.3657,1764.0,1287.0684,1764.0
1145,custom,resnet34,3,812,128,4,4,3.345182,18.75,43.75,0.000373,0.068762,0.069135,1851.4531,183.3657,1764.0,1287.0684,1764.0
1145,custom,resnet34,3,813,128,4,4,3.464777,13.28125,39.0625,0.000371,0.068563,0.068934,1856.8422,183.3657,1764.0,1287.0684,1764.0
1145,custom,resnet34,3,814,128,4,4,3.155796,17.96875,51.5625,0.000325,0.071842,0.072167,1773.6681,183.3657,1764.0,1287.0684,1764.0
1145,custom,resnet34,3,815,128,4,4,3.155269,17.96875,52.34375,0.000138,0.069017,0.069155,1850.92,183.3657,1764.0,1287.0684,1764.0
1145,custom,resnet34,3,816,128,4,4,3.295592,19.53125,50.0,0.000366,0.068571,0.068937,1856.7575,183.3657,1764.0,1287.0684,1764.0
1145,custom,resnet34,3,817,128,4,4,3.577697,11.71875,39.84375,0.000415,0.068882,0.069297,1847.133,183.3657,1764.0,1287.0684,1764.0
1145,custom,resnet34,3,818,128,4,4,3.419559,21.09375,42.1875,0.000324,0.068494,0.068818,1859.9664,183.3657,1764.0,1287.0684,1764.0
1145,custom,resnet34,3,819,128,4,4,3.360309,20.3125,43.75,0.000155,0.068854,0.069009,1854.8393,183.3657,1764.0,1287.0684,1764.0
1145,custom,resnet34,3,820,128,4,4,3.510877,14.84375,44.53125,0.000178,0.068619,0.068797,1860.5504,183.3657,1764.0,1287.0684,1764.0
1145,custom,resnet34,3,821,128,4,4,3.424133,20.3125,45.3125,0.000678,0.068544,0.069222,1849.1182,183.3657,1764.0,1287.0684,1764.0
1145,custom,resnet34,3,822,128,4,4,3.651849,11.71875,34.375,0.000296,0.072155,0.072451,1766.6998,183.3657,1764.0,1287.0684,1764.0
1145,custom,resnet34,3,823,128,4,4,3.463575,17.96875,40.625,0.000122,0.068878,0.069,1855.0818,183.3657,1764.0,1287.0684,1764.0
1145,custom,resnet34,3,824,128,4,4,3.616755,11.71875,43.75,0.000127,0.068576,0.068704,1863.0772,183.3657,1764.0,1287.0684,1764.0
1145,custom,resnet34,3,825,128,4,4,3.581936,14.84375,39.0625,0.000182,0.068606,0.068788,1860.7911,183.3657,1764.0,1287.0684,1764.0
1145,custom,resnet34,3,826,128,4,4,3.42576,10.9375,43.75,0.000283,0.072858,0.073141,1750.0552,183.3657,1764.0,1287.0684,1764.0
1145,custom,resnet34,3,827,128,4,4,3.610462,11.71875,42.96875,0.000148,0.068814,0.068962,1856.0927,183.3657,1764.0,1287.0684,1764.0
1145,custom,resnet34,3,828,128,4,4,3.467605,10.15625,42.96875,0.000387,0.06863,0.069017,1854.6169,183.3657,1764.0,1287.0684,1764.0
1145,custom,resnet34,3,829,128,4,4,3.499293,19.53125,42.1875,0.000399,0.068501,0.0689,1857.764,183.3657,1764.0,1287.0684,1764.0
1145,custom,resnet34,3,830,128,4,4,3.611218,16.40625,36.71875,0.000287,0.07008,0.070368,1819.0155,183.3657,1764.0,1287.0684,1764.0
1145,custom,resnet34,3,831,128,4,4,3.598061,11.71875,39.0625,0.000397,0.068976,0.069373,1845.1074,183.3657,1764.0,1287.0684,1764.0
1145,custom,resnet34,3,832,128,4,4,3.393429,14.84375,51.5625,0.000399,0.068553,0.068952,1856.3645,183.3657,1764.0,1287.0684,1764.0
1145,custom,resnet34,3,833,128,4,4,3.474597,16.40625,42.96875,0.000425,0.06856,0.068985,1855.4814,183.3657,1764.0,1287.0684,1764.0
1145,custom,resnet34,3,834,128,4,4,3.520522,16.40625,42.1875,0.000692,0.068499,0.069191,1849.9461,183.3657,1764.0,1287.0684,1764.0
1145,custom,resnet34,3,835,128,4,4,3.424848,16.40625,45.3125,0.000482,0.068899,0.069381,1844.8823,183.3657,1764.0,1287.0684,1764.0
1145,custom,resnet34,3,836,128,4,4,3.577674,11.71875,39.84375,0.000312,0.068547,0.068859,1858.8833,183.3657,1764.0,1287.0684,1764.0
1145,custom,resnet34,3,837,128,4,4,3.627792,12.5,39.0625,0.000304,0.068579,0.068883,1858.233,183.3657,1764.0,1287.0684,1764.0
1145,custom,resnet34,3,838,128,4,4,3.541394,14.0625,42.96875,0.00063,0.068476,0.069106,1852.2216,183.3657,1764.0,1287.0684,1764.0
1145,custom,resnet34,3,839,128,4,4,3.335136,16.40625,45.3125,0.000124,0.068906,0.069029,1854.2825,183.3657,1764.0,1287.0684,1764.0
1145,custom,resnet34,3,840,128,4,4,3.402818,17.1875,43.75,0.000498,0.068537,0.069035,1854.1279,183.3657,1764.0,1287.0684,1764.0
1145,custom,resnet34,3,841,128,4,4,3.537102,14.0625,37.5,0.000405,0.068562,0.068967,1855.9553,183.3657,1764.0,1287.0684,1764.0
1145,custom,resnet34,3,842,128,4,4,3.439372,16.40625,41.40625,0.000417,0.068483,0.0689,1857.7533,183.3657,1764.0,1287.0684,1764.0
1145,custom,resnet34,3,843,128,4,4,3.367278,21.09375,46.875,0.000122,0.068832,0.068954,1856.3071,183.3657,1764.0,1287.0684,1764.0
1145,custom,resnet34,3,844,128,4,4,3.543131,14.84375,41.40625,0.000185,0.068438,0.068623,1865.2504,183.3657,1764.0,1287.0684,1764.0
1145,custom,resnet34,3,845,128,4,4,3.387469,19.53125,47.65625,0.00043,0.068545,0.068974,1855.761,183.3657,1764.0,1287.0684,1764.0
1145,custom,resnet34,3,846,128,4,4,3.378039,14.0625,43.75,0.00019,0.068468,0.068658,1864.3139,183.3657,1764.0,1287.0684,1764.0
1145,custom,resnet34,3,847,128,4,4,3.430307,17.1875,42.96875,0.000368,0.068868,0.069236,1848.7559,183.3657,1764.0,1287.0684,1764.0
1145,custom,resnet34,3,848,128,4,4,3.500296,11.71875,43.75,0.000377,0.068834,0.069211,1849.4139,183.3657,1764.0,1287.0684,1764.0
1145,custom,resnet34,3,849,128,4,4,3.49123,13.28125,42.1875,0.00041,0.06836,0.06877,1861.2855,183.3657,1764.0,1287.0684,1764.0
1145,custom,resnet34,3,850,128,4,4,3.313651,19.53125,46.875,0.00064,0.068731,0.069371,1845.1625,183.3657,1764.0,1287.0684,1764.0
1145,custom,resnet34,3,851,128,4,4,3.204182,24.21875,46.875,0.00013,0.068709,0.06884,1859.3894,183.3657,1764.0,1287.0684,1764.0
1145,custom,resnet34,3,852,128,4,4,3.609895,12.5,38.28125,0.000158,0.068484,0.068642,1864.7597,183.3657,1764.0,1287.0684,1764.0
1145,custom,resnet34,3,853,128,4,4,3.30383,15.625,44.53125,0.000436,0.068459,0.068895,1857.899,183.3657,1764.0,1287.0684,1764.0
1145,custom,resnet34,3,854,128,4,4,3.251766,21.875,50.78125,0.000194,0.068677,0.068872,1858.5324,183.3657,1764.0,1287.0684,1764.0
1145,custom,resnet34,3,855,128,4,4,3.534123,16.40625,42.96875,0.000149,0.068941,0.069091,1852.6327,183.3657,1764.0,1287.0684,1764.0
1145,custom,resnet34,3,856,128,4,4,3.37787,21.875,44.53125,0.000305,0.068622,0.068928,1857.0184,183.3657,1764.0,1287.0684,1764.0
1145,custom,resnet34,3,857,128,4,4,3.351912,16.40625,48.4375,0.001154,0.068494,0.069647,1837.8348,183.3657,1764.0,1287.0684,1764.0
1145,custom,resnet34,3,858,128,4,4,3.243362,21.875,52.34375,0.000577,0.0687,0.069277,1847.6525,183.3657,1764.0,1287.0684,1764.0
1145,custom,resnet34,3,859,128,4,4,3.196265,21.875,49.21875,0.000129,0.068866,0.068995,1855.1949,183.3657,1764.0,1287.0684,1764.0
1145,custom,resnet34,3,860,128,4,4,3.497174,11.71875,43.75,0.000378,0.068827,0.069206,1849.5639,183.3657,1764.0,1287.0684,1764.0
1145,custom,resnet34,3,861,128,4,4,3.462366,15.625,42.1875,0.000486,0.06856,0.069047,1853.8181,183.3657,1764.0,1287.0684,1764.0
1145,custom,resnet34,3,862,128,4,4,3.3528,16.40625,48.4375,0.000287,0.070526,0.070813,1807.5782,183.3657,1764.0,1287.0684,1764.0
1145,custom,resnet34,3,863,128,4,4,3.453369,18.75,39.84375,0.00013,0.068838,0.068969,1855.9184,183.3657,1764.0,1287.0684,1764.0
1145,custom,resnet34,3,864,128,4,4,3.229765,21.09375,49.21875,0.000133,0.068931,0.069064,1853.3602,183.3657,1764.0,1287.0684,1764.0
1145,custom,resnet34,3,865,128,4,4,3.512794,15.625,36.71875,0.000301,0.073252,0.073553,1740.2443,183.3657,1764.0,1287.0684,1764.0
1145,custom,resnet34,3,866,128,4,4,3.440798,15.625,43.75,0.000295,0.068583,0.068878,1858.3706,183.3657,1764.0,1287.0684,1764.0
1145,custom,resnet34,3,867,128,4,4,3.372589,14.84375,44.53125,0.000658,0.069075,0.069734,1835.5503,183.3657,1764.0,1287.0684,1764.0
1145,custom,resnet34,3,868,128,4,4,3.406772,18.75,42.96875,0.000128,0.068721,0.068849,1859.1454,183.3657,1764.0,1287.0684,1764.0
1145,custom,resnet34,3,869,128,4,4,3.25872,21.09375,53.90625,0.000439,0.068597,0.069036,1854.1004,183.3657,1764.0,1287.0684,1764.0
1145,custom,resnet34,3,870,128,4,4,3.375193,17.1875,46.09375,0.00037,0.068394,0.068764,1861.4454,183.3657,1764.0,1287.0684,1764.0
1145,custom,resnet34,3,871,128,4,4,3.261464,17.1875,49.21875,0.000126,0.068961,0.069087,1852.7378,183.3657,1764.0,1287.0684,1764.0
1145,custom,resnet34,3,872,128,4,4,3.467703,14.84375,39.84375,0.000263,0.068537,0.0688,1860.4719,183.3657,1764.0,1287.0684,1764.0
1145,custom,resnet34,3,873,128,4,4,3.428117,10.9375,43.75,0.000363,0.068573,0.068936,1856.7863,183.3657,1764.0,1287.0684,1764.0
1145,custom,resnet34,3,874,128,4,4,3.338296,21.09375,48.4375,0.000284,0.070016,0.0703,1820.7634,183.3657,1764.0,1287.0684,1764.0
1145,custom,resnet34,3,875,128,4,4,3.423133,16.40625,42.96875,0.0004,0.068957,0.069356,1845.5448,183.3657,1764.0,1287.0684,1764.0
1145,custom,resnet34,3,876,128,4,4,3.515782,13.28125,39.84375,0.000159,0.068567,0.068726,1862.4797,183.3657,1764.0,1287.0684,1764.0
1145,custom,resnet34,3,877,128,4,4,3.348314,21.09375,49.21875,0.000125,0.068628,0.068752,1861.751,183.3657,1764.0,1287.0684,1764.0
1145,custom,resnet34,3,878,128,4,4,3.310161,18.75,45.3125,0.000463,0.068529,0.068992,1855.2878,183.3657,1764.0,1287.0684,1764.0
1145,custom,resnet34,3,879,128,4,4,3.222468,19.53125,50.78125,0.000118,0.068897,0.069016,1854.6546,183.3657,1764.0,1287.0684,1764.0
1145,custom,resnet34,3,880,128,4,4,3.329214,21.875,42.1875,0.000135,0.068443,0.068578,1866.4838,183.3657,1764.0,1287.0684,1764.0
1145,custom,resnet34,3,881,128,4,4,3.41804,22.65625,43.75,0.000209,0.068726,0.068935,1856.825,183.3657,1764.0,1287.0684,1764.0
1145,custom,resnet34,3,882,128,4,4,3.52419,21.875,43.75,0.000319,0.068633,0.068953,1856.3482,183.3657,1764.0,1287.0684,1764.0
1145,custom,resnet34,3,883,128,4,4,3.360651,17.96875,46.875,0.000353,0.069053,0.069405,1844.2371,183.3657,1764.0,1287.0684,1764.0
1145,custom,resnet34,3,884,128,4,4,3.252587,17.1875,45.3125,0.00042,0.068821,0.069242,1848.5991,183.3657,1764.0,1287.0684,1764.0
1145,custom,resnet34,3,885,128,4,4,3.309562,19.53125,49.21875,0.000316,0.068599,0.068915,1857.3656,183.3657,1764.0,1287.0684,1764.0
1145,custom,resnet34,3,886,128,4,4,3.351998,10.9375,47.65625,0.000319,0.068461,0.06878,1861.0133,183.3657,1764.0,1287.0684,1764.0
1145,custom,resnet34,3,887,128,4,4,3.438414,17.96875,46.875,0.00042,0.069007,0.069427,1843.6703,183.3657,1764.0,1287.0684,1764.0
1145,custom,resnet34,3,888,128,4,4,3.440628,14.84375,42.1875,0.000703,0.069387,0.07009,1826.2154,183.3657,1764.0,1287.0684,1764.0
1145,custom,resnet34,3,889,128,4,4,3.27237,22.65625,50.0,0.000135,0.068586,0.068722,1862.5889,183.3657,1764.0,1287.0684,1764.0
1145,custom,resnet34,3,890,128,4,4,3.372983,19.53125,46.875,0.000201,0.068692,0.068893,1857.9649,183.3657,1764.0,1287.0684,1764.0
1145,custom,resnet34,3,891,128,4,4,3.382782,18.75,50.0,0.000132,0.069126,0.069257,1848.1819,183.3657,1764.0,1287.0684,1764.0
1145,custom,resnet34,3,892,128,4,4,3.432303,11.71875,42.96875,0.000235,0.068684,0.06892,1857.239,183.3657,1764.0,1287.0684,1764.0
1145,custom,resnet34,3,893,128,4,4,3.31681,15.625,48.4375,0.000472,0.068668,0.06914,1851.3135,183.3657,1764.0,1287.0684,1764.0
1145,custom,resnet34,3,894,128,4,4,3.460746,13.28125,42.96875,0.000199,0.068593,0.068792,1860.6889,183.3657,1764.0,1287.0684,1764.0
1145,custom,resnet34,3,895,128,4,4,3.47588,20.3125,45.3125,0.001161,0.068924,0.070085,1826.3501,183.3657,1764.0,1287.0684,1764.0
1145,custom,resnet34,3,896,128,4,4,3.753912,7.8125,35.9375,0.000132,0.068585,0.068717,1862.7154,183.3657,1764.0,1287.0684,1764.0
1145,custom,resnet34,3,897,128,4,4,3.401619,17.1875,46.09375,0.00037,0.06863,0.069,1855.0664,183.3657,1764.0,1287.0684,1764.0
1145,custom,resnet34,3,898,128,4,4,3.23922,19.53125,51.5625,0.000211,0.06862,0.068831,1859.6329,183.3657,1764.0,1287.0684,1764.0
1145,custom,resnet34,3,899,128,4,4,3.359251,17.1875,44.53125,0.000396,0.06903,0.069426,1843.6777,183.3657,1764.0,1287.0684,1764.0
1145,custom,resnet34,3,900,128,4,4,3.239311,17.1875,50.78125,0.00037,0.068752,0.069122,1851.7911,183.3657,1764.0,1287.0684,1764.0
1145,custom,resnet34,3,901,128,4,4,3.289041,17.96875,43.75,0.000433,0.068588,0.069021,1854.5125,183.3657,1764.0,1287.0684,1764.0
1145,custom,resnet34,3,902,128,4,4,3.318156,16.40625,50.0,0.000186,0.068784,0.06897,1855.8732,183.3657,1764.0,1287.0684,1764.0
1145,custom,resnet34,3,903,128,4,4,3.586534,11.71875,40.625,0.00013,0.06879,0.06892,1857.2169,183.3657,1764.0,1287.0684,1764.0
1145,custom,resnet34,3,904,128,4,4,3.46039,17.96875,41.40625,0.000171,0.068513,0.068685,1863.5923,183.3657,1764.0,1287.0684,1764.0
1145,custom,resnet34,3,905,128,4,4,3.252291,19.53125,49.21875,0.000281,0.068411,0.068691,1863.4072,183.3657,1764.0,1287.0684,1764.0
1145,custom,resnet34,3,906,128,4,4,3.059343,22.65625,53.90625,0.000699,0.068628,0.069327,1846.3143,183.3657,1764.0,1287.0684,1764.0
1145,custom,resnet34,3,907,128,4,4,3.39525,20.3125,43.75,0.000145,0.068894,0.069039,1854.0271,183.3657,1764.0,1287.0684,1764.0
1145,custom,resnet34,3,908,128,4,4,3.29241,24.21875,45.3125,0.000372,0.068557,0.068929,1856.9936,183.3657,1764.0,1287.0684,1764.0
1145,custom,resnet34,3,909,128,4,4,3.081333,25.78125,52.34375,0.000121,0.068426,0.068547,1867.3211,183.3657,1764.0,1287.0684,1764.0
1145,custom,resnet34,3,910,128,4,4,3.10605,20.3125,55.46875,0.000444,0.068692,0.069137,1851.4057,183.3657,1764.0,1287.0684,1764.0
1145,custom,resnet34,3,911,128,4,4,3.096588,19.53125,46.09375,0.000428,0.068804,0.069232,1848.8545,183.3657,1764.0,1287.0684,1764.0
1145,custom,resnet34,3,912,128,4,4,3.340216,21.09375,50.78125,0.000132,0.068715,0.068847,1859.1929,183.3657,1764.0,1287.0684,1764.0
1145,custom,resnet34,3,913,128,4,4,3.184421,16.40625,51.5625,0.000205,0.068415,0.06862,1865.3486,183.3657,1764.0,1287.0684,1764.0
1145,custom,resnet34,3,914,128,4,4,3.347311,16.40625,44.53125,0.000626,0.068517,0.069143,1851.2394,183.3657,1764.0,1287.0684,1764.0
1145,custom,resnet34,3,915,128,4,4,3.372248,19.53125,45.3125,0.000128,0.068989,0.069117,1851.9295,183.3657,1764.0,1287.0684,1764.0
1145,custom,resnet34,3,916,128,4,4,3.272121,20.3125,48.4375,0.000411,0.068944,0.069355,1845.5803,183.3657,1764.0,1287.0684,1764.0
1145,custom,resnet34,3,917,128,4,4,3.197462,13.28125,51.5625,0.000383,0.068655,0.069039,1854.0346,183.3657,1764.0,1287.0684,1764.0
1145,custom,resnet34,3,918,128,4,4,3.166482,24.21875,50.78125,0.000311,0.068519,0.06883,1859.6543,183.3657,1764.0,1287.0684,1764.0
1145,custom,resnet34,3,919,128,4,4,3.309381,14.84375,48.4375,0.000129,0.068788,0.068917,1857.3105,183.3657,1764.0,1287.0684,1764.0
1145,custom,resnet34,3,920,128,4,4,3.201531,17.1875,44.53125,0.000382,0.068608,0.06899,1855.3388,183.3657,1764.0,1287.0684,1764.0
1145,custom,resnet34,3,921,128,4,4,3.398794,15.625,48.4375,0.000456,0.068671,0.069127,1851.658,183.3657,1764.0,1287.0684,1764.0
1145,custom,resnet34,3,922,128,4,4,3.137704,23.4375,52.34375,0.000216,0.068478,0.068694,1863.3352,183.3657,1764.0,1287.0684,1764.0
1145,custom,resnet34,3,923,128,4,4,3.341516,20.3125,44.53125,0.000223,0.069083,0.069306,1846.8773,183.3657,1764.0,1287.0684,1764.0
1145,custom,resnet34,3,924,128,4,4,3.521416,15.625,43.75,0.000512,0.068532,0.069044,1853.8839,183.3657,1764.0,1287.0684,1764.0
1145,custom,resnet34,3,925,128,4,4,2.990521,25.78125,55.46875,0.000707,0.068445,0.069152,1851.002,183.3657,1764.0,1287.0684,1764.0
1145,custom,resnet34,3,926,128,4,4,3.352687,17.1875,46.875,0.000201,0.068795,0.068996,1855.1819,183.3657,1764.0,1287.0684,1764.0
1145,custom,resnet34,3,927,128,4,4,3.056544,25.0,50.0,0.000209,0.069229,0.069438,1843.3619,183.3657,1764.0,1287.0684,1764.0
1145,custom,resnet34,3,928,128,4,4,3.573148,14.84375,39.0625,0.000148,0.06847,0.068618,1865.4061,183.3657,1764.0,1287.0684,1764.0
1145,custom,resnet34,3,929,128,4,4,3.08753,21.09375,51.5625,0.000127,0.068565,0.068692,1863.3945,183.3657,1764.0,1287.0684,1764.0
1145,custom,resnet34,3,930,128,4,4,3.455858,15.625,42.1875,0.00065,0.068637,0.069287,1847.3778,183.3657,1764.0,1287.0684,1764.0
1145,custom,resnet34,3,931,128,4,4,3.460547,11.71875,42.96875,0.000128,0.068957,0.069085,1852.7835,183.3657,1764.0,1287.0684,1764.0
1145,custom,resnet34,3,932,128,4,4,3.275811,17.1875,51.5625,0.0004,0.068564,0.068964,1856.032,183.3657,1764.0,1287.0684,1764.0
1145,custom,resnet34,3,933,128,4,4,3.455277,16.40625,43.75,0.000337,0.068482,0.068819,1859.9562,183.3657,1764.0,1287.0684,1764.0
1145,custom,resnet34,3,934,128,4,4,3.285211,17.96875,42.1875,0.000286,0.070625,0.070911,1805.0829,183.3657,1764.0,1287.0684,1764.0
1145,custom,resnet34,3,935,128,4,4,3.475327,13.28125,45.3125,0.00013,0.068939,0.069069,1853.2183,183.3657,1764.0,1287.0684,1764.0
1145,custom,resnet34,3,936,128,4,4,3.129811,24.21875,50.78125,0.000343,0.068529,0.068872,1858.5119,183.3657,1764.0,1287.0684,1764.0
1145,custom,resnet34,3,937,128,4,4,3.410699,13.28125,38.28125,0.000118,0.068704,0.068822,1859.8828,183.3657,1764.0,1287.0684,1764.0
1145,custom,resnet34,3,938,128,4,4,3.328579,10.9375,46.875,0.000193,0.068313,0.068506,1868.4596,183.3657,1764.0,1287.0684,1764.0
1145,custom,resnet34,3,939,128,4,4,3.479158,14.84375,46.09375,0.000119,0.068885,0.069005,1854.944,183.3657,1764.0,1287.0684,1764.0
1145,custom,resnet34,3,940,128,4,4,3.272635,18.75,47.65625,0.00104,0.068569,0.069609,1838.8449,183.3657,1764.0,1287.0684,1764.0
1145,custom,resnet34,3,941,128,4,4,3.271297,16.40625,44.53125,0.000191,0.068567,0.068757,1861.6172,183.3657,1764.0,1287.0684,1764.0
1145,custom,resnet34,3,942,128,4,4,3.37227,16.40625,43.75,0.000194,0.068653,0.068847,1859.1866,183.3657,1764.0,1287.0684,1764.0
1145,custom,resnet34,3,943,128,4,4,3.192559,17.1875,50.0,0.000371,0.069076,0.069447,1843.1443,183.3657,1764.0,1287.0684,1764.0
1145,custom,resnet34,3,944,128,4,4,3.368427,14.0625,46.09375,0.000199,0.068558,0.068758,1861.6141,183.3657,1764.0,1287.0684,1764.0
1145,custom,resnet34,3,945,128,4,4,3.315989,21.875,48.4375,0.000629,0.068406,0.069034,1854.1523,183.3657,1764.0,1287.0684,1764.0
1145,custom,resnet34,3,946,128,4,4,3.341595,19.53125,46.09375,0.000214,0.068638,0.068852,1859.0658,183.3657,1764.0,1287.0684,1764.0
1145,custom,resnet34,3,947,128,4,4,3.322247,16.40625,52.34375,0.00035,0.069059,0.069408,1844.1599,183.3657,1764.0,1287.0684,1764.0
1145,custom,resnet34,3,948,128,4,4,3.169193,20.3125,46.875,0.000365,0.068549,0.068914,1857.3946,183.3657,1764.0,1287.0684,1764.0
1145,custom,resnet34,3,949,128,4,4,3.178714,20.3125,52.34375,0.000203,0.068583,0.068787,1860.8284,183.3657,1764.0,1287.0684,1764.0
1145,custom,resnet34,3,950,128,4,4,3.023669,22.65625,61.71875,0.000182,0.068683,0.068865,1858.7133,183.3657,1764.0,1287.0684,1764.0
1145,custom,resnet34,3,951,128,4,4,3.226858,11.71875,50.0,0.000654,0.068978,0.069632,1838.23,183.3657,1764.0,1287.0684,1764.0
1145,custom,resnet34,3,952,128,4,4,3.568964,13.28125,44.53125,0.000122,0.068551,0.068673,1863.9112,183.3657,1764.0,1287.0684,1764.0
1145,custom,resnet34,3,953,128,4,4,3.264741,14.84375,46.09375,0.000595,0.06835,0.068945,1856.5438,183.3657,1764.0,1287.0684,1764.0
1145,custom,resnet34,3,954,128,4,4,2.977883,25.0,52.34375,0.000198,0.068657,0.068855,1858.9832,183.3657,1764.0,1287.0684,1764.0
1145,custom,resnet34,3,955,128,4,4,3.006928,24.21875,54.6875,0.000196,0.069004,0.069199,1849.7288,183.3657,1764.0,1287.0684,1764.0
1145,custom,resnet34,3,956,128,4,4,3.449361,16.40625,42.1875,0.000348,0.06863,0.068978,1855.6665,183.3657,1764.0,1287.0684,1764.0
1145,custom,resnet34,3,957,128,4,4,3.223225,17.1875,57.03125,0.000121,0.068591,0.068712,1862.8366,183.3657,1764.0,1287.0684,1764.0
1145,custom,resnet34,3,958,128,4,4,3.026158,25.78125,57.8125,0.000119,0.068592,0.068711,1862.8795,183.3657,1764.0,1287.0684,1764.0
1145,custom,resnet34,3,959,128,4,4,3.314681,20.3125,44.53125,0.000393,0.069017,0.06941,1844.1121,183.3657,1764.0,1287.0684,1764.0
1145,custom,resnet34,3,960,128,4,4,3.214447,23.4375,50.78125,0.000132,0.068524,0.068656,1864.363,183.3657,1764.0,1287.0684,1764.0
1145,custom,resnet34,3,961,128,4,4,3.034692,22.65625,56.25,0.000174,0.068717,0.068891,1858.0208,183.3657,1764.0,1287.0684,1764.0
1145,custom,resnet34,3,962,128,4,4,3.2775,21.09375,46.09375,0.000418,0.068833,0.069251,1848.3533,183.3657,1764.0,1287.0684,1764.0
1145,custom,resnet34,3,963,128,4,4,3.43516,13.28125,40.625,0.00021,0.068894,0.069104,1852.2834,183.3657,1764.0,1287.0684,1764.0
1145,custom,resnet34,3,964,128,4,4,3.316973,18.75,48.4375,0.00011,0.06865,0.06876,1861.5434,183.3657,1764.0,1287.0684,1764.0
1145,custom,resnet34,3,965,128,4,4,3.08935,21.09375,52.34375,0.000767,0.068518,0.069285,1847.4464,183.3657,1764.0,1287.0684,1764.0
1145,custom,resnet34,3,966,128,4,4,3.2719,25.0,47.65625,0.000303,0.068558,0.068861,1858.8055,183.3657,1764.0,1287.0684,1764.0
1145,custom,resnet34,3,967,128,4,4,3.461756,17.1875,45.3125,0.000401,0.068928,0.06933,1846.2521,183.3657,1764.0,1287.0684,1764.0
1145,custom,resnet34,3,968,128,4,4,3.153334,21.875,50.0,0.000386,0.274754,0.27514,465.2175,183.3657,1764.0,1287.0684,1764.0
1145,custom,resnet34,3,969,128,4,4,3.362911,14.84375,45.3125,0.000144,0.068612,0.068756,1861.65,183.3657,1764.0,1287.0684,1764.0
1145,custom,resnet34,3,970,128,4,4,3.162875,22.65625,53.125,0.000375,0.068842,0.069217,1849.2557,183.3657,1764.0,1287.0684,1764.0
1145,custom,resnet34,3,971,128,4,4,3.383624,17.1875,45.3125,0.00017,0.068921,0.069091,1852.6399,183.3657,1764.0,1287.0684,1764.0
1145,custom,resnet34,3,972,128,4,4,3.293406,16.40625,46.09375,0.000123,0.068633,0.068756,1861.6476,183.3657,1764.0,1287.0684,1764.0
1145,custom,resnet34,3,973,128,4,4,3.38661,19.53125,46.875,0.000122,0.068665,0.068788,1860.8022,183.3657,1764.0,1287.0684,1764.0
1145,custom,resnet34,3,974,128,4,4,3.197731,20.3125,51.5625,0.0002,0.068557,0.068757,1861.6406,183.3657,1764.0,1287.0684,1764.0
1145,custom,resnet34,3,975,128,4,4,3.287555,22.65625,45.3125,0.000108,0.068966,0.069075,1853.0701,183.3657,1764.0,1287.0684,1764.0
1145,custom,resnet34,3,976,128,4,4,3.403048,16.40625,42.96875,0.000112,0.068502,0.068614,1865.509,183.3657,1764.0,1287.0684,1764.0
1145,custom,resnet34,3,977,128,4,4,3.453637,17.96875,42.96875,0.000614,0.06851,0.069123,1851.7667,183.3657,1764.0,1287.0684,1764.0
1145,custom,resnet34,3,978,128,4,4,3.226752,18.75,49.21875,0.000598,0.068878,0.069476,1842.3725,183.3657,1764.0,1287.0684,1764.0
1145,custom,resnet34,3,979,128,4,4,3.187286,21.09375,54.6875,0.000119,0.06891,0.069029,1854.2957,183.3657,1764.0,1287.0684,1764.0
1145,custom,resnet34,3,980,128,4,4,3.295384,16.40625,41.40625,0.000386,0.06863,0.069016,1854.6327,183.3657,1764.0,1287.0684,1764.0
1145,custom,resnet34,3,981,128,4,4,3.306684,20.3125,55.46875,0.000609,0.068583,0.069191,1849.9385,183.3657,1764.0,1287.0684,1764.0
1145,custom,resnet34,3,982,128,4,4,3.25245,14.0625,53.90625,0.000201,0.068579,0.06878,1861.0019,183.3657,1764.0,1287.0684,1764.0
1145,custom,resnet34,3,983,128,4,4,3.254879,25.0,53.90625,0.000125,0.068742,0.068867,1858.6662,183.3657,1764.0,1287.0684,1764.0
1145,custom,resnet34,3,984,128,4,4,3.312112,14.0625,46.09375,0.000114,0.068476,0.06859,1866.1712,183.3657,1764.0,1287.0684,1764.0
1145,custom,resnet34,3,985,128,4,4,3.390438,16.40625,48.4375,0.000123,0.068526,0.068649,1864.5471,183.3657,1764.0,1287.0684,1764.0
1145,custom,resnet34,3,986,128,4,4,3.08585,19.53125,58.59375,0.000195,0.068695,0.068889,1858.058,183.3657,1764.0,1287.0684,1764.0
1145,custom,resnet34,3,987,128,4,4,3.450143,14.84375,41.40625,0.000173,0.069026,0.069199,1849.7324,183.3657,1764.0,1287.0684,1764.0
1145,custom,resnet34,3,988,128,4,4,3.34674,16.40625,46.09375,0.000112,0.068611,0.068723,1862.5492,183.3657,1764.0,1287.0684,1764.0
1145,custom,resnet34,3,989,128,4,4,3.235494,24.21875,48.4375,0.000898,0.06855,0.069448,1843.1036,183.3657,1764.0,1287.0684,1764.0
1145,custom,resnet34,3,990,128,4,4,3.118564,25.0,55.46875,0.000449,0.068843,0.069292,1847.2547,183.3657,1764.0,1287.0684,1764.0
1145,custom,resnet34,3,991,128,4,4,3.248432,17.1875,50.0,0.000137,0.069082,0.069219,1849.2027,183.3657,1764.0,1287.0684,1764.0
1145,custom,resnet34,3,992,128,4,4,3.239054,19.53125,50.0,0.00012,0.068325,0.068445,1870.1076,183.3657,1764.0,1287.0684,1764.0
1145,custom,resnet34,3,993,128,4,4,3.194492,22.65625,52.34375,0.000451,0.068561,0.069012,1854.7565,183.3657,1764.0,1287.0684,1764.0
1145,custom,resnet34,3,994,128,4,4,3.113517,24.21875,53.125,0.000305,0.068653,0.068958,1856.2057,183.3657,1764.0,1287.0684,1764.0
1145,custom,resnet34,3,995,128,4,4,3.488379,17.1875,39.84375,0.000368,0.068798,0.069165,1850.6362,183.3657,1764.0,1287.0684,1764.0
1145,custom,resnet34,3,996,128,4,4,3.243039,17.96875,48.4375,0.00021,0.068719,0.068929,1856.9857,183.3657,1764.0,1287.0684,1764.0
1145,custom,resnet34,3,997,128,4,4,3.054951,22.65625,57.8125,0.000654,0.068642,0.069296,1847.1555,183.3657,1764.0,1287.0684,1764.0
1145,custom,resnet34,3,998,128,4,4,3.179277,22.65625,49.21875,0.000451,0.068439,0.068891,1858.0194,183.3657,1764.0,1287.0684,1764.0
1145,custom,resnet34,3,999,128,4,4,3.508679,18.75,41.40625,0.000116,0.068894,0.06901,1854.8051,183.3657,1764.0,1287.0684,1764.0
1145,custom,resnet34,3,1000,128,4,4,3.188042,21.09375,49.21875,0.000357,0.06864,0.068997,1855.1564,183.3657,1764.0,1287.0684,1764.0
1145,custom,resnet34,3,1001,128,4,4,3.30968,19.53125,47.65625,0.000398,0.068743,0.069141,1851.2926,183.3657,1764.0,1287.0684,1764.0
1145,custom,resnet34,3,1002,128,4,4,3.554488,16.40625,44.53125,0.000411,0.068734,0.069145,1851.1709,183.3657,1764.0,1287.0684,1764.0
1145,custom,resnet34,3,1003,128,4,4,3.320709,21.875,49.21875,0.000408,0.068985,0.069393,1844.5794,183.3657,1764.0,1287.0684,1764.0
1145,custom,resnet34,3,1004,128,4,4,3.284508,16.40625,48.4375,0.000126,0.068568,0.068694,1863.3345,183.3657,1764.0,1287.0684,1764.0
1145,custom,resnet34,3,1005,128,4,4,3.365004,21.09375,46.875,0.000462,0.068559,0.069021,1854.5004,183.3657,1764.0,1287.0684,1764.0
1145,custom,resnet34,3,1006,128,4,4,3.337399,17.96875,46.09375,0.000198,0.068589,0.068787,1860.8148,183.3657,1764.0,1287.0684,1764.0
1145,custom,resnet34,3,1007,128,4,4,3.184096,19.53125,51.5625,0.000342,0.068895,0.069237,1848.7178,183.3657,1764.0,1287.0684,1764.0
1145,custom,resnet34,3,1008,128,4,4,3.35996,21.09375,39.84375,0.000122,0.069485,0.069607,1838.8955,183.3657,1764.0,1287.0684,1764.0
1145,custom,resnet34,3,1009,128,4,4,3.276073,23.4375,44.53125,0.000478,0.068735,0.069213,1849.3699,183.3657,1764.0,1287.0684,1764.0
1145,custom,resnet34,3,1010,128,4,4,3.192042,21.875,51.5625,0.000198,0.068641,0.068839,1859.4024,183.3657,1764.0,1287.0684,1764.0
1145,custom,resnet34,3,1011,128,4,4,3.232881,21.875,50.0,0.000128,0.068978,0.069106,1852.2288,183.3657,1764.0,1287.0684,1764.0
1145,custom,resnet34,3,1012,128,4,4,3.166666,21.09375,49.21875,0.000362,0.068803,0.069165,1850.6464,183.3657,1764.0,1287.0684,1764.0
1145,custom,resnet34,3,1013,128,4,4,3.38038,14.84375,42.1875,0.000278,0.068648,0.068926,1857.056,183.3657,1764.0,1287.0684,1764.0
1145,custom,resnet34,3,1014,128,4,4,3.266495,21.875,46.875,0.000197,0.06851,0.068707,1862.991,183.3657,1764.0,1287.0684,1764.0
1145,custom,resnet34,3,1015,128,4,4,3.151631,24.21875,50.0,0.000134,0.068772,0.068906,1857.5908,183.3657,1764.0,1287.0684,1764.0
1145,custom,resnet34,3,1016,128,4,4,3.297697,19.53125,48.4375,0.00037,0.068699,0.069069,1853.2078,183.3657,1764.0,1287.0684,1764.0
1145,custom,resnet34,3,1017,128,4,4,3.187483,21.09375,53.125,0.000415,0.068701,0.069116,1851.9644,183.3657,1764.0,1287.0684,1764.0
1145,custom,resnet34,3,1018,128,4,4,3.330227,23.4375,45.3125,0.000184,0.068567,0.068751,1861.7899,183.3657,1764.0,1287.0684,1764.0
1145,custom,resnet34,3,1019,128,4,4,3.161436,26.5625,50.78125,0.000365,0.069028,0.069393,1844.563,183.3657,1764.0,1287.0684,1764.0
1145,custom,resnet34,3,1020,128,4,4,3.073082,20.3125,50.0,0.000123,0.068475,0.068598,1865.9317,183.3657,1764.0,1287.0684,1764.0
1145,custom,resnet34,3,1021,128,4,4,3.310507,22.65625,48.4375,0.000121,0.068589,0.06871,1862.9091,183.3657,1764.0,1287.0684,1764.0
1145,custom,resnet34,3,1022,128,4,4,3.185945,21.09375,50.0,0.00053,0.068369,0.068899,1857.7876,183.3657,1764.0,1287.0684,1764.0
1145,custom,resnet34,3,1023,128,4,4,3.05704,25.0,55.46875,0.000429,0.068837,0.069266,1847.9537,183.3657,1764.0,1287.0684,1764.0
1145,custom,resnet34,3,1024,128,4,4,3.399343,17.96875,48.4375,0.000467,0.068789,0.069256,1848.218,183.3657,1764.0,1287.0684,1764.0
1145,custom,resnet34,3,1025,128,4,4,3.414926,21.875,48.4375,0.000425,0.068673,0.069098,1852.4441,183.3657,1764.0,1287.0684,1764.0
1145,custom,resnet34,3,1026,128,4,4,3.215403,27.34375,44.53125,0.000193,0.068344,0.068537,1867.6007,183.3657,1764.0,1287.0684,1764.0
1145,custom,resnet34,3,1027,128,4,4,2.938854,25.0,50.0,0.000349,0.068932,0.06928,1847.5718,183.3657,1764.0,1287.0684,1764.0
1145,custom,resnet34,3,1028,128,4,4,3.299807,21.09375,48.4375,0.00016,0.068819,0.068979,1855.6459,183.3657,1764.0,1287.0684,1764.0
1145,custom,resnet34,3,1029,128,4,4,3.355895,20.3125,47.65625,0.000312,0.068505,0.068816,1860.0293,183.3657,1764.0,1287.0684,1764.0
1145,custom,resnet34,3,1030,128,4,4,3.284372,20.3125,46.09375,0.000199,0.068649,0.068848,1859.1735,183.3657,1764.0,1287.0684,1764.0
1145,custom,resnet34,3,1031,128,4,4,3.232501,17.1875,44.53125,0.000186,0.068918,0.069104,1852.294,183.3657,1764.0,1287.0684,1764.0
1145,custom,resnet34,3,1032,128,4,4,3.149524,21.09375,55.46875,0.000216,0.068752,0.068968,1855.93,183.3657,1764.0,1287.0684,1764.0
1145,custom,resnet34,3,1033,128,4,4,3.075047,28.125,51.5625,0.000501,0.071573,0.072073,1775.9722,183.3657,1764.0,1287.0684,1764.0
1145,custom,resnet34,3,1034,128,4,4,3.328595,21.875,47.65625,0.000186,0.068517,0.068703,1863.0986,183.3657,1764.0,1287.0684,1764.0
1145,custom,resnet34,3,1035,128,4,4,3.088694,25.78125,58.59375,0.000341,0.069003,0.069344,1845.8639,183.3657,1764.0,1287.0684,1764.0
1145,custom,resnet34,3,1036,128,4,4,3.387015,17.1875,42.96875,0.000365,0.068715,0.06908,1852.9327,183.3657,1764.0,1287.0684,1764.0
1145,custom,resnet34,3,1037,128,4,4,3.230789,23.4375,50.0,0.00026,0.068601,0.068861,1858.8278,183.3657,1764.0,1287.0684,1764.0
1145,custom,resnet34,3,1038,128,4,4,3.157526,21.09375,49.21875,0.000635,0.068257,0.068893,1857.9658,183.3657,1764.0,1287.0684,1764.0
1145,custom,resnet34,3,1039,128,4,4,3.313182,18.75,49.21875,0.000116,0.068859,0.068974,1855.7686,183.3657,1764.0,1287.0684,1764.0
1145,custom,resnet34,3,1040,128,4,4,3.028646,26.5625,57.8125,0.000338,0.068504,0.068841,1859.3445,183.3657,1764.0,1287.0684,1764.0
1145,custom,resnet34,3,1041,128,4,4,2.981522,30.46875,54.6875,0.000119,0.068602,0.068721,1862.6093,183.3657,1764.0,1287.0684,1764.0
1145,custom,resnet34,3,1042,128,4,4,3.512598,17.1875,40.625,0.000416,0.068473,0.068889,1858.0612,183.3657,1764.0,1287.0684,1764.0
1145,custom,resnet34,3,1043,128,4,4,3.243859,17.1875,53.125,0.000118,0.06903,0.069148,1851.0997,183.3657,1764.0,1287.0684,1764.0
1145,custom,resnet34,3,1044,128,4,4,3.413249,17.96875,42.1875,0.000179,0.068816,0.068995,1855.1991,183.3657,1764.0,1287.0684,1764.0
1145,custom,resnet34,3,1045,128,4,4,3.320665,25.78125,46.875,0.000199,0.068555,0.068753,1861.7253,183.3657,1764.0,1287.0684,1764.0
1145,custom,resnet34,3,1046,128,4,4,3.407646,21.875,44.53125,0.000327,0.068452,0.068779,1861.0345,183.3657,1764.0,1287.0684,1764.0
1145,custom,resnet34,3,1047,128,4,4,3.214468,21.875,46.875,0.000121,0.068795,0.068916,1857.341,183.3657,1764.0,1287.0684,1764.0
1145,custom,resnet34,3,1048,128,4,4,3.291267,23.4375,46.09375,0.00275,0.068685,0.071435,1791.8467,183.3657,1764.0,1287.0684,1764.0
1145,custom,resnet34,3,1049,128,4,4,3.186713,21.875,48.4375,0.000238,0.068595,0.068833,1859.5808,183.3657,1764.0,1287.0684,1764.0
1145,custom,resnet34,3,1050,128,4,4,3.280356,19.53125,46.09375,8.5e-05,0.06851,0.068595,1866.028,183.3657,1764.0,1287.0684,1764.0
1145,custom,resnet34,3,1051,128,4,4,3.196077,22.65625,50.78125,0.000195,0.06918,0.069374,1845.0627,183.3657,1764.0,1287.0684,1764.0
1145,custom,resnet34,3,1052,128,4,4,3.063524,26.5625,56.25,0.000132,0.068766,0.068898,1857.8237,183.3657,1764.0,1287.0684,1764.0
1145,custom,resnet34,3,1053,128,4,4,3.264019,21.875,47.65625,0.000213,0.068734,0.068947,1856.4961,183.3657,1764.0,1287.0684,1764.0
1145,custom,resnet34,3,1054,128,4,4,3.375116,19.53125,46.09375,0.000206,0.068821,0.069027,1854.3453,183.3657,1764.0,1287.0684,1764.0
1145,custom,resnet34,3,1055,128,4,4,2.99705,21.875,54.6875,0.000214,0.068817,0.069032,1854.222,183.3657,1764.0,1287.0684,1764.0
1145,custom,resnet34,3,1056,128,4,4,3.38757,18.055556,47.222222,0.000193,0.038833,0.039026,1844.9104,182.1885,1764.0,1287.0684,1764.0
1145,custom,resnet34,4,1057,128,4,4,3.324542,14.0625,46.09375,0.086762,0.068833,0.155595,822.6511,183.3657,1764.0,1287.0684,1764.0
1145,custom,resnet34,4,1058,128,4,4,3.144084,17.96875,53.90625,0.000171,0.068609,0.06878,1861.0125,183.3657,1764.0,1287.0684,1764.0
1145,custom,resnet34,4,1059,128,4,4,3.420585,14.0625,46.09375,0.000332,0.068639,0.06897,1855.8695,183.3657,1764.0,1287.0684,1764.0
1145,custom,resnet34,4,1060,128,4,4,3.07244,20.3125,57.8125,0.000499,0.068971,0.06947,1842.529,183.3657,1764.0,1287.0684,1764.0
1145,custom,resnet34,4,1061,128,4,4,3.234227,18.75,52.34375,0.000152,0.068702,0.068855,1858.9922,183.3657,1764.0,1287.0684,1764.0
1145,custom,resnet34,4,1062,128,4,4,3.217023,21.09375,53.90625,0.000219,0.069822,0.07004,1827.5189,183.3657,1764.0,1287.0684,1764.0
1145,custom,resnet34,4,1063,128,4,4,3.342437,21.09375,48.4375,0.000388,0.068722,0.069111,1852.1048,183.3657,1764.0,1287.0684,1764.0
1145,custom,resnet34,4,1064,128,4,4,3.167478,26.5625,53.125,0.000171,0.069019,0.06919,1849.9909,183.3657,1764.0,1287.0684,1764.0
1145,custom,resnet34,4,1065,128,4,4,3.007797,25.78125,55.46875,0.000291,0.068614,0.068905,1857.6336,183.3657,1764.0,1287.0684,1764.0
1145,custom,resnet34,4,1066,128,4,4,3.315919,27.34375,53.125,0.000188,0.068548,0.068736,1862.2017,183.3657,1764.0,1287.0684,1764.0
1145,custom,resnet34,4,1067,128,4,4,3.04317,25.0,58.59375,0.000633,0.068615,0.069249,1848.408,183.3657,1764.0,1287.0684,1764.0
1145,custom,resnet34,4,1068,128,4,4,3.082258,21.09375,51.5625,0.00013,0.068948,0.069078,1852.9864,183.3657,1764.0,1287.0684,1764.0
1145,custom,resnet34,4,1069,128,4,4,3.436654,17.96875,47.65625,0.00032,0.068508,0.068828,1859.7154,183.3657,1764.0,1287.0684,1764.0
1145,custom,resnet34,4,1070,128,4,4,3.299233,21.875,50.0,0.000437,0.06887,0.069307,1846.8483,183.3657,1764.0,1287.0684,1764.0
1145,custom,resnet34,4,1071,128,4,4,3.057506,25.78125,56.25,0.001056,0.068624,0.06968,1836.967,183.3657,1764.0,1287.0684,1764.0
1145,custom,resnet34,4,1072,128,4,4,3.323508,20.3125,48.4375,0.000119,0.068925,0.069044,1853.8971,183.3657,1764.0,1287.0684,1764.0
1145,custom,resnet34,4,1073,128,4,4,3.263213,23.4375,50.0,0.000116,0.068757,0.068873,1858.4898,183.3657,1764.0,1287.0684,1764.0
1145,custom,resnet34,4,1074,128,4,4,3.133605,19.53125,51.5625,0.000614,0.06859,0.069205,1849.5837,183.3657,1764.0,1287.0684,1764.0
1145,custom,resnet34,4,1075,128,4,4,2.98336,21.09375,53.125,0.000116,0.068843,0.06896,1856.1583,183.3657,1764.0,1287.0684,1764.0
1145,custom,resnet34,4,1076,128,4,4,3.237348,17.96875,48.4375,0.000173,0.068949,0.069122,1851.7971,183.3657,1764.0,1287.0684,1764.0
1145,custom,resnet34,4,1077,128,4,4,3.225621,19.53125,50.78125,0.000404,0.068628,0.069032,1854.2057,183.3657,1764.0,1287.0684,1764.0
1145,custom,resnet34,4,1078,128,4,4,3.178201,17.96875,47.65625,0.000294,0.068644,0.068938,1856.7385,183.3657,1764.0,1287.0684,1764.0
1145,custom,resnet34,4,1079,128,4,4,3.121844,26.5625,48.4375,0.001062,0.06859,0.069653,1837.688,183.3657,1764.0,1287.0684,1764.0
1145,custom,resnet34,4,1080,128,4,4,3.097402,28.125,53.90625,0.00042,0.069168,0.069587,1839.4175,183.3657,1764.0,1287.0684,1764.0
1145,custom,resnet34,4,1081,128,4,4,3.084575,18.75,50.0,0.000451,0.068744,0.069194,1849.8636,183.3657,1764.0,1287.0684,1764.0
1145,custom,resnet34,4,1082,128,4,4,3.227107,14.0625,51.5625,0.000297,0.068462,0.068759,1861.5631,183.3657,1764.0,1287.0684,1764.0
1145,custom,resnet34,4,1083,128,4,4,3.161182,19.53125,52.34375,0.000994,0.069082,0.070076,1826.6013,183.3657,1764.0,1287.0684,1764.0
1145,custom,resnet34,4,1084,128,4,4,3.305207,23.4375,47.65625,0.00013,0.068992,0.069122,1851.7972,183.3657,1764.0,1287.0684,1764.0
1145,custom,resnet34,4,1085,128,4,4,3.148226,21.875,53.125,0.000385,0.068785,0.06917,1850.5041,183.3657,1764.0,1287.0684,1764.0
1145,custom,resnet34,4,1086,128,4,4,3.220144,17.96875,50.0,0.000389,0.068626,0.069014,1854.6879,183.3657,1764.0,1287.0684,1764.0
1145,custom,resnet34,4,1087,128,4,4,2.936014,20.3125,63.28125,0.000127,0.068559,0.068686,1863.5482,183.3657,1764.0,1287.0684,1764.0
1145,custom,resnet34,4,1088,128,4,4,3.414324,21.875,50.0,0.000386,0.069007,0.069393,1844.5591,183.3657,1764.0,1287.0684,1764.0
1145,custom,resnet34,4,1089,128,4,4,3.29805,17.96875,47.65625,0.000645,0.068525,0.06917,1850.5204,183.3657,1764.0,1287.0684,1764.0
1145,custom,resnet34,4,1090,128,4,4,3.265878,14.84375,51.5625,0.00018,0.068738,0.068919,1857.2651,183.3657,1764.0,1287.0684,1764.0
1145,custom,resnet34,4,1091,128,4,4,3.212627,21.09375,51.5625,0.000564,0.069107,0.069671,1837.2101,183.3657,1764.0,1287.0684,1764.0
1145,custom,resnet34,4,1092,128,4,4,3.46725,20.3125,45.3125,0.000133,0.068985,0.069118,1851.8977,183.3657,1764.0,1287.0684,1764.0
1145,custom,resnet34,4,1093,128,4,4,3.273335,19.53125,48.4375,0.000135,0.068597,0.068731,1862.3198,183.3657,1764.0,1287.0684,1764.0
1145,custom,resnet34,4,1094,128,4,4,3.160632,25.0,50.78125,0.000654,0.068582,0.069236,1848.7471,183.3657,1764.0,1287.0684,1764.0
1145,custom,resnet34,4,1095,128,4,4,3.143394,19.53125,51.5625,0.00045,0.068561,0.069011,1854.7838,183.3657,1764.0,1287.0684,1764.0
1145,custom,resnet34,4,1096,128,4,4,3.094414,21.09375,57.03125,0.000354,0.069095,0.069449,1843.0769,183.3657,1764.0,1287.0684,1764.0
1145,custom,resnet34,4,1097,128,4,4,3.175364,19.53125,53.90625,0.000611,0.068796,0.069407,1844.1813,183.3657,1764.0,1287.0684,1764.0
1145,custom,resnet34,4,1098,128,4,4,3.122843,21.875,54.6875,0.000185,0.068565,0.06875,1861.8153,183.3657,1764.0,1287.0684,1764.0
1145,custom,resnet34,4,1099,128,4,4,2.865806,22.65625,56.25,0.000563,0.068591,0.069155,1850.9251,183.3657,1764.0,1287.0684,1764.0
1145,custom,resnet34,4,1100,128,4,4,3.075105,24.21875,50.78125,0.000385,0.068959,0.069344,1845.8626,183.3657,1764.0,1287.0684,1764.0
1145,custom,resnet34,4,1101,128,4,4,3.141001,18.75,55.46875,0.000123,0.068583,0.068705,1863.0248,183.3657,1764.0,1287.0684,1764.0
1145,custom,resnet34,4,1102,128,4,4,3.314372,20.3125,46.875,0.000206,0.068339,0.068545,1867.3871,183.3657,1764.0,1287.0684,1764.0
1145,custom,resnet34,4,1103,128,4,4,3.060184,25.78125,52.34375,0.000329,0.068463,0.068792,1860.681,183.3657,1764.0,1287.0684,1764.0
1145,custom,resnet34,4,1104,128,4,4,3.05593,22.65625,53.125,0.00013,0.069104,0.069235,1848.7891,183.3657,1764.0,1287.0684,1764.0
1145,custom,resnet34,4,1105,128,4,4,3.126494,18.75,50.78125,0.00046,0.068601,0.069062,1853.4095,183.3657,1764.0,1287.0684,1764.0
1145,custom,resnet34,4,1106,128,4,4,3.16172,25.0,51.5625,0.00032,0.07203,0.072349,1769.1951,183.3657,1764.0,1287.0684,1764.0
1145,custom,resnet34,4,1107,128,4,4,3.094,17.96875,57.03125,0.000124,0.06866,0.068783,1860.9164,183.3657,1764.0,1287.0684,1764.0
1145,custom,resnet34,4,1108,128,4,4,3.284302,10.9375,46.875,0.000221,0.068826,0.069047,1853.8111,183.3657,1764.0,1287.0684,1764.0
1145,custom,resnet34,4,1109,128,4,4,3.095935,21.09375,52.34375,0.000128,0.068551,0.06868,1863.7202,183.3657,1764.0,1287.0684,1764.0
1145,custom,resnet34,4,1110,128,4,4,3.133284,25.78125,50.0,0.00059,0.072531,0.073121,1750.5217,183.3657,1764.0,1287.0684,1764.0
1145,custom,resnet34,4,1111,128,4,4,3.136478,25.0,50.78125,0.000132,0.068784,0.068915,1857.3476,183.3657,1764.0,1287.0684,1764.0
1145,custom,resnet34,4,1112,128,4,4,3.110349,25.78125,51.5625,0.000559,0.068866,0.069425,1843.7145,183.3657,1764.0,1287.0684,1764.0
1145,custom,resnet34,4,1113,128,4,4,2.987542,25.0,55.46875,0.000161,0.068583,0.068743,1861.9957,183.3657,1764.0,1287.0684,1764.0
1145,custom,resnet34,4,1114,128,4,4,3.364269,18.75,45.3125,0.000451,0.068515,0.068966,1855.9825,183.3657,1764.0,1287.0684,1764.0
1145,custom,resnet34,4,1115,128,4,4,3.194335,24.21875,50.0,0.000592,0.068553,0.069146,1851.162,183.3657,1764.0,1287.0684,1764.0
1145,custom,resnet34,4,1116,128,4,4,3.203668,17.96875,53.90625,0.000134,0.068953,0.069088,1852.7158,183.3657,1764.0,1287.0684,1764.0
1145,custom,resnet34,4,1117,128,4,4,3.121033,21.09375,54.6875,0.000225,0.068508,0.068733,1862.281,183.3657,1764.0,1287.0684,1764.0
1145,custom,resnet34,4,1118,128,4,4,3.051875,20.3125,52.34375,0.000409,0.068941,0.069351,1845.6913,183.3657,1764.0,1287.0684,1764.0
1145,custom,resnet34,4,1119,128,4,4,3.204275,23.4375,51.5625,0.000125,0.068521,0.068646,1864.6408,183.3657,1764.0,1287.0684,1764.0
1145,custom,resnet34,4,1120,128,4,4,3.186074,19.53125,53.90625,0.000122,0.068972,0.069093,1852.564,183.3657,1764.0,1287.0684,1764.0
1145,custom,resnet34,4,1121,128,4,4,2.881865,28.125,56.25,0.001028,0.068621,0.069648,1837.8072,183.3657,1764.0,1287.0684,1764.0
1145,custom,resnet34,4,1122,128,4,4,3.08569,24.21875,53.90625,0.000329,0.073216,0.073546,1740.4167,183.3657,1764.0,1287.0684,1764.0
1145,custom,resnet34,4,1123,128,4,4,3.055325,24.21875,58.59375,0.000124,0.068526,0.06865,1864.5244,183.3657,1764.0,1287.0684,1764.0
1145,custom,resnet34,4,1124,128,4,4,3.304783,23.4375,49.21875,0.000169,0.068861,0.06903,1854.267,183.3657,1764.0,1287.0684,1764.0
1145,custom,resnet34,4,1125,128,4,4,3.256813,21.09375,52.34375,0.000112,0.068588,0.0687,1863.1697,183.3657,1764.0,1287.0684,1764.0
1145,custom,resnet34,4,1126,128,4,4,2.907046,23.4375,61.71875,0.001066,0.072335,0.073401,1743.8437,183.3657,1764.0,1287.0684,1764.0
1145,custom,resnet34,4,1127,128,4,4,3.286112,23.4375,48.4375,0.000128,0.068632,0.06876,1861.5431,183.3657,1764.0,1287.0684,1764.0
1145,custom,resnet34,4,1128,128,4,4,3.091755,23.4375,53.125,0.000205,0.068938,0.069144,1851.2122,183.3657,1764.0,1287.0684,1764.0
1145,custom,resnet34,4,1129,128,4,4,3.149671,22.65625,47.65625,0.000373,0.06865,0.069023,1854.4634,183.3657,1764.0,1287.0684,1764.0
1145,custom,resnet34,4,1130,128,4,4,3.027104,25.78125,53.125,0.000286,0.073175,0.073461,1742.4264,183.3657,1764.0,1287.0684,1764.0
1145,custom,resnet34,4,1131,128,4,4,3.491797,19.53125,44.53125,0.000126,0.068477,0.068603,1865.817,183.3657,1764.0,1287.0684,1764.0
1145,custom,resnet34,4,1132,128,4,4,2.990217,18.75,60.15625,0.000122,0.069061,0.069184,1850.1521,183.3657,1764.0,1287.0684,1764.0
1145,custom,resnet34,4,1133,128,4,4,3.353534,14.84375,48.4375,0.000391,0.068767,0.069158,1850.832,183.3657,1764.0,1287.0684,1764.0
1145,custom,resnet34,4,1134,128,4,4,2.967492,23.4375,52.34375,0.000282,0.071678,0.071959,1778.7881,183.3657,1764.0,1287.0684,1764.0
1145,custom,resnet34,4,1135,128,4,4,2.984363,26.5625,59.375,0.000666,0.068538,0.069204,1849.6043,183.3657,1764.0,1287.0684,1764.0
1145,custom,resnet34,4,1136,128,4,4,3.271543,21.09375,49.21875,0.000368,0.068843,0.069211,1849.4041,183.3657,1764.0,1287.0684,1764.0
1145,custom,resnet34,4,1137,128,4,4,3.102375,24.21875,54.6875,0.00013,0.068587,0.068717,1862.7227,183.3657,1764.0,1287.0684,1764.0
1145,custom,resnet34,4,1138,128,4,4,2.86076,32.8125,65.625,0.000284,0.072137,0.07242,1767.4574,183.3657,1764.0,1287.0684,1764.0
1145,custom,resnet34,4,1139,128,4,4,3.306063,21.875,43.75,0.000126,0.068516,0.068642,1864.7445,183.3657,1764.0,1287.0684,1764.0
1145,custom,resnet34,4,1140,128,4,4,3.258611,19.53125,50.0,0.000356,0.069341,0.069696,1836.5396,183.3657,1764.0,1287.0684,1764.0
1145,custom,resnet34,4,1141,128,4,4,3.140834,23.4375,54.6875,0.000187,0.068533,0.068719,1862.6466,183.3657,1764.0,1287.0684,1764.0
1145,custom,resnet34,4,1142,128,4,4,3.273498,17.96875,44.53125,0.000279,0.070168,0.070447,1816.9701,183.3657,1764.0,1287.0684,1764.0
1145,custom,resnet34,4,1143,128,4,4,3.35782,22.65625,41.40625,0.000417,0.068675,0.069092,1852.5959,183.3657,1764.0,1287.0684,1764.0
1145,custom,resnet34,4,1144,128,4,4,3.169913,19.53125,50.78125,0.000432,0.068962,0.069394,1844.5519,183.3657,1764.0,1287.0684,1764.0
1145,custom,resnet34,4,1145,128,4,4,3.031798,21.09375,53.90625,0.000415,0.068628,0.069043,1853.9122,183.3657,1764.0,1287.0684,1764.0
1145,custom,resnet34,4,1146,128,4,4,3.059732,24.21875,55.46875,0.000282,0.070059,0.07034,1819.7209,183.3657,1764.0,1287.0684,1764.0
1145,custom,resnet34,4,1147,128,4,4,3.054455,20.3125,45.3125,0.000724,0.068579,0.069303,1846.9681,183.3657,1764.0,1287.0684,1764.0
1145,custom,resnet34,4,1148,128,4,4,2.942729,21.875,54.6875,0.000177,0.069182,0.069359,1845.4797,183.3657,1764.0,1287.0684,1764.0
1145,custom,resnet34,4,1149,128,4,4,2.93275,25.78125,56.25,0.000326,0.074308,0.074634,1715.0453,183.3657,1764.0,1287.0684,1764.0
1145,custom,resnet34,4,1150,128,4,4,3.029554,27.34375,56.25,0.000724,0.068436,0.069161,1850.7664,183.3657,1764.0,1287.0684,1764.0
1145,custom,resnet34,4,1151,128,4,4,3.220381,17.1875,48.4375,0.00013,0.068617,0.068746,1861.916,183.3657,1764.0,1287.0684,1764.0
1145,custom,resnet34,4,1152,128,4,4,3.388329,23.4375,43.75,0.000386,0.069078,0.069464,1842.6804,183.3657,1764.0,1287.0684,1764.0
1145,custom,resnet34,4,1153,128,4,4,3.161007,21.09375,51.5625,0.000403,0.068516,0.068919,1857.243,183.3657,1764.0,1287.0684,1764.0
1145,custom,resnet34,4,1154,128,4,4,2.976328,30.46875,58.59375,0.000277,0.072137,0.072415,1767.5997,183.3657,1764.0,1287.0684,1764.0
1145,custom,resnet34,4,1155,128,4,4,3.151695,21.875,50.78125,0.000359,0.068621,0.06898,1855.6233,183.3657,1764.0,1287.0684,1764.0
1145,custom,resnet34,4,1156,128,4,4,2.966943,28.125,53.90625,0.000496,0.068878,0.069373,1845.0905,183.3657,1764.0,1287.0684,1764.0
1145,custom,resnet34,4,1157,128,4,4,3.040118,21.875,58.59375,0.00012,0.068571,0.06869,1863.4316,183.3657,1764.0,1287.0684,1764.0
1145,custom,resnet34,4,1158,128,4,4,3.156701,18.75,57.03125,0.000684,0.068456,0.06914,1851.3247,183.3657,1764.0,1287.0684,1764.0
1145,custom,resnet34,4,1159,128,4,4,3.144039,28.90625,52.34375,0.000379,0.068867,0.069246,1848.4818,183.3657,1764.0,1287.0684,1764.0
1145,custom,resnet34,4,1160,128,4,4,3.264002,18.75,54.6875,0.000368,0.069157,0.069525,1841.0525,183.3657,1764.0,1287.0684,1764.0
1145,custom,resnet34,4,1161,128,4,4,3.106406,25.78125,53.90625,0.000435,0.068635,0.069069,1853.2091,183.3657,1764.0,1287.0684,1764.0
1145,custom,resnet34,4,1162,128,4,4,3.145952,22.65625,53.90625,0.000209,0.068657,0.068866,1858.6823,183.3657,1764.0,1287.0684,1764.0
1145,custom,resnet34,4,1163,128,4,4,3.026201,17.1875,54.6875,0.00013,0.068628,0.068758,1861.5953,183.3657,1764.0,1287.0684,1764.0
1145,custom,resnet34,4,1164,128,4,4,3.1092,22.65625,50.78125,0.000127,0.069069,0.069196,1849.8209,183.3657,1764.0,1287.0684,1764.0
1145,custom,resnet34,4,1165,128,4,4,3.074081,20.3125,55.46875,0.000452,0.068491,0.068943,1856.6063,183.3657,1764.0,1287.0684,1764.0
1145,custom,resnet34,4,1166,128,4,4,3.227568,17.96875,46.09375,0.000186,0.068541,0.068727,1862.4525,183.3657,1764.0,1287.0684,1764.0
1145,custom,resnet34,4,1167,128,4,4,3.33381,17.1875,45.3125,0.000372,0.068601,0.068973,1855.7897,183.3657,1764.0,1287.0684,1764.0
1145,custom,resnet34,4,1168,128,4,4,3.0046,26.5625,52.34375,0.000119,0.068965,0.069084,1852.8042,183.3657,1764.0,1287.0684,1764.0
1145,custom,resnet34,4,1169,128,4,4,2.892113,30.46875,57.03125,0.000428,0.068976,0.069403,1844.2892,183.3657,1764.0,1287.0684,1764.0
1145,custom,resnet34,4,1170,128,4,4,3.082812,22.65625,51.5625,0.000722,0.068513,0.069235,1848.7882,183.3657,1764.0,1287.0684,1764.0
1145,custom,resnet34,4,1171,128,4,4,3.037395,25.78125,52.34375,0.000221,0.068516,0.068737,1862.1686,183.3657,1764.0,1287.0684,1764.0
1145,custom,resnet34,4,1172,128,4,4,3.139272,18.75,52.34375,0.000398,0.068998,0.069396,1844.479,183.3657,1764.0,1287.0684,1764.0
1145,custom,resnet34,4,1173,128,4,4,2.941658,25.0,60.15625,0.000565,0.068531,0.069096,1852.4873,183.3657,1764.0,1287.0684,1764.0
1145,custom,resnet34,4,1174,128,4,4,2.995816,25.0,61.71875,0.000185,0.068546,0.068731,1862.3452,183.3657,1764.0,1287.0684,1764.0
1145,custom,resnet34,4,1175,128,4,4,2.963182,32.8125,57.03125,0.000222,0.068601,0.068823,1859.8503,183.3657,1764.0,1287.0684,1764.0
1145,custom,resnet34,4,1176,128,4,4,3.104011,21.09375,47.65625,0.000144,0.068939,0.069083,1852.8364,183.3657,1764.0,1287.0684,1764.0
1145,custom,resnet34,4,1177,128,4,4,3.113212,21.875,54.6875,0.000287,0.068614,0.068901,1857.7315,183.3657,1764.0,1287.0684,1764.0
1145,custom,resnet34,4,1178,128,4,4,3.051351,21.875,56.25,0.000181,0.06855,0.068731,1862.3335,183.3657,1764.0,1287.0684,1764.0
1145,custom,resnet34,4,1179,128,4,4,3.128453,22.65625,52.34375,0.000357,0.068655,0.069012,1854.7486,183.3657,1764.0,1287.0684,1764.0
1145,custom,resnet34,4,1180,128,4,4,3.110426,21.875,53.125,0.000401,0.068893,0.069294,1847.2086,183.3657,1764.0,1287.0684,1764.0
1145,custom,resnet34,4,1181,128,4,4,2.961746,24.21875,57.03125,0.000118,0.06878,0.068898,1857.8191,183.3657,1764.0,1287.0684,1764.0
1145,custom,resnet34,4,1182,128,4,4,3.22325,19.53125,48.4375,0.000195,0.06861,0.068804,1860.3515,183.3657,1764.0,1287.0684,1764.0
1145,custom,resnet34,4,1183,128,4,4,2.951515,28.90625,57.8125,0.000386,0.068747,0.069133,1851.5104,183.3657,1764.0,1287.0684,1764.0
1145,custom,resnet34,4,1184,128,4,4,3.275599,14.84375,47.65625,0.000657,0.068955,0.069612,1838.7726,183.3657,1764.0,1287.0684,1764.0
1145,custom,resnet34,4,1185,128,4,4,3.193263,24.21875,49.21875,0.000201,0.068671,0.068873,1858.5044,183.3657,1764.0,1287.0684,1764.0
1145,custom,resnet34,4,1186,128,4,4,3.146954,20.3125,50.0,0.000183,0.068532,0.068714,1862.7909,183.3657,1764.0,1287.0684,1764.0
1145,custom,resnet34,4,1187,128,4,4,3.043435,20.3125,46.875,0.000117,0.068601,0.068718,1862.6856,183.3657,1764.0,1287.0684,1764.0
1145,custom,resnet34,4,1188,128,4,4,3.002016,25.0,54.6875,0.000194,0.068846,0.06904,1854.0099,183.3657,1764.0,1287.0684,1764.0
1145,custom,resnet34,4,1189,128,4,4,3.043168,21.875,50.0,0.000452,0.068657,0.069108,1852.1638,183.3657,1764.0,1287.0684,1764.0
1145,custom,resnet34,4,1190,128,4,4,3.15282,21.875,51.5625,0.000206,0.068699,0.068905,1857.632,183.3657,1764.0,1287.0684,1764.0
1145,custom,resnet34,4,1191,128,4,4,3.058091,21.09375,57.03125,0.000454,0.068724,0.069178,1850.2939,183.3657,1764.0,1287.0684,1764.0
1145,custom,resnet34,4,1192,128,4,4,3.084164,23.4375,57.03125,0.000231,0.068801,0.069033,1854.1913,183.3657,1764.0,1287.0684,1764.0
1145,custom,resnet34,4,1193,128,4,4,3.135512,26.5625,54.6875,0.000188,0.068631,0.068819,1859.959,183.3657,1764.0,1287.0684,1764.0
1145,custom,resnet34,4,1194,128,4,4,3.086526,24.21875,56.25,0.00109,0.068608,0.069698,1836.4941,183.3657,1764.0,1287.0684,1764.0
1145,custom,resnet34,4,1195,128,4,4,2.955125,23.4375,59.375,0.000185,0.068682,0.068866,1858.6814,183.3657,1764.0,1287.0684,1764.0
1145,custom,resnet34,4,1196,128,4,4,2.93717,34.375,60.9375,0.000465,0.068831,0.069296,1847.1533,183.3657,1764.0,1287.0684,1764.0
1145,custom,resnet34,4,1197,128,4,4,3.08799,15.625,50.0,0.000344,0.068591,0.068934,1856.8413,183.3657,1764.0,1287.0684,1764.0
1145,custom,resnet34,4,1198,128,4,4,3.056684,21.875,53.125,0.000304,0.068591,0.068895,1857.8998,183.3657,1764.0,1287.0684,1764.0
1145,custom,resnet34,4,1199,128,4,4,3.197763,17.96875,46.875,0.000122,0.068582,0.068704,1863.0604,183.3657,1764.0,1287.0684,1764.0
1145,custom,resnet34,4,1200,128,4,4,3.105379,16.40625,54.6875,0.000125,0.068566,0.068691,1863.4191,183.3657,1764.0,1287.0684,1764.0
1145,custom,resnet34,4,1201,128,4,4,3.014476,21.09375,57.03125,0.000481,0.068657,0.069138,1851.3591,183.3657,1764.0,1287.0684,1764.0
1145,custom,resnet34,4,1202,128,4,4,3.068,21.875,51.5625,0.000208,0.068601,0.068809,1860.2136,183.3657,1764.0,1287.0684,1764.0
1145,custom,resnet34,4,1203,128,4,4,3.090497,21.09375,53.125,0.00036,0.068502,0.068862,1858.7945,183.3657,1764.0,1287.0684,1764.0
1145,custom,resnet34,4,1204,128,4,4,3.059151,25.78125,52.34375,0.000509,0.069123,0.069632,1838.226,183.3657,1764.0,1287.0684,1764.0
1145,custom,resnet34,4,1205,128,4,4,3.009813,26.5625,57.03125,0.000291,0.068454,0.068745,1861.9645,183.3657,1764.0,1287.0684,1764.0
1145,custom,resnet34,4,1206,128,4,4,3.064593,28.125,53.90625,0.000197,0.068635,0.068832,1859.6085,183.3657,1764.0,1287.0684,1764.0
1145,custom,resnet34,4,1207,128,4,4,3.097548,19.53125,52.34375,0.000374,0.068653,0.069027,1854.3551,183.3657,1764.0,1287.0684,1764.0
1145,custom,resnet34,4,1208,128,4,4,2.934097,26.5625,51.5625,0.000132,0.068975,0.069107,1852.195,183.3657,1764.0,1287.0684,1764.0
1145,custom,resnet34,4,1209,128,4,4,3.13255,21.875,51.5625,0.000127,0.068603,0.06873,1862.3487,183.3657,1764.0,1287.0684,1764.0
1145,custom,resnet34,4,1210,128,4,4,3.035985,21.875,53.90625,0.000748,0.068498,0.069246,1848.479,183.3657,1764.0,1287.0684,1764.0
1145,custom,resnet34,4,1211,128,4,4,2.852498,28.125,57.03125,0.000159,0.068506,0.068665,1864.127,183.3657,1764.0,1287.0684,1764.0
1145,custom,resnet34,4,1212,128,4,4,3.015141,21.875,54.6875,0.000177,0.069148,0.069324,1846.3921,183.3657,1764.0,1287.0684,1764.0
1145,custom,resnet34,4,1213,128,4,4,3.009779,25.0,53.125,0.000295,0.069632,0.069927,1830.4753,183.3657,1764.0,1287.0684,1764.0
1145,custom,resnet34,4,1214,128,4,4,3.078133,21.875,49.21875,0.000191,0.068702,0.068894,1857.9306,183.3657,1764.0,1287.0684,1764.0
1145,custom,resnet34,4,1215,128,4,4,3.016438,25.78125,51.5625,0.000126,0.068678,0.068803,1860.3802,183.3657,1764.0,1287.0684,1764.0
1145,custom,resnet34,4,1216,128,4,4,3.120236,20.3125,48.4375,0.00033,0.068939,0.069269,1847.8692,183.3657,1764.0,1287.0684,1764.0
1145,custom,resnet34,4,1217,128,4,4,3.062008,22.65625,54.6875,0.001201,0.068422,0.069623,1838.4677,183.3657,1764.0,1287.0684,1764.0
1145,custom,resnet34,4,1218,128,4,4,3.055633,19.53125,50.78125,0.000296,0.068534,0.068831,1859.639,183.3657,1764.0,1287.0684,1764.0
1145,custom,resnet34,4,1219,128,4,4,3.103927,23.4375,49.21875,0.000358,0.068969,0.069326,1846.3407,183.3657,1764.0,1287.0684,1764.0
1145,custom,resnet34,4,1220,128,4,4,2.983362,23.4375,57.8125,0.000279,0.069123,0.069402,1844.3331,183.3657,1764.0,1287.0684,1764.0
1145,custom,resnet34,4,1221,128,4,4,3.11558,18.75,54.6875,0.000375,0.068761,0.069136,1851.4105,183.3657,1764.0,1287.0684,1764.0
1145,custom,resnet34,4,1222,128,4,4,3.206634,21.875,47.65625,0.000416,0.068613,0.069029,1854.2883,183.3657,1764.0,1287.0684,1764.0
1145,custom,resnet34,4,1223,128,4,4,3.22626,16.40625,50.0,0.00039,0.068782,0.069171,1850.478,183.3657,1764.0,1287.0684,1764.0
1145,custom,resnet34,4,1224,128,4,4,3.033324,25.0,51.5625,0.000359,0.069101,0.069461,1842.7685,183.3657,1764.0,1287.0684,1764.0
1145,custom,resnet34,4,1225,128,4,4,3.039779,23.4375,54.6875,0.000307,0.06869,0.068998,1855.1392,183.3657,1764.0,1287.0684,1764.0
1145,custom,resnet34,4,1226,128,4,4,3.270434,22.65625,49.21875,0.000185,0.068639,0.068824,1859.8117,183.3657,1764.0,1287.0684,1764.0
1145,custom,resnet34,4,1227,128,4,4,3.158263,20.3125,52.34375,0.000828,0.068573,0.069401,1844.366,183.3657,1764.0,1287.0684,1764.0
1145,custom,resnet34,4,1228,128,4,4,3.018397,32.8125,54.6875,0.000129,0.068862,0.068991,1855.317,183.3657,1764.0,1287.0684,1764.0
1145,custom,resnet34,4,1229,128,4,4,3.086871,25.78125,55.46875,0.000278,0.068561,0.068838,1859.4293,183.3657,1764.0,1287.0684,1764.0
1145,custom,resnet34,4,1230,128,4,4,3.168482,22.65625,54.6875,0.000689,0.068549,0.069238,1848.7049,183.3657,1764.0,1287.0684,1764.0
1145,custom,resnet34,4,1231,128,4,4,3.132709,21.875,57.8125,0.000135,0.068711,0.068846,1859.2146,183.3657,1764.0,1287.0684,1764.0
1145,custom,resnet34,4,1232,128,4,4,3.08358,20.3125,53.90625,0.000612,0.06899,0.069602,1839.0238,183.3657,1764.0,1287.0684,1764.0
1145,custom,resnet34,4,1233,128,4,4,3.130679,22.65625,47.65625,0.000301,0.070979,0.07128,1795.7293,183.3657,1764.0,1287.0684,1764.0
1145,custom,resnet34,4,1234,128,4,4,2.968609,26.5625,61.71875,0.000675,0.068641,0.069316,1846.6202,183.3657,1764.0,1287.0684,1764.0
1145,custom,resnet34,4,1235,128,4,4,3.095868,22.65625,52.34375,0.001076,0.068609,0.069685,1836.841,183.3657,1764.0,1287.0684,1764.0
1145,custom,resnet34,4,1236,128,4,4,3.309215,17.96875,49.21875,0.000403,0.069083,0.069486,1842.0962,183.3657,1764.0,1287.0684,1764.0
1145,custom,resnet34,4,1237,128,4,4,3.164402,18.75,50.0,0.000467,0.068633,0.069101,1852.3731,183.3657,1764.0,1287.0684,1764.0
1145,custom,resnet34,4,1238,128,4,4,3.202434,24.21875,51.5625,0.000308,0.072294,0.072602,1763.0471,183.3657,1764.0,1287.0684,1764.0
1145,custom,resnet34,4,1239,128,4,4,3.214112,18.75,49.21875,0.000209,0.068642,0.068851,1859.0954,183.3657,1764.0,1287.0684,1764.0
1145,custom,resnet34,4,1240,128,4,4,2.954893,24.21875,56.25,0.000372,0.069018,0.06939,1844.6437,183.3657,1764.0,1287.0684,1764.0
1145,custom,resnet34,4,1241,128,4,4,3.138205,21.09375,50.78125,0.000428,0.068561,0.068988,1855.3835,183.3657,1764.0,1287.0684,1764.0
1145,custom,resnet34,4,1242,128,4,4,3.176665,18.75,50.0,0.000676,0.068523,0.069199,1849.738,183.3657,1764.0,1287.0684,1764.0
1145,custom,resnet34,4,1243,128,4,4,3.017123,27.34375,53.90625,0.000123,0.068472,0.068595,1866.0204,183.3657,1764.0,1287.0684,1764.0
1145,custom,resnet34,4,1244,128,4,4,2.909125,25.78125,57.03125,0.000119,0.068845,0.068964,1856.0431,183.3657,1764.0,1287.0684,1764.0
1145,custom,resnet34,4,1245,128,4,4,3.098461,21.875,48.4375,0.000473,0.068728,0.069201,1849.6936,183.3657,1764.0,1287.0684,1764.0
1145,custom,resnet34,4,1246,128,4,4,3.147072,20.3125,50.78125,0.000555,0.06858,0.069135,1851.4525,183.3657,1764.0,1287.0684,1764.0
1145,custom,resnet34,4,1247,128,4,4,3.040905,21.09375,54.6875,0.000343,0.069584,0.069927,1830.4934,183.3657,1764.0,1287.0684,1764.0
1145,custom,resnet34,4,1248,128,4,4,2.961518,25.78125,59.375,0.000435,0.069023,0.069458,1842.8493,183.3657,1764.0,1287.0684,1764.0
1145,custom,resnet34,4,1249,128,4,4,2.98268,21.875,57.8125,0.000438,0.068653,0.069091,1852.6353,183.3657,1764.0,1287.0684,1764.0
1145,custom,resnet34,4,1250,128,4,4,3.180529,20.3125,51.5625,0.000308,0.068621,0.068929,1856.9838,183.3657,1764.0,1287.0684,1764.0
1145,custom,resnet34,4,1251,128,4,4,3.257341,19.53125,47.65625,0.000126,0.068497,0.068623,1865.2523,183.3657,1764.0,1287.0684,1764.0
1145,custom,resnet34,4,1252,128,4,4,3.141169,24.21875,49.21875,0.000347,0.06903,0.069377,1845.0036,183.3657,1764.0,1287.0684,1764.0
1145,custom,resnet34,4,1253,128,4,4,3.250232,25.78125,46.875,0.000281,0.068643,0.068924,1857.1222,183.3657,1764.0,1287.0684,1764.0
1145,custom,resnet34,4,1254,128,4,4,3.195657,25.78125,54.6875,0.00019,0.068591,0.06878,1860.9941,183.3657,1764.0,1287.0684,1764.0
1145,custom,resnet34,4,1255,128,4,4,2.94754,22.65625,54.6875,0.000421,0.068637,0.069058,1853.5202,183.3657,1764.0,1287.0684,1764.0
1145,custom,resnet34,4,1256,128,4,4,3.084946,25.78125,53.125,0.001216,0.068642,0.069858,1832.2916,183.3657,1764.0,1287.0684,1764.0
1145,custom,resnet34,4,1257,128,4,4,2.924862,28.125,59.375,0.000357,0.068656,0.069014,1854.7019,183.3657,1764.0,1287.0684,1764.0
1145,custom,resnet34,4,1258,128,4,4,2.847878,26.5625,64.84375,0.000486,0.068728,0.069214,1849.3336,183.3657,1764.0,1287.0684,1764.0
1145,custom,resnet34,4,1259,128,4,4,3.261458,15.625,49.21875,0.000289,0.068589,0.068878,1858.3587,183.3657,1764.0,1287.0684,1764.0
1145,custom,resnet34,4,1260,128,4,4,3.193561,20.3125,50.0,0.000375,0.069095,0.069471,1842.4984,183.3657,1764.0,1287.0684,1764.0
1145,custom,resnet34,4,1261,128,4,4,3.007179,21.09375,56.25,0.000328,0.068521,0.06885,1859.1186,183.3657,1764.0,1287.0684,1764.0
1145,custom,resnet34,4,1262,128,4,4,3.174155,21.09375,51.5625,0.000192,0.068637,0.068828,1859.6956,183.3657,1764.0,1287.0684,1764.0
1145,custom,resnet34,4,1263,128,4,4,3.016816,23.4375,51.5625,0.000355,0.068739,0.069093,1852.5674,183.3657,1764.0,1287.0684,1764.0
1145,custom,resnet34,4,1264,128,4,4,3.15344,25.78125,49.21875,0.000346,0.069094,0.06944,1843.3233,183.3657,1764.0,1287.0684,1764.0
1145,custom,resnet34,4,1265,128,4,4,3.072454,30.46875,51.5625,0.000731,0.06843,0.06916,1850.7804,183.3657,1764.0,1287.0684,1764.0
1145,custom,resnet34,4,1266,128,4,4,3.237896,22.65625,47.65625,0.000638,0.068623,0.069261,1848.0908,183.3657,1764.0,1287.0684,1764.0
1145,custom,resnet34,4,1267,128,4,4,3.277915,21.875,50.78125,0.000373,0.068773,0.069147,1851.1377,183.3657,1764.0,1287.0684,1764.0
1145,custom,resnet34,4,1268,128,4,4,2.806488,18.75,64.0625,0.000652,0.068896,0.069548,1840.4519,183.3657,1764.0,1287.0684,1764.0
1145,custom,resnet34,4,1269,128,4,4,2.98678,25.0,54.6875,0.000313,0.068572,0.068885,1858.1772,183.3657,1764.0,1287.0684,1764.0
1145,custom,resnet34,4,1270,128,4,4,3.052183,22.65625,53.90625,0.000521,0.068537,0.069058,1853.5061,183.3657,1764.0,1287.0684,1764.0
1145,custom,resnet34,4,1271,128,4,4,2.998366,27.34375,57.03125,0.00012,0.068699,0.068819,1859.9602,183.3657,1764.0,1287.0684,1764.0
1145,custom,resnet34,4,1272,128,4,4,3.033072,30.46875,55.46875,0.001218,0.069354,0.070571,1813.7713,183.3657,1764.0,1287.0684,1764.0
1145,custom,resnet34,4,1273,128,4,4,3.023718,25.0,53.125,0.000471,0.068645,0.069116,1851.9647,183.3657,1764.0,1287.0684,1764.0
1145,custom,resnet34,4,1274,128,4,4,3.2132,25.0,57.8125,0.000473,0.068858,0.069331,1846.2098,183.3657,1764.0,1287.0684,1764.0
1145,custom,resnet34,4,1275,128,4,4,3.02093,27.34375,56.25,0.000287,0.068676,0.068962,1856.0849,183.3657,1764.0,1287.0684,1764.0
1145,custom,resnet34,4,1276,128,4,4,2.964773,27.34375,57.8125,0.000113,0.069109,0.069221,1849.1409,183.3657,1764.0,1287.0684,1764.0
1145,custom,resnet34,4,1277,128,4,4,3.058892,22.65625,51.5625,0.00011,0.068588,0.068698,1863.2175,183.3657,1764.0,1287.0684,1764.0
1145,custom,resnet34,4,1278,128,4,4,3.133689,24.21875,53.125,0.000193,0.068709,0.068902,1857.7211,183.3657,1764.0,1287.0684,1764.0
1145,custom,resnet34,4,1279,128,4,4,3.054317,25.0,52.34375,0.000122,0.068567,0.068689,1863.4815,183.3657,1764.0,1287.0684,1764.0
1145,custom,resnet34,4,1280,128,4,4,2.992795,19.53125,57.03125,0.000361,0.069143,0.069504,1841.6285,183.3657,1764.0,1287.0684,1764.0
1145,custom,resnet34,4,1281,128,4,4,3.217098,21.09375,48.4375,0.000568,0.068618,0.069186,1850.0818,183.3657,1764.0,1287.0684,1764.0
1145,custom,resnet34,4,1282,128,4,4,3.219884,18.75,48.4375,0.000351,0.068483,0.068834,1859.5358,183.3657,1764.0,1287.0684,1764.0
1145,custom,resnet34,4,1283,128,4,4,2.994644,23.4375,52.34375,0.000348,0.06848,0.068828,1859.7022,183.3657,1764.0,1287.0684,1764.0
1145,custom,resnet34,4,1284,128,4,4,2.838968,26.5625,62.5,0.000133,0.06917,0.069303,1846.9681,183.3657,1764.0,1287.0684,1764.0
1145,custom,resnet34,4,1285,128,4,4,3.050112,24.21875,50.0,0.000199,0.068447,0.068647,1864.6226,183.3657,1764.0,1287.0684,1764.0
1145,custom,resnet34,4,1286,128,4,4,3.072805,24.21875,50.78125,0.000185,0.068689,0.068874,1858.4704,183.3657,1764.0,1287.0684,1764.0
1145,custom,resnet34,4,1287,128,4,4,3.13524,24.21875,52.34375,0.000371,0.068661,0.069032,1854.2215,183.3657,1764.0,1287.0684,1764.0
1145,custom,resnet34,4,1288,128,4,4,3.056948,18.75,53.125,0.000364,0.069147,0.069511,1841.4462,183.3657,1764.0,1287.0684,1764.0
1145,custom,resnet34,4,1289,128,4,4,2.922086,27.34375,54.6875,0.000963,0.068506,0.069469,1842.5581,183.3657,1764.0,1287.0684,1764.0
1145,custom,resnet34,4,1290,128,4,4,3.031328,25.78125,57.8125,0.000211,0.068406,0.068617,1865.42,183.3657,1764.0,1287.0684,1764.0
1145,custom,resnet34,4,1291,128,4,4,3.201778,21.875,47.65625,0.000419,0.068756,0.069175,1850.3883,183.3657,1764.0,1287.0684,1764.0
1145,custom,resnet34,4,1292,128,4,4,3.130933,24.21875,52.34375,0.000312,0.068967,0.069279,1847.6116,183.3657,1764.0,1287.0684,1764.0
1145,custom,resnet34,4,1293,128,4,4,2.971555,21.875,56.25,0.000403,0.068783,0.069186,1850.0735,183.3657,1764.0,1287.0684,1764.0
1145,custom,resnet34,4,1294,128,4,4,3.121009,20.3125,57.03125,0.000185,0.068586,0.068771,1861.2388,183.3657,1764.0,1287.0684,1764.0
1145,custom,resnet34,4,1295,128,4,4,3.032381,25.0,53.125,0.000376,0.068702,0.069078,1852.9827,183.3657,1764.0,1287.0684,1764.0
1145,custom,resnet34,4,1296,128,4,4,2.952509,22.65625,55.46875,0.000374,0.06904,0.069414,1843.9954,183.3657,1764.0,1287.0684,1764.0
1145,custom,resnet34,4,1297,128,4,4,3.025671,22.65625,53.125,0.000125,0.068499,0.068624,1865.2394,183.3657,1764.0,1287.0684,1764.0
1145,custom,resnet34,4,1298,128,4,4,2.96322,25.78125,55.46875,0.000194,0.068574,0.068769,1861.3131,183.3657,1764.0,1287.0684,1764.0
1145,custom,resnet34,4,1299,128,4,4,3.00095,23.4375,54.6875,0.000363,0.068537,0.068899,1857.7797,183.3657,1764.0,1287.0684,1764.0
1145,custom,resnet34,4,1300,128,4,4,2.966136,26.5625,54.6875,0.000133,0.06892,0.069053,1853.6586,183.3657,1764.0,1287.0684,1764.0
1145,custom,resnet34,4,1301,128,4,4,3.065156,19.53125,51.5625,0.000115,0.068473,0.068588,1866.2251,183.3657,1764.0,1287.0684,1764.0
1145,custom,resnet34,4,1302,128,4,4,3.082333,25.78125,49.21875,0.000203,0.068556,0.068759,1861.5751,183.3657,1764.0,1287.0684,1764.0
1145,custom,resnet34,4,1303,128,4,4,3.07322,20.3125,53.125,0.000661,0.068593,0.069254,1848.2586,183.3657,1764.0,1287.0684,1764.0
1145,custom,resnet34,4,1304,128,4,4,3.133065,21.875,51.5625,0.000121,0.069066,0.069187,1850.0582,183.3657,1764.0,1287.0684,1764.0
1145,custom,resnet34,4,1305,128,4,4,3.211824,16.40625,52.34375,0.000362,0.068287,0.068649,1864.5624,183.3657,1764.0,1287.0684,1764.0
1145,custom,resnet34,4,1306,128,4,4,3.234596,21.09375,50.78125,0.000714,0.068545,0.069259,1848.1229,183.3657,1764.0,1287.0684,1764.0
1145,custom,resnet34,4,1307,128,4,4,2.979479,26.5625,56.25,0.000415,0.068799,0.069214,1849.3457,183.3657,1764.0,1287.0684,1764.0
1145,custom,resnet34,4,1308,128,4,4,3.125221,18.75,57.03125,0.000237,0.069091,0.069328,1846.2948,183.3657,1764.0,1287.0684,1764.0
1145,custom,resnet34,4,1309,128,4,4,3.028492,20.3125,57.8125,0.000663,0.068559,0.069221,1849.1411,183.3657,1764.0,1287.0684,1764.0
1145,custom,resnet34,4,1310,128,4,4,2.850849,29.6875,60.15625,0.000201,0.0686,0.068801,1860.4276,183.3657,1764.0,1287.0684,1764.0
1145,custom,resnet34,4,1311,128,4,4,3.192443,26.5625,51.5625,0.000124,0.068599,0.068723,1862.5574,183.3657,1764.0,1287.0684,1764.0
1145,custom,resnet34,4,1312,128,4,4,3.18066,28.125,50.78125,0.000513,0.068945,0.069458,1842.8441,183.3657,1764.0,1287.0684,1764.0
1145,custom,resnet34,4,1313,128,4,4,3.007684,25.78125,56.25,0.000658,0.068626,0.069284,1847.4769,183.3657,1764.0,1287.0684,1764.0
1145,custom,resnet34,4,1314,128,4,4,3.112706,20.3125,53.90625,0.0002,0.068579,0.068779,1861.0317,183.3657,1764.0,1287.0684,1764.0
1145,custom,resnet34,4,1315,128,4,4,2.993717,25.0,56.25,0.000383,0.068793,0.069175,1850.3724,183.3657,1764.0,1287.0684,1764.0
1145,custom,resnet34,4,1316,128,4,4,2.866339,20.3125,60.9375,0.000675,0.068878,0.069553,1840.3194,183.3657,1764.0,1287.0684,1764.0
1145,custom,resnet34,4,1317,128,4,4,3.199476,22.65625,48.4375,0.000384,0.068594,0.068979,1855.6433,183.3657,1764.0,1287.0684,1764.0
1145,custom,resnet34,4,1318,128,4,4,2.880447,28.125,57.8125,0.000571,0.068592,0.069163,1850.6965,183.3657,1764.0,1287.0684,1764.0
1145,custom,resnet34,4,1319,128,4,4,2.923933,27.34375,57.03125,0.000286,0.068739,0.069024,1854.4186,183.3657,1764.0,1287.0684,1764.0
1145,custom,resnet34,4,1320,128,4,4,2.97593,26.5625,51.5625,0.000388,0.069212,0.0696,1839.0704,183.3657,1764.0,1287.0684,1764.0
1145,custom,resnet34,4,1321,128,4,4,2.963981,21.875,57.03125,0.000197,0.068591,0.068787,1860.811,183.3657,1764.0,1287.0684,1764.0
1145,custom,resnet34,4,1322,128,4,4,3.078335,22.65625,50.78125,0.000188,0.068206,0.068394,1871.5076,183.3657,1764.0,1287.0684,1764.0
1145,custom,resnet34,4,1323,128,4,4,2.956575,25.78125,54.6875,0.000192,0.068176,0.068368,1872.2127,183.3657,1764.0,1287.0684,1764.0
1145,custom,resnet34,4,1324,128,4,4,3.219693,18.75,52.34375,0.000168,0.068877,0.069045,1853.8731,183.3657,1764.0,1287.0684,1764.0
1145,custom,resnet34,4,1325,128,4,4,2.987957,28.125,53.90625,0.000647,0.068719,0.069367,1845.2685,183.3657,1764.0,1287.0684,1764.0
1145,custom,resnet34,4,1326,128,4,4,3.022901,17.96875,55.46875,0.000223,0.068462,0.068685,1863.5833,183.3657,1764.0,1287.0684,1764.0
1145,custom,resnet34,4,1327,128,4,4,3.126074,21.875,51.5625,0.000704,0.068679,0.069383,1844.8212,183.3657,1764.0,1287.0684,1764.0
1145,custom,resnet34,4,1328,128,4,4,2.991102,28.90625,52.34375,0.000318,0.069012,0.06933,1846.2447,183.3657,1764.0,1287.0684,1764.0
1145,custom,resnet34,4,1329,128,4,4,3.144217,20.3125,50.78125,0.000269,0.068623,0.068891,1858.0028,183.3657,1764.0,1287.0684,1764.0
1145,custom,resnet34,4,1330,128,4,4,2.876425,22.65625,63.28125,0.000182,0.068567,0.068749,1861.8362,183.3657,1764.0,1287.0684,1764.0
1145,custom,resnet34,4,1331,128,4,4,2.997256,28.125,53.90625,0.0002,0.068707,0.068907,1857.568,183.3657,1764.0,1287.0684,1764.0
1145,custom,resnet34,4,1332,128,4,4,2.929733,24.21875,60.9375,0.000416,0.06908,0.069496,1841.8335,183.3657,1764.0,1287.0684,1764.0
1145,custom,resnet34,4,1333,128,4,4,2.907967,21.875,56.25,0.000407,0.068772,0.069179,1850.2721,183.3657,1764.0,1287.0684,1764.0
1145,custom,resnet34,4,1334,128,4,4,2.939983,25.0,57.03125,0.000188,0.068671,0.068859,1858.8577,183.3657,1764.0,1287.0684,1764.0
1145,custom,resnet34,4,1335,128,4,4,3.101706,21.875,55.46875,0.001112,0.069033,0.070144,1824.8084,183.3657,1764.0,1287.0684,1764.0
1145,custom,resnet34,4,1336,128,4,4,3.115522,20.3125,55.46875,0.000122,0.068952,0.069074,1853.0862,183.3657,1764.0,1287.0684,1764.0
1145,custom,resnet34,4,1337,128,4,4,3.035207,23.4375,56.25,0.000265,0.068608,0.068874,1858.4765,183.3657,1764.0,1287.0684,1764.0
1145,custom,resnet34,4,1338,128,4,4,3.204027,20.3125,47.65625,0.000208,0.068537,0.068745,1861.9638,183.3657,1764.0,1287.0684,1764.0
1145,custom,resnet34,4,1339,128,4,4,2.993794,25.78125,57.03125,0.000403,0.068683,0.069087,1852.7493,183.3657,1764.0,1287.0684,1764.0
1145,custom,resnet34,4,1340,128,4,4,3.182718,17.1875,48.4375,0.000193,0.068944,0.069137,1851.3925,183.3657,1764.0,1287.0684,1764.0
1145,custom,resnet34,4,1341,128,4,4,3.096545,27.34375,55.46875,0.000186,0.068561,0.068747,1861.8977,183.3657,1764.0,1287.0684,1764.0
1145,custom,resnet34,4,1342,128,4,4,3.013381,21.875,51.5625,0.00018,0.068712,0.068892,1857.9833,183.3657,1764.0,1287.0684,1764.0
1145,custom,resnet34,4,1343,128,4,4,3.136251,23.4375,54.6875,0.000356,0.06884,0.069196,1849.8244,183.3657,1764.0,1287.0684,1764.0
1145,custom,resnet34,4,1344,128,4,4,2.808594,28.90625,64.0625,0.001018,0.069079,0.070097,1826.0341,183.3657,1764.0,1287.0684,1764.0
1145,custom,resnet34,4,1345,128,4,4,2.954674,26.5625,53.125,0.000322,0.068609,0.068931,1856.9206,183.3657,1764.0,1287.0684,1764.0
1145,custom,resnet34,4,1346,128,4,4,2.954934,30.46875,55.46875,0.000205,0.068533,0.068738,1862.1467,183.3657,1764.0,1287.0684,1764.0
1145,custom,resnet34,4,1347,128,4,4,2.873373,23.4375,61.71875,0.000711,0.068804,0.069515,1841.3291,183.3657,1764.0,1287.0684,1764.0
1145,custom,resnet34,4,1348,128,4,4,3.073525,16.40625,55.46875,0.000442,0.068938,0.06938,1844.9105,183.3657,1764.0,1287.0684,1764.0
1145,custom,resnet34,4,1349,128,4,4,2.960762,24.21875,52.34375,0.000406,0.068716,0.069123,1851.7763,183.3657,1764.0,1287.0684,1764.0
1145,custom,resnet34,4,1350,128,4,4,2.985888,28.90625,52.34375,0.000181,0.06865,0.068831,1859.6356,183.3657,1764.0,1287.0684,1764.0
1145,custom,resnet34,4,1351,128,4,4,2.990278,25.78125,57.03125,0.000371,0.068584,0.068955,1856.2772,183.3657,1764.0,1287.0684,1764.0
1145,custom,resnet34,4,1352,128,4,4,2.978798,24.21875,53.90625,0.000119,0.068903,0.069022,1854.4936,183.3657,1764.0,1287.0684,1764.0
1145,custom,resnet34,4,1353,128,4,4,3.117164,20.3125,54.6875,0.000288,0.068666,0.068955,1856.2857,183.3657,1764.0,1287.0684,1764.0
1145,custom,resnet34,4,1354,128,4,4,2.851253,26.5625,62.5,0.000553,0.068483,0.069036,1854.1163,183.3657,1764.0,1287.0684,1764.0
1145,custom,resnet34,4,1355,128,4,4,3.007682,22.65625,59.375,0.000151,0.068947,0.069098,1852.4295,183.3657,1764.0,1287.0684,1764.0
1145,custom,resnet34,4,1356,128,4,4,2.636782,35.9375,70.3125,0.000129,0.068974,0.069103,1852.3119,183.3657,1764.0,1287.0684,1764.0
1145,custom,resnet34,4,1357,128,4,4,2.785029,35.15625,62.5,0.000313,0.068694,0.069008,1854.8657,183.3657,1764.0,1287.0684,1764.0
1145,custom,resnet34,4,1358,128,4,4,2.945236,31.25,60.15625,0.00042,0.068629,0.069049,1853.7628,183.3657,1764.0,1287.0684,1764.0
1145,custom,resnet34,4,1359,128,4,4,2.901014,28.125,59.375,0.000375,0.068528,0.068903,1857.6758,183.3657,1764.0,1287.0684,1764.0
1145,custom,resnet34,4,1360,128,4,4,2.860457,25.78125,64.0625,0.000735,0.068931,0.069666,1837.3281,183.3657,1764.0,1287.0684,1764.0
1145,custom,resnet34,4,1361,128,4,4,2.720438,31.25,66.40625,0.000341,0.072044,0.072385,1768.3321,183.3657,1764.0,1287.0684,1764.0
1145,custom,resnet34,4,1362,128,4,4,2.726363,28.90625,60.9375,0.000202,0.068442,0.068644,1864.6961,183.3657,1764.0,1287.0684,1764.0
1145,custom,resnet34,4,1363,128,4,4,3.21387,22.65625,51.5625,0.000132,0.068465,0.068596,1865.9903,183.3657,1764.0,1287.0684,1764.0
1145,custom,resnet34,4,1364,128,4,4,2.884881,22.65625,63.28125,0.000491,0.068992,0.069483,1842.1789,183.3657,1764.0,1287.0684,1764.0
1145,custom,resnet34,4,1365,128,4,4,2.666764,28.90625,59.375,0.000287,0.069069,0.069356,1845.5417,183.3657,1764.0,1287.0684,1764.0
1145,custom,resnet34,4,1366,128,4,4,2.784042,30.46875,62.5,0.000194,0.068593,0.068787,1860.8256,183.3657,1764.0,1287.0684,1764.0
1145,custom,resnet34,4,1367,128,4,4,2.988625,32.8125,57.8125,0.000368,0.068764,0.069132,1851.518,183.3657,1764.0,1287.0684,1764.0
1145,custom,resnet34,4,1368,128,4,4,3.135066,21.875,55.46875,0.00021,0.069054,0.069264,1847.9917,183.3657,1764.0,1287.0684,1764.0
1145,custom,resnet34,4,1369,128,4,4,2.894733,29.6875,57.8125,0.000404,0.068661,0.069065,1853.3246,183.3657,1764.0,1287.0684,1764.0
1145,custom,resnet34,4,1370,128,4,4,3.137704,17.96875,46.09375,0.000405,0.068423,0.068828,1859.6961,183.3657,1764.0,1287.0684,1764.0
1145,custom,resnet34,4,1371,128,4,4,2.992582,28.125,60.15625,0.000378,0.068648,0.069026,1854.3761,183.3657,1764.0,1287.0684,1764.0
1145,custom,resnet34,4,1372,128,4,4,2.773704,28.90625,61.71875,0.000131,0.068958,0.06909,1852.6688,183.3657,1764.0,1287.0684,1764.0
1145,custom,resnet34,4,1373,128,4,4,3.018653,22.65625,48.4375,0.000482,0.068622,0.069104,1852.2879,183.3657,1764.0,1287.0684,1764.0
1145,custom,resnet34,4,1374,128,4,4,2.954352,29.6875,53.125,0.000445,0.068592,0.069037,1854.0763,183.3657,1764.0,1287.0684,1764.0
1145,custom,resnet34,4,1375,128,4,4,3.16277,21.875,51.5625,0.000211,0.068632,0.068843,1859.3024,183.3657,1764.0,1287.0684,1764.0
1145,custom,resnet34,4,1376,128,4,4,3.197509,20.3125,46.875,0.00037,0.069004,0.069374,1845.0767,183.3657,1764.0,1287.0684,1764.0
1145,custom,resnet34,4,1377,128,4,4,3.048226,21.09375,57.03125,0.000805,0.068645,0.069451,1843.0376,183.3657,1764.0,1287.0684,1764.0
1145,custom,resnet34,4,1378,128,4,4,2.973105,28.125,57.8125,0.000205,0.068538,0.068743,1862.0025,183.3657,1764.0,1287.0684,1764.0
1145,custom,resnet34,4,1379,128,4,4,3.193975,21.09375,50.78125,0.000394,0.068622,0.069016,1854.6536,183.3657,1764.0,1287.0684,1764.0
1145,custom,resnet34,4,1380,128,4,4,3.020677,26.5625,53.90625,0.000436,0.068938,0.069374,1845.0635,183.3657,1764.0,1287.0684,1764.0
1145,custom,resnet34,4,1381,128,4,4,2.991216,24.21875,50.0,0.000334,0.068632,0.068966,1855.9767,183.3657,1764.0,1287.0684,1764.0
1145,custom,resnet34,4,1382,128,4,4,2.999122,25.78125,53.125,0.000194,0.068565,0.068759,1861.5629,183.3657,1764.0,1287.0684,1764.0
1145,custom,resnet34,4,1383,128,4,4,3.21075,16.40625,53.90625,0.000449,0.068723,0.069171,1850.4813,183.3657,1764.0,1287.0684,1764.0
1145,custom,resnet34,4,1384,128,4,4,3.214528,15.625,51.5625,0.000383,0.069257,0.069641,1838.0103,183.3657,1764.0,1287.0684,1764.0
1145,custom,resnet34,4,1385,128,4,4,2.809435,28.90625,65.625,0.00013,0.06858,0.06871,1862.8892,183.3657,1764.0,1287.0684,1764.0
1145,custom,resnet34,4,1386,128,4,4,3.133378,18.75,51.5625,0.000189,0.068596,0.068785,1860.859,183.3657,1764.0,1287.0684,1764.0
1145,custom,resnet34,4,1387,128,4,4,2.96624,26.5625,58.59375,0.000899,0.068559,0.069459,1842.8212,183.3657,1764.0,1287.0684,1764.0
1145,custom,resnet34,4,1388,128,4,4,2.927688,18.75,59.375,0.000126,0.068938,0.069063,1853.378,183.3657,1764.0,1287.0684,1764.0
1145,custom,resnet34,4,1389,128,4,4,3.074484,21.09375,55.46875,0.000607,0.06872,0.069327,1846.3097,183.3657,1764.0,1287.0684,1764.0
1145,custom,resnet34,4,1390,128,4,4,2.815374,27.34375,59.375,0.000186,0.06859,0.068776,1861.108,183.3657,1764.0,1287.0684,1764.0
1145,custom,resnet34,4,1391,128,4,4,3.016814,18.75,54.6875,0.000126,0.068429,0.068555,1867.1073,183.3657,1764.0,1287.0684,1764.0
1145,custom,resnet34,4,1392,128,4,4,2.997194,24.21875,51.5625,0.000371,0.068757,0.069128,1851.644,183.3657,1764.0,1287.0684,1764.0
1145,custom,resnet34,4,1393,128,4,4,2.915966,28.125,50.78125,0.000408,0.068501,0.068909,1857.5138,183.3657,1764.0,1287.0684,1764.0
1145,custom,resnet34,4,1394,128,4,4,2.832856,28.125,60.9375,0.000185,0.068516,0.068702,1863.1303,183.3657,1764.0,1287.0684,1764.0
1145,custom,resnet34,4,1395,128,4,4,3.087167,25.78125,50.78125,0.000857,0.068287,0.069144,1851.2056,183.3657,1764.0,1287.0684,1764.0
1145,custom,resnet34,4,1396,128,4,4,3.164813,21.875,50.78125,0.000351,0.068777,0.069128,1851.6422,183.3657,1764.0,1287.0684,1764.0
1145,custom,resnet34,4,1397,128,4,4,2.744274,30.46875,62.5,0.000443,0.068621,0.069064,1853.3553,183.3657,1764.0,1287.0684,1764.0
1145,custom,resnet34,4,1398,128,4,4,3.294507,21.875,45.3125,0.000205,0.068492,0.068697,1863.2493,183.3657,1764.0,1287.0684,1764.0
1145,custom,resnet34,4,1399,128,4,4,2.800579,25.78125,59.375,0.000359,0.068644,0.069003,1854.9935,183.3657,1764.0,1287.0684,1764.0
1145,custom,resnet34,4,1400,128,4,4,2.912097,21.875,61.71875,0.003365,0.068622,0.071987,1778.0898,183.3657,1764.0,1287.0684,1764.0
1145,custom,resnet34,4,1401,128,4,4,3.09306,25.78125,58.59375,0.000102,0.068308,0.06841,1871.0811,183.3657,1764.0,1287.0684,1764.0
1145,custom,resnet34,4,1402,128,4,4,2.953832,22.65625,53.90625,0.000213,0.068688,0.068901,1857.7323,183.3657,1764.0,1287.0684,1764.0
1145,custom,resnet34,4,1403,128,4,4,2.999759,26.5625,51.5625,0.000337,0.068659,0.068996,1855.192,183.3657,1764.0,1287.0684,1764.0
1145,custom,resnet34,4,1404,128,4,4,3.129304,24.21875,46.875,0.000199,0.068918,0.069116,1851.947,183.3657,1764.0,1287.0684,1764.0
1145,custom,resnet34,4,1405,128,4,4,2.910587,21.09375,55.46875,8.8e-05,0.068578,0.068666,1864.0865,183.3657,1764.0,1287.0684,1764.0
1145,custom,resnet34,4,1406,128,4,4,2.977944,28.90625,50.78125,0.000194,0.068514,0.068709,1862.9368,183.3657,1764.0,1287.0684,1764.0
1145,custom,resnet34,4,1407,128,4,4,3.09154,22.65625,53.125,0.000194,0.068767,0.068961,1856.1312,183.3657,1764.0,1287.0684,1764.0
1145,custom,resnet34,4,1408,128,4,4,3.197339,18.055556,51.388889,0.000194,0.038781,0.038975,1847.3359,182.1885,1764.0,1287.0684,1764.0
1145,custom,resnet34,5,1409,128,4,4,2.822639,31.25,62.5,0.088492,0.068276,0.156768,816.4934,183.3657,1764.0,1287.0684,1764.0
1145,custom,resnet34,5,1410,128,4,4,2.981322,25.78125,57.03125,0.000701,0.068623,0.069323,1846.4158,183.3657,1764.0,1287.0684,1764.0
1145,custom,resnet34,5,1411,128,4,4,2.68827,30.46875,64.84375,0.000695,0.068543,0.069239,1848.6811,183.3657,1764.0,1287.0684,1764.0
1145,custom,resnet34,5,1412,128,4,4,2.904924,28.125,60.15625,0.000297,0.073073,0.07337,1744.5832,183.3657,1764.0,1287.0684,1764.0
1145,custom,resnet34,5,1413,128,4,4,2.981662,25.78125,57.03125,0.000226,0.068675,0.068901,1857.7472,183.3657,1764.0,1287.0684,1764.0
1145,custom,resnet34,5,1414,128,4,4,3.062571,19.53125,50.0,0.000338,0.069304,0.069642,1837.9613,183.3657,1764.0,1287.0684,1764.0
1145,custom,resnet34,5,1415,128,4,4,2.972691,21.09375,55.46875,0.000388,0.06839,0.068778,1861.0712,183.3657,1764.0,1287.0684,1764.0
1145,custom,resnet34,5,1416,128,4,4,2.916869,28.125,55.46875,0.000683,0.068446,0.069129,1851.6056,183.3657,1764.0,1287.0684,1764.0
1145,custom,resnet34,5,1417,128,4,4,2.993937,21.09375,56.25,0.000591,0.068711,0.069302,1846.9823,183.3657,1764.0,1287.0684,1764.0
1145,custom,resnet34,5,1418,128,4,4,2.673637,28.125,63.28125,0.000395,0.068512,0.068907,1857.5876,183.3657,1764.0,1287.0684,1764.0
1145,custom,resnet34,5,1419,128,4,4,2.942806,21.875,57.8125,0.000443,0.068702,0.069145,1851.1838,183.3657,1764.0,1287.0684,1764.0
1145,custom,resnet34,5,1420,128,4,4,2.993147,24.21875,59.375,0.000786,0.068465,0.069251,1848.3573,183.3657,1764.0,1287.0684,1764.0
1145,custom,resnet34,5,1421,128,4,4,2.676895,34.375,60.15625,0.000425,0.068961,0.069385,1844.7663,183.3657,1764.0,1287.0684,1764.0
1145,custom,resnet34,5,1422,128,4,4,3.107456,26.5625,55.46875,0.000371,0.068462,0.068833,1859.586,183.3657,1764.0,1287.0684,1764.0
1145,custom,resnet34,5,1423,128,4,4,2.827821,26.5625,61.71875,0.000415,0.06867,0.069085,1852.7904,183.3657,1764.0,1287.0684,1764.0
1145,custom,resnet34,5,1424,128,4,4,2.795237,32.03125,57.03125,0.000215,0.068452,0.068666,1864.0876,183.3657,1764.0,1287.0684,1764.0
1145,custom,resnet34,5,1425,128,4,4,2.708724,33.59375,60.9375,0.000195,0.068996,0.06919,1849.969,183.3657,1764.0,1287.0684,1764.0
1145,custom,resnet34,5,1426,128,4,4,2.759797,35.15625,63.28125,0.000881,0.068526,0.069408,1844.1741,183.3657,1764.0,1287.0684,1764.0
1145,custom,resnet34,5,1427,128,4,4,2.863894,28.90625,60.9375,0.000428,0.068647,0.069075,1853.0639,183.3657,1764.0,1287.0684,1764.0
1145,custom,resnet34,5,1428,128,4,4,2.761209,25.0,64.84375,0.000551,0.068634,0.069185,1850.1193,183.3657,1764.0,1287.0684,1764.0
1145,custom,resnet34,5,1429,128,4,4,2.776103,33.59375,59.375,0.00024,0.06872,0.06896,1856.1419,183.3657,1764.0,1287.0684,1764.0
1145,custom,resnet34,5,1430,128,4,4,2.856102,27.34375,60.15625,0.0006,0.068575,0.069176,1850.3637,183.3657,1764.0,1287.0684,1764.0
1145,custom,resnet34,5,1431,128,4,4,2.929927,25.0,57.8125,0.000192,0.068521,0.068714,1862.8012,183.3657,1764.0,1287.0684,1764.0
1145,custom,resnet34,5,1432,128,4,4,3.089789,24.21875,55.46875,0.000634,0.068245,0.068879,1858.3222,183.3657,1764.0,1287.0684,1764.0
1145,custom,resnet34,5,1433,128,4,4,3.023322,21.09375,59.375,0.000189,0.068968,0.069157,1850.8486,183.3657,1764.0,1287.0684,1764.0
1145,custom,resnet34,5,1434,128,4,4,2.817536,25.0,58.59375,0.000483,0.068645,0.069128,1851.6389,183.3657,1764.0,1287.0684,1764.0
1145,custom,resnet34,5,1435,128,4,4,2.703311,31.25,59.375,0.000128,0.068713,0.068841,1859.3588,183.3657,1764.0,1287.0684,1764.0
1145,custom,resnet34,5,1436,128,4,4,3.068832,24.21875,51.5625,0.000501,0.068509,0.06901,1854.7991,183.3657,1764.0,1287.0684,1764.0
1145,custom,resnet34,5,1437,128,4,4,2.689029,29.6875,61.71875,0.000112,0.068965,0.069077,1852.9963,183.3657,1764.0,1287.0684,1764.0
1145,custom,resnet34,5,1438,128,4,4,3.163519,25.78125,53.90625,0.000125,0.068675,0.0688,1860.4524,183.3657,1764.0,1287.0684,1764.0
1145,custom,resnet34,5,1439,128,4,4,2.869167,25.0,57.03125,0.000139,0.068551,0.068689,1863.4607,183.3657,1764.0,1287.0684,1764.0
1145,custom,resnet34,5,1440,128,4,4,2.850977,29.6875,53.125,0.000393,0.068676,0.069069,1853.2202,183.3657,1764.0,1287.0684,1764.0
1145,custom,resnet34,5,1441,128,4,4,2.856774,29.6875,57.03125,0.000126,0.069057,0.069184,1850.1513,183.3657,1764.0,1287.0684,1764.0
1145,custom,resnet34,5,1442,128,4,4,2.811208,28.125,61.71875,0.000619,0.068505,0.069123,1851.7683,183.3657,1764.0,1287.0684,1764.0
1145,custom,resnet34,5,1443,128,4,4,2.678043,32.03125,63.28125,0.00013,0.06848,0.06861,1865.6244,183.3657,1764.0,1287.0684,1764.0
1145,custom,resnet34,5,1444,128,4,4,3.237903,20.3125,47.65625,0.000202,0.068654,0.068856,1858.9438,183.3657,1764.0,1287.0684,1764.0
1145,custom,resnet34,5,1445,128,4,4,2.964581,25.0,57.03125,0.000131,0.068932,0.069063,1853.3697,183.3657,1764.0,1287.0684,1764.0
1145,custom,resnet34,5,1446,128,4,4,2.974856,25.78125,51.5625,0.000111,0.068599,0.06871,1862.9099,183.3657,1764.0,1287.0684,1764.0
1145,custom,resnet34,5,1447,128,4,4,2.762725,35.9375,58.59375,0.000138,0.068598,0.068736,1862.2041,183.3657,1764.0,1287.0684,1764.0
1145,custom,resnet34,5,1448,128,4,4,2.825087,29.6875,57.03125,0.000273,0.068561,0.068833,1859.56,183.3657,1764.0,1287.0684,1764.0
1145,custom,resnet34,5,1449,128,4,4,2.9132,30.46875,54.6875,0.000783,0.068685,0.069468,1842.5809,183.3657,1764.0,1287.0684,1764.0
1145,custom,resnet34,5,1450,128,4,4,2.819974,24.21875,59.375,0.000342,0.068703,0.069045,1853.856,183.3657,1764.0,1287.0684,1764.0
1145,custom,resnet34,5,1451,128,4,4,2.908366,25.78125,56.25,0.000139,0.068621,0.06876,1861.5568,183.3657,1764.0,1287.0684,1764.0
1145,custom,resnet34,5,1452,128,4,4,2.858402,23.4375,58.59375,0.000669,0.068577,0.069246,1848.4848,183.3657,1764.0,1287.0684,1764.0
1145,custom,resnet34,5,1453,128,4,4,3.03682,27.34375,51.5625,0.000431,0.068838,0.069269,1847.8787,183.3657,1764.0,1287.0684,1764.0
1145,custom,resnet34,5,1454,128,4,4,2.891464,25.78125,59.375,0.000599,0.06895,0.069549,1840.4247,183.3657,1764.0,1287.0684,1764.0
1145,custom,resnet34,5,1455,128,4,4,2.847578,28.125,62.5,0.00014,0.068471,0.068611,1865.5975,183.3657,1764.0,1287.0684,1764.0
1145,custom,resnet34,5,1456,128,4,4,2.75233,32.8125,56.25,0.00036,0.068832,0.069192,1849.9344,183.3657,1764.0,1287.0684,1764.0
1145,custom,resnet34,5,1457,128,4,4,2.688372,28.125,64.84375,0.000306,0.069002,0.069309,1846.8153,183.3657,1764.0,1287.0684,1764.0
1145,custom,resnet34,5,1458,128,4,4,2.796154,32.03125,62.5,0.000485,0.068609,0.069094,1852.5376,183.3657,1764.0,1287.0684,1764.0
1145,custom,resnet34,5,1459,128,4,4,2.776639,33.59375,57.03125,0.000957,0.068479,0.069436,1843.4337,183.3657,1764.0,1287.0684,1764.0
1145,custom,resnet34,5,1460,128,4,4,3.177001,19.53125,51.5625,0.000365,0.068686,0.069051,1853.7114,183.3657,1764.0,1287.0684,1764.0
1145,custom,resnet34,5,1461,128,4,4,2.643793,33.59375,62.5,0.00019,0.068886,0.069076,1853.0304,183.3657,1764.0,1287.0684,1764.0
1145,custom,resnet34,5,1462,128,4,4,2.963731,25.78125,53.90625,0.000319,0.068536,0.068855,1858.9925,183.3657,1764.0,1287.0684,1764.0
1145,custom,resnet34,5,1463,128,4,4,2.970484,25.0,53.90625,0.000206,0.068576,0.068782,1860.9393,183.3657,1764.0,1287.0684,1764.0
1145,custom,resnet34,5,1464,128,4,4,2.766019,28.125,63.28125,0.000711,0.068758,0.069469,1842.5598,183.3657,1764.0,1287.0684,1764.0
1145,custom,resnet34,5,1465,128,4,4,3.016626,29.6875,52.34375,0.00046,0.069966,0.070426,1817.51,183.3657,1764.0,1287.0684,1764.0
1145,custom,resnet34,5,1466,128,4,4,2.776061,25.78125,62.5,0.000645,0.068578,0.069224,1849.0808,183.3657,1764.0,1287.0684,1764.0
1145,custom,resnet34,5,1467,128,4,4,3.007565,25.78125,53.125,0.000437,0.068702,0.06914,1851.3225,183.3657,1764.0,1287.0684,1764.0
1145,custom,resnet34,5,1468,128,4,4,2.659343,32.03125,63.28125,0.000123,0.068632,0.068754,1861.6992,183.3657,1764.0,1287.0684,1764.0
1145,custom,resnet34,5,1469,128,4,4,2.727306,29.6875,63.28125,0.000361,0.069158,0.069519,1841.2328,183.3657,1764.0,1287.0684,1764.0
1145,custom,resnet34,5,1470,128,4,4,2.785259,28.90625,63.28125,0.000743,0.068581,0.069324,1846.4025,183.3657,1764.0,1287.0684,1764.0
1145,custom,resnet34,5,1471,128,4,4,2.902679,30.46875,59.375,0.000121,0.068595,0.068716,1862.7454,183.3657,1764.0,1287.0684,1764.0
1145,custom,resnet34,5,1472,128,4,4,2.910732,17.96875,57.03125,0.000357,0.068686,0.069043,1853.9166,183.3657,1764.0,1287.0684,1764.0
1145,custom,resnet34,5,1473,128,4,4,2.516075,37.5,66.40625,0.000716,0.069011,0.069727,1835.7248,183.3657,1764.0,1287.0684,1764.0
1145,custom,resnet34,5,1474,128,4,4,2.874303,28.125,56.25,0.00012,0.068629,0.068749,1861.8477,183.3657,1764.0,1287.0684,1764.0
1145,custom,resnet34,5,1475,128,4,4,2.840369,26.5625,54.6875,0.000115,0.068552,0.068667,1864.0803,183.3657,1764.0,1287.0684,1764.0
1145,custom,resnet34,5,1476,128,4,4,2.771751,32.03125,59.375,0.000374,0.068342,0.068716,1862.7501,183.3657,1764.0,1287.0684,1764.0
1145,custom,resnet34,5,1477,128,4,4,2.976131,28.125,58.59375,0.000171,0.068711,0.068882,1858.2446,183.3657,1764.0,1287.0684,1764.0
1145,custom,resnet34,5,1478,128,4,4,2.952127,29.6875,56.25,0.000301,0.068562,0.068863,1858.7567,183.3657,1764.0,1287.0684,1764.0
1145,custom,resnet34,5,1479,128,4,4,2.844649,26.5625,57.8125,0.000125,0.068586,0.068711,1862.8721,183.3657,1764.0,1287.0684,1764.0
1145,custom,resnet34,5,1480,128,4,4,3.05471,22.65625,54.6875,0.000347,0.068467,0.068814,1860.0897,183.3657,1764.0,1287.0684,1764.0
1145,custom,resnet34,5,1481,128,4,4,2.977852,31.25,59.375,0.000309,0.068825,0.069134,1851.4815,183.3657,1764.0,1287.0684,1764.0
1145,custom,resnet34,5,1482,128,4,4,2.913771,26.5625,64.0625,0.000285,0.070952,0.071237,1796.8223,183.3657,1764.0,1287.0684,1764.0
1145,custom,resnet34,5,1483,128,4,4,2.664917,32.8125,63.28125,0.000372,0.06846,0.068832,1859.6021,183.3657,1764.0,1287.0684,1764.0
1145,custom,resnet34,5,1484,128,4,4,2.826861,28.90625,57.03125,0.0011,0.068681,0.069781,1834.2998,183.3657,1764.0,1287.0684,1764.0
1145,custom,resnet34,5,1485,128,4,4,2.913442,25.0,60.9375,0.000158,0.06892,0.069077,1852.9914,183.3657,1764.0,1287.0684,1764.0
1145,custom,resnet34,5,1486,128,4,4,2.925711,28.125,60.9375,0.000209,0.068587,0.068796,1860.5867,183.3657,1764.0,1287.0684,1764.0
1145,custom,resnet34,5,1487,128,4,4,2.90826,26.5625,58.59375,0.00034,0.068509,0.068849,1859.1404,183.3657,1764.0,1287.0684,1764.0
1145,custom,resnet34,5,1488,128,4,4,2.983817,25.78125,55.46875,0.0011,0.068845,0.069944,1830.0247,183.3657,1764.0,1287.0684,1764.0
1145,custom,resnet34,5,1489,128,4,4,2.838608,26.5625,61.71875,0.00042,0.069081,0.069501,1841.7111,183.3657,1764.0,1287.0684,1764.0
1145,custom,resnet34,5,1490,128,4,4,2.790853,27.34375,58.59375,0.00019,0.068486,0.068677,1863.8077,183.3657,1764.0,1287.0684,1764.0
1145,custom,resnet34,5,1491,128,4,4,2.825327,30.46875,57.8125,0.000358,0.068583,0.068942,1856.6416,183.3657,1764.0,1287.0684,1764.0
1145,custom,resnet34,5,1492,128,4,4,2.74994,32.8125,60.15625,0.000216,0.068842,0.069058,1853.5102,183.3657,1764.0,1287.0684,1764.0
1145,custom,resnet34,5,1493,128,4,4,2.618421,28.125,64.0625,0.00067,0.068949,0.069619,1838.567,183.3657,1764.0,1287.0684,1764.0
1145,custom,resnet34,5,1494,128,4,4,2.89159,24.21875,53.90625,0.000348,0.068519,0.068867,1858.6549,183.3657,1764.0,1287.0684,1764.0
1145,custom,resnet34,5,1495,128,4,4,2.83977,29.6875,58.59375,0.000125,0.068648,0.068772,1861.2112,183.3657,1764.0,1287.0684,1764.0
1145,custom,resnet34,5,1496,128,4,4,2.908451,29.6875,60.15625,0.000661,0.068649,0.069309,1846.7962,183.3657,1764.0,1287.0684,1764.0
1145,custom,resnet34,5,1497,128,4,4,3.041051,21.09375,53.125,0.000228,0.068941,0.069169,1850.5481,183.3657,1764.0,1287.0684,1764.0
1145,custom,resnet34,5,1498,128,4,4,2.757429,29.6875,63.28125,0.000196,0.068621,0.068817,1860.0046,183.3657,1764.0,1287.0684,1764.0
1145,custom,resnet34,5,1499,128,4,4,2.793584,27.34375,60.15625,0.000126,0.068588,0.068714,1862.8071,183.3657,1764.0,1287.0684,1764.0
1145,custom,resnet34,5,1500,128,4,4,3.090877,24.21875,57.03125,0.00039,0.06874,0.06913,1851.5726,183.3657,1764.0,1287.0684,1764.0
1145,custom,resnet34,5,1501,128,4,4,2.790384,32.03125,60.15625,0.000465,0.068893,0.069359,1845.482,183.3657,1764.0,1287.0684,1764.0
1145,custom,resnet34,5,1502,128,4,4,2.768718,26.5625,64.0625,0.000127,0.068591,0.068718,1862.6854,183.3657,1764.0,1287.0684,1764.0
1145,custom,resnet34,5,1503,128,4,4,2.816293,28.125,60.9375,0.000409,0.068508,0.068917,1857.3068,183.3657,1764.0,1287.0684,1764.0
1145,custom,resnet34,5,1504,128,4,4,2.907984,24.21875,57.8125,0.000435,0.068826,0.069261,1848.0848,183.3657,1764.0,1287.0684,1764.0
1145,custom,resnet34,5,1505,128,4,4,2.770806,24.21875,57.03125,0.000709,0.069498,0.070207,1823.1917,183.3657,1764.0,1287.0684,1764.0
1145,custom,resnet34,5,1506,128,4,4,3.201133,20.3125,53.90625,0.000202,0.068328,0.06853,1867.7959,183.3657,1764.0,1287.0684,1764.0
1145,custom,resnet34,5,1507,128,4,4,3.095837,19.53125,49.21875,0.000396,0.068648,0.069043,1853.9133,183.3657,1764.0,1287.0684,1764.0
1145,custom,resnet34,5,1508,128,4,4,2.982877,28.90625,52.34375,0.000619,0.068707,0.069326,1846.3499,183.3657,1764.0,1287.0684,1764.0
1145,custom,resnet34,5,1509,128,4,4,2.890174,25.0,57.03125,0.000293,0.069363,0.069656,1837.5948,183.3657,1764.0,1287.0684,1764.0
1145,custom,resnet34,5,1510,128,4,4,2.868571,32.03125,56.25,0.000195,0.068476,0.068671,1863.9612,183.3657,1764.0,1287.0684,1764.0
1145,custom,resnet34,5,1511,128,4,4,2.749095,32.8125,58.59375,0.000377,0.068634,0.069011,1854.7874,183.3657,1764.0,1287.0684,1764.0
1145,custom,resnet34,5,1512,128,4,4,2.791523,28.90625,57.8125,0.000357,0.068664,0.069021,1854.5151,183.3657,1764.0,1287.0684,1764.0
1145,custom,resnet34,5,1513,128,4,4,2.544286,35.15625,65.625,0.000354,0.069053,0.069407,1844.1846,183.3657,1764.0,1287.0684,1764.0
1145,custom,resnet34,5,1514,128,4,4,2.770005,31.25,60.9375,0.000187,0.068656,0.068843,1859.3042,183.3657,1764.0,1287.0684,1764.0
1145,custom,resnet34,5,1515,128,4,4,3.104811,22.65625,50.0,0.000529,0.068548,0.069077,1852.9992,183.3657,1764.0,1287.0684,1764.0
1145,custom,resnet34,5,1516,128,4,4,2.930764,25.0,57.8125,0.000179,0.068467,0.068646,1864.6339,183.3657,1764.0,1287.0684,1764.0
1145,custom,resnet34,5,1517,128,4,4,2.913592,24.21875,63.28125,0.000134,0.068769,0.068903,1857.6829,183.3657,1764.0,1287.0684,1764.0
1145,custom,resnet34,5,1518,128,4,4,2.570257,35.15625,61.71875,0.000231,0.068388,0.06862,1865.3576,183.3657,1764.0,1287.0684,1764.0
1145,custom,resnet34,5,1519,128,4,4,2.835434,25.78125,60.15625,0.000201,0.068533,0.068734,1862.2384,183.3657,1764.0,1287.0684,1764.0
1145,custom,resnet34,5,1520,128,4,4,2.792376,22.65625,64.0625,0.000124,0.068608,0.068733,1862.282,183.3657,1764.0,1287.0684,1764.0
1145,custom,resnet34,5,1521,128,4,4,2.677062,26.5625,62.5,0.000587,0.069031,0.069619,1838.5866,183.3657,1764.0,1287.0684,1764.0
1145,custom,resnet34,5,1522,128,4,4,2.829571,25.78125,56.25,0.00055,0.068385,0.068935,1856.8251,183.3657,1764.0,1287.0684,1764.0
1145,custom,resnet34,5,1523,128,4,4,2.860376,28.125,60.15625,0.000401,0.068764,0.069165,1850.6436,183.3657,1764.0,1287.0684,1764.0
1145,custom,resnet34,5,1524,128,4,4,2.568658,35.15625,64.0625,0.000161,0.068576,0.068737,1862.1627,183.3657,1764.0,1287.0684,1764.0
1145,custom,resnet34,5,1525,128,4,4,2.744762,29.6875,64.84375,0.000538,0.06888,0.069418,1843.8985,183.3657,1764.0,1287.0684,1764.0
1145,custom,resnet34,5,1526,128,4,4,2.901967,21.875,57.8125,0.000434,0.06859,0.069024,1854.4356,183.3657,1764.0,1287.0684,1764.0
1145,custom,resnet34,5,1527,128,4,4,2.791151,31.25,59.375,0.0005,0.068613,0.069113,1852.0409,183.3657,1764.0,1287.0684,1764.0
1145,custom,resnet34,5,1528,128,4,4,2.622744,32.8125,64.84375,0.000135,0.068604,0.068738,1862.139,183.3657,1764.0,1287.0684,1764.0
1145,custom,resnet34,5,1529,128,4,4,2.846422,28.90625,60.9375,0.000446,0.069017,0.069464,1842.6865,183.3657,1764.0,1287.0684,1764.0
1145,custom,resnet34,5,1530,128,4,4,2.893361,29.6875,60.15625,0.000278,0.068649,0.068927,1857.0416,183.3657,1764.0,1287.0684,1764.0
1145,custom,resnet34,5,1531,128,4,4,2.815603,31.25,57.03125,0.000123,0.068554,0.068677,1863.8042,183.3657,1764.0,1287.0684,1764.0
1145,custom,resnet34,5,1532,128,4,4,2.859037,30.46875,53.125,0.00039,0.06855,0.06894,1856.6929,183.3657,1764.0,1287.0684,1764.0
1145,custom,resnet34,5,1533,128,4,4,2.635279,28.90625,65.625,0.000646,0.068987,0.069632,1838.2235,183.3657,1764.0,1287.0684,1764.0
1145,custom,resnet34,5,1534,128,4,4,2.974512,26.5625,60.9375,0.000201,0.068565,0.068766,1861.393,183.3657,1764.0,1287.0684,1764.0
1145,custom,resnet34,5,1535,128,4,4,2.885675,26.5625,58.59375,0.000403,0.068655,0.069058,1853.5074,183.3657,1764.0,1287.0684,1764.0
1145,custom,resnet34,5,1536,128,4,4,2.708955,28.90625,64.84375,0.000331,0.068526,0.068857,1858.931,183.3657,1764.0,1287.0684,1764.0
1145,custom,resnet34,5,1537,128,4,4,3.135707,24.21875,57.03125,0.000372,0.069004,0.069376,1845.0202,183.3657,1764.0,1287.0684,1764.0
1145,custom,resnet34,5,1538,128,4,4,2.863008,20.3125,61.71875,0.000186,0.068544,0.06873,1862.3535,183.3657,1764.0,1287.0684,1764.0
1145,custom,resnet34,5,1539,128,4,4,2.925045,33.59375,56.25,0.000347,0.068559,0.068906,1857.6057,183.3657,1764.0,1287.0684,1764.0
1145,custom,resnet34,5,1540,128,4,4,2.634098,32.03125,61.71875,0.000742,0.068672,0.069414,1844.0154,183.3657,1764.0,1287.0684,1764.0
1145,custom,resnet34,5,1541,128,4,4,2.928529,26.5625,57.8125,0.000114,0.069,0.069113,1852.0274,183.3657,1764.0,1287.0684,1764.0
1145,custom,resnet34,5,1542,128,4,4,2.874664,27.34375,60.15625,0.000237,0.068613,0.06885,1859.1129,183.3657,1764.0,1287.0684,1764.0
1145,custom,resnet34,5,1543,128,4,4,2.87118,25.78125,59.375,0.000205,0.068756,0.068961,1856.1337,183.3657,1764.0,1287.0684,1764.0
1145,custom,resnet34,5,1544,128,4,4,2.805933,29.6875,66.40625,0.000345,0.068719,0.069064,1853.3558,183.3657,1764.0,1287.0684,1764.0
1145,custom,resnet34,5,1545,128,4,4,2.760536,22.65625,65.625,0.000589,0.069001,0.06959,1839.3532,183.3657,1764.0,1287.0684,1764.0
1145,custom,resnet34,5,1546,128,4,4,2.900351,29.6875,53.125,0.000677,0.068526,0.069203,1849.6285,183.3657,1764.0,1287.0684,1764.0
1145,custom,resnet34,5,1547,128,4,4,2.827613,28.125,57.8125,0.000224,0.068645,0.068869,1858.5989,183.3657,1764.0,1287.0684,1764.0
1145,custom,resnet34,5,1548,128,4,4,2.849023,28.125,58.59375,0.000341,0.068607,0.068948,1856.4631,183.3657,1764.0,1287.0684,1764.0
1145,custom,resnet34,5,1549,128,4,4,2.818629,25.78125,58.59375,0.000112,0.068894,0.069006,1854.9111,183.3657,1764.0,1287.0684,1764.0
1145,custom,resnet34,5,1550,128,4,4,2.711993,28.90625,60.9375,0.000207,0.068623,0.06883,1859.6472,183.3657,1764.0,1287.0684,1764.0
1145,custom,resnet34,5,1551,128,4,4,2.732766,27.34375,64.0625,0.00035,0.068542,0.068892,1857.9706,183.3657,1764.0,1287.0684,1764.0
1145,custom,resnet34,5,1552,128,4,4,2.96871,25.78125,60.15625,0.000471,0.068542,0.069012,1854.7379,183.3657,1764.0,1287.0684,1764.0
1145,custom,resnet34,5,1553,128,4,4,2.964627,26.5625,52.34375,0.000218,0.068766,0.068984,1855.5032,183.3657,1764.0,1287.0684,1764.0
1145,custom,resnet34,5,1554,128,4,4,2.699292,25.78125,63.28125,0.000336,0.068505,0.068841,1859.3449,183.3657,1764.0,1287.0684,1764.0
1145,custom,resnet34,5,1555,128,4,4,2.916575,33.59375,61.71875,0.000138,0.068578,0.068716,1862.7441,183.3657,1764.0,1287.0684,1764.0
1145,custom,resnet34,5,1556,128,4,4,2.638237,29.6875,63.28125,0.000254,0.06861,0.068864,1858.7252,183.3657,1764.0,1287.0684,1764.0
1145,custom,resnet34,5,1557,128,4,4,2.842136,28.125,55.46875,0.000132,0.069014,0.069146,1851.1509,183.3657,1764.0,1287.0684,1764.0
1145,custom,resnet34,5,1558,128,4,4,3.051952,22.65625,52.34375,0.000194,0.068556,0.06875,1861.8306,183.3657,1764.0,1287.0684,1764.0
1145,custom,resnet34,5,1559,128,4,4,3.025921,21.875,50.78125,0.00018,0.068655,0.068835,1859.5175,183.3657,1764.0,1287.0684,1764.0
1145,custom,resnet34,5,1560,128,4,4,2.883186,28.90625,57.03125,0.000661,0.068607,0.069268,1847.896,183.3657,1764.0,1287.0684,1764.0
1145,custom,resnet34,5,1561,128,4,4,2.759275,29.6875,62.5,0.000564,0.068804,0.069368,1845.231,183.3657,1764.0,1287.0684,1764.0
1145,custom,resnet34,5,1562,128,4,4,2.984024,26.5625,57.03125,0.000209,0.068457,0.068666,1864.0876,183.3657,1764.0,1287.0684,1764.0
1145,custom,resnet34,5,1563,128,4,4,2.817237,28.125,57.8125,0.000125,0.068573,0.068698,1863.2223,183.3657,1764.0,1287.0684,1764.0
1145,custom,resnet34,5,1564,128,4,4,2.687777,30.46875,62.5,0.00031,0.068628,0.068938,1856.7376,183.3657,1764.0,1287.0684,1764.0
1145,custom,resnet34,5,1565,128,4,4,2.929161,24.21875,57.8125,0.000281,0.06886,0.069141,1851.2899,183.3657,1764.0,1287.0684,1764.0
1145,custom,resnet34,5,1566,128,4,4,2.880306,26.5625,60.9375,0.000178,0.068468,0.068646,1864.6453,183.3657,1764.0,1287.0684,1764.0
1145,custom,resnet34,5,1567,128,4,4,2.850947,28.125,59.375,0.000358,0.068592,0.068949,1856.4364,183.3657,1764.0,1287.0684,1764.0
1145,custom,resnet34,5,1568,128,4,4,2.756368,25.78125,60.9375,0.000139,0.068513,0.068652,1864.4784,183.3657,1764.0,1287.0684,1764.0
1145,custom,resnet34,5,1569,128,4,4,2.825049,25.0,62.5,0.000412,0.069092,0.069503,1841.6359,183.3657,1764.0,1287.0684,1764.0
1145,custom,resnet34,5,1570,128,4,4,2.96595,21.09375,59.375,0.000411,0.068684,0.069095,1852.5238,183.3657,1764.0,1287.0684,1764.0
1145,custom,resnet34,5,1571,128,4,4,2.889956,25.78125,57.8125,0.000563,0.068495,0.069058,1853.521,183.3657,1764.0,1287.0684,1764.0
1145,custom,resnet34,5,1572,128,4,4,2.677318,28.90625,66.40625,0.000132,0.068615,0.068747,1861.9001,183.3657,1764.0,1287.0684,1764.0
1145,custom,resnet34,5,1573,128,4,4,2.572997,35.15625,64.0625,0.000493,0.069072,0.069565,1839.9977,183.3657,1764.0,1287.0684,1764.0
1145,custom,resnet34,5,1574,128,4,4,3.06415,23.4375,53.90625,0.000206,0.068473,0.068679,1863.7554,183.3657,1764.0,1287.0684,1764.0
1145,custom,resnet34,5,1575,128,4,4,2.714492,25.78125,66.40625,0.000368,0.068555,0.068923,1857.1502,183.3657,1764.0,1287.0684,1764.0
1145,custom,resnet34,5,1576,128,4,4,2.880487,25.0,57.8125,0.000376,0.068964,0.06934,1845.9698,183.3657,1764.0,1287.0684,1764.0
1145,custom,resnet34,5,1577,128,4,4,3.007016,21.09375,52.34375,0.000435,0.06897,0.069406,1844.2314,183.3657,1764.0,1287.0684,1764.0
1145,custom,resnet34,5,1578,128,4,4,3.009124,25.0,56.25,0.000197,0.068648,0.068845,1859.2527,183.3657,1764.0,1287.0684,1764.0
1145,custom,resnet34,5,1579,128,4,4,2.581257,28.125,67.1875,0.000665,0.068797,0.069462,1842.7337,183.3657,1764.0,1287.0684,1764.0
1145,custom,resnet34,5,1580,128,4,4,2.955247,25.78125,56.25,0.000363,0.068789,0.069152,1850.9951,183.3657,1764.0,1287.0684,1764.0
1145,custom,resnet34,5,1581,128,4,4,3.048019,22.65625,57.03125,0.000475,0.068993,0.069468,1842.5832,183.3657,1764.0,1287.0684,1764.0
1145,custom,resnet34,5,1582,128,4,4,2.984341,24.21875,57.03125,0.000199,0.06858,0.068779,1861.0333,183.3657,1764.0,1287.0684,1764.0
1145,custom,resnet34,5,1583,128,4,4,2.863802,30.46875,58.59375,0.000599,0.068796,0.069395,1844.5155,183.3657,1764.0,1287.0684,1764.0
1145,custom,resnet34,5,1584,128,4,4,3.115391,21.875,54.6875,0.000127,0.068681,0.068807,1860.2696,183.3657,1764.0,1287.0684,1764.0
1145,custom,resnet34,5,1585,128,4,4,2.86056,28.90625,56.25,0.000617,0.069092,0.069708,1836.2274,183.3657,1764.0,1287.0684,1764.0
1145,custom,resnet34,5,1586,128,4,4,2.653479,35.9375,64.84375,0.000327,0.06859,0.068917,1857.3178,183.3657,1764.0,1287.0684,1764.0
1145,custom,resnet34,5,1587,128,4,4,2.932714,21.09375,60.15625,0.000169,0.068628,0.068797,1860.5439,183.3657,1764.0,1287.0684,1764.0
1145,custom,resnet34,5,1588,128,4,4,2.986482,28.125,56.25,0.000355,0.068653,0.069007,1854.872,183.3657,1764.0,1287.0684,1764.0
1145,custom,resnet34,5,1589,128,4,4,2.661554,29.6875,64.0625,0.000204,0.068929,0.069133,1851.4994,183.3657,1764.0,1287.0684,1764.0
1145,custom,resnet34,5,1590,128,4,4,2.788677,29.6875,59.375,0.00018,0.068555,0.068735,1862.2117,183.3657,1764.0,1287.0684,1764.0
1145,custom,resnet34,5,1591,128,4,4,3.099118,28.125,46.09375,0.000338,0.068686,0.069024,1854.4241,183.3657,1764.0,1287.0684,1764.0
1145,custom,resnet34,5,1592,128,4,4,2.713168,27.34375,67.1875,0.000414,0.068487,0.068901,1857.7404,183.3657,1764.0,1287.0684,1764.0
1145,custom,resnet34,5,1593,128,4,4,2.603213,29.6875,71.09375,0.000398,0.06913,0.069528,1840.9877,183.3657,1764.0,1287.0684,1764.0
1145,custom,resnet34,5,1594,128,4,4,2.711741,30.46875,62.5,0.000288,0.068522,0.06881,1860.1817,183.3657,1764.0,1287.0684,1764.0
1145,custom,resnet34,5,1595,128,4,4,2.79064,29.6875,60.15625,0.000206,0.068644,0.068851,1859.093,183.3657,1764.0,1287.0684,1764.0
1145,custom,resnet34,5,1596,128,4,4,3.06661,25.78125,52.34375,0.000383,0.068692,0.069074,1853.0745,183.3657,1764.0,1287.0684,1764.0
1145,custom,resnet34,5,1597,128,4,4,2.941566,25.78125,57.03125,0.000275,0.068795,0.06907,1853.1879,183.3657,1764.0,1287.0684,1764.0
1145,custom,resnet34,5,1598,128,4,4,2.893161,24.21875,53.90625,0.000195,0.068601,0.068796,1860.5647,183.3657,1764.0,1287.0684,1764.0
1145,custom,resnet34,5,1599,128,4,4,2.991189,22.65625,56.25,0.000419,0.068621,0.069041,1853.981,183.3657,1764.0,1287.0684,1764.0
1145,custom,resnet34,5,1600,128,4,4,2.751122,30.46875,64.0625,0.000127,0.068532,0.06866,1864.2647,183.3657,1764.0,1287.0684,1764.0
1145,custom,resnet34,5,1601,128,4,4,3.160162,21.09375,51.5625,0.000354,0.068984,0.069338,1846.0245,183.3657,1764.0,1287.0684,1764.0
1145,custom,resnet34,5,1602,128,4,4,2.854156,28.125,64.0625,0.000213,0.068551,0.068764,1861.435,183.3657,1764.0,1287.0684,1764.0
1145,custom,resnet34,5,1603,128,4,4,2.762447,35.9375,64.0625,0.000361,0.06875,0.069111,1852.0954,183.3657,1764.0,1287.0684,1764.0
1145,custom,resnet34,5,1604,128,4,4,2.768136,33.59375,63.28125,0.000202,0.06867,0.068872,1858.5253,183.3657,1764.0,1287.0684,1764.0
1145,custom,resnet34,5,1605,128,4,4,2.815629,25.78125,63.28125,0.00046,0.068928,0.069387,1844.7165,183.3657,1764.0,1287.0684,1764.0
1145,custom,resnet34,5,1606,128,4,4,2.519508,36.71875,71.09375,0.000196,0.068473,0.068669,1864.0128,183.3657,1764.0,1287.0684,1764.0
1145,custom,resnet34,5,1607,128,4,4,2.926426,32.03125,55.46875,0.000121,0.06866,0.068781,1860.9716,183.3657,1764.0,1287.0684,1764.0
1145,custom,resnet34,5,1608,128,4,4,2.828435,27.34375,65.625,0.000137,0.068552,0.06869,1863.4502,183.3657,1764.0,1287.0684,1764.0
1145,custom,resnet34,5,1609,128,4,4,2.819161,28.125,59.375,0.000131,0.068916,0.069047,1853.8016,183.3657,1764.0,1287.0684,1764.0
1145,custom,resnet34,5,1610,128,4,4,2.755045,32.03125,61.71875,0.000195,0.068673,0.068868,1858.6304,183.3657,1764.0,1287.0684,1764.0
1145,custom,resnet34,5,1611,128,4,4,2.736928,28.125,60.15625,0.000589,0.068607,0.069196,1849.8221,183.3657,1764.0,1287.0684,1764.0
1145,custom,resnet34,5,1612,128,4,4,2.700679,35.9375,66.40625,0.000387,0.068544,0.068931,1856.9285,183.3657,1764.0,1287.0684,1764.0
1145,custom,resnet34,5,1613,128,4,4,2.580971,30.46875,67.96875,0.000122,0.06897,0.069092,1852.6102,183.3657,1764.0,1287.0684,1764.0
1145,custom,resnet34,5,1614,128,4,4,2.641893,28.90625,67.1875,0.000196,0.068504,0.068699,1863.1922,183.3657,1764.0,1287.0684,1764.0
1145,custom,resnet34,5,1615,128,4,4,2.515812,36.71875,69.53125,0.000414,0.06874,0.069154,1850.9357,183.3657,1764.0,1287.0684,1764.0
1145,custom,resnet34,5,1616,128,4,4,2.645434,32.8125,68.75,0.00028,0.068655,0.068935,1856.8124,183.3657,1764.0,1287.0684,1764.0
1145,custom,resnet34,5,1617,128,4,4,2.636385,32.8125,66.40625,0.000155,0.068936,0.069092,1852.6137,183.3657,1764.0,1287.0684,1764.0
1145,custom,resnet34,5,1618,128,4,4,2.54069,35.15625,66.40625,0.000183,0.068481,0.068664,1864.1394,183.3657,1764.0,1287.0684,1764.0
1145,custom,resnet34,5,1619,128,4,4,2.460045,33.59375,62.5,0.000381,0.068502,0.068883,1858.2221,183.3657,1764.0,1287.0684,1764.0
1145,custom,resnet34,5,1620,128,4,4,2.756705,26.5625,58.59375,0.000129,0.06864,0.068769,1861.3122,183.3657,1764.0,1287.0684,1764.0
1145,custom,resnet34,5,1621,128,4,4,3.062246,22.65625,58.59375,0.000275,0.068873,0.069148,1851.105,183.3657,1764.0,1287.0684,1764.0
1145,custom,resnet34,5,1622,128,4,4,2.959824,22.65625,60.9375,0.000875,0.068608,0.069483,1842.1772,183.3657,1764.0,1287.0684,1764.0
1145,custom,resnet34,5,1623,128,4,4,2.975853,19.53125,57.8125,0.000394,0.068671,0.069065,1853.3286,183.3657,1764.0,1287.0684,1764.0
1145,custom,resnet34,5,1624,128,4,4,2.486439,29.6875,71.875,0.000133,0.068547,0.06868,1863.7046,183.3657,1764.0,1287.0684,1764.0
1145,custom,resnet34,5,1625,128,4,4,2.695928,30.46875,66.40625,0.000429,0.068911,0.06934,1845.9782,183.3657,1764.0,1287.0684,1764.0
1145,custom,resnet34,5,1626,128,4,4,2.899579,27.34375,58.59375,0.000194,0.068633,0.068827,1859.7328,183.3657,1764.0,1287.0684,1764.0
1145,custom,resnet34,5,1627,128,4,4,2.777921,32.8125,59.375,0.000361,0.068568,0.068929,1856.9769,183.3657,1764.0,1287.0684,1764.0
1145,custom,resnet34,5,1628,128,4,4,2.895896,25.78125,54.6875,0.000357,0.068477,0.068833,1859.5658,183.3657,1764.0,1287.0684,1764.0
1145,custom,resnet34,5,1629,128,4,4,2.869608,25.0,60.15625,0.000343,0.069052,0.069395,1844.5214,183.3657,1764.0,1287.0684,1764.0
1145,custom,resnet34,5,1630,128,4,4,2.997216,25.78125,58.59375,0.000593,0.069052,0.069645,1837.893,183.3657,1764.0,1287.0684,1764.0
1145,custom,resnet34,5,1631,128,4,4,2.988434,25.0,55.46875,0.00013,0.068642,0.068772,1861.2259,183.3657,1764.0,1287.0684,1764.0
1145,custom,resnet34,5,1632,128,4,4,2.743521,23.4375,60.9375,0.000129,0.06871,0.068839,1859.4056,183.3657,1764.0,1287.0684,1764.0
1145,custom,resnet34,5,1633,128,4,4,2.85248,23.4375,58.59375,0.000228,0.0688,0.069028,1854.3307,183.3657,1764.0,1287.0684,1764.0
1145,custom,resnet34,5,1634,128,4,4,2.872685,28.90625,58.59375,0.000708,0.068576,0.069284,1847.4732,183.3657,1764.0,1287.0684,1764.0
1145,custom,resnet34,5,1635,128,4,4,2.759838,28.90625,59.375,0.000126,0.068494,0.06862,1865.3548,183.3657,1764.0,1287.0684,1764.0
1145,custom,resnet34,5,1636,128,4,4,2.909908,23.4375,61.71875,0.000341,0.068724,0.069065,1853.3377,183.3657,1764.0,1287.0684,1764.0
1145,custom,resnet34,5,1637,128,4,4,3.124308,17.96875,55.46875,0.000194,0.069072,0.069266,1847.9375,183.3657,1764.0,1287.0684,1764.0
1145,custom,resnet34,5,1638,128,4,4,2.906969,31.25,60.15625,0.000965,0.068525,0.06949,1841.9825,183.3657,1764.0,1287.0684,1764.0
1145,custom,resnet34,5,1639,128,4,4,2.667221,28.125,64.0625,0.000408,0.068647,0.069056,1853.5756,183.3657,1764.0,1287.0684,1764.0
1145,custom,resnet34,5,1640,128,4,4,2.586726,31.25,66.40625,0.000394,0.068582,0.068976,1855.7282,183.3657,1764.0,1287.0684,1764.0
1145,custom,resnet34,5,1641,128,4,4,2.802354,28.125,60.9375,0.000332,0.071907,0.072239,1771.9032,183.3657,1764.0,1287.0684,1764.0
1145,custom,resnet34,5,1642,128,4,4,2.871411,26.5625,58.59375,0.000198,0.068594,0.068791,1860.7007,183.3657,1764.0,1287.0684,1764.0
1145,custom,resnet34,5,1643,128,4,4,2.7576,32.03125,63.28125,0.000348,0.068984,0.069331,1846.2105,183.3657,1764.0,1287.0684,1764.0
1145,custom,resnet34,5,1644,128,4,4,2.58504,28.90625,71.875,0.000128,0.068584,0.068712,1862.852,183.3657,1764.0,1287.0684,1764.0
1145,custom,resnet34,5,1645,128,4,4,2.743396,30.46875,62.5,0.000401,0.069103,0.069503,1841.6357,183.3657,1764.0,1287.0684,1764.0
1145,custom,resnet34,5,1646,128,4,4,2.780324,28.125,60.15625,0.000319,0.068648,0.068967,1855.9665,183.3657,1764.0,1287.0684,1764.0
1145,custom,resnet34,5,1647,128,4,4,2.501531,36.71875,73.4375,0.000123,0.068601,0.068725,1862.5035,183.3657,1764.0,1287.0684,1764.0
1145,custom,resnet34,5,1648,128,4,4,2.735687,30.46875,60.15625,0.000357,0.068696,0.069053,1853.636,183.3657,1764.0,1287.0684,1764.0
1145,custom,resnet34,5,1649,128,4,4,2.701405,24.21875,60.9375,0.000621,0.069199,0.06982,1833.2858,183.3657,1764.0,1287.0684,1764.0
1145,custom,resnet34,5,1650,128,4,4,2.758657,29.6875,59.375,0.00029,0.069457,0.069747,1835.1968,183.3657,1764.0,1287.0684,1764.0
1145,custom,resnet34,5,1651,128,4,4,2.906124,23.4375,62.5,0.000743,0.068432,0.069175,1850.3827,183.3657,1764.0,1287.0684,1764.0
1145,custom,resnet34,5,1652,128,4,4,2.747685,31.25,53.90625,0.000363,0.068734,0.069097,1852.4711,183.3657,1764.0,1287.0684,1764.0
1145,custom,resnet34,5,1653,128,4,4,2.728898,31.25,64.0625,0.000306,0.069117,0.069423,1843.7745,183.3657,1764.0,1287.0684,1764.0
1145,custom,resnet34,5,1654,128,4,4,2.739873,30.46875,62.5,0.000211,0.0686,0.068812,1860.153,183.3657,1764.0,1287.0684,1764.0
1145,custom,resnet34,5,1655,128,4,4,2.65635,26.5625,62.5,0.000343,0.068556,0.068899,1857.8001,183.3657,1764.0,1287.0684,1764.0
1145,custom,resnet34,5,1656,128,4,4,2.909297,25.78125,60.15625,0.000503,0.068482,0.068985,1855.4814,183.3657,1764.0,1287.0684,1764.0
1145,custom,resnet34,5,1657,128,4,4,2.662208,36.71875,62.5,0.000293,0.072028,0.072321,1769.8845,183.3657,1764.0,1287.0684,1764.0
1145,custom,resnet34,5,1658,128,4,4,2.728367,31.25,62.5,0.000203,0.068593,0.068796,1860.5725,183.3657,1764.0,1287.0684,1764.0
1145,custom,resnet34,5,1659,128,4,4,2.744634,26.5625,61.71875,0.000221,0.068519,0.06874,1862.0819,183.3657,1764.0,1287.0684,1764.0
1145,custom,resnet34,5,1660,128,4,4,2.66914,32.8125,65.625,0.000428,0.068652,0.06908,1852.9176,183.3657,1764.0,1287.0684,1764.0
1145,custom,resnet34,5,1661,128,4,4,2.611401,22.65625,67.1875,0.000608,0.069121,0.06973,1835.6585,183.3657,1764.0,1287.0684,1764.0
1145,custom,resnet34,5,1662,128,4,4,2.743794,31.25,64.0625,0.000191,0.068453,0.068645,1864.6742,183.3657,1764.0,1287.0684,1764.0
1145,custom,resnet34,5,1663,128,4,4,2.676059,28.90625,61.71875,0.000176,0.068557,0.068733,1862.2765,183.3657,1764.0,1287.0684,1764.0
1145,custom,resnet34,5,1664,128,4,4,2.627284,31.25,65.625,0.00014,0.068562,0.068702,1863.126,183.3657,1764.0,1287.0684,1764.0
1145,custom,resnet34,5,1665,128,4,4,2.538369,39.0625,68.75,0.000531,0.068905,0.069436,1843.4171,183.3657,1764.0,1287.0684,1764.0
1145,custom,resnet34,5,1666,128,4,4,2.564502,27.34375,62.5,0.000213,0.068609,0.068822,1859.8609,183.3657,1764.0,1287.0684,1764.0
1145,custom,resnet34,5,1667,128,4,4,2.544961,36.71875,67.96875,0.000131,0.068619,0.068751,1861.8019,183.3657,1764.0,1287.0684,1764.0
1145,custom,resnet34,5,1668,128,4,4,2.889475,30.46875,57.03125,0.000376,0.068647,0.069023,1854.4425,183.3657,1764.0,1287.0684,1764.0
1145,custom,resnet34,5,1669,128,4,4,2.779932,26.5625,61.71875,0.000256,0.068879,0.069135,1851.4582,183.3657,1764.0,1287.0684,1764.0
1145,custom,resnet34,5,1670,128,4,4,2.880015,30.46875,60.15625,0.000319,0.071466,0.071784,1783.1169,183.3657,1764.0,1287.0684,1764.0
1145,custom,resnet34,5,1671,128,4,4,2.677425,31.25,63.28125,0.000118,0.06859,0.068708,1862.9481,183.3657,1764.0,1287.0684,1764.0
1145,custom,resnet34,5,1672,128,4,4,3.016496,29.6875,57.03125,0.000123,0.06868,0.068803,1860.3808,183.3657,1764.0,1287.0684,1764.0
1145,custom,resnet34,5,1673,128,4,4,2.793926,31.25,62.5,0.000124,0.069022,0.069146,1851.164,183.3657,1764.0,1287.0684,1764.0
1145,custom,resnet34,5,1674,128,4,4,2.904032,23.4375,56.25,0.000187,0.068442,0.068629,1865.1056,183.3657,1764.0,1287.0684,1764.0
1145,custom,resnet34,5,1675,128,4,4,2.835386,27.34375,57.8125,0.000125,0.06859,0.068716,1862.7403,183.3657,1764.0,1287.0684,1764.0
1145,custom,resnet34,5,1676,128,4,4,2.88142,23.4375,63.28125,0.000673,0.068604,0.069276,1847.6693,183.3657,1764.0,1287.0684,1764.0
1145,custom,resnet34,5,1677,128,4,4,2.849849,30.46875,59.375,0.000296,0.073413,0.073708,1736.5719,183.3657,1764.0,1287.0684,1764.0
1145,custom,resnet34,5,1678,128,4,4,2.841293,33.59375,60.15625,0.000921,0.070639,0.07156,1788.7177,183.3657,1764.0,1287.0684,1764.0
1145,custom,resnet34,5,1679,128,4,4,2.881272,32.03125,54.6875,0.000758,0.068727,0.069485,1842.1289,183.3657,1764.0,1287.0684,1764.0
1145,custom,resnet34,5,1680,128,4,4,2.918305,22.65625,54.6875,0.000239,0.068426,0.068666,1864.1076,183.3657,1764.0,1287.0684,1764.0
1145,custom,resnet34,5,1681,128,4,4,2.780896,25.78125,61.71875,0.000455,0.068696,0.069152,1851.0042,183.3657,1764.0,1287.0684,1764.0
1145,custom,resnet34,5,1682,128,4,4,2.778622,28.90625,64.0625,0.000155,0.068532,0.068687,1863.5371,183.3657,1764.0,1287.0684,1764.0
1145,custom,resnet34,5,1683,128,4,4,2.493529,34.375,62.5,0.000483,0.0685,0.068983,1855.5308,183.3657,1764.0,1287.0684,1764.0
1145,custom,resnet34,5,1684,128,4,4,2.800143,31.25,60.9375,0.000235,0.068737,0.068972,1855.8337,183.3657,1764.0,1287.0684,1764.0
1145,custom,resnet34,5,1685,128,4,4,2.812911,27.34375,59.375,0.000642,0.069024,0.069666,1837.3438,183.3657,1764.0,1287.0684,1764.0
1145,custom,resnet34,5,1686,128,4,4,2.672022,32.8125,63.28125,0.000287,0.068989,0.069276,1847.6748,183.3657,1764.0,1287.0684,1764.0
1145,custom,resnet34,5,1687,128,4,4,2.670892,31.25,62.5,0.000735,0.068598,0.069332,1846.1785,183.3657,1764.0,1287.0684,1764.0
1145,custom,resnet34,5,1688,128,4,4,2.67657,29.6875,69.53125,0.000403,0.068553,0.068955,1856.271,183.3657,1764.0,1287.0684,1764.0
1145,custom,resnet34,5,1689,128,4,4,2.848836,25.78125,58.59375,0.000138,0.068983,0.069122,1851.8087,183.3657,1764.0,1287.0684,1764.0
1145,custom,resnet34,5,1690,128,4,4,2.886186,31.25,61.71875,0.000562,0.068627,0.069189,1849.9952,183.3657,1764.0,1287.0684,1764.0
1145,custom,resnet34,5,1691,128,4,4,2.638181,25.78125,67.1875,0.000132,0.068623,0.068755,1861.6802,183.3657,1764.0,1287.0684,1764.0
1145,custom,resnet34,5,1692,128,4,4,2.504979,31.25,70.3125,0.000151,0.068579,0.068731,1862.3452,183.3657,1764.0,1287.0684,1764.0
1145,custom,resnet34,5,1693,128,4,4,2.759018,27.34375,62.5,0.000409,0.069119,0.069528,1840.982,183.3657,1764.0,1287.0684,1764.0
1145,custom,resnet34,5,1694,128,4,4,2.844975,31.25,57.03125,0.000806,0.06977,0.070576,1813.659,183.3657,1764.0,1287.0684,1764.0
1145,custom,resnet34,5,1695,128,4,4,2.709496,32.8125,60.9375,0.000126,0.068608,0.068734,1862.2465,183.3657,1764.0,1287.0684,1764.0
1145,custom,resnet34,5,1696,128,4,4,2.78467,33.59375,59.375,0.000551,0.068652,0.069203,1849.6287,183.3657,1764.0,1287.0684,1764.0
1145,custom,resnet34,5,1697,128,4,4,2.893054,23.4375,60.9375,0.000542,0.069068,0.06961,1838.8225,183.3657,1764.0,1287.0684,1764.0
1145,custom,resnet34,5,1698,128,4,4,2.653827,30.46875,60.15625,0.0002,0.068616,0.068815,1860.0483,183.3657,1764.0,1287.0684,1764.0
1145,custom,resnet34,5,1699,128,4,4,2.606982,28.90625,70.3125,0.000129,0.068546,0.068675,1863.8542,183.3657,1764.0,1287.0684,1764.0
1145,custom,resnet34,5,1700,128,4,4,2.826671,25.0,56.25,0.000384,0.068679,0.069064,1853.3644,183.3657,1764.0,1287.0684,1764.0
1145,custom,resnet34,5,1701,128,4,4,2.772644,29.6875,62.5,0.000123,0.068899,0.069023,1854.4571,183.3657,1764.0,1287.0684,1764.0
1145,custom,resnet34,5,1702,128,4,4,2.72857,36.71875,67.1875,0.000181,0.068493,0.068674,1863.8748,183.3657,1764.0,1287.0684,1764.0
1145,custom,resnet34,5,1703,128,4,4,2.82287,31.25,65.625,0.001263,0.068794,0.070057,1827.071,183.3657,1764.0,1287.0684,1764.0
1145,custom,resnet34,5,1704,128,4,4,2.724263,32.03125,63.28125,0.000431,0.069286,0.069717,1836.0003,183.3657,1764.0,1287.0684,1764.0
1145,custom,resnet34,5,1705,128,4,4,2.533286,30.46875,70.3125,0.00013,0.06911,0.06924,1848.6367,183.3657,1764.0,1287.0684,1764.0
1145,custom,resnet34,5,1706,128,4,4,2.470449,35.15625,67.1875,0.000212,0.068562,0.068774,1861.1725,183.3657,1764.0,1287.0684,1764.0
1145,custom,resnet34,5,1707,128,4,4,2.695824,28.90625,63.28125,0.000233,0.068671,0.068905,1857.6424,183.3657,1764.0,1287.0684,1764.0
1145,custom,resnet34,5,1708,128,4,4,2.577664,32.03125,71.09375,0.000213,0.068672,0.068885,1858.1755,183.3657,1764.0,1287.0684,1764.0
1145,custom,resnet34,5,1709,128,4,4,2.614327,31.25,68.75,0.000276,0.068946,0.069221,1849.1428,183.3657,1764.0,1287.0684,1764.0
1145,custom,resnet34,5,1710,128,4,4,2.737752,27.34375,57.03125,0.000204,0.068627,0.068832,1859.6088,183.3657,1764.0,1287.0684,1764.0
1145,custom,resnet34,5,1711,128,4,4,2.614672,35.9375,60.9375,0.000193,0.068577,0.06877,1861.2748,183.3657,1764.0,1287.0684,1764.0
1145,custom,resnet34,5,1712,128,4,4,2.509709,35.9375,67.96875,0.0005,0.068537,0.069037,1854.088,183.3657,1764.0,1287.0684,1764.0
1145,custom,resnet34,5,1713,128,4,4,2.818016,28.90625,57.03125,0.000616,0.068607,0.069223,1849.0929,183.3657,1764.0,1287.0684,1764.0
1145,custom,resnet34,5,1714,128,4,4,2.583144,32.8125,72.65625,0.000261,0.068536,0.068797,1860.5395,183.3657,1764.0,1287.0684,1764.0
1145,custom,resnet34,5,1715,128,4,4,2.932331,30.46875,58.59375,0.000354,0.068637,0.068991,1855.3227,183.3657,1764.0,1287.0684,1764.0
1145,custom,resnet34,5,1716,128,4,4,2.825764,21.09375,58.59375,0.000374,0.068738,0.069112,1852.0702,183.3657,1764.0,1287.0684,1764.0
1145,custom,resnet34,5,1717,128,4,4,2.738223,38.28125,64.0625,0.000207,0.068938,0.069145,1851.1853,183.3657,1764.0,1287.0684,1764.0
1145,custom,resnet34,5,1718,128,4,4,2.846522,27.34375,58.59375,0.00019,0.06851,0.0687,1863.1611,183.3657,1764.0,1287.0684,1764.0
1145,custom,resnet34,5,1719,128,4,4,2.748291,25.78125,59.375,0.000693,0.068988,0.069681,1836.9544,183.3657,1764.0,1287.0684,1764.0
1145,custom,resnet34,5,1720,128,4,4,2.638422,31.25,64.84375,0.000226,0.06863,0.068856,1858.9529,183.3657,1764.0,1287.0684,1764.0
1145,custom,resnet34,5,1721,128,4,4,2.859471,32.8125,57.8125,0.000427,0.068996,0.069424,1843.75,183.3657,1764.0,1287.0684,1764.0
1145,custom,resnet34,5,1722,128,4,4,2.731696,27.34375,63.28125,0.000708,0.068519,0.069227,1848.9842,183.3657,1764.0,1287.0684,1764.0
1145,custom,resnet34,5,1723,128,4,4,2.765926,28.125,63.28125,0.000133,0.06862,0.068753,1861.7321,183.3657,1764.0,1287.0684,1764.0
1145,custom,resnet34,5,1724,128,4,4,2.63408,31.25,71.09375,0.000445,0.068948,0.069393,1844.5693,183.3657,1764.0,1287.0684,1764.0
1145,custom,resnet34,5,1725,128,4,4,2.720603,33.59375,62.5,0.000495,0.069028,0.069523,1841.1076,183.3657,1764.0,1287.0684,1764.0
1145,custom,resnet34,5,1726,128,4,4,2.708372,30.46875,64.0625,0.000465,0.068504,0.068969,1855.8971,183.3657,1764.0,1287.0684,1764.0
1145,custom,resnet34,5,1727,128,4,4,2.613405,36.71875,65.625,0.000128,0.068567,0.068695,1863.3034,183.3657,1764.0,1287.0684,1764.0
1145,custom,resnet34,5,1728,128,4,4,2.719801,30.46875,60.9375,0.0002,0.06848,0.06868,1863.7228,183.3657,1764.0,1287.0684,1764.0
1145,custom,resnet34,5,1729,128,4,4,2.820833,31.25,57.03125,0.000176,0.068791,0.068967,1855.9548,183.3657,1764.0,1287.0684,1764.0
1145,custom,resnet34,5,1730,128,4,4,2.546723,36.71875,67.1875,0.000186,0.068552,0.068738,1862.1532,183.3657,1764.0,1287.0684,1764.0
1145,custom,resnet34,5,1731,128,4,4,2.855523,26.5625,60.9375,0.000387,0.068625,0.069012,1854.7542,183.3657,1764.0,1287.0684,1764.0
1145,custom,resnet34,5,1732,128,4,4,2.745781,26.5625,59.375,0.000279,0.068349,0.068628,1865.1238,183.3657,1764.0,1287.0684,1764.0
1145,custom,resnet34,5,1733,128,4,4,2.66277,29.6875,58.59375,0.000429,0.06915,0.069579,1839.6396,183.3657,1764.0,1287.0684,1764.0
1145,custom,resnet34,5,1734,128,4,4,2.446227,32.8125,72.65625,0.000537,0.068673,0.06921,1849.4457,183.3657,1764.0,1287.0684,1764.0
1145,custom,resnet34,5,1735,128,4,4,2.680502,28.90625,64.0625,0.000342,0.068444,0.068787,1860.8288,183.3657,1764.0,1287.0684,1764.0
1145,custom,resnet34,5,1736,128,4,4,2.631594,35.15625,64.0625,0.000338,0.068571,0.068908,1857.5457,183.3657,1764.0,1287.0684,1764.0
1145,custom,resnet34,5,1737,128,4,4,2.649365,33.59375,65.625,0.000639,0.068922,0.069561,1840.1155,183.3657,1764.0,1287.0684,1764.0
1145,custom,resnet34,5,1738,128,4,4,2.80676,28.125,63.28125,0.000203,0.068577,0.06878,1860.9992,183.3657,1764.0,1287.0684,1764.0
1145,custom,resnet34,5,1739,128,4,4,2.658368,33.59375,62.5,0.000222,0.068576,0.068797,1860.5378,183.3657,1764.0,1287.0684,1764.0
1145,custom,resnet34,5,1740,128,4,4,2.630072,30.46875,63.28125,0.0003,0.06873,0.06903,1854.2573,183.3657,1764.0,1287.0684,1764.0
1145,custom,resnet34,5,1741,128,4,4,2.741241,31.25,61.71875,0.000294,0.068932,0.069226,1849.0257,183.3657,1764.0,1287.0684,1764.0
1145,custom,resnet34,5,1742,128,4,4,2.86739,23.4375,58.59375,0.000195,0.068657,0.068852,1859.061,183.3657,1764.0,1287.0684,1764.0
1145,custom,resnet34,5,1743,128,4,4,2.648967,30.46875,63.28125,0.000392,0.068706,0.069098,1852.4365,183.3657,1764.0,1287.0684,1764.0
1145,custom,resnet34,5,1744,128,4,4,2.594168,35.9375,65.625,0.000139,0.068494,0.068633,1864.9949,183.3657,1764.0,1287.0684,1764.0
1145,custom,resnet34,5,1745,128,4,4,2.690819,30.46875,62.5,0.000424,0.068648,0.069072,1853.1341,183.3657,1764.0,1287.0684,1764.0
1145,custom,resnet34,5,1746,128,4,4,2.729337,29.6875,61.71875,0.000293,0.068586,0.06888,1858.3144,183.3657,1764.0,1287.0684,1764.0
1145,custom,resnet34,5,1747,128,4,4,2.779723,35.15625,57.8125,0.00013,0.068689,0.068819,1859.9547,183.3657,1764.0,1287.0684,1764.0
1145,custom,resnet34,5,1748,128,4,4,2.634995,26.5625,63.28125,0.000133,0.068566,0.068699,1863.1918,183.3657,1764.0,1287.0684,1764.0
1145,custom,resnet34,5,1749,128,4,4,2.572798,35.9375,65.625,0.000793,0.068898,0.069691,1836.6767,183.3657,1764.0,1287.0684,1764.0
1145,custom,resnet34,5,1750,128,4,4,2.73501,28.125,60.9375,0.000188,0.068612,0.0688,1860.4643,183.3657,1764.0,1287.0684,1764.0
1145,custom,resnet34,5,1751,128,4,4,2.611671,30.46875,64.84375,0.000348,0.068589,0.068937,1856.7748,183.3657,1764.0,1287.0684,1764.0
1145,custom,resnet34,5,1752,128,4,4,2.718035,26.5625,58.59375,0.003162,0.068742,0.071904,1780.1555,183.3657,1764.0,1287.0684,1764.0
1145,custom,resnet34,5,1753,128,4,4,2.499309,33.59375,66.40625,0.000211,0.068972,0.069183,1850.1709,183.3657,1764.0,1287.0684,1764.0
1145,custom,resnet34,5,1754,128,4,4,2.767588,29.6875,61.71875,0.00016,0.068573,0.068733,1862.2908,183.3657,1764.0,1287.0684,1764.0
1145,custom,resnet34,5,1755,128,4,4,2.810582,25.0,58.59375,0.000468,0.0691,0.069569,1839.905,183.3657,1764.0,1287.0684,1764.0
1145,custom,resnet34,5,1756,128,4,4,2.881803,28.125,56.25,0.000224,0.068711,0.068935,1856.8223,183.3657,1764.0,1287.0684,1764.0
1145,custom,resnet34,5,1757,128,4,4,2.787295,30.46875,63.28125,8.8e-05,0.068839,0.068927,1857.0259,183.3657,1764.0,1287.0684,1764.0
1145,custom,resnet34,5,1758,128,4,4,2.719788,28.90625,64.0625,0.000211,0.068806,0.069017,1854.6158,183.3657,1764.0,1287.0684,1764.0
1145,custom,resnet34,5,1759,128,4,4,2.704659,33.59375,61.71875,0.000211,0.068716,0.068927,1857.0333,183.3657,1764.0,1287.0684,1764.0
1145,custom,resnet34,5,1760,128,4,4,2.69411,25.0,63.888889,8.3e-05,0.0386,0.038683,1861.2789,182.1885,1764.0,1287.0684,1764.0
1145,custom,resnet34,6,1761,128,4,4,2.428273,31.25,71.875,0.087556,0.068684,0.15624,819.2549,183.3657,1764.0,1287.0684,1764.0
1145,custom,resnet34,6,1762,128,4,4,2.361963,38.28125,67.96875,0.000703,0.068875,0.069578,1839.6606,183.3657,1764.0,1287.0684,1764.0
1145,custom,resnet34,6,1763,128,4,4,2.493789,38.28125,65.625,0.000136,0.068518,0.068654,1864.422,183.3657,1764.0,1287.0684,1764.0
1145,custom,resnet34,6,1764,128,4,4,2.581614,38.28125,62.5,0.000376,0.06875,0.069126,1851.6822,183.3657,1764.0,1287.0684,1764.0
1145,custom,resnet34,6,1765,128,4,4,2.533697,33.59375,66.40625,0.000223,0.068616,0.068839,1859.4171,183.3657,1764.0,1287.0684,1764.0
1145,custom,resnet34,6,1766,128,4,4,2.69646,32.8125,61.71875,0.000236,0.070136,0.070373,1818.8896,183.3657,1764.0,1287.0684,1764.0
1145,custom,resnet34,6,1767,128,4,4,2.674341,26.5625,65.625,0.000345,0.068605,0.068951,1856.4003,183.3657,1764.0,1287.0684,1764.0
1145,custom,resnet34,6,1768,128,4,4,2.784003,33.59375,62.5,0.000211,0.068686,0.068897,1857.8327,183.3657,1764.0,1287.0684,1764.0
1145,custom,resnet34,6,1769,128,4,4,2.475199,36.71875,66.40625,0.000649,0.068849,0.069497,1841.7941,183.3657,1764.0,1287.0684,1764.0
1145,custom,resnet34,6,1770,128,4,4,2.60025,28.90625,64.0625,0.000328,0.06995,0.070277,1821.355,183.3657,1764.0,1287.0684,1764.0
1145,custom,resnet34,6,1771,128,4,4,2.260735,40.625,73.4375,0.00037,0.068732,0.069102,1852.3301,183.3657,1764.0,1287.0684,1764.0
1145,custom,resnet34,6,1772,128,4,4,2.546904,34.375,69.53125,0.000972,0.068656,0.069628,1838.3403,183.3657,1764.0,1287.0684,1764.0
1145,custom,resnet34,6,1773,128,4,4,2.58132,34.375,64.84375,0.000116,0.068364,0.06848,1869.1627,183.3657,1764.0,1287.0684,1764.0
1145,custom,resnet34,6,1774,128,4,4,2.465574,34.375,71.09375,0.000192,0.068777,0.068969,1855.904,183.3657,1764.0,1287.0684,1764.0
1145,custom,resnet34,6,1775,128,4,4,2.632755,39.0625,62.5,0.000118,0.068493,0.068611,1865.5919,183.3657,1764.0,1287.0684,1764.0
1145,custom,resnet34,6,1776,128,4,4,2.602305,35.15625,64.0625,0.00038,0.068245,0.068625,1865.2128,183.3657,1764.0,1287.0684,1764.0
1145,custom,resnet34,6,1777,128,4,4,2.548891,35.9375,66.40625,0.000115,0.068465,0.06858,1866.4305,183.3657,1764.0,1287.0684,1764.0
1145,custom,resnet34,6,1778,128,4,4,2.612809,29.6875,63.28125,0.000436,0.068952,0.069388,1844.6861,183.3657,1764.0,1287.0684,1764.0
1145,custom,resnet34,6,1779,128,4,4,2.619596,32.03125,65.625,0.000387,0.068856,0.069244,1848.5467,183.3657,1764.0,1287.0684,1764.0
1145,custom,resnet34,6,1780,128,4,4,2.677336,27.34375,65.625,0.00125,0.068812,0.070063,1826.9353,183.3657,1764.0,1287.0684,1764.0
1145,custom,resnet34,6,1781,128,4,4,2.485326,37.5,64.0625,0.000203,0.068527,0.06873,1862.3717,183.3657,1764.0,1287.0684,1764.0
1145,custom,resnet34,6,1782,128,4,4,2.565339,36.71875,68.75,0.000705,0.068738,0.069443,1843.2389,183.3657,1764.0,1287.0684,1764.0
1145,custom,resnet34,6,1783,128,4,4,2.682603,32.8125,61.71875,0.000128,0.068582,0.06871,1862.8971,183.3657,1764.0,1287.0684,1764.0
1145,custom,resnet34,6,1784,128,4,4,2.513765,34.375,67.96875,0.00028,0.068594,0.068873,1858.4851,183.3657,1764.0,1287.0684,1764.0
1145,custom,resnet34,6,1785,128,4,4,2.75068,26.5625,58.59375,0.000285,0.068504,0.068789,1860.7717,183.3657,1764.0,1287.0684,1764.0
1145,custom,resnet34,6,1786,128,4,4,2.770128,32.03125,62.5,0.000277,0.073923,0.074201,1725.0514,183.3657,1764.0,1287.0684,1764.0
1145,custom,resnet34,6,1787,128,4,4,2.581666,29.6875,60.9375,0.000127,0.068422,0.068549,1867.2787,183.3657,1764.0,1287.0684,1764.0
1145,custom,resnet34,6,1788,128,4,4,2.464853,36.71875,65.625,0.000127,0.068584,0.068711,1862.8707,183.3657,1764.0,1287.0684,1764.0
1145,custom,resnet34,6,1789,128,4,4,2.641626,34.375,64.0625,0.000126,0.068597,0.068723,1862.5369,183.3657,1764.0,1287.0684,1764.0
1145,custom,resnet34,6,1790,128,4,4,2.497613,34.375,64.84375,0.000296,0.07224,0.072537,1764.6258,183.3657,1764.0,1287.0684,1764.0
1145,custom,resnet34,6,1791,128,4,4,2.242006,37.5,77.34375,0.000586,0.068696,0.069282,1847.5117,183.3657,1764.0,1287.0684,1764.0
1145,custom,resnet34,6,1792,128,4,4,2.433951,29.6875,69.53125,0.000128,0.068771,0.068899,1857.7925,183.3657,1764.0,1287.0684,1764.0
1145,custom,resnet34,6,1793,128,4,4,2.58722,28.125,63.28125,0.000229,0.068516,0.068745,1861.9511,183.3657,1764.0,1287.0684,1764.0
1145,custom,resnet34,6,1794,128,4,4,2.53366,33.59375,65.625,0.00028,0.07079,0.07107,1801.0411,183.3657,1764.0,1287.0684,1764.0
1145,custom,resnet34,6,1795,128,4,4,2.588079,32.8125,64.84375,0.000395,0.068521,0.068916,1857.3376,183.3657,1764.0,1287.0684,1764.0
1145,custom,resnet34,6,1796,128,4,4,2.77128,35.15625,62.5,0.000142,0.068523,0.068665,1864.1296,183.3657,1764.0,1287.0684,1764.0
1145,custom,resnet34,6,1797,128,4,4,2.437012,29.6875,72.65625,0.000286,0.068602,0.068888,1858.0926,183.3657,1764.0,1287.0684,1764.0
1145,custom,resnet34,6,1798,128,4,4,2.389862,30.46875,67.1875,0.000181,0.068814,0.068995,1855.2059,183.3657,1764.0,1287.0684,1764.0
1145,custom,resnet34,6,1799,128,4,4,2.579729,26.5625,67.1875,0.000443,0.068756,0.069199,1849.7327,183.3657,1764.0,1287.0684,1764.0
1145,custom,resnet34,6,1800,128,4,4,2.655688,31.25,67.1875,0.000734,0.069131,0.069864,1832.1251,183.3657,1764.0,1287.0684,1764.0
1145,custom,resnet34,6,1801,128,4,4,2.638226,32.03125,59.375,0.00045,0.068581,0.069031,1854.2402,183.3657,1764.0,1287.0684,1764.0
1145,custom,resnet34,6,1802,128,4,4,2.910635,28.90625,54.6875,0.000208,0.068874,0.069081,1852.8876,183.3657,1764.0,1287.0684,1764.0
1145,custom,resnet34,6,1803,128,4,4,2.765772,29.6875,62.5,0.000424,0.068643,0.069067,1853.2846,183.3657,1764.0,1287.0684,1764.0
1145,custom,resnet34,6,1804,128,4,4,2.571359,31.25,67.96875,0.000223,0.068889,0.069112,1852.0554,183.3657,1764.0,1287.0684,1764.0
1145,custom,resnet34,6,1805,128,4,4,2.378968,42.1875,68.75,0.000371,0.068647,0.069017,1854.6123,183.3657,1764.0,1287.0684,1764.0
1145,custom,resnet34,6,1806,128,4,4,2.70265,32.03125,58.59375,0.000337,0.068879,0.069216,1849.2802,183.3657,1764.0,1287.0684,1764.0
1145,custom,resnet34,6,1807,128,4,4,2.633566,26.5625,64.84375,0.000392,0.068672,0.069064,1853.3631,183.3657,1764.0,1287.0684,1764.0
1145,custom,resnet34,6,1808,128,4,4,2.581369,31.25,63.28125,0.000368,0.068626,0.068994,1855.2244,183.3657,1764.0,1287.0684,1764.0
1145,custom,resnet34,6,1809,128,4,4,2.621006,36.71875,67.1875,0.000412,0.068795,0.069207,1849.5195,183.3657,1764.0,1287.0684,1764.0
1145,custom,resnet34,6,1810,128,4,4,2.652112,30.46875,63.28125,0.000198,0.068946,0.069144,1851.2123,183.3657,1764.0,1287.0684,1764.0
1145,custom,resnet34,6,1811,128,4,4,2.353406,39.0625,70.3125,0.000132,0.068604,0.068737,1862.1788,183.3657,1764.0,1287.0684,1764.0
1145,custom,resnet34,6,1812,128,4,4,2.426408,35.9375,65.625,0.000344,0.068549,0.068894,1857.9364,183.3657,1764.0,1287.0684,1764.0
1145,custom,resnet34,6,1813,128,4,4,2.482724,31.25,71.875,0.000117,0.068607,0.068724,1862.5348,183.3657,1764.0,1287.0684,1764.0
1145,custom,resnet34,6,1814,128,4,4,2.440186,33.59375,71.09375,0.000532,0.068946,0.069478,1842.302,183.3657,1764.0,1287.0684,1764.0
1145,custom,resnet34,6,1815,128,4,4,2.720832,30.46875,64.0625,0.000113,0.068506,0.068619,1865.3784,183.3657,1764.0,1287.0684,1764.0
1145,custom,resnet34,6,1816,128,4,4,2.909146,24.21875,55.46875,0.000218,0.06878,0.068998,1855.1263,183.3657,1764.0,1287.0684,1764.0
1145,custom,resnet34,6,1817,128,4,4,2.583836,34.375,71.09375,0.000206,0.068497,0.068704,1863.0748,183.3657,1764.0,1287.0684,1764.0
1145,custom,resnet34,6,1818,128,4,4,2.8051,28.125,65.625,0.000191,0.068931,0.069122,1851.7873,183.3657,1764.0,1287.0684,1764.0
1145,custom,resnet34,6,1819,128,4,4,2.855725,30.46875,60.15625,0.000408,0.068735,0.069144,1851.219,183.3657,1764.0,1287.0684,1764.0
1145,custom,resnet34,6,1820,128,4,4,2.835899,31.25,57.03125,0.000278,0.068449,0.068727,1862.4435,183.3657,1764.0,1287.0684,1764.0
1145,custom,resnet34,6,1821,128,4,4,2.470188,37.5,70.3125,0.000391,0.068689,0.069081,1852.9045,183.3657,1764.0,1287.0684,1764.0
1145,custom,resnet34,6,1822,128,4,4,2.886437,31.25,60.9375,0.000188,0.068938,0.069126,1851.6966,183.3657,1764.0,1287.0684,1764.0
1145,custom,resnet34,6,1823,128,4,4,2.65658,29.6875,64.0625,0.00012,0.068575,0.068696,1863.2952,183.3657,1764.0,1287.0684,1764.0
1145,custom,resnet34,6,1824,128,4,4,2.565502,32.8125,60.9375,0.000203,0.06865,0.068854,1859.0156,183.3657,1764.0,1287.0684,1764.0
1145,custom,resnet34,6,1825,128,4,4,2.580757,28.125,66.40625,0.000755,0.068514,0.069269,1847.8745,183.3657,1764.0,1287.0684,1764.0
1145,custom,resnet34,6,1826,128,4,4,2.402158,33.59375,73.4375,0.000212,0.068948,0.06916,1850.7741,183.3657,1764.0,1287.0684,1764.0
1145,custom,resnet34,6,1827,128,4,4,2.48367,38.28125,64.0625,0.000358,0.068534,0.068892,1857.9882,183.3657,1764.0,1287.0684,1764.0
1145,custom,resnet34,6,1828,128,4,4,2.632617,32.03125,64.0625,0.000394,0.068593,0.068987,1855.4246,183.3657,1764.0,1287.0684,1764.0
1145,custom,resnet34,6,1829,128,4,4,2.501282,37.5,66.40625,0.000618,0.068664,0.069282,1847.5282,183.3657,1764.0,1287.0684,1764.0
1145,custom,resnet34,6,1830,128,4,4,2.624794,37.5,58.59375,0.000336,0.068915,0.069251,1848.3485,183.3657,1764.0,1287.0684,1764.0
1145,custom,resnet34,6,1831,128,4,4,2.672599,28.125,64.84375,0.000358,0.068705,0.069064,1853.3565,183.3657,1764.0,1287.0684,1764.0
1145,custom,resnet34,6,1832,128,4,4,2.511049,38.28125,68.75,0.000649,0.068539,0.069189,1850.018,183.3657,1764.0,1287.0684,1764.0
1145,custom,resnet34,6,1833,128,4,4,2.581135,31.25,63.28125,0.000273,0.068536,0.068809,1860.2241,183.3657,1764.0,1287.0684,1764.0
1145,custom,resnet34,6,1834,128,4,4,2.640422,30.46875,61.71875,0.000201,0.068836,0.069038,1854.0647,183.3657,1764.0,1287.0684,1764.0
1145,custom,resnet34,6,1835,128,4,4,2.423936,35.15625,66.40625,0.000121,0.068572,0.068693,1863.3685,183.3657,1764.0,1287.0684,1764.0
1145,custom,resnet34,6,1836,128,4,4,2.511121,29.6875,64.84375,0.000347,0.068747,0.069094,1852.5402,183.3657,1764.0,1287.0684,1764.0
1145,custom,resnet34,6,1837,128,4,4,2.362256,39.84375,67.96875,0.000168,0.068665,0.068833,1859.5725,183.3657,1764.0,1287.0684,1764.0
1145,custom,resnet34,6,1838,128,4,4,2.587685,32.03125,67.96875,0.000448,0.068902,0.069349,1845.7271,183.3657,1764.0,1287.0684,1764.0
1145,custom,resnet34,6,1839,128,4,4,2.750509,28.125,64.84375,0.000207,0.068569,0.068775,1861.1281,183.3657,1764.0,1287.0684,1764.0
1145,custom,resnet34,6,1840,128,4,4,2.665752,32.03125,66.40625,0.00013,0.068538,0.068667,1864.0567,183.3657,1764.0,1287.0684,1764.0
1145,custom,resnet34,6,1841,128,4,4,2.218714,41.40625,71.875,0.00047,0.068561,0.069031,1854.2442,183.3657,1764.0,1287.0684,1764.0
1145,custom,resnet34,6,1842,128,4,4,2.717363,32.8125,59.375,0.000216,0.06905,0.069266,1847.9454,183.3657,1764.0,1287.0684,1764.0
1145,custom,resnet34,6,1843,128,4,4,2.646387,35.15625,63.28125,0.000136,0.068517,0.068653,1864.4438,183.3657,1764.0,1287.0684,1764.0
1145,custom,resnet34,6,1844,128,4,4,2.757025,28.125,59.375,0.00014,0.068575,0.068715,1862.7561,183.3657,1764.0,1287.0684,1764.0
1145,custom,resnet34,6,1845,128,4,4,2.72691,29.6875,62.5,0.000294,0.068605,0.068899,1857.7839,183.3657,1764.0,1287.0684,1764.0
1145,custom,resnet34,6,1846,128,4,4,2.590428,28.90625,66.40625,0.0002,0.069,0.0692,1849.7091,183.3657,1764.0,1287.0684,1764.0
1145,custom,resnet34,6,1847,128,4,4,2.621213,31.25,67.96875,0.00021,0.06857,0.068779,1861.0278,183.3657,1764.0,1287.0684,1764.0
1145,custom,resnet34,6,1848,128,4,4,2.849061,25.78125,57.8125,0.000214,0.068713,0.068927,1857.0479,183.3657,1764.0,1287.0684,1764.0
1145,custom,resnet34,6,1849,128,4,4,2.863188,25.78125,59.375,0.000301,0.069601,0.069902,1831.1386,183.3657,1764.0,1287.0684,1764.0
1145,custom,resnet34,6,1850,128,4,4,2.711057,28.90625,64.0625,0.000219,0.068827,0.069046,1853.8347,183.3657,1764.0,1287.0684,1764.0
1145,custom,resnet34,6,1851,128,4,4,2.579048,32.03125,62.5,0.000348,0.068648,0.068995,1855.1945,183.3657,1764.0,1287.0684,1764.0
1145,custom,resnet34,6,1852,128,4,4,2.473066,28.90625,69.53125,0.000119,0.068573,0.068693,1863.3678,183.3657,1764.0,1287.0684,1764.0
1145,custom,resnet34,6,1853,128,4,4,2.588957,32.8125,64.0625,0.000572,0.068757,0.069329,1846.26,183.3657,1764.0,1287.0684,1764.0
1145,custom,resnet34,6,1854,128,4,4,2.529742,32.03125,65.625,0.000906,0.068676,0.069582,1839.559,183.3657,1764.0,1287.0684,1764.0
1145,custom,resnet34,6,1855,128,4,4,2.629194,30.46875,60.9375,0.000395,0.06865,0.069045,1853.8766,183.3657,1764.0,1287.0684,1764.0
1145,custom,resnet34,6,1856,128,4,4,2.588857,35.15625,66.40625,0.000135,0.068569,0.068704,1863.0612,183.3657,1764.0,1287.0684,1764.0
1145,custom,resnet34,6,1857,128,4,4,2.493705,34.375,69.53125,0.000291,0.068619,0.06891,1857.505,183.3657,1764.0,1287.0684,1764.0
1145,custom,resnet34,6,1858,128,4,4,2.749988,22.65625,62.5,0.000205,0.068783,0.068988,1855.3841,183.3657,1764.0,1287.0684,1764.0
1145,custom,resnet34,6,1859,128,4,4,2.677201,28.90625,63.28125,0.000121,0.06861,0.06873,1862.3478,183.3657,1764.0,1287.0684,1764.0
1145,custom,resnet34,6,1860,128,4,4,2.343715,34.375,74.21875,0.000128,0.068638,0.068766,1861.3842,183.3657,1764.0,1287.0684,1764.0
1145,custom,resnet34,6,1861,128,4,4,2.667626,33.59375,64.84375,0.000404,0.068562,0.068966,1855.98,183.3657,1764.0,1287.0684,1764.0
1145,custom,resnet34,6,1862,128,4,4,2.372352,42.1875,65.625,0.000518,0.070558,0.071076,1800.8911,183.3657,1764.0,1287.0684,1764.0
1145,custom,resnet34,6,1863,128,4,4,2.610204,37.5,62.5,0.000125,0.068394,0.068519,1868.1038,183.3657,1764.0,1287.0684,1764.0
1145,custom,resnet34,6,1864,128,4,4,2.260064,46.09375,73.4375,0.000119,0.068538,0.068657,1864.3368,183.3657,1764.0,1287.0684,1764.0
1145,custom,resnet34,6,1865,128,4,4,2.706713,25.0,60.9375,0.000134,0.068565,0.0687,1863.1823,183.3657,1764.0,1287.0684,1764.0
1145,custom,resnet34,6,1866,128,4,4,2.573794,32.03125,65.625,0.000197,0.068968,0.069164,1850.6641,183.3657,1764.0,1287.0684,1764.0
1145,custom,resnet34,6,1867,128,4,4,2.684614,35.9375,64.0625,0.00019,0.068793,0.068983,1855.5313,183.3657,1764.0,1287.0684,1764.0
1145,custom,resnet34,6,1868,128,4,4,2.422523,34.375,71.875,0.000329,0.068703,0.069032,1854.2089,183.3657,1764.0,1287.0684,1764.0
1145,custom,resnet34,6,1869,128,4,4,2.542025,34.375,68.75,0.000167,0.068594,0.068761,1861.5161,183.3657,1764.0,1287.0684,1764.0
1145,custom,resnet34,6,1870,128,4,4,2.184505,46.875,75.78125,0.00019,0.068881,0.06907,1853.1808,183.3657,1764.0,1287.0684,1764.0
1145,custom,resnet34,6,1871,128,4,4,2.574405,36.71875,64.0625,0.000334,0.06898,0.069314,1846.677,183.3657,1764.0,1287.0684,1764.0
1145,custom,resnet34,6,1872,128,4,4,2.425613,38.28125,66.40625,0.000218,0.068461,0.068679,1863.7536,183.3657,1764.0,1287.0684,1764.0
1145,custom,resnet34,6,1873,128,4,4,2.699793,29.6875,60.15625,0.000124,0.068556,0.068681,1863.6978,183.3657,1764.0,1287.0684,1764.0
1145,custom,resnet34,6,1874,128,4,4,2.746081,31.25,60.9375,0.000355,0.068843,0.069197,1849.7804,183.3657,1764.0,1287.0684,1764.0
1145,custom,resnet34,6,1875,128,4,4,2.711613,30.46875,65.625,0.00037,0.06858,0.06895,1856.4045,183.3657,1764.0,1287.0684,1764.0
1145,custom,resnet34,6,1876,128,4,4,2.373583,36.71875,72.65625,0.000143,0.068466,0.068609,1865.6522,183.3657,1764.0,1287.0684,1764.0
1145,custom,resnet34,6,1877,128,4,4,2.342731,42.1875,69.53125,0.000141,0.068699,0.06884,1859.3951,183.3657,1764.0,1287.0684,1764.0
1145,custom,resnet34,6,1878,128,4,4,2.495533,33.59375,66.40625,0.000419,0.068894,0.069313,1846.6965,183.3657,1764.0,1287.0684,1764.0
1145,custom,resnet34,6,1879,128,4,4,2.426153,43.75,67.96875,0.000232,0.068666,0.068897,1857.8329,183.3657,1764.0,1287.0684,1764.0
1145,custom,resnet34,6,1880,128,4,4,2.440092,32.03125,72.65625,0.00013,0.068489,0.068619,1865.3648,183.3657,1764.0,1287.0684,1764.0
1145,custom,resnet34,6,1881,128,4,4,2.65922,28.90625,61.71875,0.000218,0.068652,0.06887,1858.5794,183.3657,1764.0,1287.0684,1764.0
1145,custom,resnet34,6,1882,128,4,4,2.568815,32.8125,66.40625,0.000202,0.068698,0.0689,1857.7774,183.3657,1764.0,1287.0684,1764.0
1145,custom,resnet34,6,1883,128,4,4,2.509592,38.28125,67.96875,0.000366,0.068532,0.068898,1857.8169,183.3657,1764.0,1287.0684,1764.0
1145,custom,resnet34,6,1884,128,4,4,2.800037,25.78125,55.46875,0.000201,0.068494,0.068695,1863.3024,183.3657,1764.0,1287.0684,1764.0
1145,custom,resnet34,6,1885,128,4,4,2.509122,37.5,70.3125,0.000118,0.06851,0.068628,1865.1266,183.3657,1764.0,1287.0684,1764.0
1145,custom,resnet34,6,1886,128,4,4,2.576653,30.46875,68.75,0.000208,0.068749,0.068957,1856.2242,183.3657,1764.0,1287.0684,1764.0
1145,custom,resnet34,6,1887,128,4,4,2.678026,23.4375,61.71875,0.000355,0.068563,0.068918,1857.293,183.3657,1764.0,1287.0684,1764.0
1145,custom,resnet34,6,1888,128,4,4,2.444004,35.15625,67.1875,0.000359,0.06854,0.068898,1857.8096,183.3657,1764.0,1287.0684,1764.0
1145,custom,resnet34,6,1889,128,4,4,2.777162,33.59375,64.84375,0.000601,0.068744,0.069345,1845.8511,183.3657,1764.0,1287.0684,1764.0
1145,custom,resnet34,6,1890,128,4,4,2.56789,32.8125,64.0625,0.000646,0.068519,0.069165,1850.6491,183.3657,1764.0,1287.0684,1764.0
1145,custom,resnet34,6,1891,128,4,4,2.508874,34.375,71.09375,0.000118,0.0685,0.068618,1865.3969,183.3657,1764.0,1287.0684,1764.0
1145,custom,resnet34,6,1892,128,4,4,2.645159,33.59375,61.71875,0.000129,0.068059,0.068188,1877.1759,183.3657,1764.0,1287.0684,1764.0
1145,custom,resnet34,6,1893,128,4,4,2.566763,36.71875,65.625,0.000459,0.068603,0.069062,1853.4083,183.3657,1764.0,1287.0684,1764.0
1145,custom,resnet34,6,1894,128,4,4,2.607515,32.03125,65.625,0.000196,0.068767,0.068963,1856.0545,183.3657,1764.0,1287.0684,1764.0
1145,custom,resnet34,6,1895,128,4,4,2.625697,32.8125,60.9375,0.000118,0.068526,0.068644,1864.6984,183.3657,1764.0,1287.0684,1764.0
1145,custom,resnet34,6,1896,128,4,4,2.645753,32.03125,64.84375,0.000123,0.06854,0.068663,1864.1778,183.3657,1764.0,1287.0684,1764.0
1145,custom,resnet34,6,1897,128,4,4,2.866897,28.125,60.15625,0.000611,0.068717,0.069329,1846.2811,183.3657,1764.0,1287.0684,1764.0
1145,custom,resnet34,6,1898,128,4,4,2.689768,31.25,61.71875,0.000296,0.068669,0.068965,1856.0135,183.3657,1764.0,1287.0684,1764.0
1145,custom,resnet34,6,1899,128,4,4,2.538993,29.6875,64.84375,0.000365,0.068574,0.068939,1856.7246,183.3657,1764.0,1287.0684,1764.0
1145,custom,resnet34,6,1900,128,4,4,2.488222,38.28125,75.0,0.000121,0.068446,0.068567,1866.7977,183.3657,1764.0,1287.0684,1764.0
1145,custom,resnet34,6,1901,128,4,4,2.518098,35.15625,64.0625,0.000579,0.068489,0.069068,1853.2529,183.3657,1764.0,1287.0684,1764.0
1145,custom,resnet34,6,1902,128,4,4,2.654094,35.15625,63.28125,0.000167,0.068675,0.068842,1859.3303,183.3657,1764.0,1287.0684,1764.0
1145,custom,resnet34,6,1903,128,4,4,2.511631,34.375,65.625,0.000122,0.068521,0.068642,1864.7386,183.3657,1764.0,1287.0684,1764.0
1145,custom,resnet34,6,1904,128,4,4,2.396979,35.9375,69.53125,0.000349,0.068571,0.068919,1857.2482,183.3657,1764.0,1287.0684,1764.0
1145,custom,resnet34,6,1905,128,4,4,2.455013,42.1875,67.1875,0.000454,0.068632,0.069086,1852.7608,183.3657,1764.0,1287.0684,1764.0
1145,custom,resnet34,6,1906,128,4,4,2.381193,38.28125,72.65625,0.000296,0.068689,0.068986,1855.4596,183.3657,1764.0,1287.0684,1764.0
1145,custom,resnet34,6,1907,128,4,4,2.754187,30.46875,60.9375,0.000384,0.068588,0.068972,1855.8158,183.3657,1764.0,1287.0684,1764.0
1145,custom,resnet34,6,1908,128,4,4,2.594936,32.03125,63.28125,0.000268,0.068497,0.068765,1861.4173,183.3657,1764.0,1287.0684,1764.0
1145,custom,resnet34,6,1909,128,4,4,2.482737,31.25,70.3125,0.000354,0.068571,0.068925,1857.0815,183.3657,1764.0,1287.0684,1764.0
1145,custom,resnet34,6,1910,128,4,4,2.533072,32.03125,69.53125,0.000194,0.068883,0.069078,1852.9828,183.3657,1764.0,1287.0684,1764.0
1145,custom,resnet34,6,1911,128,4,4,2.537215,32.03125,69.53125,0.000183,0.068648,0.068831,1859.6225,183.3657,1764.0,1287.0684,1764.0
1145,custom,resnet34,6,1912,128,4,4,2.510034,33.59375,67.1875,0.000127,0.068638,0.068764,1861.4304,183.3657,1764.0,1287.0684,1764.0
1145,custom,resnet34,6,1913,128,4,4,2.602523,27.34375,67.96875,0.000285,0.069062,0.069347,1845.7944,183.3657,1764.0,1287.0684,1764.0
1145,custom,resnet34,6,1914,128,4,4,2.896329,26.5625,59.375,0.000355,0.069314,0.069668,1837.2788,183.3657,1764.0,1287.0684,1764.0
1145,custom,resnet34,6,1915,128,4,4,2.906653,23.4375,58.59375,0.000656,0.068727,0.069383,1844.8294,183.3657,1764.0,1287.0684,1764.0
1145,custom,resnet34,6,1916,128,4,4,2.580876,34.375,70.3125,0.000129,0.06867,0.068799,1860.4954,183.3657,1764.0,1287.0684,1764.0
1145,custom,resnet34,6,1917,128,4,4,2.410604,37.5,74.21875,0.000616,0.068726,0.069342,1845.9251,183.3657,1764.0,1287.0684,1764.0
1145,custom,resnet34,6,1918,128,4,4,2.676197,35.9375,62.5,0.000205,0.06894,0.069146,1851.1617,183.3657,1764.0,1287.0684,1764.0
1145,custom,resnet34,6,1919,128,4,4,2.82182,30.46875,61.71875,0.000375,0.068475,0.06885,1859.1103,183.3657,1764.0,1287.0684,1764.0
1145,custom,resnet34,6,1920,128,4,4,2.48445,32.03125,68.75,0.000117,0.068439,0.068556,1867.097,183.3657,1764.0,1287.0684,1764.0
1145,custom,resnet34,6,1921,128,4,4,2.500277,33.59375,69.53125,0.000618,0.068608,0.069226,1849.026,183.3657,1764.0,1287.0684,1764.0
1145,custom,resnet34,6,1922,128,4,4,2.618821,31.25,64.0625,0.000416,0.068852,0.069268,1847.8961,183.3657,1764.0,1287.0684,1764.0
1145,custom,resnet34,6,1923,128,4,4,2.546689,31.25,66.40625,0.000394,0.068493,0.068887,1858.122,183.3657,1764.0,1287.0684,1764.0
1145,custom,resnet34,6,1924,128,4,4,2.322664,37.5,68.75,0.000119,0.068531,0.068651,1864.5119,183.3657,1764.0,1287.0684,1764.0
1145,custom,resnet34,6,1925,128,4,4,2.384944,35.9375,71.09375,0.000456,0.068565,0.069021,1854.5102,183.3657,1764.0,1287.0684,1764.0
1145,custom,resnet34,6,1926,128,4,4,2.538454,30.46875,67.96875,0.000192,0.068774,0.068966,1855.9936,183.3657,1764.0,1287.0684,1764.0
1145,custom,resnet34,6,1927,128,4,4,2.574733,35.9375,62.5,0.0002,0.068339,0.068538,1867.5636,183.3657,1764.0,1287.0684,1764.0
1145,custom,resnet34,6,1928,128,4,4,2.7716,32.8125,59.375,0.000117,0.068391,0.068508,1868.3924,183.3657,1764.0,1287.0684,1764.0
1145,custom,resnet34,6,1929,128,4,4,2.682066,28.90625,58.59375,0.000586,0.068758,0.069343,1845.8869,183.3657,1764.0,1287.0684,1764.0
1145,custom,resnet34,6,1930,128,4,4,2.569414,35.15625,63.28125,0.000192,0.068779,0.068971,1855.8635,183.3657,1764.0,1287.0684,1764.0
1145,custom,resnet34,6,1931,128,4,4,2.446056,32.8125,71.09375,0.000112,0.068404,0.068515,1868.1919,183.3657,1764.0,1287.0684,1764.0
1145,custom,resnet34,6,1932,128,4,4,2.769343,30.46875,62.5,0.000397,0.068823,0.06922,1849.1691,183.3657,1764.0,1287.0684,1764.0
1145,custom,resnet34,6,1933,128,4,4,2.763652,25.78125,62.5,0.000913,0.068374,0.069287,1847.3899,183.3657,1764.0,1287.0684,1764.0
1145,custom,resnet34,6,1934,128,4,4,2.918978,26.5625,56.25,0.000387,0.068619,0.069006,1854.9115,183.3657,1764.0,1287.0684,1764.0
1145,custom,resnet34,6,1935,128,4,4,2.563643,39.84375,70.3125,0.000234,0.068425,0.068659,1864.2982,183.3657,1764.0,1287.0684,1764.0
1145,custom,resnet34,6,1936,128,4,4,2.258147,39.84375,75.0,0.000576,0.068486,0.069062,1853.4062,183.3657,1764.0,1287.0684,1764.0
1145,custom,resnet34,6,1937,128,4,4,2.473152,32.03125,69.53125,0.000137,0.068518,0.068654,1864.4082,183.3657,1764.0,1287.0684,1764.0
1145,custom,resnet34,6,1938,128,4,4,2.736508,28.90625,62.5,0.000369,0.068591,0.06896,1856.1476,183.3657,1764.0,1287.0684,1764.0
1145,custom,resnet34,6,1939,128,4,4,2.844951,29.6875,58.59375,0.000354,0.071081,0.071435,1791.8331,183.3657,1764.0,1287.0684,1764.0
1145,custom,resnet34,6,1940,128,4,4,2.767282,32.8125,62.5,0.000406,0.06856,0.068966,1855.9831,183.3657,1764.0,1287.0684,1764.0
1145,custom,resnet34,6,1941,128,4,4,2.455083,29.6875,71.875,0.000269,0.06847,0.06874,1862.0975,183.3657,1764.0,1287.0684,1764.0
1145,custom,resnet34,6,1942,128,4,4,2.605669,33.59375,59.375,0.000411,0.068823,0.069233,1848.8183,183.3657,1764.0,1287.0684,1764.0
1145,custom,resnet34,6,1943,128,4,4,2.930264,28.90625,53.90625,0.000222,0.068649,0.068871,1858.5562,183.3657,1764.0,1287.0684,1764.0
1145,custom,resnet34,6,1944,128,4,4,2.654137,32.8125,61.71875,0.000135,0.068536,0.068671,1863.9608,183.3657,1764.0,1287.0684,1764.0
1145,custom,resnet34,6,1945,128,4,4,2.492709,31.25,68.75,0.000426,0.068533,0.06896,1856.1596,183.3657,1764.0,1287.0684,1764.0
1145,custom,resnet34,6,1946,128,4,4,2.326229,40.625,70.3125,0.000212,0.068778,0.06899,1855.3328,183.3657,1764.0,1287.0684,1764.0
1145,custom,resnet34,6,1947,128,4,4,2.654974,27.34375,70.3125,0.000346,0.068566,0.068913,1857.4253,183.3657,1764.0,1287.0684,1764.0
1145,custom,resnet34,6,1948,128,4,4,2.776953,28.90625,55.46875,0.000116,0.068346,0.068462,1869.6452,183.3657,1764.0,1287.0684,1764.0
1145,custom,resnet34,6,1949,128,4,4,2.366427,39.0625,70.3125,0.000273,0.068579,0.068852,1859.0652,183.3657,1764.0,1287.0684,1764.0
1145,custom,resnet34,6,1950,128,4,4,2.616206,32.03125,70.3125,0.000288,0.068746,0.069034,1854.1577,183.3657,1764.0,1287.0684,1764.0
1145,custom,resnet34,6,1951,128,4,4,2.633815,29.6875,67.1875,0.000403,0.068589,0.068993,1855.2718,183.3657,1764.0,1287.0684,1764.0
1145,custom,resnet34,6,1952,128,4,4,2.664255,32.03125,66.40625,0.000356,0.068474,0.06883,1859.6494,183.3657,1764.0,1287.0684,1764.0
1145,custom,resnet34,6,1953,128,4,4,2.693503,30.46875,67.1875,0.000631,0.069116,0.069747,1835.208,183.3657,1764.0,1287.0684,1764.0
1145,custom,resnet34,6,1954,128,4,4,2.38219,41.40625,68.75,0.000192,0.068587,0.06878,1861.0177,183.3657,1764.0,1287.0684,1764.0
1145,custom,resnet34,6,1955,128,4,4,2.583992,30.46875,71.09375,0.000128,0.068554,0.068682,1863.6558,183.3657,1764.0,1287.0684,1764.0
1145,custom,resnet34,6,1956,128,4,4,2.299641,39.0625,69.53125,0.000361,0.068597,0.068958,1856.2131,183.3657,1764.0,1287.0684,1764.0
1145,custom,resnet34,6,1957,128,4,4,2.616029,35.9375,68.75,0.000631,0.074603,0.075234,1701.354,183.3657,1764.0,1287.0684,1764.0
1145,custom,resnet34,6,1958,128,4,4,2.545209,32.8125,67.96875,0.000223,0.06873,0.068954,1856.3194,183.3657,1764.0,1287.0684,1764.0
1145,custom,resnet34,6,1959,128,4,4,2.563339,28.125,63.28125,0.000121,0.068503,0.068624,1865.2485,183.3657,1764.0,1287.0684,1764.0
1145,custom,resnet34,6,1960,128,4,4,2.27421,40.625,74.21875,0.00012,0.068557,0.068677,1863.7886,183.3657,1764.0,1287.0684,1764.0
1145,custom,resnet34,6,1961,128,4,4,2.315604,42.1875,65.625,0.000243,0.068896,0.06914,1851.3272,183.3657,1764.0,1287.0684,1764.0
1145,custom,resnet34,6,1962,128,4,4,2.515104,35.9375,67.1875,0.000205,0.068907,0.069112,1852.0671,183.3657,1764.0,1287.0684,1764.0
1145,custom,resnet34,6,1963,128,4,4,2.649518,33.59375,64.84375,0.000118,0.068457,0.068575,1866.5705,183.3657,1764.0,1287.0684,1764.0
1145,custom,resnet34,6,1964,128,4,4,2.290083,40.625,73.4375,0.000133,0.068648,0.06878,1860.9973,183.3657,1764.0,1287.0684,1764.0
1145,custom,resnet34,6,1965,128,4,4,2.500659,29.6875,69.53125,0.000417,0.06874,0.069158,1850.8469,183.3657,1764.0,1287.0684,1764.0
1145,custom,resnet34,6,1966,128,4,4,2.399232,37.5,71.09375,0.000167,0.068821,0.068989,1855.3783,183.3657,1764.0,1287.0684,1764.0
1145,custom,resnet34,6,1967,128,4,4,2.726983,29.6875,64.84375,0.000368,0.068451,0.068819,1859.9512,183.3657,1764.0,1287.0684,1764.0
1145,custom,resnet34,6,1968,128,4,4,2.617325,31.25,62.5,0.000379,0.068418,0.068797,1860.5433,183.3657,1764.0,1287.0684,1764.0
1145,custom,resnet34,6,1969,128,4,4,2.495097,30.46875,66.40625,0.000912,0.068533,0.069445,1843.18,183.3657,1764.0,1287.0684,1764.0
1145,custom,resnet34,6,1970,128,4,4,2.615076,28.125,64.84375,0.000197,0.068781,0.068978,1855.6655,183.3657,1764.0,1287.0684,1764.0
1145,custom,resnet34,6,1971,128,4,4,2.505763,34.375,68.75,0.000345,0.068658,0.069003,1854.9823,183.3657,1764.0,1287.0684,1764.0
1145,custom,resnet34,6,1972,128,4,4,2.475391,33.59375,68.75,0.000387,0.068163,0.068549,1867.2713,183.3657,1764.0,1287.0684,1764.0
1145,custom,resnet34,6,1973,128,4,4,2.600379,33.59375,64.0625,0.000454,0.068473,0.068927,1857.0324,183.3657,1764.0,1287.0684,1764.0
1145,custom,resnet34,6,1974,128,4,4,2.52281,29.6875,64.84375,0.000197,0.068762,0.068958,1856.1942,183.3657,1764.0,1287.0684,1764.0
1145,custom,resnet34,6,1975,128,4,4,2.413078,35.15625,64.84375,0.000119,0.068475,0.068593,1866.0722,183.3657,1764.0,1287.0684,1764.0
1145,custom,resnet34,6,1976,128,4,4,2.447518,39.0625,67.1875,0.00041,0.068826,0.069236,1848.7605,183.3657,1764.0,1287.0684,1764.0
1145,custom,resnet34,6,1977,128,4,4,2.461856,35.15625,69.53125,0.000306,0.068631,0.068937,1856.761,183.3657,1764.0,1287.0684,1764.0
1145,custom,resnet34,6,1978,128,4,4,2.46792,32.8125,67.1875,0.000566,0.068659,0.069224,1849.0647,183.3657,1764.0,1287.0684,1764.0
1145,custom,resnet34,6,1979,128,4,4,2.444841,36.71875,65.625,0.00013,0.06838,0.068509,1868.3594,183.3657,1764.0,1287.0684,1764.0
1145,custom,resnet34,6,1980,128,4,4,2.61944,30.46875,59.375,0.000395,0.06865,0.069045,1853.8689,183.3657,1764.0,1287.0684,1764.0
1145,custom,resnet34,6,1981,128,4,4,2.396606,29.6875,73.4375,0.000217,0.068565,0.068782,1860.9541,183.3657,1764.0,1287.0684,1764.0
1145,custom,resnet34,6,1982,128,4,4,2.653341,28.125,64.84375,0.000201,0.068826,0.069027,1854.3441,183.3657,1764.0,1287.0684,1764.0
1145,custom,resnet34,6,1983,128,4,4,2.451338,42.96875,67.96875,0.000364,0.068708,0.069072,1853.1359,183.3657,1764.0,1287.0684,1764.0
1145,custom,resnet34,6,1984,128,4,4,2.546049,38.28125,66.40625,0.000424,0.068519,0.068944,1856.5922,183.3657,1764.0,1287.0684,1764.0
1145,custom,resnet34,6,1985,128,4,4,2.638929,30.46875,64.84375,0.000303,0.068445,0.068748,1861.8675,183.3657,1764.0,1287.0684,1764.0
1145,custom,resnet34,6,1986,128,4,4,2.375331,37.5,74.21875,0.000193,0.068967,0.069159,1850.7966,183.3657,1764.0,1287.0684,1764.0
1145,custom,resnet34,6,1987,128,4,4,2.670197,29.6875,62.5,0.000354,0.068601,0.068956,1856.2637,183.3657,1764.0,1287.0684,1764.0
1145,custom,resnet34,6,1988,128,4,4,2.521689,32.8125,62.5,0.00037,0.068735,0.069106,1852.24,183.3657,1764.0,1287.0684,1764.0
1145,custom,resnet34,6,1989,128,4,4,2.534287,35.9375,67.1875,0.000115,0.068532,0.068647,1864.6236,183.3657,1764.0,1287.0684,1764.0
1145,custom,resnet34,6,1990,128,4,4,2.474689,36.71875,65.625,0.000199,0.068686,0.068886,1858.1553,183.3657,1764.0,1287.0684,1764.0
1145,custom,resnet34,6,1991,128,4,4,2.813455,28.90625,62.5,0.000163,0.068695,0.068858,1858.9013,183.3657,1764.0,1287.0684,1764.0
1145,custom,resnet34,6,1992,128,4,4,2.461252,42.1875,70.3125,0.000135,0.068387,0.068522,1868.0196,183.3657,1764.0,1287.0684,1764.0
1145,custom,resnet34,6,1993,128,4,4,2.449944,34.375,64.0625,0.000259,0.068503,0.068762,1861.4884,183.3657,1764.0,1287.0684,1764.0
1145,custom,resnet34,6,1994,128,4,4,2.770574,27.34375,60.9375,0.000214,0.068766,0.06898,1855.6196,183.3657,1764.0,1287.0684,1764.0
1145,custom,resnet34,6,1995,128,4,4,2.62258,35.15625,60.9375,0.000429,0.068682,0.069111,1852.1054,183.3657,1764.0,1287.0684,1764.0
1145,custom,resnet34,6,1996,128,4,4,2.713593,31.25,61.71875,0.000145,0.068501,0.068647,1864.6173,183.3657,1764.0,1287.0684,1764.0
1145,custom,resnet34,6,1997,128,4,4,2.450032,35.15625,67.1875,0.000378,0.06866,0.069038,1854.0453,183.3657,1764.0,1287.0684,1764.0
1145,custom,resnet34,6,1998,128,4,4,2.718844,29.6875,63.28125,0.000286,0.069263,0.069549,1840.4239,183.3657,1764.0,1287.0684,1764.0
1145,custom,resnet34,6,1999,128,4,4,2.578201,25.0,70.3125,0.000293,0.069489,0.069782,1834.2753,183.3657,1764.0,1287.0684,1764.0
1145,custom,resnet34,6,2000,128,4,4,2.572124,32.8125,65.625,0.00038,0.068763,0.069142,1851.253,183.3657,1764.0,1287.0684,1764.0
1145,custom,resnet34,6,2001,128,4,4,2.647388,33.59375,61.71875,0.00028,0.068681,0.068961,1856.1097,183.3657,1764.0,1287.0684,1764.0
1145,custom,resnet34,6,2002,128,4,4,2.483675,42.1875,64.84375,0.000195,0.068901,0.069096,1852.4833,183.3657,1764.0,1287.0684,1764.0
1145,custom,resnet34,6,2003,128,4,4,2.630504,33.59375,64.84375,0.000133,0.068678,0.06881,1860.1818,183.3657,1764.0,1287.0684,1764.0
1145,custom,resnet34,6,2004,128,4,4,2.742151,30.46875,62.5,0.000761,0.068898,0.069659,1837.5211,183.3657,1764.0,1287.0684,1764.0
1145,custom,resnet34,6,2005,128,4,4,2.376458,40.625,70.3125,0.000574,0.068629,0.069204,1849.6098,183.3657,1764.0,1287.0684,1764.0
1145,custom,resnet34,6,2006,128,4,4,2.651407,34.375,64.84375,0.000207,0.068948,0.069155,1850.9272,183.3657,1764.0,1287.0684,1764.0
1145,custom,resnet34,6,2007,128,4,4,2.62793,30.46875,62.5,0.000313,0.068727,0.06904,1854.009,183.3657,1764.0,1287.0684,1764.0
1145,custom,resnet34,6,2008,128,4,4,2.785059,29.6875,58.59375,0.000276,0.068435,0.068712,1862.857,183.3657,1764.0,1287.0684,1764.0
1145,custom,resnet34,6,2009,128,4,4,2.427594,38.28125,71.09375,0.000137,0.068632,0.068768,1861.3209,183.3657,1764.0,1287.0684,1764.0
1145,custom,resnet34,6,2010,128,4,4,2.616353,32.8125,60.15625,0.000195,0.068953,0.069147,1851.1226,183.3657,1764.0,1287.0684,1764.0
1145,custom,resnet34,6,2011,128,4,4,2.587733,32.8125,62.5,0.000683,0.068702,0.069385,1844.7669,183.3657,1764.0,1287.0684,1764.0
1145,custom,resnet34,6,2012,128,4,4,2.470584,35.9375,73.4375,0.000124,0.068665,0.068789,1860.7683,183.3657,1764.0,1287.0684,1764.0
1145,custom,resnet34,6,2013,128,4,4,2.374851,37.5,68.75,0.000447,0.068638,0.069085,1852.7834,183.3657,1764.0,1287.0684,1764.0
1145,custom,resnet34,6,2014,128,4,4,2.569682,34.375,71.09375,0.000199,0.069047,0.069247,1848.4605,183.3657,1764.0,1287.0684,1764.0
1145,custom,resnet34,6,2015,128,4,4,2.787898,33.59375,56.25,0.000123,0.06883,0.068953,1856.3486,183.3657,1764.0,1287.0684,1764.0
1145,custom,resnet34,6,2016,128,4,4,2.583785,26.5625,66.40625,0.000128,0.068582,0.06871,1862.8971,183.3657,1764.0,1287.0684,1764.0
1145,custom,resnet34,6,2017,128,4,4,2.488178,30.46875,68.75,0.000431,0.06865,0.069081,1852.9067,183.3657,1764.0,1287.0684,1764.0
1145,custom,resnet34,6,2018,128,4,4,2.974558,28.125,57.03125,0.000197,0.068847,0.069045,1853.8692,183.3657,1764.0,1287.0684,1764.0
1145,custom,resnet34,6,2019,128,4,4,2.361102,37.5,74.21875,0.000126,0.068523,0.068649,1864.5596,183.3657,1764.0,1287.0684,1764.0
1145,custom,resnet34,6,2020,128,4,4,2.341069,36.71875,68.75,0.00013,0.068609,0.068739,1862.1193,183.3657,1764.0,1287.0684,1764.0
1145,custom,resnet34,6,2021,128,4,4,2.531987,35.15625,67.1875,0.000717,0.068477,0.069193,1849.8914,183.3657,1764.0,1287.0684,1764.0
1145,custom,resnet34,6,2022,128,4,4,2.508421,35.15625,69.53125,0.000218,0.068916,0.069134,1851.4823,183.3657,1764.0,1287.0684,1764.0
1145,custom,resnet34,6,2023,128,4,4,2.347375,35.9375,71.875,0.000412,0.068511,0.068922,1857.1594,183.3657,1764.0,1287.0684,1764.0
1145,custom,resnet34,6,2024,128,4,4,2.684102,28.125,67.96875,0.000126,0.068589,0.068715,1862.762,183.3657,1764.0,1287.0684,1764.0
1145,custom,resnet34,6,2025,128,4,4,2.346346,41.40625,70.3125,0.000531,0.06849,0.06902,1854.524,183.3657,1764.0,1287.0684,1764.0
1145,custom,resnet34,6,2026,128,4,4,2.589413,34.375,64.84375,0.000198,0.069043,0.06924,1848.6308,183.3657,1764.0,1287.0684,1764.0
1145,custom,resnet34,6,2027,128,4,4,2.572708,33.59375,66.40625,0.000395,0.068517,0.068912,1857.4544,183.3657,1764.0,1287.0684,1764.0
1145,custom,resnet34,6,2028,128,4,4,2.62442,30.46875,61.71875,0.000404,0.068498,0.068902,1857.7051,183.3657,1764.0,1287.0684,1764.0
1145,custom,resnet34,6,2029,128,4,4,2.584947,35.15625,61.71875,0.000458,0.06873,0.069188,1850.0224,183.3657,1764.0,1287.0684,1764.0
1145,custom,resnet34,6,2030,128,4,4,2.491674,32.8125,67.1875,0.000201,0.068942,0.069143,1851.2298,183.3657,1764.0,1287.0684,1764.0
1145,custom,resnet34,6,2031,128,4,4,2.336737,41.40625,71.875,0.000171,0.068459,0.068631,1865.0586,183.3657,1764.0,1287.0684,1764.0
1145,custom,resnet34,6,2032,128,4,4,2.663753,34.375,58.59375,0.000621,0.069428,0.070049,1827.3005,183.3657,1764.0,1287.0684,1764.0
1145,custom,resnet34,6,2033,128,4,4,2.31482,39.0625,71.09375,0.00057,0.068815,0.069386,1844.7613,183.3657,1764.0,1287.0684,1764.0
1145,custom,resnet34,6,2034,128,4,4,2.504965,33.59375,68.75,0.000203,0.068959,0.069163,1850.7103,183.3657,1764.0,1287.0684,1764.0
1145,custom,resnet34,6,2035,128,4,4,2.6267,32.8125,69.53125,0.000119,0.068511,0.068629,1865.0877,183.3657,1764.0,1287.0684,1764.0
1145,custom,resnet34,6,2036,128,4,4,2.537907,34.375,66.40625,0.000371,0.068782,0.069154,1850.9459,183.3657,1764.0,1287.0684,1764.0
1145,custom,resnet34,6,2037,128,4,4,2.505911,35.9375,68.75,0.00013,0.068596,0.068726,1862.4714,183.3657,1764.0,1287.0684,1764.0
1145,custom,resnet34,6,2038,128,4,4,2.303692,39.84375,69.53125,0.000416,0.068908,0.069324,1846.4138,183.3657,1764.0,1287.0684,1764.0
1145,custom,resnet34,6,2039,128,4,4,2.305859,39.0625,73.4375,0.00036,0.068784,0.069145,1851.1907,183.3657,1764.0,1287.0684,1764.0
1145,custom,resnet34,6,2040,128,4,4,2.298719,39.84375,71.875,0.000356,0.06866,0.069016,1854.6314,183.3657,1764.0,1287.0684,1764.0
1145,custom,resnet34,6,2041,128,4,4,2.343747,31.25,75.78125,0.000537,0.06863,0.069167,1850.6058,183.3657,1764.0,1287.0684,1764.0
1145,custom,resnet34,6,2042,128,4,4,2.255739,35.15625,75.78125,0.000216,0.068887,0.069103,1852.3174,183.3657,1764.0,1287.0684,1764.0
1145,custom,resnet34,6,2043,128,4,4,2.173732,41.40625,71.09375,0.000115,0.068504,0.068619,1865.368,183.3657,1764.0,1287.0684,1764.0
1145,custom,resnet34,6,2044,128,4,4,2.341032,39.0625,73.4375,0.000434,0.068543,0.068977,1855.6811,183.3657,1764.0,1287.0684,1764.0
1145,custom,resnet34,6,2045,128,4,4,2.380823,32.8125,70.3125,0.000294,0.068652,0.068946,1856.5247,183.3657,1764.0,1287.0684,1764.0
1145,custom,resnet34,6,2046,128,4,4,2.398815,39.0625,71.09375,0.000193,0.068865,0.069058,1853.5096,183.3657,1764.0,1287.0684,1764.0
1145,custom,resnet34,6,2047,128,4,4,2.437593,35.9375,64.84375,0.000359,0.068713,0.069072,1853.1352,183.3657,1764.0,1287.0684,1764.0
1145,custom,resnet34,6,2048,128,4,4,2.603364,33.59375,68.75,0.00012,0.068549,0.068669,1864.0106,183.3657,1764.0,1287.0684,1764.0
1145,custom,resnet34,6,2049,128,4,4,2.272403,39.0625,72.65625,0.000135,0.068605,0.06874,1862.0771,183.3657,1764.0,1287.0684,1764.0
1145,custom,resnet34,6,2050,128,4,4,2.608011,29.6875,66.40625,0.000192,0.068871,0.069063,1853.3857,183.3657,1764.0,1287.0684,1764.0
1145,custom,resnet34,6,2051,128,4,4,2.447774,34.375,68.75,0.000123,0.068611,0.068735,1862.232,183.3657,1764.0,1287.0684,1764.0
1145,custom,resnet34,6,2052,128,4,4,2.803204,28.90625,60.15625,0.000255,0.068668,0.068924,1857.1281,183.3657,1764.0,1287.0684,1764.0
1145,custom,resnet34,6,2053,128,4,4,2.476819,35.9375,67.96875,0.000951,0.06862,0.069571,1839.8395,183.3657,1764.0,1287.0684,1764.0
1145,custom,resnet34,6,2054,128,4,4,2.428436,33.59375,66.40625,0.000204,0.068824,0.069027,1854.3458,183.3657,1764.0,1287.0684,1764.0
1145,custom,resnet34,6,2055,128,4,4,2.491508,36.71875,68.75,0.000124,0.068645,0.06877,1861.2884,183.3657,1764.0,1287.0684,1764.0
1145,custom,resnet34,6,2056,128,4,4,2.625508,33.59375,63.28125,0.00034,0.068553,0.068894,1857.9387,183.3657,1764.0,1287.0684,1764.0
1145,custom,resnet34,6,2057,128,4,4,2.51224,36.71875,67.1875,0.00059,0.068813,0.069403,1844.293,183.3657,1764.0,1287.0684,1764.0
1145,custom,resnet34,6,2058,128,4,4,2.400282,35.15625,66.40625,0.000667,0.068935,0.069601,1839.0418,183.3657,1764.0,1287.0684,1764.0
1145,custom,resnet34,6,2059,128,4,4,2.414982,36.71875,70.3125,0.000418,0.06857,0.068988,1855.3843,183.3657,1764.0,1287.0684,1764.0
1145,custom,resnet34,6,2060,128,4,4,2.477733,35.9375,71.875,0.000125,0.068579,0.068704,1863.0618,183.3657,1764.0,1287.0684,1764.0
1145,custom,resnet34,6,2061,128,4,4,2.477587,32.03125,68.75,0.000438,0.068506,0.068943,1856.595,183.3657,1764.0,1287.0684,1764.0
1145,custom,resnet34,6,2062,128,4,4,2.514452,37.5,61.71875,0.001573,0.068742,0.070315,1820.3698,183.3657,1764.0,1287.0684,1764.0
1145,custom,resnet34,6,2063,128,4,4,2.488625,37.5,66.40625,0.000441,0.068736,0.069177,1850.3343,183.3657,1764.0,1287.0684,1764.0
1145,custom,resnet34,6,2064,128,4,4,2.315894,39.0625,73.4375,0.00037,0.068659,0.069028,1854.3168,183.3657,1764.0,1287.0684,1764.0
1145,custom,resnet34,6,2065,128,4,4,2.664326,34.375,62.5,0.000419,0.068675,0.069094,1852.5581,183.3657,1764.0,1287.0684,1764.0
1145,custom,resnet34,6,2066,128,4,4,2.605229,33.59375,62.5,0.000201,0.068968,0.069169,1850.5415,183.3657,1764.0,1287.0684,1764.0
1145,custom,resnet34,6,2067,128,4,4,2.333354,34.375,73.4375,0.000711,0.06874,0.069451,1843.0327,183.3657,1764.0,1287.0684,1764.0
1145,custom,resnet34,6,2068,128,4,4,2.339491,34.375,67.96875,0.000363,0.068548,0.068911,1857.4565,183.3657,1764.0,1287.0684,1764.0
1145,custom,resnet34,6,2069,128,4,4,2.401597,30.46875,66.40625,0.000191,0.06868,0.068871,1858.5466,183.3657,1764.0,1287.0684,1764.0
1145,custom,resnet34,6,2070,128,4,4,2.523858,38.28125,67.96875,0.0002,0.068915,0.069115,1851.986,183.3657,1764.0,1287.0684,1764.0
1145,custom,resnet34,6,2071,128,4,4,2.807024,28.125,58.59375,0.000249,0.068485,0.068734,1862.2556,183.3657,1764.0,1287.0684,1764.0
1145,custom,resnet34,6,2072,128,4,4,2.364309,38.28125,72.65625,0.000381,0.06842,0.068801,1860.4432,183.3657,1764.0,1287.0684,1764.0
1145,custom,resnet34,6,2073,128,4,4,2.483473,39.0625,65.625,0.000427,0.068623,0.069051,1853.7155,183.3657,1764.0,1287.0684,1764.0
1145,custom,resnet34,6,2074,128,4,4,2.456971,33.59375,68.75,0.000191,0.068955,0.069146,1851.1444,183.3657,1764.0,1287.0684,1764.0
1145,custom,resnet34,6,2075,128,4,4,2.689164,30.46875,64.84375,0.00037,0.068661,0.069032,1854.2233,183.3657,1764.0,1287.0684,1764.0
1145,custom,resnet34,6,2076,128,4,4,2.73589,30.46875,58.59375,0.000869,0.068601,0.069469,1842.5392,183.3657,1764.0,1287.0684,1764.0
1145,custom,resnet34,6,2077,128,4,4,2.441602,39.84375,67.96875,0.000584,0.068682,0.069266,1847.9599,183.3657,1764.0,1287.0684,1764.0
1145,custom,resnet34,6,2078,128,4,4,2.696751,30.46875,60.9375,0.000203,0.069017,0.06922,1849.1875,183.3657,1764.0,1287.0684,1764.0
1145,custom,resnet34,6,2079,128,4,4,2.702792,29.6875,62.5,0.000581,0.068643,0.069223,1849.0839,183.3657,1764.0,1287.0684,1764.0
1145,custom,resnet34,6,2080,128,4,4,2.47448,36.71875,65.625,0.000661,0.06856,0.069221,1849.1452,183.3657,1764.0,1287.0684,1764.0
1145,custom,resnet34,6,2081,128,4,4,2.523942,32.03125,64.84375,0.000328,0.068574,0.068902,1857.7002,183.3657,1764.0,1287.0684,1764.0
1145,custom,resnet34,6,2082,128,4,4,2.680137,35.15625,54.6875,0.000647,0.068869,0.069516,1841.2927,183.3657,1764.0,1287.0684,1764.0
1145,custom,resnet34,6,2083,128,4,4,2.866341,28.125,57.03125,0.000131,0.068627,0.068758,1861.5935,183.3657,1764.0,1287.0684,1764.0
1145,custom,resnet34,6,2084,128,4,4,2.651919,32.03125,64.84375,0.000141,0.068542,0.068682,1863.6491,183.3657,1764.0,1287.0684,1764.0
1145,custom,resnet34,6,2085,128,4,4,2.413034,35.15625,70.3125,0.000398,0.068686,0.069084,1852.8298,183.3657,1764.0,1287.0684,1764.0
1145,custom,resnet34,6,2086,128,4,4,2.269705,42.96875,71.875,0.001061,0.068769,0.06983,1833.0249,183.3657,1764.0,1287.0684,1764.0
1145,custom,resnet34,6,2087,128,4,4,2.315903,44.53125,69.53125,0.00013,0.068637,0.068767,1861.3459,183.3657,1764.0,1287.0684,1764.0
1145,custom,resnet34,6,2088,128,4,4,2.649231,35.9375,63.28125,0.00013,0.06872,0.06885,1859.1064,183.3657,1764.0,1287.0684,1764.0
1145,custom,resnet34,6,2089,128,4,4,2.454267,32.03125,66.40625,0.000128,0.068615,0.068743,1862.0105,183.3657,1764.0,1287.0684,1764.0
1145,custom,resnet34,6,2090,128,4,4,2.638649,31.25,63.28125,0.000191,0.068919,0.06911,1852.1234,183.3657,1764.0,1287.0684,1764.0
1145,custom,resnet34,6,2091,128,4,4,2.552149,32.8125,64.0625,0.000597,0.068683,0.06928,1847.5649,183.3657,1764.0,1287.0684,1764.0
1145,custom,resnet34,6,2092,128,4,4,2.765028,31.25,60.9375,0.000484,0.068502,0.068986,1855.4403,183.3657,1764.0,1287.0684,1764.0
1145,custom,resnet34,6,2093,128,4,4,2.672883,28.125,64.0625,0.000289,0.069138,0.069427,1843.6744,183.3657,1764.0,1287.0684,1764.0
1145,custom,resnet34,6,2094,128,4,4,2.49593,32.8125,67.1875,0.000193,0.068942,0.069135,1851.4513,183.3657,1764.0,1287.0684,1764.0
1145,custom,resnet34,6,2095,128,4,4,2.722255,32.03125,60.9375,0.000352,0.068711,0.069063,1853.369,183.3657,1764.0,1287.0684,1764.0
1145,custom,resnet34,6,2096,128,4,4,2.266485,45.3125,74.21875,0.00018,0.068783,0.068963,1856.0701,183.3657,1764.0,1287.0684,1764.0
1145,custom,resnet34,6,2097,128,4,4,2.668884,26.5625,63.28125,0.000195,0.068719,0.068915,1857.364,183.3657,1764.0,1287.0684,1764.0
1145,custom,resnet34,6,2098,128,4,4,2.370497,38.28125,71.875,0.000188,0.068967,0.069155,1850.919,183.3657,1764.0,1287.0684,1764.0
1145,custom,resnet34,6,2099,128,4,4,2.759851,30.46875,63.28125,0.000129,0.068618,0.068747,1861.8928,183.3657,1764.0,1287.0684,1764.0
1145,custom,resnet34,6,2100,128,4,4,2.584715,35.15625,67.1875,0.00012,0.068683,0.068804,1860.3688,183.3657,1764.0,1287.0684,1764.0
1145,custom,resnet34,6,2101,128,4,4,2.259009,44.53125,75.78125,0.000668,0.068636,0.069304,1846.9441,183.3657,1764.0,1287.0684,1764.0
1145,custom,resnet34,6,2102,128,4,4,2.636794,32.03125,64.84375,0.000204,0.068652,0.068856,1858.9428,183.3657,1764.0,1287.0684,1764.0
1145,custom,resnet34,6,2103,128,4,4,2.270746,35.15625,73.4375,0.000401,0.068656,0.069057,1853.5436,183.3657,1764.0,1287.0684,1764.0
1145,custom,resnet34,6,2104,128,4,4,2.407339,38.28125,69.53125,0.003056,0.068693,0.071749,1784.0004,183.3657,1764.0,1287.0684,1764.0
1145,custom,resnet34,6,2105,128,4,4,2.538926,35.15625,71.09375,0.000235,0.068786,0.069022,1854.4913,183.3657,1764.0,1287.0684,1764.0
1145,custom,resnet34,6,2106,128,4,4,2.525147,32.8125,65.625,0.000193,0.068921,0.069114,1852.0115,183.3657,1764.0,1287.0684,1764.0
1145,custom,resnet34,6,2107,128,4,4,2.610327,28.125,68.75,0.000166,0.068417,0.068583,1866.3386,183.3657,1764.0,1287.0684,1764.0
1145,custom,resnet34,6,2108,128,4,4,2.557727,28.90625,65.625,0.00021,0.068714,0.068924,1857.1182,183.3657,1764.0,1287.0684,1764.0
1145,custom,resnet34,6,2109,128,4,4,2.464405,32.8125,69.53125,0.000206,0.068797,0.069002,1855.0084,183.3657,1764.0,1287.0684,1764.0
1145,custom,resnet34,6,2110,128,4,4,2.570497,34.375,65.625,0.000191,0.06922,0.069411,1844.0754,183.3657,1764.0,1287.0684,1764.0
1145,custom,resnet34,6,2111,128,4,4,2.331189,38.28125,71.09375,0.000227,0.068602,0.068828,1859.6956,183.3657,1764.0,1287.0684,1764.0
1145,custom,resnet34,6,2112,128,4,4,2.694865,29.166667,65.277778,0.00022,0.038878,0.039098,1841.5357,182.1885,1764.0,1287.0684,1764.0
1145,custom,resnet34,7,2113,128,4,4,2.424539,38.28125,69.53125,0.084558,0.068563,0.153121,835.9417,183.3657,1764.0,1287.0684,1764.0
1145,custom,resnet34,7,2114,128,4,4,2.429139,39.84375,73.4375,0.000967,0.068523,0.06949,1842.004,183.3657,1764.0,1287.0684,1764.0
1145,custom,resnet34,7,2115,128,4,4,2.482893,36.71875,67.96875,0.000124,0.068861,0.068984,1855.493,183.3657,1764.0,1287.0684,1764.0
1145,custom,resnet34,7,2116,128,4,4,2.426581,35.9375,69.53125,0.000484,0.068467,0.068951,1856.3783,183.3657,1764.0,1287.0684,1764.0
1145,custom,resnet34,7,2117,128,4,4,2.248778,37.5,72.65625,0.000155,0.068657,0.068812,1860.1427,183.3657,1764.0,1287.0684,1764.0
1145,custom,resnet34,7,2118,128,4,4,2.303944,41.40625,70.3125,0.000702,0.069768,0.07047,1816.3751,183.3657,1764.0,1287.0684,1764.0
1145,custom,resnet34,7,2119,128,4,4,2.341835,32.03125,73.4375,0.000113,0.068864,0.068977,1855.6933,183.3657,1764.0,1287.0684,1764.0
1145,custom,resnet34,7,2120,128,4,4,1.966838,44.53125,77.34375,0.000351,0.068642,0.068993,1855.2718,183.3657,1764.0,1287.0684,1764.0
1145,custom,resnet34,7,2121,128,4,4,2.239569,40.625,75.0,0.000125,0.068618,0.068742,1862.022,183.3657,1764.0,1287.0684,1764.0
1145,custom,resnet34,7,2122,128,4,4,2.485215,30.46875,68.75,0.000328,0.068493,0.068821,1859.9106,183.3657,1764.0,1287.0684,1764.0
1145,custom,resnet34,7,2123,128,4,4,2.425411,39.0625,71.09375,0.00012,0.068898,0.069018,1854.5864,183.3657,1764.0,1287.0684,1764.0
1145,custom,resnet34,7,2124,128,4,4,2.631242,35.15625,67.96875,0.000508,0.068512,0.06902,1854.5311,183.3657,1764.0,1287.0684,1764.0
1145,custom,resnet34,7,2125,128,4,4,2.376503,36.71875,65.625,0.000231,0.068954,0.069185,1850.1039,183.3657,1764.0,1287.0684,1764.0
1145,custom,resnet34,7,2126,128,4,4,2.359732,31.25,75.0,0.000347,0.068778,0.069125,1851.7244,183.3657,1764.0,1287.0684,1764.0
1145,custom,resnet34,7,2127,128,4,4,2.050079,40.625,76.5625,0.000126,0.068968,0.069094,1852.5514,183.3657,1764.0,1287.0684,1764.0
1145,custom,resnet34,7,2128,128,4,4,2.22002,38.28125,72.65625,0.00016,0.0685,0.06866,1864.2606,183.3657,1764.0,1287.0684,1764.0
1145,custom,resnet34,7,2129,128,4,4,2.502117,30.46875,66.40625,0.000403,0.068777,0.06918,1850.2462,183.3657,1764.0,1287.0684,1764.0
1145,custom,resnet34,7,2130,128,4,4,2.248122,39.84375,73.4375,0.000374,0.068649,0.069023,1854.4454,183.3657,1764.0,1287.0684,1764.0
1145,custom,resnet34,7,2131,128,4,4,2.398048,35.15625,68.75,0.000886,0.068815,0.069701,1836.4121,183.3657,1764.0,1287.0684,1764.0
1145,custom,resnet34,7,2132,128,4,4,2.304213,41.40625,73.4375,0.000198,0.068583,0.068782,1860.9654,183.3657,1764.0,1287.0684,1764.0
1145,custom,resnet34,7,2133,128,4,4,2.265374,38.28125,71.09375,0.000134,0.068586,0.06872,1862.6297,183.3657,1764.0,1287.0684,1764.0
1145,custom,resnet34,7,2134,128,4,4,2.344736,40.625,71.875,0.000231,0.068541,0.068772,1861.222,183.3657,1764.0,1287.0684,1764.0
1145,custom,resnet34,7,2135,128,4,4,2.312016,39.0625,71.09375,0.000198,0.068963,0.06916,1850.7712,183.3657,1764.0,1287.0684,1764.0
1145,custom,resnet34,7,2136,128,4,4,2.199721,42.1875,69.53125,0.000368,0.068647,0.069015,1854.6685,183.3657,1764.0,1287.0684,1764.0
1145,custom,resnet34,7,2137,128,4,4,2.30557,40.625,72.65625,0.000128,0.06862,0.068748,1861.873,183.3657,1764.0,1287.0684,1764.0
1145,custom,resnet34,7,2138,128,4,4,2.399044,40.625,69.53125,0.000174,0.068498,0.068672,1863.9375,183.3657,1764.0,1287.0684,1764.0
1145,custom,resnet34,7,2139,128,4,4,2.116897,42.96875,75.0,0.000126,0.068892,0.069018,1854.5871,183.3657,1764.0,1287.0684,1764.0
1145,custom,resnet34,7,2140,128,4,4,2.338121,38.28125,73.4375,0.000128,0.068727,0.068855,1858.9808,183.3657,1764.0,1287.0684,1764.0
1145,custom,resnet34,7,2141,128,4,4,2.416826,35.15625,70.3125,0.000356,0.06868,0.069035,1854.1192,183.3657,1764.0,1287.0684,1764.0
1145,custom,resnet34,7,2142,128,4,4,2.284287,36.71875,70.3125,0.000676,0.06855,0.069225,1849.0317,183.3657,1764.0,1287.0684,1764.0
1145,custom,resnet34,7,2143,128,4,4,2.29613,41.40625,68.75,0.000473,0.069128,0.069601,1839.0617,183.3657,1764.0,1287.0684,1764.0
1145,custom,resnet34,7,2144,128,4,4,2.401668,35.15625,73.4375,0.000356,0.068673,0.069029,1854.2944,183.3657,1764.0,1287.0684,1764.0
1145,custom,resnet34,7,2145,128,4,4,2.713332,28.90625,66.40625,0.000367,0.068886,0.069254,1848.2786,183.3657,1764.0,1287.0684,1764.0
1145,custom,resnet34,7,2146,128,4,4,2.161543,42.1875,72.65625,0.000628,0.069011,0.069639,1838.053,183.3657,1764.0,1287.0684,1764.0
1145,custom,resnet34,7,2147,128,4,4,2.436443,32.8125,71.875,0.000367,0.069272,0.069638,1838.0659,183.3657,1764.0,1287.0684,1764.0
1145,custom,resnet34,7,2148,128,4,4,2.264778,35.15625,75.0,0.000388,0.068774,0.069162,1850.736,183.3657,1764.0,1287.0684,1764.0
1145,custom,resnet34,7,2149,128,4,4,2.340108,42.1875,67.96875,0.000124,0.068769,0.068893,1857.9632,183.3657,1764.0,1287.0684,1764.0
1145,custom,resnet34,7,2150,128,4,4,2.481024,33.59375,67.1875,0.000189,0.068621,0.06881,1860.1846,183.3657,1764.0,1287.0684,1764.0
1145,custom,resnet34,7,2151,128,4,4,2.483213,42.1875,66.40625,0.000118,0.068927,0.069046,1853.8466,183.3657,1764.0,1287.0684,1764.0
1145,custom,resnet34,7,2152,128,4,4,2.494356,35.15625,69.53125,0.000377,0.068604,0.068981,1855.584,183.3657,1764.0,1287.0684,1764.0
1145,custom,resnet34,7,2153,128,4,4,2.326741,37.5,75.0,0.000135,0.068619,0.068755,1861.6877,183.3657,1764.0,1287.0684,1764.0
1145,custom,resnet34,7,2154,128,4,4,2.159081,34.375,78.125,0.000438,0.068496,0.068934,1856.8422,183.3657,1764.0,1287.0684,1764.0
1145,custom,resnet34,7,2155,128,4,4,2.297022,40.625,67.96875,0.000577,0.069134,0.069711,1836.1572,183.3657,1764.0,1287.0684,1764.0
1145,custom,resnet34,7,2156,128,4,4,2.277143,43.75,69.53125,0.000117,0.068764,0.068881,1858.2827,183.3657,1764.0,1287.0684,1764.0
1145,custom,resnet34,7,2157,128,4,4,2.372359,43.75,68.75,0.00013,0.068447,0.068577,1866.5179,183.3657,1764.0,1287.0684,1764.0
1145,custom,resnet34,7,2158,128,4,4,2.350674,42.96875,67.96875,0.000211,0.068378,0.06859,1866.1689,183.3657,1764.0,1287.0684,1764.0
1145,custom,resnet34,7,2159,128,4,4,2.149687,46.875,72.65625,0.000417,0.068931,0.069349,1845.7496,183.3657,1764.0,1287.0684,1764.0
1145,custom,resnet34,7,2160,128,4,4,2.258729,39.84375,73.4375,0.00037,0.068699,0.069069,1853.2117,183.3657,1764.0,1287.0684,1764.0
1145,custom,resnet34,7,2161,128,4,4,2.427926,39.0625,71.09375,0.00011,0.06857,0.06868,1863.7256,183.3657,1764.0,1287.0684,1764.0
1145,custom,resnet34,7,2162,128,4,4,2.266678,33.59375,75.78125,0.000179,0.068605,0.068783,1860.9177,183.3657,1764.0,1287.0684,1764.0
1145,custom,resnet34,7,2163,128,4,4,2.433553,35.9375,67.1875,0.001307,0.068738,0.070045,1827.384,183.3657,1764.0,1287.0684,1764.0
1145,custom,resnet34,7,2164,128,4,4,2.375772,37.5,71.875,0.000186,0.068445,0.068632,1865.0308,183.3657,1764.0,1287.0684,1764.0
1145,custom,resnet34,7,2165,128,4,4,2.181777,44.53125,73.4375,0.000119,0.068329,0.068448,1870.0311,183.3657,1764.0,1287.0684,1764.0
1145,custom,resnet34,7,2166,128,4,4,2.311211,39.84375,73.4375,0.000197,0.068492,0.068689,1863.4736,183.3657,1764.0,1287.0684,1764.0
1145,custom,resnet34,7,2167,128,4,4,2.398038,39.0625,68.75,0.000365,0.06847,0.068835,1859.5323,183.3657,1764.0,1287.0684,1764.0
1145,custom,resnet34,7,2168,128,4,4,2.331178,35.9375,68.75,0.000227,0.068567,0.068794,1860.6244,183.3657,1764.0,1287.0684,1764.0
1145,custom,resnet34,7,2169,128,4,4,2.323172,33.59375,71.09375,0.000662,0.068453,0.069116,1851.9711,183.3657,1764.0,1287.0684,1764.0
1145,custom,resnet34,7,2170,128,4,4,2.29018,33.59375,75.0,0.000207,0.068515,0.068723,1862.5616,183.3657,1764.0,1287.0684,1764.0
1145,custom,resnet34,7,2171,128,4,4,2.377559,42.96875,69.53125,0.000498,0.069015,0.069513,1841.3931,183.3657,1764.0,1287.0684,1764.0
1145,custom,resnet34,7,2172,128,4,4,2.394067,41.40625,65.625,0.00038,0.068446,0.068826,1859.7708,183.3657,1764.0,1287.0684,1764.0
1145,custom,resnet34,7,2173,128,4,4,2.299634,42.1875,71.875,0.000142,0.068553,0.068694,1863.3315,183.3657,1764.0,1287.0684,1764.0
1145,custom,resnet34,7,2174,128,4,4,2.436538,39.0625,68.75,0.000203,0.068563,0.068765,1861.4015,183.3657,1764.0,1287.0684,1764.0
1145,custom,resnet34,7,2175,128,4,4,2.366562,39.84375,67.96875,0.000903,0.069501,0.070404,1818.0679,183.3657,1764.0,1287.0684,1764.0
1145,custom,resnet34,7,2176,128,4,4,2.337698,36.71875,71.875,0.000203,0.06855,0.068754,1861.7126,183.3657,1764.0,1287.0684,1764.0
1145,custom,resnet34,7,2177,128,4,4,2.231504,45.3125,72.65625,0.000403,0.068695,0.069098,1852.4289,183.3657,1764.0,1287.0684,1764.0
1145,custom,resnet34,7,2178,128,4,4,2.351412,42.1875,72.65625,0.000399,0.068536,0.068935,1856.8191,183.3657,1764.0,1287.0684,1764.0
1145,custom,resnet34,7,2179,128,4,4,2.528439,29.6875,66.40625,0.000204,0.069212,0.069416,1843.9575,183.3657,1764.0,1287.0684,1764.0
1145,custom,resnet34,7,2180,128,4,4,2.33518,36.71875,74.21875,0.000353,0.068651,0.069004,1854.9703,183.3657,1764.0,1287.0684,1764.0
1145,custom,resnet34,7,2181,128,4,4,2.427772,34.375,70.3125,0.00033,0.068634,0.068965,1856.0245,183.3657,1764.0,1287.0684,1764.0
1145,custom,resnet34,7,2182,128,4,4,2.254476,39.0625,73.4375,0.000612,0.068625,0.069237,1848.7253,183.3657,1764.0,1287.0684,1764.0
1145,custom,resnet34,7,2183,128,4,4,2.335241,36.71875,73.4375,0.000125,0.068908,0.069033,1854.1858,183.3657,1764.0,1287.0684,1764.0
1145,custom,resnet34,7,2184,128,4,4,2.539373,36.71875,67.96875,0.000214,0.068733,0.068947,1856.4859,183.3657,1764.0,1287.0684,1764.0
1145,custom,resnet34,7,2185,128,4,4,2.331351,35.9375,71.09375,0.000607,0.06848,0.069086,1852.7517,183.3657,1764.0,1287.0684,1764.0
1145,custom,resnet34,7,2186,128,4,4,2.484783,37.5,67.1875,0.000127,0.068561,0.068688,1863.5058,183.3657,1764.0,1287.0684,1764.0
1145,custom,resnet34,7,2187,128,4,4,2.422606,38.28125,70.3125,0.000222,0.069039,0.069261,1848.0744,183.3657,1764.0,1287.0684,1764.0
1145,custom,resnet34,7,2188,128,4,4,2.179944,43.75,70.3125,0.000126,0.068547,0.068673,1863.9061,183.3657,1764.0,1287.0684,1764.0
1145,custom,resnet34,7,2189,128,4,4,2.134059,43.75,73.4375,0.000332,0.068561,0.068893,1857.9488,183.3657,1764.0,1287.0684,1764.0
1145,custom,resnet34,7,2190,128,4,4,2.242091,46.09375,74.21875,0.000445,0.068572,0.069018,1854.5978,183.3657,1764.0,1287.0684,1764.0
1145,custom,resnet34,7,2191,128,4,4,2.563042,38.28125,64.0625,0.000119,0.068938,0.069057,1853.529,183.3657,1764.0,1287.0684,1764.0
1145,custom,resnet34,7,2192,128,4,4,2.042655,46.875,76.5625,0.001031,0.068485,0.069517,1841.2891,183.3657,1764.0,1287.0684,1764.0
1145,custom,resnet34,7,2193,128,4,4,2.37466,37.5,70.3125,0.000759,0.068435,0.069195,1849.85,183.3657,1764.0,1287.0684,1764.0
1145,custom,resnet34,7,2194,128,4,4,2.769722,33.59375,60.9375,0.000221,0.068621,0.068843,1859.3156,183.3657,1764.0,1287.0684,1764.0
1145,custom,resnet34,7,2195,128,4,4,2.124014,42.1875,74.21875,0.000667,0.068991,0.069658,1837.5457,183.3657,1764.0,1287.0684,1764.0
1145,custom,resnet34,7,2196,128,4,4,2.436486,32.03125,71.09375,0.000354,0.06846,0.068815,1860.0602,183.3657,1764.0,1287.0684,1764.0
1145,custom,resnet34,7,2197,128,4,4,2.278391,31.25,78.125,0.000365,0.068671,0.069036,1854.1159,183.3657,1764.0,1287.0684,1764.0
1145,custom,resnet34,7,2198,128,4,4,2.509565,36.71875,68.75,0.000571,0.068398,0.068969,1855.9096,183.3657,1764.0,1287.0684,1764.0
1145,custom,resnet34,7,2199,128,4,4,2.439438,35.9375,66.40625,0.000124,0.068774,0.068897,1857.8398,183.3657,1764.0,1287.0684,1764.0
1145,custom,resnet34,7,2200,128,4,4,2.584646,29.6875,63.28125,0.000361,0.069045,0.069407,1844.1963,183.3657,1764.0,1287.0684,1764.0
1145,custom,resnet34,7,2201,128,4,4,2.378219,33.59375,66.40625,0.000376,0.068686,0.069062,1853.4001,183.3657,1764.0,1287.0684,1764.0
1145,custom,resnet34,7,2202,128,4,4,2.487959,36.71875,67.96875,0.001261,0.068625,0.069885,1831.568,183.3657,1764.0,1287.0684,1764.0
1145,custom,resnet34,7,2203,128,4,4,2.582596,31.25,68.75,0.000127,0.068886,0.069013,1854.7211,183.3657,1764.0,1287.0684,1764.0
1145,custom,resnet34,7,2204,128,4,4,2.365846,38.28125,65.625,0.000401,0.06869,0.069091,1852.6418,183.3657,1764.0,1287.0684,1764.0
1145,custom,resnet34,7,2205,128,4,4,2.373502,37.5,73.4375,0.000359,0.068482,0.06884,1859.378,183.3657,1764.0,1287.0684,1764.0
1145,custom,resnet34,7,2206,128,4,4,2.452792,35.15625,67.1875,0.000498,0.068782,0.06928,1847.5747,183.3657,1764.0,1287.0684,1764.0
1145,custom,resnet34,7,2207,128,4,4,2.372552,38.28125,67.96875,0.000134,0.068775,0.068909,1857.5184,183.3657,1764.0,1287.0684,1764.0
1145,custom,resnet34,7,2208,128,4,4,2.229103,38.28125,77.34375,0.000124,0.06858,0.068704,1863.0587,183.3657,1764.0,1287.0684,1764.0
1145,custom,resnet34,7,2209,128,4,4,2.200033,35.15625,74.21875,0.000122,0.0688,0.068922,1857.1783,183.3657,1764.0,1287.0684,1764.0
1145,custom,resnet34,7,2210,128,4,4,2.366074,39.0625,66.40625,0.000214,0.068188,0.068401,1871.3148,183.3657,1764.0,1287.0684,1764.0
1145,custom,resnet34,7,2211,128,4,4,2.53731,33.59375,69.53125,0.000392,0.068809,0.069201,1849.6896,183.3657,1764.0,1287.0684,1764.0
1145,custom,resnet34,7,2212,128,4,4,2.351321,30.46875,71.09375,0.000395,0.068491,0.068886,1858.1295,183.3657,1764.0,1287.0684,1764.0
1145,custom,resnet34,7,2213,128,4,4,2.489395,34.375,66.40625,0.00034,0.068533,0.068873,1858.5037,183.3657,1764.0,1287.0684,1764.0
1145,custom,resnet34,7,2214,128,4,4,2.446392,32.8125,73.4375,0.000148,0.068614,0.068762,1861.4897,183.3657,1764.0,1287.0684,1764.0
1145,custom,resnet34,7,2215,128,4,4,2.279022,40.625,73.4375,0.00075,0.068607,0.069357,1845.5164,183.3657,1764.0,1287.0684,1764.0
1145,custom,resnet34,7,2216,128,4,4,2.31816,35.15625,72.65625,0.0004,0.068352,0.068752,1861.7659,183.3657,1764.0,1287.0684,1764.0
1145,custom,resnet34,7,2217,128,4,4,2.160628,45.3125,76.5625,0.000526,0.068536,0.069062,1853.4055,183.3657,1764.0,1287.0684,1764.0
1145,custom,resnet34,7,2218,128,4,4,1.866478,50.78125,78.90625,0.000446,0.068407,0.068853,1859.0382,183.3657,1764.0,1287.0684,1764.0
1145,custom,resnet34,7,2219,128,4,4,2.129479,43.75,72.65625,0.000125,0.06885,0.068976,1855.7277,183.3657,1764.0,1287.0684,1764.0
1145,custom,resnet34,7,2220,128,4,4,2.286585,39.84375,72.65625,0.000125,0.068043,0.068168,1877.7207,183.3657,1764.0,1287.0684,1764.0
1145,custom,resnet34,7,2221,128,4,4,2.243671,39.0625,71.09375,0.000124,0.068471,0.068595,1866.0225,183.3657,1764.0,1287.0684,1764.0
1145,custom,resnet34,7,2222,128,4,4,2.054771,41.40625,80.46875,0.000126,0.068369,0.068495,1868.7613,183.3657,1764.0,1287.0684,1764.0
1145,custom,resnet34,7,2223,128,4,4,2.289858,42.1875,71.875,0.000124,0.068897,0.069021,1854.5097,183.3657,1764.0,1287.0684,1764.0
1145,custom,resnet34,7,2224,128,4,4,2.333494,38.28125,69.53125,0.000768,0.068594,0.069362,1845.3903,183.3657,1764.0,1287.0684,1764.0
1145,custom,resnet34,7,2225,128,4,4,2.110478,44.53125,72.65625,0.000131,0.068702,0.068834,1859.5523,183.3657,1764.0,1287.0684,1764.0
1145,custom,resnet34,7,2226,128,4,4,2.151011,44.53125,78.125,0.00058,0.068606,0.069186,1850.0922,183.3657,1764.0,1287.0684,1764.0
1145,custom,resnet34,7,2227,128,4,4,2.485054,33.59375,70.3125,0.000126,0.068913,0.069039,1854.0237,183.3657,1764.0,1287.0684,1764.0
1145,custom,resnet34,7,2228,128,4,4,2.126442,42.96875,77.34375,0.000382,0.068626,0.069008,1854.8462,183.3657,1764.0,1287.0684,1764.0
1145,custom,resnet34,7,2229,128,4,4,2.633923,31.25,59.375,0.000424,0.06864,0.069064,1853.3521,183.3657,1764.0,1287.0684,1764.0
1145,custom,resnet34,7,2230,128,4,4,2.237414,32.03125,77.34375,0.000261,0.068299,0.06856,1866.9668,183.3657,1764.0,1287.0684,1764.0
1145,custom,resnet34,7,2231,128,4,4,2.132387,45.3125,75.78125,0.000207,0.068933,0.069141,1851.2945,183.3657,1764.0,1287.0684,1764.0
1145,custom,resnet34,7,2232,128,4,4,2.234336,37.5,72.65625,0.000182,0.068523,0.068705,1863.0251,183.3657,1764.0,1287.0684,1764.0
1145,custom,resnet34,7,2233,128,4,4,2.34313,39.84375,67.1875,0.000474,0.068757,0.069231,1848.8837,183.3657,1764.0,1287.0684,1764.0
1145,custom,resnet34,7,2234,128,4,4,2.362976,33.59375,71.875,0.000479,0.068729,0.069208,1849.5034,183.3657,1764.0,1287.0684,1764.0
1145,custom,resnet34,7,2235,128,4,4,2.826411,25.78125,60.9375,0.001292,0.069289,0.070581,1813.5066,183.3657,1764.0,1287.0684,1764.0
1145,custom,resnet34,7,2236,128,4,4,2.418687,37.5,70.3125,0.000222,0.068495,0.068717,1862.7185,183.3657,1764.0,1287.0684,1764.0
1145,custom,resnet34,7,2237,128,4,4,2.189956,37.5,77.34375,0.000382,0.068657,0.069039,1854.0354,183.3657,1764.0,1287.0684,1764.0
1145,custom,resnet34,7,2238,128,4,4,2.314245,34.375,71.09375,0.000514,0.068467,0.068981,1855.5823,183.3657,1764.0,1287.0684,1764.0
1145,custom,resnet34,7,2239,128,4,4,2.479341,35.15625,67.1875,0.000405,0.069013,0.069418,1843.9108,183.3657,1764.0,1287.0684,1764.0
1145,custom,resnet34,7,2240,128,4,4,2.560254,35.9375,66.40625,0.000401,0.068393,0.068794,1860.6393,183.3657,1764.0,1287.0684,1764.0
1145,custom,resnet34,7,2241,128,4,4,2.295302,42.96875,70.3125,0.000393,0.068399,0.068791,1860.7003,183.3657,1764.0,1287.0684,1764.0
1145,custom,resnet34,7,2242,128,4,4,2.437111,36.71875,67.1875,0.000632,0.068574,0.069206,1849.5608,183.3657,1764.0,1287.0684,1764.0
1145,custom,resnet34,7,2243,128,4,4,2.363415,39.84375,71.875,0.000133,0.068785,0.068919,1857.2608,183.3657,1764.0,1287.0684,1764.0
1145,custom,resnet34,7,2244,128,4,4,2.318273,39.0625,72.65625,0.000329,0.068654,0.068983,1855.5351,183.3657,1764.0,1287.0684,1764.0
1145,custom,resnet34,7,2245,128,4,4,2.273691,39.0625,74.21875,0.000353,0.068707,0.069061,1853.4389,183.3657,1764.0,1287.0684,1764.0
1145,custom,resnet34,7,2246,128,4,4,2.064567,45.3125,79.6875,0.000644,0.068722,0.069366,1845.2827,183.3657,1764.0,1287.0684,1764.0
1145,custom,resnet34,7,2247,128,4,4,2.300238,44.53125,69.53125,0.000121,0.068958,0.069079,1852.9445,183.3657,1764.0,1287.0684,1764.0
1145,custom,resnet34,7,2248,128,4,4,2.479188,32.03125,67.96875,0.000402,0.06856,0.068962,1856.0997,183.3657,1764.0,1287.0684,1764.0
1145,custom,resnet34,7,2249,128,4,4,2.294178,36.71875,73.4375,0.00012,0.068567,0.068687,1863.5274,183.3657,1764.0,1287.0684,1764.0
1145,custom,resnet34,7,2250,128,4,4,2.404586,32.03125,69.53125,0.000337,0.068677,0.069014,1854.6989,183.3657,1764.0,1287.0684,1764.0
1145,custom,resnet34,7,2251,128,4,4,2.240249,41.40625,71.875,0.00188,0.069192,0.071072,1800.9959,183.3657,1764.0,1287.0684,1764.0
1145,custom,resnet34,7,2252,128,4,4,2.310946,35.9375,72.65625,0.000382,0.06868,0.069062,1853.4063,183.3657,1764.0,1287.0684,1764.0
1145,custom,resnet34,7,2253,128,4,4,2.29652,35.9375,71.09375,0.000554,0.068667,0.069221,1849.1379,183.3657,1764.0,1287.0684,1764.0
1145,custom,resnet34,7,2254,128,4,4,2.171836,45.3125,75.78125,0.000575,0.068606,0.069181,1850.2267,183.3657,1764.0,1287.0684,1764.0
1145,custom,resnet34,7,2255,128,4,4,2.500742,39.84375,62.5,0.000355,0.069128,0.069484,1842.1624,183.3657,1764.0,1287.0684,1764.0
1145,custom,resnet34,7,2256,128,4,4,2.482333,32.8125,67.96875,0.000166,0.068964,0.06913,1851.5846,183.3657,1764.0,1287.0684,1764.0
1145,custom,resnet34,7,2257,128,4,4,2.479926,38.28125,67.96875,0.000128,0.068578,0.068706,1863.0198,183.3657,1764.0,1287.0684,1764.0
1145,custom,resnet34,7,2258,128,4,4,2.561694,33.59375,67.1875,0.000523,0.068575,0.069098,1852.4488,183.3657,1764.0,1287.0684,1764.0
1145,custom,resnet34,7,2259,128,4,4,2.12353,47.65625,77.34375,0.00066,0.068819,0.069479,1842.2787,183.3657,1764.0,1287.0684,1764.0
1145,custom,resnet34,7,2260,128,4,4,2.315018,38.28125,69.53125,0.000381,0.068549,0.06893,1856.9584,183.3657,1764.0,1287.0684,1764.0
1145,custom,resnet34,7,2261,128,4,4,2.305351,35.15625,67.96875,0.000438,0.068559,0.068998,1855.1396,183.3657,1764.0,1287.0684,1764.0
1145,custom,resnet34,7,2262,128,4,4,2.415246,33.59375,71.875,0.000542,0.068618,0.06916,1850.7821,183.3657,1764.0,1287.0684,1764.0
1145,custom,resnet34,7,2263,128,4,4,2.432774,36.71875,70.3125,0.000137,0.069031,0.069168,1850.5615,183.3657,1764.0,1287.0684,1764.0
1145,custom,resnet34,7,2264,128,4,4,2.341356,37.5,71.09375,0.000332,0.068434,0.068766,1861.3966,183.3657,1764.0,1287.0684,1764.0
1145,custom,resnet34,7,2265,128,4,4,2.372611,37.5,69.53125,0.000354,0.06873,0.069084,1852.8239,183.3657,1764.0,1287.0684,1764.0
1145,custom,resnet34,7,2266,128,4,4,2.311781,39.0625,71.09375,0.000484,0.068599,0.069084,1852.8265,183.3657,1764.0,1287.0684,1764.0
1145,custom,resnet34,7,2267,128,4,4,2.216815,45.3125,71.09375,0.000136,0.069085,0.069221,1849.1469,183.3657,1764.0,1287.0684,1764.0
1145,custom,resnet34,7,2268,128,4,4,2.215245,34.375,75.78125,0.000725,0.068618,0.069343,1845.8961,183.3657,1764.0,1287.0684,1764.0
1145,custom,resnet34,7,2269,128,4,4,2.328581,38.28125,72.65625,0.000135,0.068917,0.069051,1853.6992,183.3657,1764.0,1287.0684,1764.0
1145,custom,resnet34,7,2270,128,4,4,2.221361,37.5,75.78125,0.000463,0.068762,0.069226,1849.021,183.3657,1764.0,1287.0684,1764.0
1145,custom,resnet34,7,2271,128,4,4,2.391038,38.28125,75.0,0.000392,0.069159,0.06955,1840.3948,183.3657,1764.0,1287.0684,1764.0
1145,custom,resnet34,7,2272,128,4,4,2.339438,37.5,68.75,0.000707,0.068552,0.069259,1848.1349,183.3657,1764.0,1287.0684,1764.0
1145,custom,resnet34,7,2273,128,4,4,2.127889,43.75,78.125,0.000352,0.068722,0.069073,1853.1014,183.3657,1764.0,1287.0684,1764.0
1145,custom,resnet34,7,2274,128,4,4,2.268053,35.9375,71.09375,0.000123,0.068439,0.068561,1866.9374,183.3657,1764.0,1287.0684,1764.0
1145,custom,resnet34,7,2275,128,4,4,2.572383,44.53125,64.84375,0.00012,0.068915,0.069035,1854.1198,183.3657,1764.0,1287.0684,1764.0
1145,custom,resnet34,7,2276,128,4,4,2.056713,44.53125,74.21875,0.000595,0.068634,0.069229,1848.9264,183.3657,1764.0,1287.0684,1764.0
1145,custom,resnet34,7,2277,128,4,4,2.424653,36.71875,68.75,0.000676,0.068519,0.069195,1849.8526,183.3657,1764.0,1287.0684,1764.0
1145,custom,resnet34,7,2278,128,4,4,2.311729,34.375,71.09375,0.000176,0.068586,0.068762,1861.4958,183.3657,1764.0,1287.0684,1764.0
1145,custom,resnet34,7,2279,128,4,4,2.632611,33.59375,64.84375,0.000125,0.0687,0.068825,1859.7879,183.3657,1764.0,1287.0684,1764.0
1145,custom,resnet34,7,2280,128,4,4,2.426142,33.59375,73.4375,0.000376,0.06844,0.068816,1860.0376,183.3657,1764.0,1287.0684,1764.0
1145,custom,resnet34,7,2281,128,4,4,2.488009,35.15625,65.625,0.000111,0.068729,0.06884,1859.3708,183.3657,1764.0,1287.0684,1764.0
1145,custom,resnet34,7,2282,128,4,4,2.351553,39.0625,72.65625,0.000434,0.068529,0.068963,1856.0608,183.3657,1764.0,1287.0684,1764.0
1145,custom,resnet34,7,2283,128,4,4,2.205949,39.0625,75.78125,0.000134,0.068865,0.069,1855.0745,183.3657,1764.0,1287.0684,1764.0
1145,custom,resnet34,7,2284,128,4,4,2.245421,36.71875,75.78125,0.000383,0.068518,0.068901,1857.7393,183.3657,1764.0,1287.0684,1764.0
1145,custom,resnet34,7,2285,128,4,4,2.517499,35.15625,68.75,0.000675,0.068605,0.06928,1847.5626,183.3657,1764.0,1287.0684,1764.0
1145,custom,resnet34,7,2286,128,4,4,2.312247,36.71875,71.875,0.00029,0.074176,0.074467,1718.8911,183.3657,1764.0,1287.0684,1764.0
1145,custom,resnet34,7,2287,128,4,4,2.385961,40.625,69.53125,0.000423,0.068933,0.069356,1845.5476,183.3657,1764.0,1287.0684,1764.0
1145,custom,resnet34,7,2288,128,4,4,2.239264,38.28125,71.875,0.000341,0.06884,0.069181,1850.2178,183.3657,1764.0,1287.0684,1764.0
1145,custom,resnet34,7,2289,128,4,4,2.466344,32.8125,67.1875,0.000564,0.068464,0.069027,1854.3337,183.3657,1764.0,1287.0684,1764.0
1145,custom,resnet34,7,2290,128,4,4,2.537412,30.46875,65.625,0.000441,0.068666,0.069107,1852.2105,183.3657,1764.0,1287.0684,1764.0
1145,custom,resnet34,7,2291,128,4,4,2.280257,41.40625,71.875,0.000137,0.068688,0.068825,1859.7809,183.3657,1764.0,1287.0684,1764.0
1145,custom,resnet34,7,2292,128,4,4,2.153051,44.53125,74.21875,0.000146,0.068933,0.06908,1852.9298,183.3657,1764.0,1287.0684,1764.0
1145,custom,resnet34,7,2293,128,4,4,2.344308,36.71875,70.3125,0.000199,0.068503,0.068703,1863.0964,183.3657,1764.0,1287.0684,1764.0
1145,custom,resnet34,7,2294,128,4,4,2.386954,38.28125,71.09375,0.000518,0.068379,0.068897,1857.8413,183.3657,1764.0,1287.0684,1764.0
1145,custom,resnet34,7,2295,128,4,4,2.358259,39.84375,69.53125,0.000126,0.068867,0.068994,1855.2467,183.3657,1764.0,1287.0684,1764.0
1145,custom,resnet34,7,2296,128,4,4,2.452756,39.0625,69.53125,0.000327,0.067981,0.068308,1873.878,183.3657,1764.0,1287.0684,1764.0
1145,custom,resnet34,7,2297,128,4,4,2.406652,30.46875,69.53125,0.000348,0.068908,0.069256,1848.2189,183.3657,1764.0,1287.0684,1764.0
1145,custom,resnet34,7,2298,128,4,4,2.448134,33.59375,66.40625,0.000413,0.068515,0.068929,1856.9898,183.3657,1764.0,1287.0684,1764.0
1145,custom,resnet34,7,2299,128,4,4,2.486718,38.28125,71.09375,0.00039,0.06898,0.06937,1845.1818,183.3657,1764.0,1287.0684,1764.0
1145,custom,resnet34,7,2300,128,4,4,2.382581,39.84375,70.3125,0.000132,0.068528,0.06866,1864.2585,183.3657,1764.0,1287.0684,1764.0
1145,custom,resnet34,7,2301,128,4,4,2.388277,41.40625,67.96875,0.000119,0.068586,0.068705,1863.0335,183.3657,1764.0,1287.0684,1764.0
1145,custom,resnet34,7,2302,128,4,4,2.095509,41.40625,75.0,0.000119,0.068562,0.068681,1863.6948,183.3657,1764.0,1287.0684,1764.0
1145,custom,resnet34,7,2303,128,4,4,2.233339,39.84375,75.78125,0.000595,0.068715,0.06931,1846.7828,183.3657,1764.0,1287.0684,1764.0
1145,custom,resnet34,7,2304,128,4,4,2.550622,33.59375,65.625,0.000114,0.068591,0.068704,1863.0586,183.3657,1764.0,1287.0684,1764.0
1145,custom,resnet34,7,2305,128,4,4,2.313325,42.96875,71.09375,0.000373,0.068581,0.068954,1856.2972,183.3657,1764.0,1287.0684,1764.0
1145,custom,resnet34,7,2306,128,4,4,2.539468,29.6875,71.875,0.000291,0.068541,0.068832,1859.6064,183.3657,1764.0,1287.0684,1764.0
1145,custom,resnet34,7,2307,128,4,4,2.283737,37.5,73.4375,0.000117,0.069023,0.06914,1851.3239,183.3657,1764.0,1287.0684,1764.0
1145,custom,resnet34,7,2308,128,4,4,2.412943,39.0625,65.625,0.000294,0.072044,0.072338,1769.4689,183.3657,1764.0,1287.0684,1764.0
1145,custom,resnet34,7,2309,128,4,4,2.3701,33.59375,71.875,0.000442,0.068745,0.069187,1850.0594,183.3657,1764.0,1287.0684,1764.0
1145,custom,resnet34,7,2310,128,4,4,2.212402,42.96875,71.875,0.000607,0.068703,0.069311,1846.7564,183.3657,1764.0,1287.0684,1764.0
1145,custom,resnet34,7,2311,128,4,4,2.318813,39.84375,69.53125,0.000129,0.069099,0.069228,1848.9589,183.3657,1764.0,1287.0684,1764.0
1145,custom,resnet34,7,2312,128,4,4,2.422006,35.9375,68.75,0.000145,0.068472,0.068617,1865.43,183.3657,1764.0,1287.0684,1764.0
1145,custom,resnet34,7,2313,128,4,4,2.364114,34.375,66.40625,0.000366,0.06854,0.068906,1857.6128,183.3657,1764.0,1287.0684,1764.0
1145,custom,resnet34,7,2314,128,4,4,2.422947,38.28125,71.09375,0.000172,0.068605,0.068777,1861.0872,183.3657,1764.0,1287.0684,1764.0
1145,custom,resnet34,7,2315,128,4,4,2.437235,33.59375,70.3125,0.000428,0.069436,0.069864,1832.1301,183.3657,1764.0,1287.0684,1764.0
1145,custom,resnet34,7,2316,128,4,4,2.19247,38.28125,75.78125,0.000258,0.0686,0.068858,1858.905,183.3657,1764.0,1287.0684,1764.0
1145,custom,resnet34,7,2317,128,4,4,2.350971,28.90625,72.65625,0.00013,0.06865,0.06878,1860.9936,183.3657,1764.0,1287.0684,1764.0
1145,custom,resnet34,7,2318,128,4,4,2.449539,36.71875,71.875,0.000534,0.068582,0.069116,1851.9522,183.3657,1764.0,1287.0684,1764.0
1145,custom,resnet34,7,2319,128,4,4,2.47497,32.8125,71.09375,0.000338,0.068802,0.069139,1851.33,183.3657,1764.0,1287.0684,1764.0
1145,custom,resnet34,7,2320,128,4,4,2.252895,41.40625,74.21875,0.00035,0.068693,0.069043,1853.9042,183.3657,1764.0,1287.0684,1764.0
1145,custom,resnet34,7,2321,128,4,4,2.393401,39.0625,67.96875,0.000119,0.068602,0.068721,1862.5947,183.3657,1764.0,1287.0684,1764.0
1145,custom,resnet34,7,2322,128,4,4,2.661406,35.15625,61.71875,0.000307,0.068634,0.068941,1856.6677,183.3657,1764.0,1287.0684,1764.0
1145,custom,resnet34,7,2323,128,4,4,2.262127,40.625,75.0,0.000129,0.068923,0.069052,1853.677,183.3657,1764.0,1287.0684,1764.0
1145,custom,resnet34,7,2324,128,4,4,2.114218,44.53125,76.5625,0.000349,0.068842,0.069191,1849.9625,183.3657,1764.0,1287.0684,1764.0
1145,custom,resnet34,7,2325,128,4,4,2.401565,40.625,70.3125,0.000736,0.068569,0.069304,1846.9265,183.3657,1764.0,1287.0684,1764.0
1145,custom,resnet34,7,2326,128,4,4,2.159733,39.84375,77.34375,0.000301,0.073053,0.073354,1744.9737,183.3657,1764.0,1287.0684,1764.0
1145,custom,resnet34,7,2327,128,4,4,2.34417,39.0625,69.53125,0.000136,0.068931,0.069067,1853.261,183.3657,1764.0,1287.0684,1764.0
1145,custom,resnet34,7,2328,128,4,4,2.209254,43.75,77.34375,0.00034,0.068599,0.068939,1856.715,183.3657,1764.0,1287.0684,1764.0
1145,custom,resnet34,7,2329,128,4,4,2.311319,39.84375,70.3125,0.000211,0.06846,0.068671,1863.9523,183.3657,1764.0,1287.0684,1764.0
1145,custom,resnet34,7,2330,128,4,4,2.306559,37.5,68.75,0.000431,0.068821,0.069252,1848.324,183.3657,1764.0,1287.0684,1764.0
1145,custom,resnet34,7,2331,128,4,4,2.440891,34.375,67.1875,0.000989,0.068847,0.069836,1832.8738,183.3657,1764.0,1287.0684,1764.0
1145,custom,resnet34,7,2332,128,4,4,2.309896,36.71875,75.0,0.000856,0.068532,0.069388,1844.7064,183.3657,1764.0,1287.0684,1764.0
1145,custom,resnet34,7,2333,128,4,4,2.068855,41.40625,78.125,0.00015,0.068566,0.068715,1862.7563,183.3657,1764.0,1287.0684,1764.0
1145,custom,resnet34,7,2334,128,4,4,2.214843,42.1875,75.78125,0.000223,0.068527,0.06875,1861.8158,183.3657,1764.0,1287.0684,1764.0
1145,custom,resnet34,7,2335,128,4,4,2.367963,38.28125,69.53125,0.00022,0.068931,0.069151,1851.0344,183.3657,1764.0,1287.0684,1764.0
1145,custom,resnet34,7,2336,128,4,4,2.347748,40.625,74.21875,0.000196,0.06875,0.068947,1856.5099,183.3657,1764.0,1287.0684,1764.0
1145,custom,resnet34,7,2337,128,4,4,2.388101,35.15625,71.875,0.000128,0.068601,0.068729,1862.3842,183.3657,1764.0,1287.0684,1764.0
1145,custom,resnet34,7,2338,128,4,4,2.22074,39.84375,68.75,0.000625,0.068631,0.069255,1848.2324,183.3657,1764.0,1287.0684,1764.0
1145,custom,resnet34,7,2339,128,4,4,2.373171,35.9375,67.96875,0.000123,0.068918,0.069041,1853.9652,183.3657,1764.0,1287.0684,1764.0
1145,custom,resnet34,7,2340,128,4,4,2.492897,34.375,68.75,0.000344,0.068698,0.069042,1853.9347,183.3657,1764.0,1287.0684,1764.0
1145,custom,resnet34,7,2341,128,4,4,2.383262,35.9375,70.3125,0.000166,0.068552,0.068718,1862.6892,183.3657,1764.0,1287.0684,1764.0
1145,custom,resnet34,7,2342,128,4,4,2.44887,35.9375,68.75,0.000236,0.068519,0.068755,1861.6912,183.3657,1764.0,1287.0684,1764.0
1145,custom,resnet34,7,2343,128,4,4,2.452358,33.59375,68.75,0.000135,0.069079,0.069214,1849.3236,183.3657,1764.0,1287.0684,1764.0
1145,custom,resnet34,7,2344,128,4,4,2.532604,32.8125,68.75,0.000414,0.068561,0.068975,1855.7434,183.3657,1764.0,1287.0684,1764.0
1145,custom,resnet34,7,2345,128,4,4,2.436492,33.59375,67.1875,0.000353,0.068517,0.06887,1858.5834,183.3657,1764.0,1287.0684,1764.0
1145,custom,resnet34,7,2346,128,4,4,2.337134,36.71875,72.65625,0.000308,0.068638,0.068945,1856.5413,183.3657,1764.0,1287.0684,1764.0
1145,custom,resnet34,7,2347,128,4,4,2.111208,43.75,76.5625,0.000125,0.068963,0.069088,1852.702,183.3657,1764.0,1287.0684,1764.0
1145,custom,resnet34,7,2348,128,4,4,2.228157,42.96875,72.65625,0.000392,0.068667,0.069059,1853.4851,183.3657,1764.0,1287.0684,1764.0
1145,custom,resnet34,7,2349,128,4,4,2.22894,39.84375,74.21875,0.000121,0.068557,0.068678,1863.7675,183.3657,1764.0,1287.0684,1764.0
1145,custom,resnet34,7,2350,128,4,4,2.130602,41.40625,77.34375,0.000279,0.068602,0.068881,1858.2807,183.3657,1764.0,1287.0684,1764.0
1145,custom,resnet34,7,2351,128,4,4,2.229226,34.375,76.5625,0.000128,0.068939,0.069067,1853.2854,183.3657,1764.0,1287.0684,1764.0
1145,custom,resnet34,7,2352,128,4,4,2.34566,34.375,67.96875,0.000372,0.068741,0.069113,1852.0283,183.3657,1764.0,1287.0684,1764.0
1145,custom,resnet34,7,2353,128,4,4,2.119991,42.1875,73.4375,0.00067,0.068648,0.069318,1846.5502,183.3657,1764.0,1287.0684,1764.0
1145,custom,resnet34,7,2354,128,4,4,2.285513,38.28125,68.75,0.0006,0.068649,0.069249,1848.41,183.3657,1764.0,1287.0684,1764.0
1145,custom,resnet34,7,2355,128,4,4,2.476431,35.15625,70.3125,0.00013,0.068917,0.069047,1853.817,183.3657,1764.0,1287.0684,1764.0
1145,custom,resnet34,7,2356,128,4,4,2.669199,28.90625,62.5,0.000371,0.068703,0.069074,1853.0873,183.3657,1764.0,1287.0684,1764.0
1145,custom,resnet34,7,2357,128,4,4,2.471032,32.03125,69.53125,0.000684,0.068746,0.06943,1843.5929,183.3657,1764.0,1287.0684,1764.0
1145,custom,resnet34,7,2358,128,4,4,2.346557,40.625,68.75,0.00059,0.068675,0.069265,1847.9822,183.3657,1764.0,1287.0684,1764.0
1145,custom,resnet34,7,2359,128,4,4,2.690602,28.90625,64.84375,0.000123,0.068905,0.069028,1854.3069,183.3657,1764.0,1287.0684,1764.0
1145,custom,resnet34,7,2360,128,4,4,2.131153,44.53125,75.78125,0.000402,0.068745,0.069147,1851.1186,183.3657,1764.0,1287.0684,1764.0
1145,custom,resnet34,7,2361,128,4,4,2.013872,43.75,76.5625,0.000143,0.06864,0.068782,1860.9412,183.3657,1764.0,1287.0684,1764.0
1145,custom,resnet34,7,2362,128,4,4,2.320054,39.0625,74.21875,0.000294,0.073126,0.07342,1743.392,183.3657,1764.0,1287.0684,1764.0
1145,custom,resnet34,7,2363,128,4,4,2.364138,33.59375,72.65625,0.000461,0.069181,0.069642,1837.9681,183.3657,1764.0,1287.0684,1764.0
1145,custom,resnet34,7,2364,128,4,4,2.218088,35.15625,73.4375,0.000277,0.068922,0.069199,1849.7387,183.3657,1764.0,1287.0684,1764.0
1145,custom,resnet34,7,2365,128,4,4,2.490665,35.9375,67.1875,0.000351,0.06884,0.06919,1849.9743,183.3657,1764.0,1287.0684,1764.0
1145,custom,resnet34,7,2366,128,4,4,2.532951,38.28125,66.40625,0.000934,0.069173,0.070107,1825.781,183.3657,1764.0,1287.0684,1764.0
1145,custom,resnet34,7,2367,128,4,4,2.462098,37.5,71.875,0.000343,0.069945,0.070288,1821.0781,183.3657,1764.0,1287.0684,1764.0
1145,custom,resnet34,7,2368,128,4,4,2.211144,40.625,72.65625,0.000285,0.072041,0.072326,1769.7678,183.3657,1764.0,1287.0684,1764.0
1145,custom,resnet34,7,2369,128,4,4,2.118019,47.65625,76.5625,0.000222,0.068486,0.068709,1862.9356,183.3657,1764.0,1287.0684,1764.0
1145,custom,resnet34,7,2370,128,4,4,2.471802,33.59375,68.75,0.000272,0.06842,0.068692,1863.379,183.3657,1764.0,1287.0684,1764.0
1145,custom,resnet34,7,2371,128,4,4,2.326026,39.84375,71.875,0.000399,0.068873,0.069273,1847.7713,183.3657,1764.0,1287.0684,1764.0
1145,custom,resnet34,7,2372,128,4,4,2.369332,35.9375,68.75,0.000207,0.068155,0.068363,1872.3635,183.3657,1764.0,1287.0684,1764.0
1145,custom,resnet34,7,2373,128,4,4,2.52449,32.03125,64.84375,0.000751,0.068363,0.069114,1852.0071,183.3657,1764.0,1287.0684,1764.0
1145,custom,resnet34,7,2374,128,4,4,2.284699,42.1875,76.5625,0.000137,0.068635,0.068772,1861.2331,183.3657,1764.0,1287.0684,1764.0
1145,custom,resnet34,7,2375,128,4,4,2.033162,49.21875,77.34375,0.000437,0.068802,0.069238,1848.6842,183.3657,1764.0,1287.0684,1764.0
1145,custom,resnet34,7,2376,128,4,4,2.403746,39.0625,74.21875,0.000489,0.068505,0.068994,1855.233,183.3657,1764.0,1287.0684,1764.0
1145,custom,resnet34,7,2377,128,4,4,2.43525,37.5,64.84375,0.000321,0.06965,0.069971,1829.3387,183.3657,1764.0,1287.0684,1764.0
1145,custom,resnet34,7,2378,128,4,4,2.057314,40.625,79.6875,0.000132,0.068481,0.068614,1865.5127,183.3657,1764.0,1287.0684,1764.0
1145,custom,resnet34,7,2379,128,4,4,2.285854,41.40625,69.53125,0.000354,0.068783,0.069137,1851.3916,183.3657,1764.0,1287.0684,1764.0
1145,custom,resnet34,7,2380,128,4,4,2.28488,41.40625,73.4375,0.000196,0.068351,0.068547,1867.3335,183.3657,1764.0,1287.0684,1764.0
1145,custom,resnet34,7,2381,128,4,4,2.202615,45.3125,71.09375,0.000416,0.068654,0.069069,1853.208,183.3657,1764.0,1287.0684,1764.0
1145,custom,resnet34,7,2382,128,4,4,2.384784,38.28125,68.75,0.000263,0.068502,0.068765,1861.4228,183.3657,1764.0,1287.0684,1764.0
1145,custom,resnet34,7,2383,128,4,4,2.128049,45.3125,73.4375,0.000191,0.068773,0.068964,1856.0369,183.3657,1764.0,1287.0684,1764.0
1145,custom,resnet34,7,2384,128,4,4,1.982163,49.21875,78.125,0.000954,0.068674,0.069628,1838.3533,183.3657,1764.0,1287.0684,1764.0
1145,custom,resnet34,7,2385,128,4,4,2.457507,33.59375,70.3125,0.000137,0.068601,0.068738,1862.1523,183.3657,1764.0,1287.0684,1764.0
1145,custom,resnet34,7,2386,128,4,4,2.06823,43.75,74.21875,0.000314,0.068561,0.068876,1858.4142,183.3657,1764.0,1287.0684,1764.0
1145,custom,resnet34,7,2387,128,4,4,2.153828,44.53125,74.21875,0.000134,0.068942,0.069076,1853.0312,183.3657,1764.0,1287.0684,1764.0
1145,custom,resnet34,7,2388,128,4,4,2.17084,39.0625,72.65625,0.000384,0.068639,0.069023,1854.4644,183.3657,1764.0,1287.0684,1764.0
1145,custom,resnet34,7,2389,128,4,4,2.432068,36.71875,71.09375,0.000387,0.068773,0.069159,1850.7989,183.3657,1764.0,1287.0684,1764.0
1145,custom,resnet34,7,2390,128,4,4,1.973252,46.09375,80.46875,0.000123,0.06852,0.068643,1864.7103,183.3657,1764.0,1287.0684,1764.0
1145,custom,resnet34,7,2391,128,4,4,2.389582,36.71875,71.875,0.000132,0.068924,0.069056,1853.5732,183.3657,1764.0,1287.0684,1764.0
1145,custom,resnet34,7,2392,128,4,4,2.206396,40.625,74.21875,0.000123,0.068861,0.068985,1855.4839,183.3657,1764.0,1287.0684,1764.0
1145,custom,resnet34,7,2393,128,4,4,2.002385,49.21875,78.125,0.001091,0.069182,0.070274,1821.4528,183.3657,1764.0,1287.0684,1764.0
1145,custom,resnet34,7,2394,128,4,4,2.323853,41.40625,71.09375,0.000197,0.068541,0.068738,1862.1497,183.3657,1764.0,1287.0684,1764.0
1145,custom,resnet34,7,2395,128,4,4,2.276334,35.9375,75.0,0.000131,0.068906,0.069036,1854.0968,183.3657,1764.0,1287.0684,1764.0
1145,custom,resnet34,7,2396,128,4,4,2.362185,40.625,71.875,0.000447,0.068797,0.069244,1848.5315,183.3657,1764.0,1287.0684,1764.0
1145,custom,resnet34,7,2397,128,4,4,2.285598,39.0625,67.96875,0.000117,0.068912,0.069029,1854.2857,183.3657,1764.0,1287.0684,1764.0
1145,custom,resnet34,7,2398,128,4,4,2.251226,41.40625,71.09375,0.000885,0.068931,0.069816,1833.3994,183.3657,1764.0,1287.0684,1764.0
1145,custom,resnet34,7,2399,128,4,4,2.311717,41.40625,70.3125,0.000431,0.069474,0.069906,1831.042,183.3657,1764.0,1287.0684,1764.0
1145,custom,resnet34,7,2400,128,4,4,2.369108,39.0625,67.96875,0.000604,0.068827,0.06943,1843.5719,183.3657,1764.0,1287.0684,1764.0
1145,custom,resnet34,7,2401,128,4,4,2.0008,40.625,85.15625,0.00013,0.068647,0.068777,1861.0794,183.3657,1764.0,1287.0684,1764.0
1145,custom,resnet34,7,2402,128,4,4,2.234978,43.75,73.4375,0.000442,0.068832,0.069274,1847.7266,183.3657,1764.0,1287.0684,1764.0
1145,custom,resnet34,7,2403,128,4,4,2.363411,35.15625,69.53125,0.000121,0.06882,0.068941,1856.6722,183.3657,1764.0,1287.0684,1764.0
1145,custom,resnet34,7,2404,128,4,4,2.563213,32.8125,62.5,0.00064,0.068648,0.069287,1847.3849,183.3657,1764.0,1287.0684,1764.0
1145,custom,resnet34,7,2405,128,4,4,2.331441,39.84375,76.5625,0.000132,0.068539,0.068672,1863.9463,183.3657,1764.0,1287.0684,1764.0
1145,custom,resnet34,7,2406,128,4,4,2.442732,32.8125,74.21875,0.000584,0.068781,0.069365,1845.3168,183.3657,1764.0,1287.0684,1764.0
1145,custom,resnet34,7,2407,128,4,4,2.615997,30.46875,64.84375,0.000218,0.069723,0.069941,1830.1182,183.3657,1764.0,1287.0684,1764.0
1145,custom,resnet34,7,2408,128,4,4,2.389081,34.375,71.09375,0.000117,0.069125,0.069242,1848.5773,183.3657,1764.0,1287.0684,1764.0
1145,custom,resnet34,7,2409,128,4,4,2.493067,34.375,70.3125,0.000143,0.06888,0.069022,1854.4701,183.3657,1764.0,1287.0684,1764.0
1145,custom,resnet34,7,2410,128,4,4,2.207352,41.40625,72.65625,0.000317,0.068854,0.06917,1850.5004,183.3657,1764.0,1287.0684,1764.0
1145,custom,resnet34,7,2411,128,4,4,2.559839,30.46875,60.9375,0.000126,0.069029,0.069154,1850.9332,183.3657,1764.0,1287.0684,1764.0
1145,custom,resnet34,7,2412,128,4,4,2.306719,39.0625,70.3125,0.000313,0.068444,0.068757,1861.641,183.3657,1764.0,1287.0684,1764.0
1145,custom,resnet34,7,2413,128,4,4,2.38944,37.5,69.53125,0.000359,0.068822,0.069181,1850.2218,183.3657,1764.0,1287.0684,1764.0
1145,custom,resnet34,7,2414,128,4,4,2.192351,36.71875,72.65625,0.000422,0.068716,0.069138,1851.3778,183.3657,1764.0,1287.0684,1764.0
1145,custom,resnet34,7,2415,128,4,4,2.333433,40.625,75.0,0.000121,0.069024,0.069145,1851.1748,183.3657,1764.0,1287.0684,1764.0
1145,custom,resnet34,7,2416,128,4,4,2.257606,42.1875,73.4375,0.000382,0.068706,0.069088,1852.702,183.3657,1764.0,1287.0684,1764.0
1145,custom,resnet34,7,2417,128,4,4,2.154845,46.09375,73.4375,0.000127,0.068631,0.068758,1861.6135,183.3657,1764.0,1287.0684,1764.0
1145,custom,resnet34,7,2418,128,4,4,2.492905,33.59375,71.09375,0.000833,0.068583,0.069416,1843.9682,183.3657,1764.0,1287.0684,1764.0
1145,custom,resnet34,7,2419,128,4,4,2.203032,41.40625,72.65625,0.000137,0.069125,0.069261,1848.0732,183.3657,1764.0,1287.0684,1764.0
1145,custom,resnet34,7,2420,128,4,4,2.355462,38.28125,72.65625,0.000129,0.068659,0.068788,1860.7815,183.3657,1764.0,1287.0684,1764.0
1145,custom,resnet34,7,2421,128,4,4,2.028042,42.96875,75.78125,0.000375,0.068626,0.069001,1855.0506,183.3657,1764.0,1287.0684,1764.0
1145,custom,resnet34,7,2422,128,4,4,2.58797,35.15625,64.0625,0.000613,0.068771,0.069384,1844.8133,183.3657,1764.0,1287.0684,1764.0
1145,custom,resnet34,7,2423,128,4,4,2.140064,42.1875,75.78125,0.00049,0.069031,0.06952,1841.1872,183.3657,1764.0,1287.0684,1764.0
1145,custom,resnet34,7,2424,128,4,4,1.954653,52.34375,79.6875,0.000127,0.068772,0.068899,1857.7934,183.3657,1764.0,1287.0684,1764.0
1145,custom,resnet34,7,2425,128,4,4,2.220557,39.0625,74.21875,0.000131,0.068628,0.068759,1861.577,183.3657,1764.0,1287.0684,1764.0
1145,custom,resnet34,7,2426,128,4,4,2.521272,39.84375,60.9375,0.000365,0.068546,0.068911,1857.4668,183.3657,1764.0,1287.0684,1764.0
1145,custom,resnet34,7,2427,128,4,4,2.214272,39.84375,74.21875,0.000123,0.069119,0.069242,1848.5831,183.3657,1764.0,1287.0684,1764.0
1145,custom,resnet34,7,2428,128,4,4,2.216708,41.40625,73.4375,0.000122,0.068596,0.068718,1862.6939,183.3657,1764.0,1287.0684,1764.0
1145,custom,resnet34,7,2429,128,4,4,2.390027,38.28125,71.09375,0.000356,0.068742,0.069098,1852.4529,183.3657,1764.0,1287.0684,1764.0
1145,custom,resnet34,7,2430,128,4,4,2.201471,39.0625,70.3125,0.000297,0.068498,0.068795,1860.6067,183.3657,1764.0,1287.0684,1764.0
1145,custom,resnet34,7,2431,128,4,4,2.378266,39.84375,68.75,0.000123,0.068939,0.069062,1853.4115,183.3657,1764.0,1287.0684,1764.0
1145,custom,resnet34,7,2432,128,4,4,2.540146,32.8125,71.09375,0.000137,0.068883,0.06902,1854.5375,183.3657,1764.0,1287.0684,1764.0
1145,custom,resnet34,7,2433,128,4,4,2.127165,42.96875,69.53125,0.000122,0.068673,0.068795,1860.5918,183.3657,1764.0,1287.0684,1764.0
1145,custom,resnet34,7,2434,128,4,4,2.269263,41.40625,80.46875,0.001127,0.068584,0.069711,1836.1485,183.3657,1764.0,1287.0684,1764.0
1145,custom,resnet34,7,2435,128,4,4,2.524091,37.5,61.71875,0.000134,0.068868,0.069002,1855.0289,183.3657,1764.0,1287.0684,1764.0
1145,custom,resnet34,7,2436,128,4,4,1.978279,47.65625,78.125,0.000118,0.068756,0.068874,1858.4532,183.3657,1764.0,1287.0684,1764.0
1145,custom,resnet34,7,2437,128,4,4,2.384643,37.5,72.65625,0.000133,0.068482,0.068614,1865.4968,183.3657,1764.0,1287.0684,1764.0
1145,custom,resnet34,7,2438,128,4,4,2.402261,34.375,69.53125,0.000427,0.068553,0.06898,1855.6197,183.3657,1764.0,1287.0684,1764.0
1145,custom,resnet34,7,2439,128,4,4,2.540084,31.25,65.625,0.000123,0.06895,0.069073,1853.1007,183.3657,1764.0,1287.0684,1764.0
1145,custom,resnet34,7,2440,128,4,4,2.358501,39.84375,68.75,0.000343,0.068662,0.069005,1854.9314,183.3657,1764.0,1287.0684,1764.0
1145,custom,resnet34,7,2441,128,4,4,2.211063,42.1875,75.78125,0.000394,0.068579,0.068972,1855.8193,183.3657,1764.0,1287.0684,1764.0
1145,custom,resnet34,7,2442,128,4,4,2.269161,35.15625,75.0,0.000474,0.068493,0.068966,1855.9808,183.3657,1764.0,1287.0684,1764.0
1145,custom,resnet34,7,2443,128,4,4,2.186112,39.0625,75.78125,0.000129,0.068982,0.069112,1852.0762,183.3657,1764.0,1287.0684,1764.0
1145,custom,resnet34,7,2444,128,4,4,2.162445,38.28125,70.3125,0.000124,0.068485,0.06861,1865.6298,183.3657,1764.0,1287.0684,1764.0
1145,custom,resnet34,7,2445,128,4,4,2.360735,40.625,67.96875,0.000131,0.06835,0.068481,1869.1406,183.3657,1764.0,1287.0684,1764.0
1145,custom,resnet34,7,2446,128,4,4,2.2233,35.15625,72.65625,0.000512,0.06865,0.069163,1850.7116,183.3657,1764.0,1287.0684,1764.0
1145,custom,resnet34,7,2447,128,4,4,2.277709,37.5,71.09375,0.000672,0.068991,0.069663,1837.4289,183.3657,1764.0,1287.0684,1764.0
1145,custom,resnet34,7,2448,128,4,4,2.283442,32.03125,73.4375,0.000133,0.06859,0.068723,1862.5624,183.3657,1764.0,1287.0684,1764.0
1145,custom,resnet34,7,2449,128,4,4,2.171218,41.40625,73.4375,0.000118,0.06855,0.068668,1864.0377,183.3657,1764.0,1287.0684,1764.0
1145,custom,resnet34,7,2450,128,4,4,2.446423,33.59375,72.65625,0.000308,0.068505,0.068812,1860.134,183.3657,1764.0,1287.0684,1764.0
1145,custom,resnet34,7,2451,128,4,4,2.510973,35.15625,69.53125,0.000132,0.068888,0.06902,1854.544,183.3657,1764.0,1287.0684,1764.0
1145,custom,resnet34,7,2452,128,4,4,2.350182,39.84375,71.875,0.000361,0.068796,0.069157,1850.8683,183.3657,1764.0,1287.0684,1764.0
1145,custom,resnet34,7,2453,128,4,4,2.538922,39.84375,64.0625,0.000421,0.068654,0.069075,1853.0542,183.3657,1764.0,1287.0684,1764.0
1145,custom,resnet34,7,2454,128,4,4,2.202921,41.40625,72.65625,0.000529,0.068614,0.069143,1851.2319,183.3657,1764.0,1287.0684,1764.0
1145,custom,resnet34,7,2455,128,4,4,2.276215,36.71875,77.34375,0.000126,0.069019,0.069145,1851.1949,183.3657,1764.0,1287.0684,1764.0
1145,custom,resnet34,7,2456,128,4,4,2.273888,38.28125,73.4375,0.003576,0.068809,0.072386,1768.3014,183.3657,1764.0,1287.0684,1764.0
1145,custom,resnet34,7,2457,128,4,4,2.096828,44.53125,76.5625,0.000102,0.068613,0.068715,1862.7645,183.3657,1764.0,1287.0684,1764.0
1145,custom,resnet34,7,2458,128,4,4,2.584739,32.8125,68.75,9.1e-05,0.068578,0.068669,1864.0278,183.3657,1764.0,1287.0684,1764.0
1145,custom,resnet34,7,2459,128,4,4,2.391731,38.28125,67.96875,8.7e-05,0.068766,0.068853,1859.0325,183.3657,1764.0,1287.0684,1764.0
1145,custom,resnet34,7,2460,128,4,4,2.267549,40.625,73.4375,9.1e-05,0.068536,0.068627,1865.164,183.3657,1764.0,1287.0684,1764.0
1145,custom,resnet34,7,2461,128,4,4,2.304141,39.0625,75.78125,0.000127,0.068519,0.068646,1864.6273,183.3657,1764.0,1287.0684,1764.0
1145,custom,resnet34,7,2462,128,4,4,2.38833,39.0625,72.65625,8.7e-05,0.068566,0.068653,1864.4374,183.3657,1764.0,1287.0684,1764.0
1145,custom,resnet34,7,2463,128,4,4,2.457101,37.5,73.4375,0.000193,0.069361,0.069555,1840.2812,183.3657,1764.0,1287.0684,1764.0
1145,custom,resnet34,7,2464,128,4,4,2.286557,45.833333,66.666667,0.000189,0.038754,0.038943,1848.8499,182.1885,1764.0,1287.0684,1764.0
1145,custom,resnet34,8,2465,128,4,4,1.94351,52.34375,79.6875,0.094276,0.068836,0.163112,784.7352,183.3657,1764.0,1287.0684,1764.0
1145,custom,resnet34,8,2466,128,4,4,2.274256,44.53125,69.53125,0.000291,0.068648,0.068939,1856.7012,183.3657,1764.0,1287.0684,1764.0
1145,custom,resnet34,8,2467,128,4,4,2.180364,39.0625,74.21875,0.000194,0.068345,0.06854,1867.5314,183.3657,1764.0,1287.0684,1764.0
1145,custom,resnet34,8,2468,128,4,4,2.006989,43.75,80.46875,0.000355,0.069033,0.069389,1844.6797,183.3657,1764.0,1287.0684,1764.0
1145,custom,resnet34,8,2469,128,4,4,1.865979,46.875,79.6875,0.000134,0.068622,0.068757,1861.6394,183.3657,1764.0,1287.0684,1764.0
1145,custom,resnet34,8,2470,128,4,4,2.256933,37.5,73.4375,0.000466,0.068493,0.068958,1856.1948,183.3657,1764.0,1287.0684,1764.0
1145,custom,resnet34,8,2471,128,4,4,2.178181,46.09375,73.4375,0.002428,0.068429,0.070857,1806.4546,183.3657,1764.0,1287.0684,1764.0
1145,custom,resnet34,8,2472,128,4,4,2.271255,44.53125,75.78125,0.000207,0.068769,0.068976,1855.7119,183.3657,1764.0,1287.0684,1764.0
1145,custom,resnet34,8,2473,128,4,4,2.053392,45.3125,75.0,0.000157,0.06889,0.069046,1853.8237,183.3657,1764.0,1287.0684,1764.0
1145,custom,resnet34,8,2474,128,4,4,2.07403,42.1875,76.5625,0.000212,0.068678,0.06889,1858.0357,183.3657,1764.0,1287.0684,1764.0
1145,custom,resnet34,8,2475,128,4,4,2.045351,45.3125,75.78125,0.000384,0.068605,0.068989,1855.3745,183.3657,1764.0,1287.0684,1764.0
1145,custom,resnet34,8,2476,128,4,4,2.383043,39.84375,69.53125,0.00068,0.068852,0.069532,1840.8711,183.3657,1764.0,1287.0684,1764.0
1145,custom,resnet34,8,2477,128,4,4,2.133788,41.40625,75.78125,0.000405,0.068578,0.068982,1855.5504,183.3657,1764.0,1287.0684,1764.0
1145,custom,resnet34,8,2478,128,4,4,2.02393,42.96875,78.90625,0.000147,0.068471,0.068618,1865.4099,183.3657,1764.0,1287.0684,1764.0
1145,custom,resnet34,8,2479,128,4,4,2.282801,35.9375,67.1875,0.000351,0.068542,0.068893,1857.9453,183.3657,1764.0,1287.0684,1764.0
1145,custom,resnet34,8,2480,128,4,4,2.415053,40.625,70.3125,0.000386,0.068995,0.069381,1844.8762,183.3657,1764.0,1287.0684,1764.0
1145,custom,resnet34,8,2481,128,4,4,2.120663,44.53125,74.21875,0.00012,0.068457,0.068577,1866.5172,183.3657,1764.0,1287.0684,1764.0
1145,custom,resnet34,8,2482,128,4,4,2.056626,44.53125,78.125,0.000208,0.06855,0.068758,1861.5897,183.3657,1764.0,1287.0684,1764.0
1145,custom,resnet34,8,2483,128,4,4,2.176467,43.75,73.4375,0.000204,0.068672,0.068876,1858.4245,183.3657,1764.0,1287.0684,1764.0
1145,custom,resnet34,8,2484,128,4,4,2.074919,46.09375,71.09375,0.000364,0.069078,0.069443,1843.2477,183.3657,1764.0,1287.0684,1764.0
1145,custom,resnet34,8,2485,128,4,4,2.061611,42.96875,79.6875,0.000119,0.068694,0.068814,1860.0988,183.3657,1764.0,1287.0684,1764.0
1145,custom,resnet34,8,2486,128,4,4,2.217078,41.40625,69.53125,0.000959,0.068388,0.069346,1845.8041,183.3657,1764.0,1287.0684,1764.0
1145,custom,resnet34,8,2487,128,4,4,2.133312,39.84375,77.34375,0.000123,0.068773,0.068896,1857.867,183.3657,1764.0,1287.0684,1764.0
1145,custom,resnet34,8,2488,128,4,4,2.291539,39.84375,75.0,0.000351,0.0688,0.069151,1851.0279,183.3657,1764.0,1287.0684,1764.0
1145,custom,resnet34,8,2489,128,4,4,2.024368,42.1875,79.6875,0.00012,0.068627,0.068747,1861.9067,183.3657,1764.0,1287.0684,1764.0
1145,custom,resnet34,8,2490,128,4,4,2.25463,38.28125,70.3125,0.000438,0.068491,0.068929,1856.9926,183.3657,1764.0,1287.0684,1764.0
1145,custom,resnet34,8,2491,128,4,4,2.377882,35.9375,71.09375,0.000125,0.068503,0.068627,1865.1489,183.3657,1764.0,1287.0684,1764.0
1145,custom,resnet34,8,2492,128,4,4,1.984696,45.3125,75.0,0.000121,0.068895,0.069016,1854.6467,183.3657,1764.0,1287.0684,1764.0
1145,custom,resnet34,8,2493,128,4,4,2.207211,45.3125,72.65625,0.000118,0.068648,0.068766,1861.382,183.3657,1764.0,1287.0684,1764.0
1145,custom,resnet34,8,2494,128,4,4,2.157371,43.75,71.875,0.000674,0.068655,0.069329,1846.2768,183.3657,1764.0,1287.0684,1764.0
1145,custom,resnet34,8,2495,128,4,4,2.031222,43.75,79.6875,0.000194,0.068627,0.068821,1859.8847,183.3657,1764.0,1287.0684,1764.0
1145,custom,resnet34,8,2496,128,4,4,1.969373,46.09375,77.34375,0.000412,0.069179,0.069591,1839.3312,183.3657,1764.0,1287.0684,1764.0
1145,custom,resnet34,8,2497,128,4,4,2.235581,37.5,71.875,0.000369,0.068736,0.069105,1852.2509,183.3657,1764.0,1287.0684,1764.0
1145,custom,resnet34,8,2498,128,4,4,2.441536,36.71875,65.625,0.000203,0.068541,0.068745,1861.9669,183.3657,1764.0,1287.0684,1764.0
1145,custom,resnet34,8,2499,128,4,4,2.101517,47.65625,77.34375,0.000309,0.068653,0.068962,1856.0976,183.3657,1764.0,1287.0684,1764.0
1145,custom,resnet34,8,2500,128,4,4,2.016012,47.65625,78.125,0.00013,0.068969,0.069099,1852.4275,183.3657,1764.0,1287.0684,1764.0
1145,custom,resnet34,8,2501,128,4,4,2.141531,39.84375,77.34375,0.000239,0.068809,0.069048,1853.7866,183.3657,1764.0,1287.0684,1764.0
1145,custom,resnet34,8,2502,128,4,4,2.037341,46.875,78.90625,0.000256,0.068538,0.068794,1860.6338,183.3657,1764.0,1287.0684,1764.0
1145,custom,resnet34,8,2503,128,4,4,2.071882,36.71875,75.78125,0.000146,0.068561,0.068706,1862.9992,183.3657,1764.0,1287.0684,1764.0
1145,custom,resnet34,8,2504,128,4,4,2.325754,40.625,69.53125,0.000184,0.069279,0.069463,1842.7113,183.3657,1764.0,1287.0684,1764.0
1145,custom,resnet34,8,2505,128,4,4,2.044716,44.53125,77.34375,0.000231,0.069167,0.069398,1844.4289,183.3657,1764.0,1287.0684,1764.0
1145,custom,resnet34,8,2506,128,4,4,2.035646,46.09375,76.5625,0.000131,0.068495,0.068627,1865.1666,183.3657,1764.0,1287.0684,1764.0
1145,custom,resnet34,8,2507,128,4,4,2.090362,46.09375,75.78125,0.000139,0.06852,0.068659,1864.2852,183.3657,1764.0,1287.0684,1764.0
1145,custom,resnet34,8,2508,128,4,4,2.141304,42.1875,74.21875,0.00036,0.068935,0.069295,1847.173,183.3657,1764.0,1287.0684,1764.0
1145,custom,resnet34,8,2509,128,4,4,2.10806,46.875,75.0,0.000375,0.068891,0.069266,1847.9601,183.3657,1764.0,1287.0684,1764.0
1145,custom,resnet34,8,2510,128,4,4,2.123184,42.96875,75.0,0.000379,0.068988,0.069367,1845.2608,183.3657,1764.0,1287.0684,1764.0
1145,custom,resnet34,8,2511,128,4,4,2.434111,35.15625,64.0625,0.000381,0.068917,0.069298,1847.0867,183.3657,1764.0,1287.0684,1764.0
1145,custom,resnet34,8,2512,128,4,4,2.198895,40.625,74.21875,0.000126,0.069038,0.069164,1850.6715,183.3657,1764.0,1287.0684,1764.0
1145,custom,resnet34,8,2513,128,4,4,2.055796,47.65625,78.125,0.00036,0.068523,0.068883,1858.232,183.3657,1764.0,1287.0684,1764.0
1145,custom,resnet34,8,2514,128,4,4,2.07916,45.3125,75.78125,0.000631,0.068409,0.069041,1853.9838,183.3657,1764.0,1287.0684,1764.0
1145,custom,resnet34,8,2515,128,4,4,1.988214,43.75,81.25,0.000142,0.068655,0.068797,1860.5361,183.3657,1764.0,1287.0684,1764.0
1145,custom,resnet34,8,2516,128,4,4,2.199058,45.3125,71.875,0.000132,0.068945,0.069077,1852.9999,183.3657,1764.0,1287.0684,1764.0
1145,custom,resnet34,8,2517,128,4,4,2.340311,38.28125,71.875,0.000122,0.068507,0.068629,1865.0913,183.3657,1764.0,1287.0684,1764.0
1145,custom,resnet34,8,2518,128,4,4,2.038402,48.4375,76.5625,0.000235,0.06841,0.068645,1864.6601,183.3657,1764.0,1287.0684,1764.0
1145,custom,resnet34,8,2519,128,4,4,2.177982,38.28125,76.5625,0.000399,0.068542,0.068941,1856.6568,183.3657,1764.0,1287.0684,1764.0
1145,custom,resnet34,8,2520,128,4,4,2.079045,37.5,78.125,0.000122,0.068906,0.069028,1854.3329,183.3657,1764.0,1287.0684,1764.0
1145,custom,resnet34,8,2521,128,4,4,2.006233,51.5625,74.21875,0.000121,0.068585,0.068706,1863.0203,183.3657,1764.0,1287.0684,1764.0
1145,custom,resnet34,8,2522,128,4,4,2.236187,39.84375,71.09375,0.000192,0.068597,0.068789,1860.7684,183.3657,1764.0,1287.0684,1764.0
1145,custom,resnet34,8,2523,128,4,4,2.08201,46.875,75.0,0.00013,0.068654,0.068783,1860.9118,183.3657,1764.0,1287.0684,1764.0
1145,custom,resnet34,8,2524,128,4,4,2.281872,46.09375,72.65625,0.000114,0.068958,0.069071,1853.153,183.3657,1764.0,1287.0684,1764.0
1145,custom,resnet34,8,2525,128,4,4,2.065108,42.1875,82.03125,0.000127,0.068614,0.068742,1862.0407,183.3657,1764.0,1287.0684,1764.0
1145,custom,resnet34,8,2526,128,4,4,2.086749,39.0625,78.90625,0.000395,0.068717,0.069112,1852.0765,183.3657,1764.0,1287.0684,1764.0
1145,custom,resnet34,8,2527,128,4,4,1.918307,39.84375,82.03125,0.000499,0.068638,0.069137,1851.4017,183.3657,1764.0,1287.0684,1764.0
1145,custom,resnet34,8,2528,128,4,4,2.325474,31.25,75.78125,0.000355,0.068871,0.069226,1849.023,183.3657,1764.0,1287.0684,1764.0
1145,custom,resnet34,8,2529,128,4,4,1.996138,46.09375,77.34375,0.00013,0.068541,0.068671,1863.9621,183.3657,1764.0,1287.0684,1764.0
1145,custom,resnet34,8,2530,128,4,4,2.524957,37.5,67.96875,0.000381,0.068532,0.068913,1857.4155,183.3657,1764.0,1287.0684,1764.0
1145,custom,resnet34,8,2531,128,4,4,1.981437,45.3125,78.90625,0.000378,0.068528,0.068906,1857.6059,183.3657,1764.0,1287.0684,1764.0
1145,custom,resnet34,8,2532,128,4,4,2.227039,42.1875,72.65625,0.000292,0.068869,0.069161,1850.7653,183.3657,1764.0,1287.0684,1764.0
1145,custom,resnet34,8,2533,128,4,4,2.397757,32.8125,71.09375,0.000145,0.068595,0.068739,1862.112,183.3657,1764.0,1287.0684,1764.0
1145,custom,resnet34,8,2534,128,4,4,2.081983,45.3125,71.875,0.000221,0.068394,0.068615,1865.4862,183.3657,1764.0,1287.0684,1764.0
1145,custom,resnet34,8,2535,128,4,4,2.328346,42.1875,70.3125,0.000356,0.06878,0.069136,1851.4299,183.3657,1764.0,1287.0684,1764.0
1145,custom,resnet34,8,2536,128,4,4,2.201304,45.3125,68.75,0.000204,0.06893,0.069134,1851.4719,183.3657,1764.0,1287.0684,1764.0
1145,custom,resnet34,8,2537,128,4,4,2.2898,35.15625,71.09375,0.000116,0.068744,0.06886,1858.8451,183.3657,1764.0,1287.0684,1764.0
1145,custom,resnet34,8,2538,128,4,4,2.000267,42.1875,78.90625,0.000209,0.06841,0.068619,1865.3716,183.3657,1764.0,1287.0684,1764.0
1145,custom,resnet34,8,2539,128,4,4,2.313923,39.84375,71.09375,0.000712,0.068574,0.069286,1847.407,183.3657,1764.0,1287.0684,1764.0
1145,custom,resnet34,8,2540,128,4,4,2.118853,45.3125,74.21875,0.000247,0.068798,0.069045,1853.8625,183.3657,1764.0,1287.0684,1764.0
1145,custom,resnet34,8,2541,128,4,4,2.286686,37.5,74.21875,0.00043,0.068612,0.069042,1853.9343,183.3657,1764.0,1287.0684,1764.0
1145,custom,resnet34,8,2542,128,4,4,2.147404,44.53125,76.5625,0.00014,0.068678,0.068819,1859.9583,183.3657,1764.0,1287.0684,1764.0
1145,custom,resnet34,8,2543,128,4,4,1.996435,39.0625,79.6875,0.000121,0.068607,0.068728,1862.4184,183.3657,1764.0,1287.0684,1764.0
1145,custom,resnet34,8,2544,128,4,4,1.972837,47.65625,76.5625,0.000508,0.06877,0.069278,1847.6249,183.3657,1764.0,1287.0684,1764.0
1145,custom,resnet34,8,2545,128,4,4,2.061692,46.875,77.34375,0.000123,0.06862,0.068743,1862.0087,183.3657,1764.0,1287.0684,1764.0
1145,custom,resnet34,8,2546,128,4,4,2.223973,39.84375,72.65625,0.000365,0.06855,0.068915,1857.3539,183.3657,1764.0,1287.0684,1764.0
1145,custom,resnet34,8,2547,128,4,4,2.149382,40.625,75.0,0.000138,0.068972,0.06911,1852.1305,183.3657,1764.0,1287.0684,1764.0
1145,custom,resnet34,8,2548,128,4,4,2.003309,48.4375,75.78125,0.00052,0.069007,0.069527,1841.0054,183.3657,1764.0,1287.0684,1764.0
1145,custom,resnet34,8,2549,128,4,4,2.161136,45.3125,73.4375,0.000117,0.068696,0.068813,1860.1146,183.3657,1764.0,1287.0684,1764.0
1145,custom,resnet34,8,2550,128,4,4,2.250331,33.59375,72.65625,0.00039,0.068581,0.068971,1855.8622,183.3657,1764.0,1287.0684,1764.0
1145,custom,resnet34,8,2551,128,4,4,2.225952,42.1875,72.65625,0.000381,0.068677,0.069058,1853.5206,183.3657,1764.0,1287.0684,1764.0
1145,custom,resnet34,8,2552,128,4,4,2.13927,41.40625,80.46875,0.000194,0.06875,0.068944,1856.5813,183.3657,1764.0,1287.0684,1764.0
1145,custom,resnet34,8,2553,128,4,4,2.24272,43.75,67.1875,0.000112,0.068579,0.068691,1863.4083,183.3657,1764.0,1287.0684,1764.0
1145,custom,resnet34,8,2554,128,4,4,1.843813,48.4375,82.8125,0.000132,0.068615,0.068747,1861.9078,183.3657,1764.0,1287.0684,1764.0
1145,custom,resnet34,8,2555,128,4,4,2.277758,39.84375,74.21875,0.000755,0.068928,0.069683,1836.8915,183.3657,1764.0,1287.0684,1764.0
1145,custom,resnet34,8,2556,128,4,4,1.856569,51.5625,80.46875,0.000191,0.068888,0.069079,1852.9478,183.3657,1764.0,1287.0684,1764.0
1145,custom,resnet34,8,2557,128,4,4,2.134526,39.0625,75.0,0.000117,0.068557,0.068674,1863.8758,183.3657,1764.0,1287.0684,1764.0
1145,custom,resnet34,8,2558,128,4,4,2.128263,43.75,73.4375,0.000132,0.068617,0.068749,1861.8423,183.3657,1764.0,1287.0684,1764.0
1145,custom,resnet34,8,2559,128,4,4,2.141019,43.75,78.125,0.000127,0.068572,0.068698,1863.2179,183.3657,1764.0,1287.0684,1764.0
1145,custom,resnet34,8,2560,128,4,4,1.866678,50.0,79.6875,0.000622,0.069025,0.069647,1837.8457,183.3657,1764.0,1287.0684,1764.0
1145,custom,resnet34,8,2561,128,4,4,1.846759,48.4375,83.59375,0.00011,0.068623,0.068733,1862.2778,183.3657,1764.0,1287.0684,1764.0
1145,custom,resnet34,8,2562,128,4,4,2.155283,40.625,73.4375,0.000379,0.068518,0.068897,1857.8384,183.3657,1764.0,1287.0684,1764.0
1145,custom,resnet34,8,2563,128,4,4,1.953251,46.875,79.6875,0.000128,0.068555,0.068683,1863.6339,183.3657,1764.0,1287.0684,1764.0
1145,custom,resnet34,8,2564,128,4,4,2.242846,39.84375,73.4375,0.000187,0.068925,0.069112,1852.0728,183.3657,1764.0,1287.0684,1764.0
1145,custom,resnet34,8,2565,128,4,4,2.092509,42.1875,74.21875,0.000127,0.068641,0.068769,1861.3161,183.3657,1764.0,1287.0684,1764.0
1145,custom,resnet34,8,2566,128,4,4,2.141433,49.21875,77.34375,0.000388,0.068652,0.06904,1854.0029,183.3657,1764.0,1287.0684,1764.0
1145,custom,resnet34,8,2567,128,4,4,2.14024,47.65625,72.65625,0.000129,0.068682,0.068811,1860.1733,183.3657,1764.0,1287.0684,1764.0
1145,custom,resnet34,8,2568,128,4,4,2.224232,42.96875,73.4375,0.000696,0.068728,0.069424,1843.746,183.3657,1764.0,1287.0684,1764.0
1145,custom,resnet34,8,2569,128,4,4,2.357122,39.84375,71.875,0.000123,0.068713,0.068836,1859.491,183.3657,1764.0,1287.0684,1764.0
1145,custom,resnet34,8,2570,128,4,4,2.234359,37.5,70.3125,0.000387,0.068824,0.069211,1849.4099,183.3657,1764.0,1287.0684,1764.0
1145,custom,resnet34,8,2571,128,4,4,2.426063,35.9375,68.75,0.000133,0.068527,0.06866,1864.2588,183.3657,1764.0,1287.0684,1764.0
1145,custom,resnet34,8,2572,128,4,4,2.265236,44.53125,73.4375,0.000134,0.068886,0.06902,1854.5382,183.3657,1764.0,1287.0684,1764.0
1145,custom,resnet34,8,2573,128,4,4,2.100194,46.09375,75.78125,0.000112,0.068567,0.068679,1863.7378,183.3657,1764.0,1287.0684,1764.0
1145,custom,resnet34,8,2574,128,4,4,2.237696,43.75,72.65625,0.000148,0.068635,0.068782,1860.9406,183.3657,1764.0,1287.0684,1764.0
1145,custom,resnet34,8,2575,128,4,4,2.188819,43.75,72.65625,0.000577,0.068501,0.069078,1852.9712,183.3657,1764.0,1287.0684,1764.0
1145,custom,resnet34,8,2576,128,4,4,2.238475,41.40625,71.875,0.000313,0.068976,0.069289,1847.3376,183.3657,1764.0,1287.0684,1764.0
1145,custom,resnet34,8,2577,128,4,4,2.084221,45.3125,78.125,0.00014,0.068666,0.068806,1860.3079,183.3657,1764.0,1287.0684,1764.0
1145,custom,resnet34,8,2578,128,4,4,2.424762,35.9375,70.3125,0.000135,0.068586,0.068721,1862.5935,183.3657,1764.0,1287.0684,1764.0
1145,custom,resnet34,8,2579,128,4,4,2.184581,37.5,78.90625,0.000211,0.068629,0.06884,1859.3871,183.3657,1764.0,1287.0684,1764.0
1145,custom,resnet34,8,2580,128,4,4,2.098742,36.71875,81.25,0.000286,0.068919,0.069205,1849.5801,183.3657,1764.0,1287.0684,1764.0
1145,custom,resnet34,8,2581,128,4,4,2.215425,38.28125,73.4375,0.000131,0.068696,0.068827,1859.7391,183.3657,1764.0,1287.0684,1764.0
1145,custom,resnet34,8,2582,128,4,4,1.939533,46.875,83.59375,0.000205,0.068591,0.068795,1860.5962,183.3657,1764.0,1287.0684,1764.0
1145,custom,resnet34,8,2583,128,4,4,2.147127,44.53125,72.65625,0.000132,0.068736,0.068868,1858.6287,183.3657,1764.0,1287.0684,1764.0
1145,custom,resnet34,8,2584,128,4,4,2.208946,42.1875,71.875,0.000312,0.072933,0.073245,1747.5613,183.3657,1764.0,1287.0684,1764.0
1145,custom,resnet34,8,2585,128,4,4,1.866768,49.21875,82.03125,0.000142,0.070506,0.070647,1811.8193,183.3657,1764.0,1287.0684,1764.0
1145,custom,resnet34,8,2586,128,4,4,2.063959,46.875,78.90625,0.000141,0.068655,0.068796,1860.5691,183.3657,1764.0,1287.0684,1764.0
1145,custom,resnet34,8,2587,128,4,4,2.232273,43.75,74.21875,0.000314,0.068678,0.068991,1855.3071,183.3657,1764.0,1287.0684,1764.0
1145,custom,resnet34,8,2588,128,4,4,2.221136,47.65625,73.4375,0.000305,0.068978,0.069284,1847.475,183.3657,1764.0,1287.0684,1764.0
1145,custom,resnet34,8,2589,128,4,4,2.109075,39.0625,79.6875,0.000121,0.068519,0.06864,1864.8121,183.3657,1764.0,1287.0684,1764.0
1145,custom,resnet34,8,2590,128,4,4,2.215283,39.84375,75.0,0.000146,0.068898,0.069044,1853.8814,183.3657,1764.0,1287.0684,1764.0
1145,custom,resnet34,8,2591,128,4,4,2.1749,44.53125,73.4375,0.000209,0.068594,0.068803,1860.3844,183.3657,1764.0,1287.0684,1764.0
1145,custom,resnet34,8,2592,128,4,4,2.008246,46.09375,74.21875,0.000427,0.069208,0.069635,1838.1561,183.3657,1764.0,1287.0684,1764.0
1145,custom,resnet34,8,2593,128,4,4,2.259375,35.9375,75.78125,0.000123,0.068506,0.068629,1865.0995,183.3657,1764.0,1287.0684,1764.0
1145,custom,resnet34,8,2594,128,4,4,2.084833,40.625,74.21875,0.000127,0.068495,0.068623,1865.2744,183.3657,1764.0,1287.0684,1764.0
1145,custom,resnet34,8,2595,128,4,4,2.114336,42.1875,74.21875,0.000709,0.068462,0.06917,1850.5033,183.3657,1764.0,1287.0684,1764.0
1145,custom,resnet34,8,2596,128,4,4,2.171503,42.96875,75.78125,0.000412,0.069202,0.069614,1838.7094,183.3657,1764.0,1287.0684,1764.0
1145,custom,resnet34,8,2597,128,4,4,1.953841,48.4375,80.46875,0.000134,0.068802,0.068935,1856.82,183.3657,1764.0,1287.0684,1764.0
1145,custom,resnet34,8,2598,128,4,4,1.946596,44.53125,77.34375,0.000408,0.068948,0.069356,1845.5524,183.3657,1764.0,1287.0684,1764.0
1145,custom,resnet34,8,2599,128,4,4,2.132172,39.84375,80.46875,0.000342,0.06876,0.069101,1852.3479,183.3657,1764.0,1287.0684,1764.0
1145,custom,resnet34,8,2600,128,4,4,1.684664,56.25,83.59375,0.00036,0.068826,0.069187,1850.0688,183.3657,1764.0,1287.0684,1764.0
1145,custom,resnet34,8,2601,128,4,4,2.114493,46.875,72.65625,0.000125,0.068536,0.068661,1864.238,183.3657,1764.0,1287.0684,1764.0
1145,custom,resnet34,8,2602,128,4,4,1.97074,42.1875,82.8125,0.00068,0.068865,0.069544,1840.5486,183.3657,1764.0,1287.0684,1764.0
1145,custom,resnet34,8,2603,128,4,4,2.389379,35.15625,67.1875,0.000135,0.068701,0.068836,1859.4873,183.3657,1764.0,1287.0684,1764.0
1145,custom,resnet34,8,2604,128,4,4,2.22658,42.1875,71.09375,0.000125,0.068962,0.069087,1852.7293,183.3657,1764.0,1287.0684,1764.0
1145,custom,resnet34,8,2605,128,4,4,2.086555,44.53125,75.78125,0.000123,0.068562,0.068685,1863.5807,183.3657,1764.0,1287.0684,1764.0
1145,custom,resnet34,8,2606,128,4,4,2.236643,42.96875,74.21875,0.000553,0.068551,0.069104,1852.2878,183.3657,1764.0,1287.0684,1764.0
1145,custom,resnet34,8,2607,128,4,4,2.142148,38.28125,75.0,0.000129,0.068613,0.068742,1862.0342,183.3657,1764.0,1287.0684,1764.0
1145,custom,resnet34,8,2608,128,4,4,2.163906,43.75,75.0,0.000387,0.069728,0.070115,1825.5682,183.3657,1764.0,1287.0684,1764.0
1145,custom,resnet34,8,2609,128,4,4,2.157294,41.40625,75.78125,0.000126,0.068655,0.068781,1860.9729,183.3657,1764.0,1287.0684,1764.0
1145,custom,resnet34,8,2610,128,4,4,2.138548,43.75,76.5625,0.000363,0.068803,0.069165,1850.6362,183.3657,1764.0,1287.0684,1764.0
1145,custom,resnet34,8,2611,128,4,4,2.043977,39.84375,82.03125,0.000536,0.068677,0.069214,1849.3403,183.3657,1764.0,1287.0684,1764.0
1145,custom,resnet34,8,2612,128,4,4,2.117889,40.625,75.0,0.001161,0.068922,0.070082,1826.4317,183.3657,1764.0,1287.0684,1764.0
1145,custom,resnet34,8,2613,128,4,4,2.219182,39.84375,73.4375,0.000362,0.06869,0.069053,1853.6531,183.3657,1764.0,1287.0684,1764.0
1145,custom,resnet34,8,2614,128,4,4,2.082424,38.28125,78.125,0.00013,0.068608,0.068738,1862.1526,183.3657,1764.0,1287.0684,1764.0
1145,custom,resnet34,8,2615,128,4,4,2.222158,42.96875,72.65625,0.000344,0.068817,0.069162,1850.7362,183.3657,1764.0,1287.0684,1764.0
1145,custom,resnet34,8,2616,128,4,4,1.865484,45.3125,83.59375,0.000386,0.06897,0.069356,1845.5475,183.3657,1764.0,1287.0684,1764.0
1145,custom,resnet34,8,2617,128,4,4,2.144634,43.75,73.4375,0.000122,0.068633,0.068755,1861.6693,183.3657,1764.0,1287.0684,1764.0
1145,custom,resnet34,8,2618,128,4,4,2.034968,45.3125,80.46875,0.00036,0.068578,0.068938,1856.7375,183.3657,1764.0,1287.0684,1764.0
1145,custom,resnet34,8,2619,128,4,4,2.45703,33.59375,71.875,0.000125,0.068723,0.068848,1859.1681,183.3657,1764.0,1287.0684,1764.0
1145,custom,resnet34,8,2620,128,4,4,2.244435,37.5,71.875,0.000286,0.068901,0.069187,1850.0712,183.3657,1764.0,1287.0684,1764.0
1145,custom,resnet34,8,2621,128,4,4,2.322235,43.75,71.875,0.000216,0.068803,0.069018,1854.5792,183.3657,1764.0,1287.0684,1764.0
1145,custom,resnet34,8,2622,128,4,4,2.11432,38.28125,74.21875,0.000376,0.068485,0.068861,1858.8221,183.3657,1764.0,1287.0684,1764.0
1145,custom,resnet34,8,2623,128,4,4,2.006916,42.96875,80.46875,0.000189,0.068461,0.068649,1864.5444,183.3657,1764.0,1287.0684,1764.0
1145,custom,resnet34,8,2624,128,4,4,2.412301,38.28125,67.1875,0.000414,0.069115,0.069528,1840.9813,183.3657,1764.0,1287.0684,1764.0
1145,custom,resnet34,8,2625,128,4,4,2.116356,49.21875,72.65625,0.00014,0.06858,0.06872,1862.6331,183.3657,1764.0,1287.0684,1764.0
1145,custom,resnet34,8,2626,128,4,4,1.891969,52.34375,82.03125,0.000339,0.068633,0.068972,1855.83,183.3657,1764.0,1287.0684,1764.0
1145,custom,resnet34,8,2627,128,4,4,2.357394,34.375,65.625,0.000369,0.068762,0.069131,1851.5514,183.3657,1764.0,1287.0684,1764.0
1145,custom,resnet34,8,2628,128,4,4,2.111531,42.96875,74.21875,0.000707,0.068744,0.069451,1843.0275,183.3657,1764.0,1287.0684,1764.0
1145,custom,resnet34,8,2629,128,4,4,2.144913,43.75,77.34375,0.000133,0.068468,0.068601,1865.8568,183.3657,1764.0,1287.0684,1764.0
1145,custom,resnet34,8,2630,128,4,4,2.160123,46.875,77.34375,0.000132,0.068771,0.068903,1857.6752,183.3657,1764.0,1287.0684,1764.0
1145,custom,resnet34,8,2631,128,4,4,2.24346,31.25,79.6875,0.000525,0.068597,0.069122,1851.8071,183.3657,1764.0,1287.0684,1764.0
1145,custom,resnet34,8,2632,128,4,4,2.01019,50.78125,78.125,0.00046,0.068924,0.069385,1844.7902,183.3657,1764.0,1287.0684,1764.0
1145,custom,resnet34,8,2633,128,4,4,2.249968,46.875,71.875,0.000126,0.068787,0.068914,1857.396,183.3657,1764.0,1287.0684,1764.0
1145,custom,resnet34,8,2634,128,4,4,2.199593,42.96875,71.09375,0.000131,0.068711,0.068842,1859.324,183.3657,1764.0,1287.0684,1764.0
1145,custom,resnet34,8,2635,128,4,4,1.977086,47.65625,77.34375,0.000369,0.068591,0.06896,1856.1392,183.3657,1764.0,1287.0684,1764.0
1145,custom,resnet34,8,2636,128,4,4,2.010375,42.1875,76.5625,0.000383,0.069004,0.069387,1844.7149,183.3657,1764.0,1287.0684,1764.0
1145,custom,resnet34,8,2637,128,4,4,2.246173,39.0625,74.21875,0.000222,0.069002,0.069224,1849.0807,183.3657,1764.0,1287.0684,1764.0
1145,custom,resnet34,8,2638,128,4,4,2.05512,44.53125,75.0,0.000481,0.068626,0.069107,1852.1895,183.3657,1764.0,1287.0684,1764.0
1145,custom,resnet34,8,2639,128,4,4,2.014819,46.875,79.6875,0.000124,0.068883,0.069007,1854.8869,183.3657,1764.0,1287.0684,1764.0
1145,custom,resnet34,8,2640,128,4,4,2.174049,42.1875,75.78125,0.000315,0.068893,0.069208,1849.4897,183.3657,1764.0,1287.0684,1764.0
1145,custom,resnet34,8,2641,128,4,4,2.004554,45.3125,78.90625,0.000144,0.068576,0.068719,1862.6453,183.3657,1764.0,1287.0684,1764.0
1145,custom,resnet34,8,2642,128,4,4,2.174002,36.71875,76.5625,0.000398,0.068736,0.069134,1851.4865,183.3657,1764.0,1287.0684,1764.0
1145,custom,resnet34,8,2643,128,4,4,2.17307,41.40625,75.0,0.000211,0.068494,0.068705,1863.0288,183.3657,1764.0,1287.0684,1764.0
1145,custom,resnet34,8,2644,128,4,4,1.846785,50.78125,81.25,0.000356,0.068948,0.069304,1846.9256,183.3657,1764.0,1287.0684,1764.0
1145,custom,resnet34,8,2645,128,4,4,2.342741,39.0625,70.3125,0.001031,0.068488,0.069519,1841.2289,183.3657,1764.0,1287.0684,1764.0
1145,custom,resnet34,8,2646,128,4,4,1.905279,44.53125,84.375,0.00043,0.068773,0.069203,1849.6295,183.3657,1764.0,1287.0684,1764.0
1145,custom,resnet34,8,2647,128,4,4,2.142082,39.0625,74.21875,0.00039,0.068504,0.068894,1857.9377,183.3657,1764.0,1287.0684,1764.0
1145,custom,resnet34,8,2648,128,4,4,2.067962,44.53125,74.21875,0.0005,0.068778,0.069278,1847.6339,183.3657,1764.0,1287.0684,1764.0
1145,custom,resnet34,8,2649,128,4,4,2.345026,37.5,71.875,0.000176,0.06841,0.068586,1866.275,183.3657,1764.0,1287.0684,1764.0
1145,custom,resnet34,8,2650,128,4,4,2.305757,38.28125,71.875,0.000206,0.06839,0.068596,1865.9891,183.3657,1764.0,1287.0684,1764.0
1145,custom,resnet34,8,2651,128,4,4,2.040618,45.3125,76.5625,0.000343,0.068596,0.068939,1856.7264,183.3657,1764.0,1287.0684,1764.0
1145,custom,resnet34,8,2652,128,4,4,2.296434,40.625,72.65625,0.000288,0.068926,0.069215,1849.3217,183.3657,1764.0,1287.0684,1764.0
1145,custom,resnet34,8,2653,128,4,4,2.262275,40.625,71.875,0.000121,0.068394,0.068515,1868.1917,183.3657,1764.0,1287.0684,1764.0
1145,custom,resnet34,8,2654,128,4,4,2.061393,39.84375,77.34375,0.000347,0.068965,0.069312,1846.7351,183.3657,1764.0,1287.0684,1764.0
1145,custom,resnet34,8,2655,128,4,4,1.878433,50.0,81.25,0.00013,0.068809,0.06894,1856.7001,183.3657,1764.0,1287.0684,1764.0
1145,custom,resnet34,8,2656,128,4,4,2.389203,38.28125,68.75,0.000619,0.069187,0.069807,1833.6326,183.3657,1764.0,1287.0684,1764.0
1145,custom,resnet34,8,2657,128,4,4,2.343063,34.375,71.09375,0.000117,0.068727,0.068844,1859.2666,183.3657,1764.0,1287.0684,1764.0
1145,custom,resnet34,8,2658,128,4,4,1.99109,47.65625,78.125,0.000358,0.068581,0.068939,1856.7197,183.3657,1764.0,1287.0684,1764.0
1145,custom,resnet34,8,2659,128,4,4,2.349758,42.96875,71.09375,0.000112,0.06857,0.068682,1863.6559,183.3657,1764.0,1287.0684,1764.0
1145,custom,resnet34,8,2660,128,4,4,2.102934,46.09375,75.78125,0.000373,0.068785,0.069158,1850.8359,183.3657,1764.0,1287.0684,1764.0
1145,custom,resnet34,8,2661,128,4,4,2.163011,40.625,70.3125,0.000213,0.068417,0.06863,1865.0792,183.3657,1764.0,1287.0684,1764.0
1145,custom,resnet34,8,2662,128,4,4,2.103462,42.1875,79.6875,0.000368,0.068571,0.06894,1856.6954,183.3657,1764.0,1287.0684,1764.0
1145,custom,resnet34,8,2663,128,4,4,2.293423,42.96875,72.65625,0.000331,0.068726,0.069056,1853.5601,183.3657,1764.0,1287.0684,1764.0
1145,custom,resnet34,8,2664,128,4,4,2.035034,42.96875,78.125,0.000208,0.068931,0.069139,1851.343,183.3657,1764.0,1287.0684,1764.0
1145,custom,resnet34,8,2665,128,4,4,2.13363,42.96875,76.5625,0.000136,0.068677,0.068813,1860.1063,183.3657,1764.0,1287.0684,1764.0
1145,custom,resnet34,8,2666,128,4,4,1.943131,45.3125,78.90625,0.000189,0.068786,0.068976,1855.7254,183.3657,1764.0,1287.0684,1764.0
1145,custom,resnet34,8,2667,128,4,4,2.087503,42.96875,75.78125,0.00025,0.068625,0.068875,1858.4344,183.3657,1764.0,1287.0684,1764.0
1145,custom,resnet34,8,2668,128,4,4,2.279165,40.625,68.75,0.000212,0.068932,0.069144,1851.2101,183.3657,1764.0,1287.0684,1764.0
1145,custom,resnet34,8,2669,128,4,4,2.06129,45.3125,74.21875,0.000136,0.06861,0.068746,1861.9177,183.3657,1764.0,1287.0684,1764.0
1145,custom,resnet34,8,2670,128,4,4,2.146531,42.96875,76.5625,0.000349,0.068512,0.068861,1858.8224,183.3657,1764.0,1287.0684,1764.0
1145,custom,resnet34,8,2671,128,4,4,2.238828,45.3125,75.0,0.000367,0.068857,0.069225,1849.0555,183.3657,1764.0,1287.0684,1764.0
1145,custom,resnet34,8,2672,128,4,4,2.240047,39.0625,71.09375,0.000616,0.069184,0.069801,1833.794,183.3657,1764.0,1287.0684,1764.0
1145,custom,resnet34,8,2673,128,4,4,2.014825,44.53125,78.125,0.000122,0.068612,0.068734,1862.2559,183.3657,1764.0,1287.0684,1764.0
1145,custom,resnet34,8,2674,128,4,4,2.141812,42.96875,76.5625,0.000379,0.068612,0.068991,1855.3099,183.3657,1764.0,1287.0684,1764.0
1145,custom,resnet34,8,2675,128,4,4,2.274127,41.40625,71.875,0.000365,0.06859,0.068955,1856.2914,183.3657,1764.0,1287.0684,1764.0
1145,custom,resnet34,8,2676,128,4,4,1.894592,45.3125,80.46875,0.000264,0.068921,0.069184,1850.1296,183.3657,1764.0,1287.0684,1764.0
1145,custom,resnet34,8,2677,128,4,4,2.144786,44.53125,71.875,0.000414,0.068593,0.069008,1854.8605,183.3657,1764.0,1287.0684,1764.0
1145,custom,resnet34,8,2678,128,4,4,2.102332,39.84375,73.4375,0.000358,0.068674,0.069032,1854.2255,183.3657,1764.0,1287.0684,1764.0
1145,custom,resnet34,8,2679,128,4,4,1.990387,43.75,78.125,0.000854,0.068455,0.069309,1846.8035,183.3657,1764.0,1287.0684,1764.0
1145,custom,resnet34,8,2680,128,4,4,2.314013,35.9375,71.875,0.000615,0.06902,0.069635,1838.1597,183.3657,1764.0,1287.0684,1764.0
1145,custom,resnet34,8,2681,128,4,4,2.012472,46.875,79.6875,0.000118,0.068525,0.068643,1864.715,183.3657,1764.0,1287.0684,1764.0
1145,custom,resnet34,8,2682,128,4,4,1.706598,53.90625,85.15625,0.000126,0.068653,0.068779,1861.0333,183.3657,1764.0,1287.0684,1764.0
1145,custom,resnet34,8,2683,128,4,4,1.831769,52.34375,81.25,0.000593,0.068569,0.069163,1850.7102,183.3657,1764.0,1287.0684,1764.0
1145,custom,resnet34,8,2684,128,4,4,1.977433,49.21875,78.90625,0.000845,0.071813,0.072658,1761.6826,183.3657,1764.0,1287.0684,1764.0
1145,custom,resnet34,8,2685,128,4,4,2.017033,51.5625,75.0,0.000131,0.068531,0.068663,1864.1868,183.3657,1764.0,1287.0684,1764.0
1145,custom,resnet34,8,2686,128,4,4,2.398898,38.28125,70.3125,0.000137,0.068701,0.068837,1859.4564,183.3657,1764.0,1287.0684,1764.0
1145,custom,resnet34,8,2687,128,4,4,2.082675,42.96875,75.78125,0.000123,0.06868,0.068804,1860.3687,183.3657,1764.0,1287.0684,1764.0
1145,custom,resnet34,8,2688,128,4,4,2.090545,39.84375,79.6875,0.000159,0.068998,0.069157,1850.8568,183.3657,1764.0,1287.0684,1764.0
1145,custom,resnet34,8,2689,128,4,4,1.970015,44.53125,82.8125,0.000238,0.068586,0.068823,1859.8302,183.3657,1764.0,1287.0684,1764.0
1145,custom,resnet34,8,2690,128,4,4,1.896847,49.21875,78.90625,0.000202,0.06866,0.068862,1858.7963,183.3657,1764.0,1287.0684,1764.0
1145,custom,resnet34,8,2691,128,4,4,2.125716,41.40625,75.0,0.001404,0.068772,0.070176,1823.9957,183.3657,1764.0,1287.0684,1764.0
1145,custom,resnet34,8,2692,128,4,4,2.108093,38.28125,76.5625,0.000411,0.068818,0.069229,1848.9256,183.3657,1764.0,1287.0684,1764.0
1145,custom,resnet34,8,2693,128,4,4,2.140108,41.40625,75.78125,0.000459,0.06887,0.069329,1846.2737,183.3657,1764.0,1287.0684,1764.0
1145,custom,resnet34,8,2694,128,4,4,1.919103,44.53125,79.6875,0.000631,0.068625,0.069256,1848.2137,183.3657,1764.0,1287.0684,1764.0
1145,custom,resnet34,8,2695,128,4,4,2.161173,46.875,71.875,0.000393,0.068545,0.068938,1856.7338,183.3657,1764.0,1287.0684,1764.0
1145,custom,resnet34,8,2696,128,4,4,2.007028,40.625,74.21875,0.000405,0.068894,0.069299,1847.0572,183.3657,1764.0,1287.0684,1764.0
1145,custom,resnet34,8,2697,128,4,4,2.079362,42.1875,75.0,0.000349,0.068766,0.069115,1851.9954,183.3657,1764.0,1287.0684,1764.0
1145,custom,resnet34,8,2698,128,4,4,2.260741,38.28125,69.53125,0.00037,0.068644,0.069015,1854.6724,183.3657,1764.0,1287.0684,1764.0
1145,custom,resnet34,8,2699,128,4,4,2.381503,41.40625,68.75,0.000351,0.06864,0.068992,1855.2967,183.3657,1764.0,1287.0684,1764.0
1145,custom,resnet34,8,2700,128,4,4,2.352234,35.9375,71.875,0.000679,0.068835,0.069514,1841.3682,183.3657,1764.0,1287.0684,1764.0
1145,custom,resnet34,8,2701,128,4,4,2.230853,41.40625,73.4375,0.000137,0.06862,0.068757,1861.6155,183.3657,1764.0,1287.0684,1764.0
1145,custom,resnet34,8,2702,128,4,4,1.987586,50.0,80.46875,0.000125,0.068672,0.068797,1860.5574,183.3657,1764.0,1287.0684,1764.0
1145,custom,resnet34,8,2703,128,4,4,1.994704,48.4375,76.5625,0.000389,0.068607,0.068995,1855.1946,183.3657,1764.0,1287.0684,1764.0
1145,custom,resnet34,8,2704,128,4,4,2.405482,39.84375,64.84375,0.000433,0.068844,0.069277,1847.6434,183.3657,1764.0,1287.0684,1764.0
1145,custom,resnet34,8,2705,128,4,4,2.309772,39.0625,71.875,0.000115,0.06852,0.068635,1864.9427,183.3657,1764.0,1287.0684,1764.0
1145,custom,resnet34,8,2706,128,4,4,2.032435,45.3125,73.4375,0.000125,0.068507,0.068632,1865.0248,183.3657,1764.0,1287.0684,1764.0
1145,custom,resnet34,8,2707,128,4,4,2.139946,46.09375,74.21875,0.000319,0.068687,0.069006,1854.9126,183.3657,1764.0,1287.0684,1764.0
1145,custom,resnet34,8,2708,128,4,4,2.019749,49.21875,75.0,0.001594,0.069188,0.070782,1808.3737,183.3657,1764.0,1287.0684,1764.0
1145,custom,resnet34,8,2709,128,4,4,2.108568,45.3125,77.34375,0.00015,0.068628,0.068778,1861.0561,183.3657,1764.0,1287.0684,1764.0
1145,custom,resnet34,8,2710,128,4,4,2.107198,45.3125,76.5625,0.000365,0.068492,0.068857,1858.9198,183.3657,1764.0,1287.0684,1764.0
1145,custom,resnet34,8,2711,128,4,4,2.178493,42.96875,70.3125,0.000227,0.068585,0.068812,1860.1456,183.3657,1764.0,1287.0684,1764.0
1145,custom,resnet34,8,2712,128,4,4,2.161988,39.84375,74.21875,0.000916,0.068871,0.069787,1834.1408,183.3657,1764.0,1287.0684,1764.0
1145,custom,resnet34,8,2713,128,4,4,1.937812,47.65625,81.25,0.000125,0.06849,0.068615,1865.4774,183.3657,1764.0,1287.0684,1764.0
1145,custom,resnet34,8,2714,128,4,4,2.090817,42.96875,75.78125,0.000138,0.06857,0.068708,1862.9617,183.3657,1764.0,1287.0684,1764.0
1145,custom,resnet34,8,2715,128,4,4,1.91193,46.09375,78.125,0.0007,0.068664,0.069363,1845.3539,183.3657,1764.0,1287.0684,1764.0
1145,custom,resnet34,8,2716,128,4,4,2.202216,39.84375,72.65625,0.000298,0.071325,0.071623,1787.1371,183.3657,1764.0,1287.0684,1764.0
1145,custom,resnet34,8,2717,128,4,4,2.246433,35.9375,70.3125,0.000395,0.068527,0.068922,1857.1637,183.3657,1764.0,1287.0684,1764.0
1145,custom,resnet34,8,2718,128,4,4,2.006385,47.65625,78.125,0.00013,0.068494,0.068624,1865.2334,183.3657,1764.0,1287.0684,1764.0
1145,custom,resnet34,8,2719,128,4,4,2.099965,42.1875,78.90625,0.000696,0.068503,0.069198,1849.7563,183.3657,1764.0,1287.0684,1764.0
1145,custom,resnet34,8,2720,128,4,4,1.986471,46.875,79.6875,0.000378,0.069093,0.069471,1842.4968,183.3657,1764.0,1287.0684,1764.0
1145,custom,resnet34,8,2721,128,4,4,2.050998,45.3125,76.5625,0.000323,0.068785,0.069108,1852.1816,183.3657,1764.0,1287.0684,1764.0
1145,custom,resnet34,8,2722,128,4,4,2.053556,44.53125,71.09375,0.000284,0.068602,0.068886,1858.1406,183.3657,1764.0,1287.0684,1764.0
1145,custom,resnet34,8,2723,128,4,4,2.286229,41.40625,67.1875,0.000227,0.068781,0.069007,1854.871,183.3657,1764.0,1287.0684,1764.0
1145,custom,resnet34,8,2724,128,4,4,2.000159,50.0,78.90625,0.000268,0.06873,0.068998,1855.1274,183.3657,1764.0,1287.0684,1764.0
1145,custom,resnet34,8,2725,128,4,4,2.24517,39.0625,72.65625,0.00056,0.06847,0.069029,1854.2897,183.3657,1764.0,1287.0684,1764.0
1145,custom,resnet34,8,2726,128,4,4,2.158358,47.65625,73.4375,0.000193,0.068451,0.068644,1864.6843,183.3657,1764.0,1287.0684,1764.0
1145,custom,resnet34,8,2727,128,4,4,2.236509,39.0625,74.21875,0.00019,0.068525,0.068716,1862.7421,183.3657,1764.0,1287.0684,1764.0
1145,custom,resnet34,8,2728,128,4,4,2.112852,35.9375,74.21875,0.000391,0.069123,0.069514,1841.3502,183.3657,1764.0,1287.0684,1764.0
1145,custom,resnet34,8,2729,128,4,4,2.232022,45.3125,77.34375,0.0006,0.069058,0.069658,1837.5361,183.3657,1764.0,1287.0684,1764.0
1145,custom,resnet34,8,2730,128,4,4,1.962934,50.78125,75.78125,0.000826,0.0699,0.070726,1809.7964,183.3657,1764.0,1287.0684,1764.0
1145,custom,resnet34,8,2731,128,4,4,2.169689,43.75,75.78125,0.000656,0.068727,0.069383,1844.8231,183.3657,1764.0,1287.0684,1764.0
1145,custom,resnet34,8,2732,128,4,4,1.932742,46.09375,79.6875,0.000212,0.069107,0.069319,1846.5379,183.3657,1764.0,1287.0684,1764.0
1145,custom,resnet34,8,2733,128,4,4,1.72026,53.125,83.59375,0.000256,0.068402,0.068659,1864.2952,183.3657,1764.0,1287.0684,1764.0
1145,custom,resnet34,8,2734,128,4,4,2.138454,41.40625,71.875,0.000311,0.071363,0.071675,1785.8501,183.3657,1764.0,1287.0684,1764.0
1145,custom,resnet34,8,2735,128,4,4,2.149291,46.875,71.875,0.00056,0.068647,0.069208,1849.5104,183.3657,1764.0,1287.0684,1764.0
1145,custom,resnet34,8,2736,128,4,4,2.078167,47.65625,78.125,0.000245,0.068948,0.069193,1849.9012,183.3657,1764.0,1287.0684,1764.0
1145,custom,resnet34,8,2737,128,4,4,2.124906,41.40625,74.21875,0.00024,0.068589,0.06883,1859.6636,183.3657,1764.0,1287.0684,1764.0
1145,custom,resnet34,8,2738,128,4,4,2.241493,42.1875,74.21875,0.0008,0.068635,0.069435,1843.4474,183.3657,1764.0,1287.0684,1764.0
1145,custom,resnet34,8,2739,128,4,4,2.115,39.84375,78.125,0.000393,0.068526,0.068919,1857.2403,183.3657,1764.0,1287.0684,1764.0
1145,custom,resnet34,8,2740,128,4,4,1.999694,47.65625,77.34375,0.000358,0.06888,0.069238,1848.7001,183.3657,1764.0,1287.0684,1764.0
1145,custom,resnet34,8,2741,128,4,4,2.0037,39.84375,78.90625,0.000125,0.06859,0.068716,1862.7517,183.3657,1764.0,1287.0684,1764.0
1145,custom,resnet34,8,2742,128,4,4,2.133753,46.875,74.21875,0.000461,0.068716,0.069177,1850.3276,183.3657,1764.0,1287.0684,1764.0
1145,custom,resnet34,8,2743,128,4,4,2.1182,39.0625,79.6875,0.000357,0.068626,0.068983,1855.5168,183.3657,1764.0,1287.0684,1764.0
1145,custom,resnet34,8,2744,128,4,4,1.877747,50.78125,82.8125,0.000122,0.068938,0.069061,1853.4374,183.3657,1764.0,1287.0684,1764.0
1145,custom,resnet34,8,2745,128,4,4,2.066782,43.75,72.65625,0.000122,0.068688,0.068809,1860.211,183.3657,1764.0,1287.0684,1764.0
1145,custom,resnet34,8,2746,128,4,4,2.028115,45.3125,78.90625,0.000943,0.068592,0.069535,1840.7958,183.3657,1764.0,1287.0684,1764.0
1145,custom,resnet34,8,2747,128,4,4,2.066473,44.53125,72.65625,0.000136,0.068615,0.068752,1861.774,183.3657,1764.0,1287.0684,1764.0
1145,custom,resnet34,8,2748,128,4,4,2.119178,41.40625,74.21875,0.000478,0.069129,0.069606,1838.9101,183.3657,1764.0,1287.0684,1764.0
1145,custom,resnet34,8,2749,128,4,4,2.021629,46.09375,73.4375,0.000144,0.068573,0.068717,1862.7109,183.3657,1764.0,1287.0684,1764.0
1145,custom,resnet34,8,2750,128,4,4,2.335642,37.5,64.84375,0.000283,0.068759,0.069042,1853.9407,183.3657,1764.0,1287.0684,1764.0
1145,custom,resnet34,8,2751,128,4,4,2.010515,45.3125,78.90625,0.000356,0.068654,0.06901,1854.7948,183.3657,1764.0,1287.0684,1764.0
1145,custom,resnet34,8,2752,128,4,4,2.004393,43.75,71.875,0.000145,0.068991,0.069136,1851.4221,183.3657,1764.0,1287.0684,1764.0
1145,custom,resnet34,8,2753,128,4,4,2.039066,46.875,81.25,0.000129,0.068597,0.068726,1862.4686,183.3657,1764.0,1287.0684,1764.0
1145,custom,resnet34,8,2754,128,4,4,2.244354,38.28125,73.4375,0.000355,0.068532,0.068887,1858.1123,183.3657,1764.0,1287.0684,1764.0
1145,custom,resnet34,8,2755,128,4,4,2.179246,43.75,70.3125,0.000378,0.068439,0.068816,1860.0244,183.3657,1764.0,1287.0684,1764.0
1145,custom,resnet34,8,2756,128,4,4,2.155019,41.40625,77.34375,0.000384,0.068944,0.069328,1846.3079,183.3657,1764.0,1287.0684,1764.0
1145,custom,resnet34,8,2757,128,4,4,2.249837,39.84375,68.75,0.000121,0.068729,0.06885,1859.1118,183.3657,1764.0,1287.0684,1764.0
1145,custom,resnet34,8,2758,128,4,4,2.048076,42.96875,78.90625,0.000779,0.068477,0.069255,1848.2292,183.3657,1764.0,1287.0684,1764.0
1145,custom,resnet34,8,2759,128,4,4,1.871368,49.21875,81.25,0.000393,0.068538,0.068931,1856.9346,183.3657,1764.0,1287.0684,1764.0
1145,custom,resnet34,8,2760,128,4,4,2.126859,50.78125,71.875,0.000519,0.068828,0.069346,1845.8051,183.3657,1764.0,1287.0684,1764.0
1145,custom,resnet34,8,2761,128,4,4,2.429415,38.28125,71.875,0.000115,0.068621,0.068736,1862.2006,183.3657,1764.0,1287.0684,1764.0
1145,custom,resnet34,8,2762,128,4,4,2.08819,41.40625,72.65625,0.000472,0.068514,0.068986,1855.4438,183.3657,1764.0,1287.0684,1764.0
1145,custom,resnet34,8,2763,128,4,4,1.963534,47.65625,78.125,0.000371,0.068644,0.069014,1854.6852,183.3657,1764.0,1287.0684,1764.0
1145,custom,resnet34,8,2764,128,4,4,2.152547,40.625,74.21875,0.000491,0.068888,0.069379,1844.932,183.3657,1764.0,1287.0684,1764.0
1145,custom,resnet34,8,2765,128,4,4,2.070705,44.53125,78.125,0.000361,0.068731,0.069092,1852.5993,183.3657,1764.0,1287.0684,1764.0
1145,custom,resnet34,8,2766,128,4,4,2.660561,35.9375,64.84375,0.000873,0.068492,0.069365,1845.3085,183.3657,1764.0,1287.0684,1764.0
1145,custom,resnet34,8,2767,128,4,4,2.051015,50.0,73.4375,0.000424,0.068661,0.069085,1852.8008,183.3657,1764.0,1287.0684,1764.0
1145,custom,resnet34,8,2768,128,4,4,2.392846,32.8125,69.53125,0.000424,0.069044,0.069468,1842.5721,183.3657,1764.0,1287.0684,1764.0
1145,custom,resnet34,8,2769,128,4,4,1.973994,44.53125,77.34375,0.000448,0.068765,0.069213,1849.3724,183.3657,1764.0,1287.0684,1764.0
1145,custom,resnet34,8,2770,128,4,4,2.247174,39.0625,74.21875,0.000681,0.06862,0.069302,1847.0001,183.3657,1764.0,1287.0684,1764.0
1145,custom,resnet34,8,2771,128,4,4,1.983258,49.21875,75.78125,0.000171,0.068861,0.069032,1854.2034,183.3657,1764.0,1287.0684,1764.0
1145,custom,resnet34,8,2772,128,4,4,1.976304,46.09375,82.03125,0.000894,0.07205,0.072944,1754.7644,183.3657,1764.0,1287.0684,1764.0
1145,custom,resnet34,8,2773,128,4,4,2.03876,46.09375,75.78125,0.000123,0.068509,0.068633,1865.0026,183.3657,1764.0,1287.0684,1764.0
1145,custom,resnet34,8,2774,128,4,4,1.885054,46.09375,77.34375,0.00033,0.068613,0.068943,1856.614,183.3657,1764.0,1287.0684,1764.0
1145,custom,resnet34,8,2775,128,4,4,2.425615,32.8125,71.875,0.000208,0.068531,0.068739,1862.1236,183.3657,1764.0,1287.0684,1764.0
1145,custom,resnet34,8,2776,128,4,4,2.008567,50.78125,78.125,0.000614,0.068935,0.069549,1840.4297,183.3657,1764.0,1287.0684,1764.0
1145,custom,resnet34,8,2777,128,4,4,2.151084,46.09375,72.65625,0.000446,0.068544,0.06899,1855.3523,183.3657,1764.0,1287.0684,1764.0
1145,custom,resnet34,8,2778,128,4,4,2.306032,39.0625,71.875,0.000357,0.068634,0.068991,1855.3022,183.3657,1764.0,1287.0684,1764.0
1145,custom,resnet34,8,2779,128,4,4,2.013322,44.53125,76.5625,0.000357,0.068837,0.069194,1849.8651,183.3657,1764.0,1287.0684,1764.0
1145,custom,resnet34,8,2780,128,4,4,2.233629,39.0625,75.0,0.000181,0.068988,0.069169,1850.5303,183.3657,1764.0,1287.0684,1764.0
1145,custom,resnet34,8,2781,128,4,4,2.009537,51.5625,72.65625,0.000437,0.068538,0.068975,1855.7497,183.3657,1764.0,1287.0684,1764.0
1145,custom,resnet34,8,2782,128,4,4,2.107779,47.65625,75.0,0.000393,0.068497,0.06889,1858.0343,183.3657,1764.0,1287.0684,1764.0
1145,custom,resnet34,8,2783,128,4,4,2.048521,39.0625,82.03125,0.000353,0.068537,0.06889,1858.0463,183.3657,1764.0,1287.0684,1764.0
1145,custom,resnet34,8,2784,128,4,4,2.413601,40.625,68.75,0.000614,0.068932,0.069545,1840.5242,183.3657,1764.0,1287.0684,1764.0
1145,custom,resnet34,8,2785,128,4,4,2.099834,44.53125,76.5625,0.00012,0.068639,0.068759,1861.5663,183.3657,1764.0,1287.0684,1764.0
1145,custom,resnet34,8,2786,128,4,4,2.171432,42.96875,75.78125,0.001131,0.068492,0.069624,1838.4521,183.3657,1764.0,1287.0684,1764.0
1145,custom,resnet34,8,2787,128,4,4,2.213845,37.5,71.875,0.000395,0.068627,0.069022,1854.48,183.3657,1764.0,1287.0684,1764.0
1145,custom,resnet34,8,2788,128,4,4,2.02793,47.65625,78.90625,0.000414,0.069062,0.069476,1842.3682,183.3657,1764.0,1287.0684,1764.0
1145,custom,resnet34,8,2789,128,4,4,2.053044,45.3125,79.6875,0.000144,0.069056,0.0692,1849.7012,183.3657,1764.0,1287.0684,1764.0
1145,custom,resnet34,8,2790,128,4,4,1.839715,50.78125,78.125,0.000132,0.068792,0.068924,1857.123,183.3657,1764.0,1287.0684,1764.0
1145,custom,resnet34,8,2791,128,4,4,2.079455,38.28125,78.125,0.00035,0.068578,0.068927,1857.0303,183.3657,1764.0,1287.0684,1764.0
1145,custom,resnet34,8,2792,128,4,4,2.254666,40.625,71.09375,0.000611,0.069105,0.069716,1836.0117,183.3657,1764.0,1287.0684,1764.0
1145,custom,resnet34,8,2793,128,4,4,1.947504,47.65625,81.25,0.000381,0.068762,0.069143,1851.2376,183.3657,1764.0,1287.0684,1764.0
1145,custom,resnet34,8,2794,128,4,4,1.90954,46.09375,77.34375,0.000168,0.068648,0.068816,1860.0204,183.3657,1764.0,1287.0684,1764.0
1145,custom,resnet34,8,2795,128,4,4,2.084325,41.40625,73.4375,0.00038,0.068438,0.068818,1859.9906,183.3657,1764.0,1287.0684,1764.0
1145,custom,resnet34,8,2796,128,4,4,2.130967,42.96875,76.5625,0.00041,0.069071,0.069481,1842.2298,183.3657,1764.0,1287.0684,1764.0
1145,custom,resnet34,8,2797,128,4,4,2.092903,39.0625,76.5625,0.000128,0.068626,0.068755,1861.6953,183.3657,1764.0,1287.0684,1764.0
1145,custom,resnet34,8,2798,128,4,4,2.121011,39.84375,75.78125,0.00035,0.068921,0.069271,1847.8066,183.3657,1764.0,1287.0684,1764.0
1145,custom,resnet34,8,2799,128,4,4,2.121127,48.4375,77.34375,0.000377,0.068691,0.069068,1853.2472,183.3657,1764.0,1287.0684,1764.0
1145,custom,resnet34,8,2800,128,4,4,2.582091,35.9375,64.0625,0.001093,0.069052,0.070145,1824.7867,183.3657,1764.0,1287.0684,1764.0
1145,custom,resnet34,8,2801,128,4,4,2.187521,35.15625,78.90625,0.000111,0.06857,0.068681,1863.6954,183.3657,1764.0,1287.0684,1764.0
1145,custom,resnet34,8,2802,128,4,4,1.903419,52.34375,73.4375,0.000135,0.068582,0.068717,1862.7136,183.3657,1764.0,1287.0684,1764.0
1145,custom,resnet34,8,2803,128,4,4,2.264213,39.0625,74.21875,0.000381,0.068746,0.069128,1851.6474,183.3657,1764.0,1287.0684,1764.0
1145,custom,resnet34,8,2804,128,4,4,2.138414,42.96875,72.65625,0.000317,0.069225,0.069542,1840.6074,183.3657,1764.0,1287.0684,1764.0
1145,custom,resnet34,8,2805,128,4,4,1.774755,50.78125,85.9375,0.000139,0.068678,0.068817,1859.9997,183.3657,1764.0,1287.0684,1764.0
1145,custom,resnet34,8,2806,128,4,4,1.923459,50.0,79.6875,0.00051,0.068659,0.069169,1850.5382,183.3657,1764.0,1287.0684,1764.0
1145,custom,resnet34,8,2807,128,4,4,2.036844,47.65625,80.46875,0.000128,0.068548,0.068676,1863.8342,183.3657,1764.0,1287.0684,1764.0
1145,custom,resnet34,8,2808,128,4,4,2.305936,42.96875,68.75,0.00337,0.069026,0.072396,1768.0442,183.3657,1764.0,1287.0684,1764.0
1145,custom,resnet34,8,2809,128,4,4,1.879019,46.875,81.25,9.9e-05,0.068562,0.068661,1864.2272,183.3657,1764.0,1287.0684,1764.0
1145,custom,resnet34,8,2810,128,4,4,2.119949,41.40625,76.5625,0.000218,0.068659,0.068878,1858.3605,183.3657,1764.0,1287.0684,1764.0
1145,custom,resnet34,8,2811,128,4,4,2.033971,43.75,77.34375,0.000923,0.068709,0.069632,1838.2283,183.3657,1764.0,1287.0684,1764.0
1145,custom,resnet34,8,2812,128,4,4,2.13593,40.625,77.34375,0.00024,0.069168,0.069407,1844.1814,183.3657,1764.0,1287.0684,1764.0
1145,custom,resnet34,8,2813,128,4,4,2.185827,41.40625,75.78125,0.000107,0.068572,0.068679,1863.7302,183.3657,1764.0,1287.0684,1764.0
1145,custom,resnet34,8,2814,128,4,4,2.170343,39.0625,77.34375,8.7e-05,0.068612,0.068699,1863.187,183.3657,1764.0,1287.0684,1764.0
1145,custom,resnet34,8,2815,128,4,4,2.132139,39.84375,76.5625,0.000167,0.068538,0.068705,1863.0317,183.3657,1764.0,1287.0684,1764.0
1145,custom,resnet34,8,2816,128,4,4,2.106524,37.5,79.166667,0.000159,0.038508,0.038667,1862.0619,182.1885,1764.0,1287.0684,1764.0
1145,custom,resnet34,9,2817,128,4,4,1.885307,49.21875,79.6875,0.099703,0.069047,0.16875,758.5204,183.3657,1764.0,1287.0684,1764.0
1145,custom,resnet34,9,2818,128,4,4,1.867105,48.4375,75.78125,0.0002,0.068628,0.068828,1859.7087,183.3657,1764.0,1287.0684,1764.0
1145,custom,resnet34,9,2819,128,4,4,2.233105,42.96875,75.0,0.000376,0.068763,0.069139,1851.348,183.3657,1764.0,1287.0684,1764.0
1145,custom,resnet34,9,2820,128,4,4,1.819425,45.3125,83.59375,0.000338,0.070565,0.070903,1805.28,183.3657,1764.0,1287.0684,1764.0
1145,custom,resnet34,9,2821,128,4,4,1.666001,54.6875,82.8125,0.000148,0.068945,0.069093,1852.5743,183.3657,1764.0,1287.0684,1764.0
1145,custom,resnet34,9,2822,128,4,4,1.968854,46.875,82.8125,0.000182,0.068594,0.068776,1861.1185,183.3657,1764.0,1287.0684,1764.0
1145,custom,resnet34,9,2823,128,4,4,2.224111,42.96875,72.65625,0.000172,0.068601,0.068773,1861.1945,183.3657,1764.0,1287.0684,1764.0
1145,custom,resnet34,9,2824,128,4,4,2.064581,49.21875,77.34375,0.000182,0.068598,0.068781,1860.9877,183.3657,1764.0,1287.0684,1764.0
1145,custom,resnet34,9,2825,128,4,4,1.892765,46.875,83.59375,0.000387,0.069031,0.069418,1843.9107,183.3657,1764.0,1287.0684,1764.0
1145,custom,resnet34,9,2826,128,4,4,1.67848,53.125,88.28125,0.000481,0.068804,0.069285,1847.4448,183.3657,1764.0,1287.0684,1764.0
1145,custom,resnet34,9,2827,128,4,4,2.062569,44.53125,76.5625,0.000418,0.0688,0.069218,1849.2305,183.3657,1764.0,1287.0684,1764.0
1145,custom,resnet34,9,2828,128,4,4,2.115979,49.21875,76.5625,0.00036,0.068648,0.069008,1854.8572,183.3657,1764.0,1287.0684,1764.0
1145,custom,resnet34,9,2829,128,4,4,1.678247,57.8125,84.375,0.000356,0.069162,0.069518,1841.2472,183.3657,1764.0,1287.0684,1764.0
1145,custom,resnet34,9,2830,128,4,4,1.891141,50.0,82.03125,0.000282,0.068758,0.06904,1853.9978,183.3657,1764.0,1287.0684,1764.0
1145,custom,resnet34,9,2831,128,4,4,1.814059,48.4375,82.03125,0.000301,0.068593,0.068895,1857.9088,183.3657,1764.0,1287.0684,1764.0
1145,custom,resnet34,9,2832,128,4,4,1.65833,50.78125,83.59375,0.000686,0.068607,0.069292,1847.2454,183.3657,1764.0,1287.0684,1764.0
1145,custom,resnet34,9,2833,128,4,4,1.855324,50.0,84.375,0.000141,0.069057,0.069198,1849.7642,183.3657,1764.0,1287.0684,1764.0
1145,custom,resnet34,9,2834,128,4,4,1.937446,48.4375,77.34375,0.000347,0.068812,0.069159,1850.8045,183.3657,1764.0,1287.0684,1764.0
1145,custom,resnet34,9,2835,128,4,4,2.123953,45.3125,72.65625,0.0006,0.068669,0.06927,1847.8526,183.3657,1764.0,1287.0684,1764.0
1145,custom,resnet34,9,2836,128,4,4,1.949783,46.875,76.5625,0.00029,0.068835,0.069125,1851.7131,183.3657,1764.0,1287.0684,1764.0
1145,custom,resnet34,9,2837,128,4,4,1.744455,57.03125,78.125,0.001024,0.068952,0.069976,1829.1957,183.3657,1764.0,1287.0684,1764.0
1145,custom,resnet34,9,2838,128,4,4,1.778002,51.5625,83.59375,0.000253,0.068608,0.068861,1858.811,183.3657,1764.0,1287.0684,1764.0
1145,custom,resnet34,9,2839,128,4,4,1.860085,44.53125,82.8125,0.000343,0.068555,0.068898,1857.8171,183.3657,1764.0,1287.0684,1764.0
1145,custom,resnet34,9,2840,128,4,4,1.99294,44.53125,78.125,0.000306,0.068715,0.069022,1854.4938,183.3657,1764.0,1287.0684,1764.0
1145,custom,resnet34,9,2841,128,4,4,1.762865,52.34375,82.8125,0.000126,0.069028,0.069154,1850.9311,183.3657,1764.0,1287.0684,1764.0
1145,custom,resnet34,9,2842,128,4,4,1.997995,40.625,79.6875,0.000631,0.068529,0.069161,1850.7672,183.3657,1764.0,1287.0684,1764.0
1145,custom,resnet34,9,2843,128,4,4,1.997579,47.65625,75.0,0.000627,0.068613,0.069239,1848.6595,183.3657,1764.0,1287.0684,1764.0
1145,custom,resnet34,9,2844,128,4,4,1.972912,47.65625,77.34375,0.000291,0.072603,0.072894,1755.9759,183.3657,1764.0,1287.0684,1764.0
1145,custom,resnet34,9,2845,128,4,4,1.886277,46.875,75.78125,0.00012,0.069007,0.069127,1851.6673,183.3657,1764.0,1287.0684,1764.0
1145,custom,resnet34,9,2846,128,4,4,2.135131,37.5,75.78125,0.000146,0.068605,0.068751,1861.8041,183.3657,1764.0,1287.0684,1764.0
1145,custom,resnet34,9,2847,128,4,4,1.799381,47.65625,79.6875,0.000586,0.068489,0.069075,1853.0652,183.3657,1764.0,1287.0684,1764.0
1145,custom,resnet34,9,2848,128,4,4,1.837741,44.53125,83.59375,0.000445,0.068616,0.069062,1853.4187,183.3657,1764.0,1287.0684,1764.0
1145,custom,resnet34,9,2849,128,4,4,2.019889,40.625,82.03125,0.000122,0.068925,0.069047,1853.8123,183.3657,1764.0,1287.0684,1764.0
1145,custom,resnet34,9,2850,128,4,4,1.831502,48.4375,79.6875,0.000664,0.068579,0.069243,1848.5634,183.3657,1764.0,1287.0684,1764.0
1145,custom,resnet34,9,2851,128,4,4,1.610993,57.03125,81.25,0.000319,0.068701,0.06902,1854.5252,183.3657,1764.0,1287.0684,1764.0
1145,custom,resnet34,9,2852,128,4,4,1.727211,50.0,82.8125,0.000303,0.068531,0.068834,1859.5397,183.3657,1764.0,1287.0684,1764.0
1145,custom,resnet34,9,2853,128,4,4,2.090295,46.09375,72.65625,0.000215,0.068835,0.069051,1853.712,183.3657,1764.0,1287.0684,1764.0
1145,custom,resnet34,9,2854,128,4,4,1.872653,50.78125,77.34375,0.000511,0.068653,0.069164,1850.661,183.3657,1764.0,1287.0684,1764.0
1145,custom,resnet34,9,2855,128,4,4,2.055298,49.21875,75.78125,0.000205,0.06847,0.068675,1863.8505,183.3657,1764.0,1287.0684,1764.0
1145,custom,resnet34,9,2856,128,4,4,1.843591,49.21875,81.25,0.000195,0.06862,0.068815,1860.0493,183.3657,1764.0,1287.0684,1764.0
1145,custom,resnet34,9,2857,128,4,4,1.823399,50.0,82.8125,0.000126,0.068858,0.068983,1855.5225,183.3657,1764.0,1287.0684,1764.0
1145,custom,resnet34,9,2858,128,4,4,1.970197,43.75,79.6875,0.000354,0.068665,0.069019,1854.5516,183.3657,1764.0,1287.0684,1764.0
1145,custom,resnet34,9,2859,128,4,4,1.997118,51.5625,77.34375,0.000373,0.068503,0.068876,1858.4135,183.3657,1764.0,1287.0684,1764.0
1145,custom,resnet34,9,2860,128,4,4,2.033364,43.75,80.46875,0.000283,0.073811,0.074093,1727.5489,183.3657,1764.0,1287.0684,1764.0
1145,custom,resnet34,9,2861,128,4,4,1.940606,46.09375,78.90625,0.000119,0.069037,0.069156,1850.9004,183.3657,1764.0,1287.0684,1764.0
1145,custom,resnet34,9,2862,128,4,4,2.199612,42.1875,76.5625,0.000733,0.068665,0.069398,1844.4451,183.3657,1764.0,1287.0684,1764.0
1145,custom,resnet34,9,2863,128,4,4,1.959878,47.65625,79.6875,0.000479,0.068641,0.06912,1851.855,183.3657,1764.0,1287.0684,1764.0
1145,custom,resnet34,9,2864,128,4,4,2.124452,40.625,75.0,0.00031,0.074265,0.074575,1716.3961,183.3657,1764.0,1287.0684,1764.0
1145,custom,resnet34,9,2865,128,4,4,1.675886,54.6875,82.8125,0.000128,0.068765,0.068893,1857.9566,183.3657,1764.0,1287.0684,1764.0
1145,custom,resnet34,9,2866,128,4,4,1.658934,53.125,80.46875,0.000373,0.068634,0.069006,1854.8996,183.3657,1764.0,1287.0684,1764.0
1145,custom,resnet34,9,2867,128,4,4,1.743753,46.875,82.03125,0.000536,0.068538,0.069074,1853.0854,183.3657,1764.0,1287.0684,1764.0
1145,custom,resnet34,9,2868,128,4,4,1.94988,46.875,78.90625,0.000683,0.068713,0.069397,1844.4616,183.3657,1764.0,1287.0684,1764.0
1145,custom,resnet34,9,2869,128,4,4,1.802389,53.125,80.46875,0.000127,0.068931,0.069059,1853.4927,183.3657,1764.0,1287.0684,1764.0
1145,custom,resnet34,9,2870,128,4,4,1.909393,42.96875,81.25,0.000137,0.068468,0.068605,1865.7518,183.3657,1764.0,1287.0684,1764.0
1145,custom,resnet34,9,2871,128,4,4,1.880912,50.78125,84.375,0.000396,0.068687,0.069083,1852.8385,183.3657,1764.0,1287.0684,1764.0
1145,custom,resnet34,9,2872,128,4,4,1.909342,44.53125,80.46875,0.000288,0.073715,0.074003,1729.6555,183.3657,1764.0,1287.0684,1764.0
1145,custom,resnet34,9,2873,128,4,4,2.077636,40.625,78.125,0.000118,0.068927,0.069045,1853.8657,183.3657,1764.0,1287.0684,1764.0
1145,custom,resnet34,9,2874,128,4,4,1.822667,51.5625,80.46875,0.00036,0.068759,0.069118,1851.9001,183.3657,1764.0,1287.0684,1764.0
1145,custom,resnet34,9,2875,128,4,4,2.112292,49.21875,76.5625,0.00022,0.06855,0.06877,1861.2879,183.3657,1764.0,1287.0684,1764.0
1145,custom,resnet34,9,2876,128,4,4,1.864006,48.4375,80.46875,0.000291,0.072864,0.073155,1749.711,183.3657,1764.0,1287.0684,1764.0
1145,custom,resnet34,9,2877,128,4,4,1.838356,50.78125,77.34375,0.000124,0.068884,0.069007,1854.8755,183.3657,1764.0,1287.0684,1764.0
1145,custom,resnet34,9,2878,128,4,4,1.984203,50.78125,77.34375,0.000506,0.06855,0.069056,1853.5607,183.3657,1764.0,1287.0684,1764.0
1145,custom,resnet34,9,2879,128,4,4,2.054806,42.1875,78.125,0.000398,0.068729,0.069127,1851.6668,183.3657,1764.0,1287.0684,1764.0
1145,custom,resnet34,9,2880,128,4,4,1.906489,49.21875,81.25,0.000285,0.071541,0.071826,1782.0771,183.3657,1764.0,1287.0684,1764.0
1145,custom,resnet34,9,2881,128,4,4,1.906213,50.78125,81.25,0.000112,0.068802,0.068914,1857.386,183.3657,1764.0,1287.0684,1764.0
1145,custom,resnet34,9,2882,128,4,4,2.22678,44.53125,73.4375,0.000668,0.06861,0.069277,1847.647,183.3657,1764.0,1287.0684,1764.0
1145,custom,resnet34,9,2883,128,4,4,2.196391,39.84375,72.65625,0.000199,0.068533,0.068732,1862.3054,183.3657,1764.0,1287.0684,1764.0
1145,custom,resnet34,9,2884,128,4,4,2.063598,46.875,81.25,0.000196,0.068611,0.068807,1860.2777,183.3657,1764.0,1287.0684,1764.0
1145,custom,resnet34,9,2885,128,4,4,2.066285,44.53125,75.78125,0.000136,0.068876,0.069011,1854.7659,183.3657,1764.0,1287.0684,1764.0
1145,custom,resnet34,9,2886,128,4,4,2.040488,42.96875,74.21875,0.00014,0.068735,0.068875,1858.4447,183.3657,1764.0,1287.0684,1764.0
1145,custom,resnet34,9,2887,128,4,4,2.100142,43.75,75.78125,0.000409,0.068545,0.068954,1856.3097,183.3657,1764.0,1287.0684,1764.0
1145,custom,resnet34,9,2888,128,4,4,1.959006,50.0,75.0,0.000279,0.07497,0.075249,1701.0237,183.3657,1764.0,1287.0684,1764.0
1145,custom,resnet34,9,2889,128,4,4,1.756726,52.34375,85.15625,0.000127,0.069071,0.069198,1849.7669,183.3657,1764.0,1287.0684,1764.0
1145,custom,resnet34,9,2890,128,4,4,2.161426,44.53125,72.65625,0.000132,0.068612,0.068744,1861.9779,183.3657,1764.0,1287.0684,1764.0
1145,custom,resnet34,9,2891,128,4,4,2.016885,46.875,76.5625,0.000687,0.068442,0.069128,1851.6252,183.3657,1764.0,1287.0684,1764.0
1145,custom,resnet34,9,2892,128,4,4,1.873267,48.4375,78.125,0.000215,0.068524,0.068739,1862.1073,183.3657,1764.0,1287.0684,1764.0
1145,custom,resnet34,9,2893,128,4,4,1.974536,45.3125,74.21875,0.000133,0.068946,0.06908,1852.9307,183.3657,1764.0,1287.0684,1764.0
1145,custom,resnet34,9,2894,128,4,4,2.111574,42.96875,77.34375,0.00046,0.068541,0.069001,1855.0468,183.3657,1764.0,1287.0684,1764.0
1145,custom,resnet34,9,2895,128,4,4,2.006486,46.875,75.78125,0.00029,0.06855,0.06884,1859.3787,183.3657,1764.0,1287.0684,1764.0
1145,custom,resnet34,9,2896,128,4,4,1.717101,53.90625,82.8125,0.000367,0.068712,0.069079,1852.9414,183.3657,1764.0,1287.0684,1764.0
1145,custom,resnet34,9,2897,128,4,4,2.089444,45.3125,77.34375,0.000124,0.068988,0.069112,1852.0604,183.3657,1764.0,1287.0684,1764.0
1145,custom,resnet34,9,2898,128,4,4,1.897074,48.4375,78.125,0.000869,0.068776,0.069644,1837.9097,183.3657,1764.0,1287.0684,1764.0
1145,custom,resnet34,9,2899,128,4,4,1.926138,47.65625,81.25,0.000189,0.06885,0.069039,1854.0223,183.3657,1764.0,1287.0684,1764.0
1145,custom,resnet34,9,2900,128,4,4,1.829688,51.5625,82.03125,0.000615,0.068933,0.069548,1840.4576,183.3657,1764.0,1287.0684,1764.0
1145,custom,resnet34,9,2901,128,4,4,1.944334,46.875,80.46875,0.00012,0.069004,0.069124,1851.7564,183.3657,1764.0,1287.0684,1764.0
1145,custom,resnet34,9,2902,128,4,4,2.209771,41.40625,73.4375,0.000496,0.068732,0.069228,1848.9718,183.3657,1764.0,1287.0684,1764.0
1145,custom,resnet34,9,2903,128,4,4,1.901902,46.09375,77.34375,0.000211,0.068443,0.068654,1864.434,183.3657,1764.0,1287.0684,1764.0
1145,custom,resnet34,9,2904,128,4,4,1.80039,51.5625,82.03125,0.000298,0.06849,0.068788,1860.7924,183.3657,1764.0,1287.0684,1764.0
1145,custom,resnet34,9,2905,128,4,4,2.05527,46.09375,74.21875,0.000138,0.069111,0.069248,1848.4165,183.3657,1764.0,1287.0684,1764.0
1145,custom,resnet34,9,2906,128,4,4,1.977206,49.21875,75.0,0.000445,0.068788,0.069233,1848.8172,183.3657,1764.0,1287.0684,1764.0
1145,custom,resnet34,9,2907,128,4,4,2.147245,42.96875,71.09375,0.000647,0.068682,0.069329,1846.2751,183.3657,1764.0,1287.0684,1764.0
1145,custom,resnet34,9,2908,128,4,4,2.019965,47.65625,76.5625,0.000183,0.068561,0.068744,1861.9868,183.3657,1764.0,1287.0684,1764.0
1145,custom,resnet34,9,2909,128,4,4,2.129634,37.5,72.65625,0.000243,0.068941,0.069184,1850.1391,183.3657,1764.0,1287.0684,1764.0
1145,custom,resnet34,9,2910,128,4,4,2.063505,46.09375,73.4375,0.000153,0.068503,0.068656,1864.3686,183.3657,1764.0,1287.0684,1764.0
1145,custom,resnet34,9,2911,128,4,4,1.951092,48.4375,79.6875,0.000355,0.068468,0.068823,1859.8339,183.3657,1764.0,1287.0684,1764.0
1145,custom,resnet34,9,2912,128,4,4,1.838638,49.21875,82.8125,0.000192,0.068479,0.068671,1863.951,183.3657,1764.0,1287.0684,1764.0
1145,custom,resnet34,9,2913,128,4,4,2.041463,41.40625,71.875,0.000125,0.06889,0.069015,1854.6597,183.3657,1764.0,1287.0684,1764.0
1145,custom,resnet34,9,2914,128,4,4,1.931285,48.4375,77.34375,0.000372,0.068526,0.068898,1857.8088,183.3657,1764.0,1287.0684,1764.0
1145,custom,resnet34,9,2915,128,4,4,1.840229,47.65625,82.8125,0.000432,0.06879,0.069222,1849.1299,183.3657,1764.0,1287.0684,1764.0
1145,custom,resnet34,9,2916,128,4,4,2.060055,46.09375,72.65625,0.000113,0.068599,0.068712,1862.836,183.3657,1764.0,1287.0684,1764.0
1145,custom,resnet34,9,2917,128,4,4,1.991499,47.65625,77.34375,0.000209,0.069029,0.069239,1848.6806,183.3657,1764.0,1287.0684,1764.0
1145,custom,resnet34,9,2918,128,4,4,2.066663,44.53125,76.5625,0.000127,0.068493,0.06862,1865.3432,183.3657,1764.0,1287.0684,1764.0
1145,custom,resnet34,9,2919,128,4,4,1.897673,46.875,80.46875,0.000117,0.068544,0.068661,1864.2306,183.3657,1764.0,1287.0684,1764.0
1145,custom,resnet34,9,2920,128,4,4,2.226996,42.96875,72.65625,0.000159,0.06861,0.068768,1861.3214,183.3657,1764.0,1287.0684,1764.0
1145,custom,resnet34,9,2921,128,4,4,1.910264,50.78125,81.25,0.000117,0.068846,0.068963,1856.0709,183.3657,1764.0,1287.0684,1764.0
1145,custom,resnet34,9,2922,128,4,4,1.858449,48.4375,81.25,0.000126,0.068707,0.068833,1859.5617,183.3657,1764.0,1287.0684,1764.0
1145,custom,resnet34,9,2923,128,4,4,2.020231,46.875,79.6875,0.000205,0.068716,0.068921,1857.2062,183.3657,1764.0,1287.0684,1764.0
1145,custom,resnet34,9,2924,128,4,4,1.840255,47.65625,79.6875,0.000882,0.068556,0.069438,1843.3729,183.3657,1764.0,1287.0684,1764.0
1145,custom,resnet34,9,2925,128,4,4,1.834879,50.78125,78.125,0.000498,0.069106,0.069605,1838.9592,183.3657,1764.0,1287.0684,1764.0
1145,custom,resnet34,9,2926,128,4,4,2.020973,48.4375,73.4375,0.000124,0.068649,0.068774,1861.1791,183.3657,1764.0,1287.0684,1764.0
1145,custom,resnet34,9,2927,128,4,4,2.038345,44.53125,79.6875,0.000436,0.068573,0.069008,1854.8521,183.3657,1764.0,1287.0684,1764.0
1145,custom,resnet34,9,2928,128,4,4,1.7165,48.4375,82.8125,0.000115,0.068595,0.068709,1862.9232,183.3657,1764.0,1287.0684,1764.0
1145,custom,resnet34,9,2929,128,4,4,1.819543,50.78125,78.90625,0.000135,0.068851,0.068987,1855.4233,183.3657,1764.0,1287.0684,1764.0
1145,custom,resnet34,9,2930,128,4,4,2.058314,45.3125,75.78125,0.000326,0.068717,0.069042,1853.9339,183.3657,1764.0,1287.0684,1764.0
1145,custom,resnet34,9,2931,128,4,4,2.028137,46.875,78.125,0.000191,0.068637,0.068828,1859.7207,183.3657,1764.0,1287.0684,1764.0
1145,custom,resnet34,9,2932,128,4,4,1.945256,50.0,74.21875,0.000282,0.068676,0.068958,1856.2042,183.3657,1764.0,1287.0684,1764.0
1145,custom,resnet34,9,2933,128,4,4,1.923576,49.21875,79.6875,0.00013,0.068973,0.069103,1852.3131,183.3657,1764.0,1287.0684,1764.0
1145,custom,resnet34,9,2934,128,4,4,2.02996,47.65625,75.78125,0.000407,0.068643,0.06905,1853.7182,183.3657,1764.0,1287.0684,1764.0
1145,custom,resnet34,9,2935,128,4,4,1.917448,50.78125,81.25,0.000121,0.068544,0.068665,1864.1178,183.3657,1764.0,1287.0684,1764.0
1145,custom,resnet34,9,2936,128,4,4,1.619368,52.34375,85.15625,0.00019,0.068697,0.068887,1858.1124,183.3657,1764.0,1287.0684,1764.0
1145,custom,resnet34,9,2937,128,4,4,1.953601,47.65625,76.5625,0.000118,0.068939,0.069057,1853.5452,183.3657,1764.0,1287.0684,1764.0
1145,custom,resnet34,9,2938,128,4,4,2.048023,43.75,75.78125,0.000137,0.068576,0.068713,1862.8154,183.3657,1764.0,1287.0684,1764.0
1145,custom,resnet34,9,2939,128,4,4,2.114997,39.0625,78.125,0.000399,0.068763,0.069161,1850.7462,183.3657,1764.0,1287.0684,1764.0
1145,custom,resnet34,9,2940,128,4,4,1.856334,50.78125,78.125,0.000303,0.071754,0.072057,1776.3704,183.3657,1764.0,1287.0684,1764.0
1145,custom,resnet34,9,2941,128,4,4,1.757775,53.125,85.15625,0.000559,0.068783,0.069342,1845.9179,183.3657,1764.0,1287.0684,1764.0
1145,custom,resnet34,9,2942,128,4,4,1.872678,50.0,79.6875,0.000129,0.068711,0.06884,1859.375,183.3657,1764.0,1287.0684,1764.0
1145,custom,resnet34,9,2943,128,4,4,2.135034,40.625,78.90625,0.000207,0.068507,0.068713,1862.8173,183.3657,1764.0,1287.0684,1764.0
1145,custom,resnet34,9,2944,128,4,4,2.10348,44.53125,74.21875,0.000191,0.068568,0.068759,1861.5716,183.3657,1764.0,1287.0684,1764.0
1145,custom,resnet34,9,2945,128,4,4,1.902907,46.09375,82.8125,0.000187,0.069144,0.069331,1846.209,183.3657,1764.0,1287.0684,1764.0
1145,custom,resnet34,9,2946,128,4,4,1.808516,51.5625,82.8125,0.000131,0.068547,0.068678,1863.7651,183.3657,1764.0,1287.0684,1764.0
1145,custom,resnet34,9,2947,128,4,4,1.899759,50.0,78.125,0.000197,0.068626,0.068823,1859.8438,183.3657,1764.0,1287.0684,1764.0
1145,custom,resnet34,9,2948,128,4,4,2.084467,42.96875,76.5625,0.000326,0.068525,0.068851,1859.094,183.3657,1764.0,1287.0684,1764.0
1145,custom,resnet34,9,2949,128,4,4,1.690704,52.34375,85.9375,0.00039,0.068997,0.069387,1844.7241,183.3657,1764.0,1287.0684,1764.0
1145,custom,resnet34,9,2950,128,4,4,1.642617,56.25,82.8125,0.00013,0.068727,0.068857,1858.9283,183.3657,1764.0,1287.0684,1764.0
1145,custom,resnet34,9,2951,128,4,4,1.90741,46.09375,78.90625,0.00045,0.068609,0.069059,1853.4882,183.3657,1764.0,1287.0684,1764.0
1145,custom,resnet34,9,2952,128,4,4,2.010504,46.09375,78.90625,0.000189,0.068451,0.06864,1864.793,183.3657,1764.0,1287.0684,1764.0
1145,custom,resnet34,9,2953,128,4,4,1.882237,51.5625,82.03125,0.000216,0.068897,0.069113,1852.0322,183.3657,1764.0,1287.0684,1764.0
1145,custom,resnet34,9,2954,128,4,4,1.799616,46.875,84.375,0.001367,0.068644,0.07001,1828.3069,183.3657,1764.0,1287.0684,1764.0
1145,custom,resnet34,9,2955,128,4,4,1.801264,50.78125,79.6875,0.00023,0.068452,0.068682,1863.6703,183.3657,1764.0,1287.0684,1764.0
1145,custom,resnet34,9,2956,128,4,4,1.863313,46.875,81.25,0.000222,0.068642,0.068865,1858.7166,183.3657,1764.0,1287.0684,1764.0
1145,custom,resnet34,9,2957,128,4,4,1.659619,53.125,84.375,0.000135,0.06906,0.069195,1849.8367,183.3657,1764.0,1287.0684,1764.0
1145,custom,resnet34,9,2958,128,4,4,1.85722,42.1875,82.03125,0.000123,0.068498,0.068621,1865.3084,183.3657,1764.0,1287.0684,1764.0
1145,custom,resnet34,9,2959,128,4,4,2.020303,35.15625,76.5625,0.00044,0.068765,0.069205,1849.5805,183.3657,1764.0,1287.0684,1764.0
1145,custom,resnet34,9,2960,128,4,4,2.024424,43.75,78.90625,0.000168,0.068675,0.068843,1859.3087,183.3657,1764.0,1287.0684,1764.0
1145,custom,resnet34,9,2961,128,4,4,2.097368,46.875,76.5625,0.000487,0.069051,0.069538,1840.7168,183.3657,1764.0,1287.0684,1764.0
1145,custom,resnet34,9,2962,128,4,4,1.891607,47.65625,78.125,0.000506,0.068691,0.069198,1849.7746,183.3657,1764.0,1287.0684,1764.0
1145,custom,resnet34,9,2963,128,4,4,1.912526,47.65625,81.25,0.000205,0.0687,0.068905,1857.6354,183.3657,1764.0,1287.0684,1764.0
1145,custom,resnet34,9,2964,128,4,4,2.00298,39.84375,77.34375,0.000544,0.069058,0.069602,1839.0228,183.3657,1764.0,1287.0684,1764.0
1145,custom,resnet34,9,2965,128,4,4,2.032628,49.21875,75.78125,0.000134,0.068891,0.069025,1854.3923,183.3657,1764.0,1287.0684,1764.0
1145,custom,resnet34,9,2966,128,4,4,1.663949,53.90625,84.375,0.000132,0.068004,0.068136,1878.5898,183.3657,1764.0,1287.0684,1764.0
1145,custom,resnet34,9,2967,128,4,4,1.762278,50.78125,85.9375,0.000389,0.06872,0.069109,1852.1533,183.3657,1764.0,1287.0684,1764.0
1145,custom,resnet34,9,2968,128,4,4,1.616145,50.78125,87.5,0.000215,0.068535,0.06875,1861.8117,183.3657,1764.0,1287.0684,1764.0
1145,custom,resnet34,9,2969,128,4,4,2.042913,46.875,76.5625,0.000204,0.068928,0.069133,1851.5147,183.3657,1764.0,1287.0684,1764.0
1145,custom,resnet34,9,2970,128,4,4,1.981471,49.21875,83.59375,0.000177,0.068524,0.068701,1863.1413,183.3657,1764.0,1287.0684,1764.0
1145,custom,resnet34,9,2971,128,4,4,1.927736,45.3125,78.125,0.000694,0.06848,0.069174,1850.4139,183.3657,1764.0,1287.0684,1764.0
1145,custom,resnet34,9,2972,128,4,4,1.787643,49.21875,78.90625,0.000703,0.068614,0.069317,1846.5927,183.3657,1764.0,1287.0684,1764.0
1145,custom,resnet34,9,2973,128,4,4,1.951692,51.5625,78.125,0.000151,0.068857,0.069008,1854.848,183.3657,1764.0,1287.0684,1764.0
1145,custom,resnet34,9,2974,128,4,4,1.762712,45.3125,84.375,0.000149,0.068712,0.068861,1858.8122,183.3657,1764.0,1287.0684,1764.0
1145,custom,resnet34,9,2975,128,4,4,2.031726,46.875,78.125,0.000931,0.068584,0.069515,1841.3202,183.3657,1764.0,1287.0684,1764.0
1145,custom,resnet34,9,2976,128,4,4,2.082772,43.75,75.78125,0.000389,0.068677,0.069067,1853.2825,183.3657,1764.0,1287.0684,1764.0
1145,custom,resnet34,9,2977,128,4,4,1.811649,49.21875,78.125,0.000142,0.069633,0.069775,1834.4683,183.3657,1764.0,1287.0684,1764.0
1145,custom,resnet34,9,2978,128,4,4,1.837176,48.4375,80.46875,0.000146,0.068825,0.06897,1855.8661,183.3657,1764.0,1287.0684,1764.0
1145,custom,resnet34,9,2979,128,4,4,2.3375,34.375,70.3125,0.000294,0.068812,0.069105,1852.2419,183.3657,1764.0,1287.0684,1764.0
1145,custom,resnet34,9,2980,128,4,4,1.949626,44.53125,78.90625,0.000157,0.068652,0.068809,1860.2148,183.3657,1764.0,1287.0684,1764.0
1145,custom,resnet34,9,2981,128,4,4,1.828764,46.875,79.6875,0.000145,0.068814,0.068959,1856.1852,183.3657,1764.0,1287.0684,1764.0
1145,custom,resnet34,9,2982,128,4,4,1.968266,47.65625,78.125,0.000215,0.068689,0.068904,1857.6614,183.3657,1764.0,1287.0684,1764.0
1145,custom,resnet34,9,2983,128,4,4,1.906053,46.09375,82.03125,0.0004,0.068514,0.068914,1857.381,183.3657,1764.0,1287.0684,1764.0
1145,custom,resnet34,9,2984,128,4,4,1.989484,44.53125,82.8125,0.000255,0.068686,0.068941,1856.6534,183.3657,1764.0,1287.0684,1764.0
1145,custom,resnet34,9,2985,128,4,4,1.758282,48.4375,86.71875,0.000306,0.068935,0.069241,1848.6102,183.3657,1764.0,1287.0684,1764.0
1145,custom,resnet34,9,2986,128,4,4,1.895816,46.875,76.5625,0.000169,0.068669,0.068838,1859.429,183.3657,1764.0,1287.0684,1764.0
1145,custom,resnet34,9,2987,128,4,4,2.038872,43.75,75.78125,0.001283,0.068594,0.069877,1831.797,183.3657,1764.0,1287.0684,1764.0
1145,custom,resnet34,9,2988,128,4,4,1.810548,50.78125,78.90625,0.000232,0.068565,0.068798,1860.5307,183.3657,1764.0,1287.0684,1764.0
1145,custom,resnet34,9,2989,128,4,4,1.857548,49.21875,77.34375,0.000174,0.068928,0.069102,1852.3209,183.3657,1764.0,1287.0684,1764.0
1145,custom,resnet34,9,2990,128,4,4,1.865197,50.0,79.6875,0.000142,0.068575,0.068717,1862.7166,183.3657,1764.0,1287.0684,1764.0
1145,custom,resnet34,9,2991,128,4,4,2.252212,41.40625,71.09375,0.000394,0.068573,0.068967,1855.9495,183.3657,1764.0,1287.0684,1764.0
1145,custom,resnet34,9,2992,128,4,4,2.118007,42.1875,75.0,0.000505,0.068658,0.069164,1850.6796,183.3657,1764.0,1287.0684,1764.0
1145,custom,resnet34,9,2993,128,4,4,1.954248,44.53125,82.03125,0.000251,0.069021,0.069271,1847.8042,183.3657,1764.0,1287.0684,1764.0
1145,custom,resnet34,9,2994,128,4,4,2.217686,42.96875,68.75,0.000138,0.068116,0.068254,1875.3472,183.3657,1764.0,1287.0684,1764.0
1145,custom,resnet34,9,2995,128,4,4,2.163845,40.625,73.4375,0.0004,0.068627,0.069027,1854.3571,183.3657,1764.0,1287.0684,1764.0
1145,custom,resnet34,9,2996,128,4,4,1.796141,51.5625,81.25,0.000143,0.068464,0.068608,1865.6818,183.3657,1764.0,1287.0684,1764.0
1145,custom,resnet34,9,2997,128,4,4,2.005915,48.4375,79.6875,0.000128,0.06875,0.068878,1858.3511,183.3657,1764.0,1287.0684,1764.0
1145,custom,resnet34,9,2998,128,4,4,2.225961,36.71875,76.5625,0.000126,0.068508,0.068634,1864.9765,183.3657,1764.0,1287.0684,1764.0
1145,custom,resnet34,9,2999,128,4,4,1.965247,45.3125,72.65625,0.000425,0.068483,0.068908,1857.5475,183.3657,1764.0,1287.0684,1764.0
1145,custom,resnet34,9,3000,128,4,4,2.142761,41.40625,76.5625,0.000388,0.068992,0.069381,1844.8929,183.3657,1764.0,1287.0684,1764.0
1145,custom,resnet34,9,3001,128,4,4,1.936574,46.875,78.125,0.000147,0.06889,0.069037,1854.0761,183.3657,1764.0,1287.0684,1764.0
1145,custom,resnet34,9,3002,128,4,4,2.058715,43.75,78.90625,0.000228,0.068684,0.068912,1857.4316,183.3657,1764.0,1287.0684,1764.0
1145,custom,resnet34,9,3003,128,4,4,1.979344,46.875,80.46875,0.000149,0.06864,0.068789,1860.762,183.3657,1764.0,1287.0684,1764.0
1145,custom,resnet34,9,3004,128,4,4,1.971934,47.65625,79.6875,0.001082,0.068575,0.069657,1837.5679,183.3657,1764.0,1287.0684,1764.0
1145,custom,resnet34,9,3005,128,4,4,2.156035,48.4375,72.65625,0.000146,0.068854,0.069,1855.0805,183.3657,1764.0,1287.0684,1764.0
1145,custom,resnet34,9,3006,128,4,4,1.905452,48.4375,82.8125,0.000154,0.068594,0.068748,1861.8739,183.3657,1764.0,1287.0684,1764.0
1145,custom,resnet34,9,3007,128,4,4,1.816364,48.4375,80.46875,0.000138,0.068611,0.068749,1861.856,183.3657,1764.0,1287.0684,1764.0
1145,custom,resnet34,9,3008,128,4,4,1.796879,54.6875,83.59375,0.000212,0.068509,0.068721,1862.6014,183.3657,1764.0,1287.0684,1764.0
1145,custom,resnet34,9,3009,128,4,4,1.949144,47.65625,75.78125,0.000149,0.069033,0.069182,1850.1959,183.3657,1764.0,1287.0684,1764.0
1145,custom,resnet34,9,3010,128,4,4,1.842872,48.4375,80.46875,0.000438,0.068624,0.069062,1853.406,183.3657,1764.0,1287.0684,1764.0
1145,custom,resnet34,9,3011,128,4,4,2.012722,48.4375,76.5625,0.000236,0.068578,0.068814,1860.0989,183.3657,1764.0,1287.0684,1764.0
1145,custom,resnet34,9,3012,128,4,4,1.768392,54.6875,82.8125,0.000245,0.068571,0.068816,1860.0418,183.3657,1764.0,1287.0684,1764.0
1145,custom,resnet34,9,3013,128,4,4,1.883679,50.78125,82.8125,0.000158,0.068919,0.069077,1853.0016,183.3657,1764.0,1287.0684,1764.0
1145,custom,resnet34,9,3014,128,4,4,1.972882,46.09375,80.46875,0.000157,0.068588,0.068745,1861.9486,183.3657,1764.0,1287.0684,1764.0
1145,custom,resnet34,9,3015,128,4,4,2.049508,46.09375,77.34375,0.000433,0.068464,0.068897,1857.8367,183.3657,1764.0,1287.0684,1764.0
1145,custom,resnet34,9,3016,128,4,4,1.831204,50.78125,80.46875,0.000232,0.068525,0.068757,1861.6311,183.3657,1764.0,1287.0684,1764.0
1145,custom,resnet34,9,3017,128,4,4,1.777873,50.0,82.03125,0.000142,0.068897,0.069038,1854.0394,183.3657,1764.0,1287.0684,1764.0
1145,custom,resnet34,9,3018,128,4,4,1.82964,51.5625,78.90625,0.000164,0.069038,0.069202,1849.6575,183.3657,1764.0,1287.0684,1764.0
1145,custom,resnet34,9,3019,128,4,4,1.951213,46.875,79.6875,0.000546,0.068654,0.0692,1849.7193,183.3657,1764.0,1287.0684,1764.0
1145,custom,resnet34,9,3020,128,4,4,1.773255,58.59375,78.90625,0.000406,0.068536,0.068943,1856.6129,183.3657,1764.0,1287.0684,1764.0
1145,custom,resnet34,9,3021,128,4,4,1.956384,44.53125,78.90625,0.000142,0.06916,0.069302,1846.9957,183.3657,1764.0,1287.0684,1764.0
1145,custom,resnet34,9,3022,128,4,4,1.838864,50.0,79.6875,0.000149,0.068658,0.068807,1860.2764,183.3657,1764.0,1287.0684,1764.0
1145,custom,resnet34,9,3023,128,4,4,1.913872,48.4375,84.375,0.000401,0.068546,0.068948,1856.4774,183.3657,1764.0,1287.0684,1764.0
1145,custom,resnet34,9,3024,128,4,4,2.003009,46.09375,77.34375,0.00036,0.068579,0.06894,1856.6971,183.3657,1764.0,1287.0684,1764.0
1145,custom,resnet34,9,3025,128,4,4,1.881705,50.0,80.46875,0.00021,0.068987,0.069197,1849.784,183.3657,1764.0,1287.0684,1764.0
1145,custom,resnet34,9,3026,128,4,4,1.971305,43.75,78.90625,0.000162,0.068677,0.068839,1859.417,183.3657,1764.0,1287.0684,1764.0
1145,custom,resnet34,9,3027,128,4,4,2.112531,52.34375,73.4375,0.000221,0.068542,0.068763,1861.4659,183.3657,1764.0,1287.0684,1764.0
1145,custom,resnet34,9,3028,128,4,4,1.963384,45.3125,81.25,0.000291,0.068729,0.06902,1854.5433,183.3657,1764.0,1287.0684,1764.0
1145,custom,resnet34,9,3029,128,4,4,2.012053,50.78125,74.21875,0.000177,0.068784,0.068961,1856.1141,183.3657,1764.0,1287.0684,1764.0
1145,custom,resnet34,9,3030,128,4,4,2.075316,46.09375,78.125,0.000153,0.068508,0.068661,1864.2307,183.3657,1764.0,1287.0684,1764.0
1145,custom,resnet34,9,3031,128,4,4,1.963968,46.875,73.4375,0.000396,0.0685,0.068896,1857.8776,183.3657,1764.0,1287.0684,1764.0
1145,custom,resnet34,9,3032,128,4,4,1.959129,52.34375,80.46875,0.000186,0.068571,0.068756,1861.6475,183.3657,1764.0,1287.0684,1764.0
1145,custom,resnet34,9,3033,128,4,4,1.809121,47.65625,81.25,0.000133,0.068934,0.069067,1853.2661,183.3657,1764.0,1287.0684,1764.0
1145,custom,resnet34,9,3034,128,4,4,1.951655,46.09375,78.125,0.000141,0.068643,0.068784,1860.9002,183.3657,1764.0,1287.0684,1764.0
1145,custom,resnet34,9,3035,128,4,4,2.003119,45.3125,76.5625,0.000145,0.068571,0.068716,1862.729,183.3657,1764.0,1287.0684,1764.0
1145,custom,resnet34,9,3036,128,4,4,2.00632,45.3125,78.90625,0.000256,0.069342,0.069598,1839.1303,183.3657,1764.0,1287.0684,1764.0
1145,custom,resnet34,9,3037,128,4,4,1.989692,43.75,77.34375,0.000141,0.069193,0.069334,1846.1391,183.3657,1764.0,1287.0684,1764.0
1145,custom,resnet34,9,3038,128,4,4,1.761427,47.65625,84.375,0.000153,0.068639,0.068792,1860.6921,183.3657,1764.0,1287.0684,1764.0
1145,custom,resnet34,9,3039,128,4,4,1.83256,46.875,82.03125,0.000603,0.068551,0.069154,1850.9515,183.3657,1764.0,1287.0684,1764.0
1145,custom,resnet34,9,3040,128,4,4,1.781667,52.34375,79.6875,0.000201,0.068548,0.068749,1861.8466,183.3657,1764.0,1287.0684,1764.0
1145,custom,resnet34,9,3041,128,4,4,1.67973,53.90625,85.15625,0.000164,0.069015,0.069178,1850.2941,183.3657,1764.0,1287.0684,1764.0
1145,custom,resnet34,9,3042,128,4,4,2.219713,38.28125,73.4375,0.000277,0.068604,0.068881,1858.2904,183.3657,1764.0,1287.0684,1764.0
1145,custom,resnet34,9,3043,128,4,4,2.018487,49.21875,78.90625,0.000177,0.068664,0.068842,1859.3366,183.3657,1764.0,1287.0684,1764.0
1145,custom,resnet34,9,3044,128,4,4,2.037079,45.3125,76.5625,0.000254,0.068532,0.068786,1860.8512,183.3657,1764.0,1287.0684,1764.0
1145,custom,resnet34,9,3045,128,4,4,2.06883,50.0,75.0,0.000149,0.069044,0.069193,1849.9096,183.3657,1764.0,1287.0684,1764.0
1145,custom,resnet34,9,3046,128,4,4,1.684989,51.5625,80.46875,0.000138,0.068595,0.068733,1862.2733,183.3657,1764.0,1287.0684,1764.0
1145,custom,resnet34,9,3047,128,4,4,2.100738,42.1875,73.4375,0.000415,0.068541,0.068957,1856.2423,183.3657,1764.0,1287.0684,1764.0
1145,custom,resnet34,9,3048,128,4,4,2.101709,42.96875,79.6875,0.000218,0.068575,0.068792,1860.6694,183.3657,1764.0,1287.0684,1764.0
1145,custom,resnet34,9,3049,128,4,4,1.951397,50.0,78.90625,0.00028,0.068985,0.069265,1847.9623,183.3657,1764.0,1287.0684,1764.0
1145,custom,resnet34,9,3050,128,4,4,2.109573,38.28125,71.09375,0.000157,0.068648,0.068805,1860.3356,183.3657,1764.0,1287.0684,1764.0
1145,custom,resnet34,9,3051,128,4,4,1.969739,45.3125,78.125,0.000251,0.068652,0.068903,1857.6809,183.3657,1764.0,1287.0684,1764.0
1145,custom,resnet34,9,3052,128,4,4,2.010312,49.21875,70.3125,0.000254,0.068656,0.06891,1857.4984,183.3657,1764.0,1287.0684,1764.0
1145,custom,resnet34,9,3053,128,4,4,2.177464,40.625,78.125,0.000162,0.069039,0.069201,1849.671,183.3657,1764.0,1287.0684,1764.0
1145,custom,resnet34,9,3054,128,4,4,2.075814,51.5625,76.5625,0.000241,0.068692,0.068933,1856.867,183.3657,1764.0,1287.0684,1764.0
1145,custom,resnet34,9,3055,128,4,4,1.951926,43.75,79.6875,0.000444,0.068771,0.069214,1849.3337,183.3657,1764.0,1287.0684,1764.0
1145,custom,resnet34,9,3056,128,4,4,1.933111,44.53125,82.8125,0.000839,0.068762,0.069601,1839.0648,183.3657,1764.0,1287.0684,1764.0
1145,custom,resnet34,9,3057,128,4,4,1.860887,50.78125,79.6875,0.000187,0.068936,0.069123,1851.7776,183.3657,1764.0,1287.0684,1764.0
1145,custom,resnet34,9,3058,128,4,4,2.158004,42.1875,76.5625,0.000185,0.068668,0.068853,1859.026,183.3657,1764.0,1287.0684,1764.0
1145,custom,resnet34,9,3059,128,4,4,1.797167,53.125,78.125,0.000478,0.068511,0.068989,1855.3806,183.3657,1764.0,1287.0684,1764.0
1145,custom,resnet34,9,3060,128,4,4,1.913503,45.3125,79.6875,0.000832,0.068682,0.069515,1841.3397,183.3657,1764.0,1287.0684,1764.0
1145,custom,resnet34,9,3061,128,4,4,1.79853,53.125,84.375,0.000405,0.069102,0.069507,1841.5392,183.3657,1764.0,1287.0684,1764.0
1145,custom,resnet34,9,3062,128,4,4,1.928659,50.78125,81.25,0.000166,0.068569,0.068734,1862.2461,183.3657,1764.0,1287.0684,1764.0
1145,custom,resnet34,9,3063,128,4,4,2.165135,42.96875,75.78125,0.00015,0.068614,0.068764,1861.4383,183.3657,1764.0,1287.0684,1764.0
1145,custom,resnet34,9,3064,128,4,4,2.172086,42.96875,72.65625,0.000446,0.068802,0.069248,1848.4316,183.3657,1764.0,1287.0684,1764.0
1145,custom,resnet34,9,3065,128,4,4,1.949942,46.875,78.90625,0.000163,0.06895,0.069114,1852.0219,183.3657,1764.0,1287.0684,1764.0
1145,custom,resnet34,9,3066,128,4,4,1.992804,46.09375,75.0,0.000172,0.068646,0.068817,1859.9926,183.3657,1764.0,1287.0684,1764.0
1145,custom,resnet34,9,3067,128,4,4,2.101308,45.3125,78.90625,0.00071,0.068753,0.069463,1842.7173,183.3657,1764.0,1287.0684,1764.0
1145,custom,resnet34,9,3068,128,4,4,1.869343,53.125,76.5625,0.000422,0.06919,0.069612,1838.757,183.3657,1764.0,1287.0684,1764.0
1145,custom,resnet34,9,3069,128,4,4,1.834787,48.4375,80.46875,0.000557,0.069274,0.069831,1832.9939,183.3657,1764.0,1287.0684,1764.0
1145,custom,resnet34,9,3070,128,4,4,1.900596,47.65625,78.90625,0.000136,0.069051,0.069187,1850.0475,183.3657,1764.0,1287.0684,1764.0
1145,custom,resnet34,9,3071,128,4,4,1.89169,52.34375,75.0,0.000224,0.069149,0.069373,1845.0965,183.3657,1764.0,1287.0684,1764.0
1145,custom,resnet34,9,3072,128,4,4,1.84875,50.0,82.03125,0.000211,0.0691,0.06931,1846.7676,183.3657,1764.0,1287.0684,1764.0
1145,custom,resnet34,9,3073,128,4,4,1.885144,46.09375,79.6875,0.000139,0.06943,0.06957,1839.8793,183.3657,1764.0,1287.0684,1764.0
1145,custom,resnet34,9,3074,128,4,4,1.969931,42.1875,82.8125,0.000137,0.069038,0.069175,1850.3731,183.3657,1764.0,1287.0684,1764.0
1145,custom,resnet34,9,3075,128,4,4,2.03197,48.4375,78.125,0.000207,0.06926,0.069468,1842.5866,183.3657,1764.0,1287.0684,1764.0
1145,custom,resnet34,9,3076,128,4,4,1.84972,48.4375,84.375,0.000228,0.069097,0.069325,1846.3637,183.3657,1764.0,1287.0684,1764.0
1145,custom,resnet34,9,3077,128,4,4,2.059582,49.21875,74.21875,0.000136,0.069574,0.06971,1836.1835,183.3657,1764.0,1287.0684,1764.0
1145,custom,resnet34,9,3078,128,4,4,1.750392,50.78125,83.59375,0.000206,0.069129,0.069335,1846.1098,183.3657,1764.0,1287.0684,1764.0
1145,custom,resnet34,9,3079,128,4,4,2.086493,42.1875,75.78125,0.000216,0.068694,0.06891,1857.5011,183.3657,1764.0,1287.0684,1764.0
1145,custom,resnet34,9,3080,128,4,4,1.612889,53.90625,85.15625,0.000284,0.069623,0.069907,1831.016,183.3657,1764.0,1287.0684,1764.0
1145,custom,resnet34,9,3081,128,4,4,1.836497,50.78125,83.59375,0.000136,0.0695,0.069637,1838.1139,183.3657,1764.0,1287.0684,1764.0
1145,custom,resnet34,9,3082,128,4,4,1.893064,50.0,78.90625,0.000147,0.069136,0.069283,1847.494,183.3657,1764.0,1287.0684,1764.0
1145,custom,resnet34,9,3083,128,4,4,1.688695,53.90625,81.25,0.000145,0.06923,0.069375,1845.0419,183.3657,1764.0,1287.0684,1764.0
1145,custom,resnet34,9,3084,128,4,4,2.121278,39.84375,74.21875,0.00021,0.069176,0.069386,1844.7642,183.3657,1764.0,1287.0684,1764.0
1145,custom,resnet34,9,3085,128,4,4,1.985589,39.84375,79.6875,0.000437,0.069503,0.06994,1830.1287,183.3657,1764.0,1287.0684,1764.0
1145,custom,resnet34,9,3086,128,4,4,1.90722,48.4375,79.6875,0.00013,0.069127,0.069257,1848.2006,183.3657,1764.0,1287.0684,1764.0
1145,custom,resnet34,9,3087,128,4,4,1.851797,46.09375,81.25,0.000226,0.069273,0.069499,1841.7419,183.3657,1764.0,1287.0684,1764.0
1145,custom,resnet34,9,3088,128,4,4,1.879643,44.53125,82.8125,0.000145,0.069302,0.069447,1843.1443,183.3657,1764.0,1287.0684,1764.0
1145,custom,resnet34,9,3089,128,4,4,2.03762,38.28125,80.46875,0.000139,0.069677,0.069816,1833.3843,183.3657,1764.0,1287.0684,1764.0
1145,custom,resnet34,9,3090,128,4,4,1.869212,46.875,79.6875,0.000134,0.069098,0.069232,1848.8602,183.3657,1764.0,1287.0684,1764.0
1145,custom,resnet34,9,3091,128,4,4,2.11787,39.0625,75.0,0.000199,0.069141,0.06934,1845.9762,183.3657,1764.0,1287.0684,1764.0
1145,custom,resnet34,9,3092,128,4,4,2.155443,39.0625,77.34375,0.000197,0.069069,0.069266,1847.9409,183.3657,1764.0,1287.0684,1764.0
1145,custom,resnet34,9,3093,128,4,4,1.98314,47.65625,78.125,0.000148,0.069657,0.069805,1833.6894,183.3657,1764.0,1287.0684,1764.0
1145,custom,resnet34,9,3094,128,4,4,1.913998,36.71875,80.46875,0.000138,0.069094,0.069231,1848.8716,183.3657,1764.0,1287.0684,1764.0
1145,custom,resnet34,9,3095,128,4,4,1.947192,44.53125,80.46875,0.000554,0.068946,0.0695,1841.7165,183.3657,1764.0,1287.0684,1764.0
1145,custom,resnet34,9,3096,128,4,4,2.355394,41.40625,72.65625,0.000208,0.069109,0.069317,1846.5847,183.3657,1764.0,1287.0684,1764.0
1145,custom,resnet34,9,3097,128,4,4,2.089036,45.3125,75.78125,0.000142,0.069531,0.069673,1837.1546,183.3657,1764.0,1287.0684,1764.0
1145,custom,resnet34,9,3098,128,4,4,1.921806,50.78125,78.90625,0.000137,0.069156,0.069293,1847.2364,183.3657,1764.0,1287.0684,1764.0
1145,custom,resnet34,9,3099,128,4,4,1.891796,48.4375,81.25,0.000133,0.069143,0.069275,1847.7004,183.3657,1764.0,1287.0684,1764.0
1145,custom,resnet34,9,3100,128,4,4,1.858761,45.3125,82.03125,0.000205,0.069143,0.069347,1845.7777,183.3657,1764.0,1287.0684,1764.0
1145,custom,resnet34,9,3101,128,4,4,1.916437,53.125,78.90625,0.000141,0.069318,0.069459,1842.8149,183.3657,1764.0,1287.0684,1764.0
1145,custom,resnet34,9,3102,128,4,4,1.711292,51.5625,84.375,0.000135,0.06909,0.069225,1849.0313,183.3657,1764.0,1287.0684,1764.0
1145,custom,resnet34,9,3103,128,4,4,2.089578,49.21875,73.4375,0.000207,0.069261,0.069468,1842.5784,183.3657,1764.0,1287.0684,1764.0
1145,custom,resnet34,9,3104,128,4,4,2.003221,42.96875,81.25,0.000202,0.06919,0.069392,1844.5931,183.3657,1764.0,1287.0684,1764.0
1145,custom,resnet34,9,3105,128,4,4,2.037182,48.4375,80.46875,0.000145,0.069658,0.069802,1833.7484,183.3657,1764.0,1287.0684,1764.0
1145,custom,resnet34,9,3106,128,4,4,2.121867,40.625,78.125,0.000141,0.069058,0.069199,1849.7434,183.3657,1764.0,1287.0684,1764.0
1145,custom,resnet34,9,3107,128,4,4,2.043491,44.53125,75.78125,0.000149,0.068786,0.068936,1856.8031,183.3657,1764.0,1287.0684,1764.0
1145,custom,resnet34,9,3108,128,4,4,1.780793,46.875,83.59375,0.000316,0.06903,0.069346,1845.829,183.3657,1764.0,1287.0684,1764.0
1145,custom,resnet34,9,3109,128,4,4,1.867832,46.875,80.46875,0.000163,0.06954,0.069703,1836.3619,183.3657,1764.0,1287.0684,1764.0
1145,custom,resnet34,9,3110,128,4,4,1.486233,59.375,88.28125,0.000147,0.069089,0.069236,1848.7602,183.3657,1764.0,1287.0684,1764.0
1145,custom,resnet34,9,3111,128,4,4,1.659386,54.6875,85.15625,0.000227,0.068919,0.069146,1851.1682,183.3657,1764.0,1287.0684,1764.0
1145,custom,resnet34,9,3112,128,4,4,1.581093,49.21875,88.28125,0.000227,0.069172,0.069399,1844.3981,183.3657,1764.0,1287.0684,1764.0
1145,custom,resnet34,9,3113,128,4,4,1.747968,52.34375,82.03125,0.00015,0.069567,0.069717,1836.0004,183.3657,1764.0,1287.0684,1764.0
1145,custom,resnet34,9,3114,128,4,4,1.934118,43.75,79.6875,0.000314,0.069206,0.06952,1841.1938,183.3657,1764.0,1287.0684,1764.0
1145,custom,resnet34,9,3115,128,4,4,1.960266,50.0,83.59375,0.000223,0.068937,0.06916,1850.7933,183.3657,1764.0,1287.0684,1764.0
1145,custom,resnet34,9,3116,128,4,4,2.000501,42.1875,79.6875,0.000203,0.069074,0.069277,1847.6552,183.3657,1764.0,1287.0684,1764.0
1145,custom,resnet34,9,3117,128,4,4,1.964893,46.09375,78.125,0.000139,0.069591,0.06973,1835.6448,183.3657,1764.0,1287.0684,1764.0
1145,custom,resnet34,9,3118,128,4,4,2.199343,39.84375,74.21875,0.000204,0.069135,0.069339,1846.0011,183.3657,1764.0,1287.0684,1764.0
1145,custom,resnet34,9,3119,128,4,4,1.868311,43.75,84.375,0.000215,0.069268,0.069482,1842.1987,183.3657,1764.0,1287.0684,1764.0
1145,custom,resnet34,9,3120,128,4,4,1.81719,50.78125,83.59375,0.000212,0.069301,0.069513,1841.3838,183.3657,1764.0,1287.0684,1764.0
1145,custom,resnet34,9,3121,128,4,4,1.81723,50.78125,79.6875,0.000125,0.069466,0.06959,1839.3413,183.3657,1764.0,1287.0684,1764.0
1145,custom,resnet34,9,3122,128,4,4,2.059753,46.875,77.34375,0.000532,0.069077,0.069609,1838.8433,183.3657,1764.0,1287.0684,1764.0
1145,custom,resnet34,9,3123,128,4,4,2.264876,41.40625,72.65625,0.000244,0.069323,0.069566,1839.9719,183.3657,1764.0,1287.0684,1764.0
1145,custom,resnet34,9,3124,128,4,4,1.902369,51.5625,75.0,0.000229,0.069352,0.06958,1839.5997,183.3657,1764.0,1287.0684,1764.0
1145,custom,resnet34,9,3125,128,4,4,1.803536,49.21875,79.6875,0.000136,0.069736,0.069872,1831.9167,183.3657,1764.0,1287.0684,1764.0
1145,custom,resnet34,9,3126,128,4,4,1.89604,50.0,78.125,0.000588,0.069104,0.069692,1836.6565,183.3657,1764.0,1287.0684,1764.0
1145,custom,resnet34,9,3127,128,4,4,1.833941,53.90625,80.46875,0.000216,0.0692,0.069416,1843.9609,183.3657,1764.0,1287.0684,1764.0
1145,custom,resnet34,9,3128,128,4,4,1.919532,48.4375,78.90625,0.000208,0.069177,0.069386,1844.7646,183.3657,1764.0,1287.0684,1764.0
1145,custom,resnet34,9,3129,128,4,4,1.938312,42.96875,81.25,0.000138,0.069575,0.069713,1836.1045,183.3657,1764.0,1287.0684,1764.0
1145,custom,resnet34,9,3130,128,4,4,1.824858,48.4375,80.46875,0.000153,0.069306,0.069459,1842.8139,183.3657,1764.0,1287.0684,1764.0
1145,custom,resnet34,9,3131,128,4,4,2.090745,40.625,78.90625,0.000211,0.069057,0.069269,1847.8805,183.3657,1764.0,1287.0684,1764.0
1145,custom,resnet34,9,3132,128,4,4,1.760359,54.6875,82.03125,0.000363,0.068985,0.069348,1845.7697,183.3657,1764.0,1287.0684,1764.0
1145,custom,resnet34,9,3133,128,4,4,1.997873,43.75,80.46875,0.000129,0.069436,0.069565,1840.0041,183.3657,1764.0,1287.0684,1764.0
1145,custom,resnet34,9,3134,128,4,4,1.872845,45.3125,81.25,0.000828,0.068961,0.069789,1834.096,183.3657,1764.0,1287.0684,1764.0
1145,custom,resnet34,9,3135,128,4,4,1.836203,50.0,82.03125,0.000228,0.069081,0.06931,1846.7827,183.3657,1764.0,1287.0684,1764.0
1145,custom,resnet34,9,3136,128,4,4,1.999323,46.875,78.90625,0.000222,0.069152,0.069374,1845.0587,183.3657,1764.0,1287.0684,1764.0
1145,custom,resnet34,9,3137,128,4,4,1.797402,47.65625,80.46875,0.000137,0.069351,0.069488,1842.0577,183.3657,1764.0,1287.0684,1764.0
1145,custom,resnet34,9,3138,128,4,4,1.823328,50.78125,78.90625,0.000155,0.0691,0.069255,1848.2386,183.3657,1764.0,1287.0684,1764.0
1145,custom,resnet34,9,3139,128,4,4,1.849085,46.09375,82.03125,0.000218,0.069119,0.069337,1846.06,183.3657,1764.0,1287.0684,1764.0
1145,custom,resnet34,9,3140,128,4,4,2.083989,47.65625,75.0,0.000213,0.06924,0.069453,1842.981,183.3657,1764.0,1287.0684,1764.0
1145,custom,resnet34,9,3141,128,4,4,1.851367,52.34375,75.78125,0.000137,0.069426,0.069562,1840.0761,183.3657,1764.0,1287.0684,1764.0
1145,custom,resnet34,9,3142,128,4,4,1.737635,53.125,81.25,0.000132,0.068996,0.069128,1851.6408,183.3657,1764.0,1287.0684,1764.0
1145,custom,resnet34,9,3143,128,4,4,2.047923,43.75,77.34375,0.000387,0.069211,0.069597,1839.1514,183.3657,1764.0,1287.0684,1764.0
1145,custom,resnet34,9,3144,128,4,4,1.997239,41.40625,78.90625,0.000356,0.070193,0.070549,1814.3368,183.3657,1764.0,1287.0684,1764.0
1145,custom,resnet34,9,3145,128,4,4,1.815973,49.21875,84.375,0.000227,0.069216,0.069443,1843.2322,183.3657,1764.0,1287.0684,1764.0
1145,custom,resnet34,9,3146,128,4,4,2.232133,40.625,75.78125,0.000379,0.068843,0.069222,1849.1248,183.3657,1764.0,1287.0684,1764.0
1145,custom,resnet34,9,3147,128,4,4,2.258056,44.53125,67.1875,0.000303,0.068539,0.068842,1859.3431,183.3657,1764.0,1287.0684,1764.0
1145,custom,resnet34,9,3148,128,4,4,1.900916,47.65625,80.46875,0.000197,0.068595,0.068793,1860.6635,183.3657,1764.0,1287.0684,1764.0
1145,custom,resnet34,9,3149,128,4,4,1.864687,46.875,82.8125,0.000139,0.068814,0.068953,1856.3433,183.3657,1764.0,1287.0684,1764.0
1145,custom,resnet34,9,3150,128,4,4,2.096576,42.1875,76.5625,0.000363,0.068657,0.06902,1854.5279,183.3657,1764.0,1287.0684,1764.0
1145,custom,resnet34,9,3151,128,4,4,2.040018,43.75,75.0,0.000405,0.068453,0.068858,1858.9043,183.3657,1764.0,1287.0684,1764.0
1145,custom,resnet34,9,3152,128,4,4,2.025496,42.96875,78.125,0.00031,0.073013,0.073322,1745.7176,183.3657,1764.0,1287.0684,1764.0
1145,custom,resnet34,9,3153,128,4,4,1.690893,53.125,85.9375,0.00013,0.069036,0.069166,1850.6319,183.3657,1764.0,1287.0684,1764.0
1145,custom,resnet34,9,3154,128,4,4,1.807391,49.21875,84.375,0.000634,0.068746,0.069381,1844.8979,183.3657,1764.0,1287.0684,1764.0
1145,custom,resnet34,9,3155,128,4,4,2.154024,42.1875,72.65625,0.000438,0.068795,0.069233,1848.8218,183.3657,1764.0,1287.0684,1764.0
1145,custom,resnet34,9,3156,128,4,4,1.941426,44.53125,78.125,0.000592,0.06866,0.069252,1848.3279,183.3657,1764.0,1287.0684,1764.0
1145,custom,resnet34,9,3157,128,4,4,1.960985,48.4375,80.46875,0.00033,0.069057,0.069388,1844.7053,183.3657,1764.0,1287.0684,1764.0
1145,custom,resnet34,9,3158,128,4,4,1.698813,54.6875,85.9375,0.000348,0.068866,0.069214,1849.3459,183.3657,1764.0,1287.0684,1764.0
1145,custom,resnet34,9,3159,128,4,4,1.76406,50.0,81.25,0.000676,0.068674,0.06935,1845.7111,183.3657,1764.0,1287.0684,1764.0
1145,custom,resnet34,9,3160,128,4,4,1.789392,58.59375,81.25,0.003225,0.068492,0.071716,1784.8085,183.3657,1764.0,1287.0684,1764.0
1145,custom,resnet34,9,3161,128,4,4,2.042324,43.75,75.78125,9.6e-05,0.069023,0.069119,1851.8888,183.3657,1764.0,1287.0684,1764.0
1145,custom,resnet34,9,3162,128,4,4,1.848491,50.78125,77.34375,8.2e-05,0.068735,0.068817,1860.0147,183.3657,1764.0,1287.0684,1764.0
1145,custom,resnet34,9,3163,128,4,4,1.932801,49.21875,77.34375,0.000193,0.068596,0.068789,1860.766,183.3657,1764.0,1287.0684,1764.0
1145,custom,resnet34,9,3164,128,4,4,1.895898,47.65625,76.5625,0.000199,0.068621,0.06882,1859.9337,183.3657,1764.0,1287.0684,1764.0
1145,custom,resnet34,9,3165,128,4,4,1.688939,49.21875,83.59375,0.000169,0.068967,0.069136,1851.4153,183.3657,1764.0,1287.0684,1764.0
1145,custom,resnet34,9,3166,128,4,4,1.906393,46.09375,80.46875,0.000191,0.068614,0.068805,1860.3431,183.3657,1764.0,1287.0684,1764.0
1145,custom,resnet34,9,3167,128,4,4,2.143766,46.09375,75.0,8e-05,0.068638,0.068718,1862.6793,183.3657,1764.0,1287.0684,1764.0
1145,custom,resnet34,9,3168,128,4,4,2.075924,47.222222,76.388889,0.000162,0.038472,0.038635,1863.615,182.1885,1764.0,1287.0684,1764.0
1145,custom,resnet34,10,3169,128,4,4,1.898582,49.21875,81.25,0.094836,0.0687,0.163536,782.7026,183.3657,1764.0,1287.0684,1764.0
1145,custom,resnet34,10,3170,128,4,4,1.587801,53.125,82.8125,0.000213,0.068915,0.069127,1851.6539,183.3657,1764.0,1287.0684,1764.0
1145,custom,resnet34,10,3171,128,4,4,1.662523,48.4375,85.15625,0.000201,0.068668,0.068868,1858.6162,183.3657,1764.0,1287.0684,1764.0
1145,custom,resnet34,10,3172,128,4,4,1.945114,53.125,78.90625,0.000125,0.068647,0.068772,1861.2346,183.3657,1764.0,1287.0684,1764.0
1145,custom,resnet34,10,3173,128,4,4,1.667943,57.03125,83.59375,0.000125,0.068429,0.068554,1867.1497,183.3657,1764.0,1287.0684,1764.0
1145,custom,resnet34,10,3174,128,4,4,1.610873,56.25,85.15625,0.000127,0.069671,0.069798,1833.8677,183.3657,1764.0,1287.0684,1764.0
1145,custom,resnet34,10,3175,128,4,4,1.796639,52.34375,76.5625,0.000752,0.068612,0.069364,1845.334,183.3657,1764.0,1287.0684,1764.0
1145,custom,resnet34,10,3176,128,4,4,1.838364,50.78125,81.25,0.000618,0.068616,0.069235,1848.7879,183.3657,1764.0,1287.0684,1764.0
1145,custom,resnet34,10,3177,128,4,4,1.775575,51.5625,82.03125,0.000129,0.068668,0.068797,1860.5539,183.3657,1764.0,1287.0684,1764.0
1145,custom,resnet34,10,3178,128,4,4,1.644008,54.6875,84.375,0.000285,0.068928,0.069213,1849.3523,183.3657,1764.0,1287.0684,1764.0
1145,custom,resnet34,10,3179,128,4,4,1.569948,58.59375,85.15625,0.000132,0.068628,0.068761,1861.5236,183.3657,1764.0,1287.0684,1764.0
1145,custom,resnet34,10,3180,128,4,4,1.814519,50.78125,78.90625,0.000116,0.068556,0.068672,1863.9432,183.3657,1764.0,1287.0684,1764.0
1145,custom,resnet34,10,3181,128,4,4,1.688986,54.6875,85.15625,0.000172,0.068805,0.068977,1855.6986,183.3657,1764.0,1287.0684,1764.0
1145,custom,resnet34,10,3182,128,4,4,1.740403,49.21875,82.8125,0.001225,0.068921,0.070146,1824.7618,183.3657,1764.0,1287.0684,1764.0
1145,custom,resnet34,10,3183,128,4,4,1.735434,51.5625,80.46875,0.000246,0.068753,0.068999,1855.1108,183.3657,1764.0,1287.0684,1764.0
1145,custom,resnet34,10,3184,128,4,4,1.648803,50.0,85.9375,0.000135,0.068631,0.068765,1861.4011,183.3657,1764.0,1287.0684,1764.0
1145,custom,resnet34,10,3185,128,4,4,1.970027,48.4375,77.34375,0.000377,0.068814,0.069191,1849.9389,183.3657,1764.0,1287.0684,1764.0
1145,custom,resnet34,10,3186,128,4,4,1.740018,56.25,80.46875,0.00083,0.068961,0.069791,1834.0521,183.3657,1764.0,1287.0684,1764.0
1145,custom,resnet34,10,3187,128,4,4,1.6384,53.90625,85.9375,0.000218,0.068595,0.068814,1860.0969,183.3657,1764.0,1287.0684,1764.0
1145,custom,resnet34,10,3188,128,4,4,1.679666,55.46875,83.59375,0.000116,0.068655,0.068771,1861.242,183.3657,1764.0,1287.0684,1764.0
1145,custom,resnet34,10,3189,128,4,4,1.543549,55.46875,86.71875,0.000209,0.06862,0.068829,1859.686,183.3657,1764.0,1287.0684,1764.0
1145,custom,resnet34,10,3190,128,4,4,1.496608,57.03125,85.9375,0.000123,0.068994,0.069116,1851.9493,183.3657,1764.0,1287.0684,1764.0
1145,custom,resnet34,10,3191,128,4,4,1.742146,47.65625,82.8125,0.000199,0.068635,0.068834,1859.5436,183.3657,1764.0,1287.0684,1764.0
1145,custom,resnet34,10,3192,128,4,4,1.778812,50.0,78.90625,0.000118,0.068565,0.068683,1863.6234,183.3657,1764.0,1287.0684,1764.0
1145,custom,resnet34,10,3193,128,4,4,1.804977,50.0,81.25,0.000473,0.068783,0.069255,1848.2297,183.3657,1764.0,1287.0684,1764.0
1145,custom,resnet34,10,3194,128,4,4,1.583515,53.125,86.71875,0.000229,0.069455,0.069684,1836.873,183.3657,1764.0,1287.0684,1764.0
1145,custom,resnet34,10,3195,128,4,4,1.585086,55.46875,85.9375,0.000205,0.06863,0.068835,1859.5208,183.3657,1764.0,1287.0684,1764.0
1145,custom,resnet34,10,3196,128,4,4,1.702869,47.65625,84.375,0.000136,0.068639,0.068776,1861.1266,183.3657,1764.0,1287.0684,1764.0
1145,custom,resnet34,10,3197,128,4,4,1.55982,53.125,86.71875,0.000372,0.068664,0.069036,1854.0999,183.3657,1764.0,1287.0684,1764.0
1145,custom,resnet34,10,3198,128,4,4,1.665013,47.65625,85.15625,0.000145,0.068837,0.068983,1855.5403,183.3657,1764.0,1287.0684,1764.0
1145,custom,resnet34,10,3199,128,4,4,1.799678,47.65625,80.46875,0.000433,0.068809,0.069241,1848.6144,183.3657,1764.0,1287.0684,1764.0
1145,custom,resnet34,10,3200,128,4,4,1.913612,46.875,78.125,0.000117,0.068493,0.06861,1865.6286,183.3657,1764.0,1287.0684,1764.0
1145,custom,resnet34,10,3201,128,4,4,1.714374,50.0,83.59375,0.000348,0.06866,0.069008,1854.8595,183.3657,1764.0,1287.0684,1764.0
1145,custom,resnet34,10,3202,128,4,4,1.93723,47.65625,82.03125,0.000363,0.069005,0.069369,1845.2151,183.3657,1764.0,1287.0684,1764.0
1145,custom,resnet34,10,3203,128,4,4,1.900952,50.0,78.90625,0.000702,0.068361,0.069063,1853.3801,183.3657,1764.0,1287.0684,1764.0
1145,custom,resnet34,10,3204,128,4,4,1.805537,44.53125,82.03125,0.000127,0.068504,0.068631,1865.0388,183.3657,1764.0,1287.0684,1764.0
1145,custom,resnet34,10,3205,128,4,4,1.595352,55.46875,89.0625,0.000475,0.068758,0.069233,1848.8391,183.3657,1764.0,1287.0684,1764.0
1145,custom,resnet34,10,3206,128,4,4,1.939544,44.53125,81.25,0.000226,0.068967,0.069193,1849.8971,183.3657,1764.0,1287.0684,1764.0
1145,custom,resnet34,10,3207,128,4,4,1.776386,47.65625,81.25,0.000277,0.068659,0.068935,1856.8082,183.3657,1764.0,1287.0684,1764.0
1145,custom,resnet34,10,3208,128,4,4,1.833704,51.5625,81.25,0.000339,0.0686,0.068939,1856.7212,183.3657,1764.0,1287.0684,1764.0
1145,custom,resnet34,10,3209,128,4,4,1.85403,46.875,83.59375,0.000121,0.068753,0.068874,1858.4728,183.3657,1764.0,1287.0684,1764.0
1145,custom,resnet34,10,3210,128,4,4,1.443984,62.5,91.40625,0.000126,0.069183,0.069309,1846.8078,183.3657,1764.0,1287.0684,1764.0
1145,custom,resnet34,10,3211,128,4,4,1.777403,52.34375,78.90625,0.000513,0.068581,0.069095,1852.5312,183.3657,1764.0,1287.0684,1764.0
1145,custom,resnet34,10,3212,128,4,4,1.770772,53.90625,82.8125,0.000317,0.072326,0.072643,1762.0401,183.3657,1764.0,1287.0684,1764.0
1145,custom,resnet34,10,3213,128,4,4,1.682781,52.34375,84.375,0.000121,0.068615,0.068736,1862.1884,183.3657,1764.0,1287.0684,1764.0
1145,custom,resnet34,10,3214,128,4,4,1.903233,47.65625,81.25,0.000645,0.068795,0.069439,1843.3368,183.3657,1764.0,1287.0684,1764.0
1145,custom,resnet34,10,3215,128,4,4,1.926877,47.65625,82.03125,0.000637,0.068605,0.069242,1848.5968,183.3657,1764.0,1287.0684,1764.0
1145,custom,resnet34,10,3216,128,4,4,1.707907,50.78125,85.9375,0.000128,0.068772,0.0689,1857.7553,183.3657,1764.0,1287.0684,1764.0
1145,custom,resnet34,10,3217,128,4,4,1.748427,50.0,82.8125,0.000214,0.068588,0.068802,1860.4065,183.3657,1764.0,1287.0684,1764.0
1145,custom,resnet34,10,3218,128,4,4,1.463893,59.375,89.0625,0.000532,0.069072,0.069604,1838.9866,183.3657,1764.0,1287.0684,1764.0
1145,custom,resnet34,10,3219,128,4,4,1.701095,52.34375,82.8125,0.000231,0.068575,0.068807,1860.2881,183.3657,1764.0,1287.0684,1764.0
1145,custom,resnet34,10,3220,128,4,4,1.721446,50.78125,82.03125,0.000804,0.068521,0.069325,1846.3872,183.3657,1764.0,1287.0684,1764.0
1145,custom,resnet34,10,3221,128,4,4,1.886308,45.3125,80.46875,0.000363,0.068637,0.069,1855.0749,183.3657,1764.0,1287.0684,1764.0
1145,custom,resnet34,10,3222,128,4,4,1.923309,46.875,82.03125,0.00029,0.068877,0.069167,1850.6017,183.3657,1764.0,1287.0684,1764.0
1145,custom,resnet34,10,3223,128,4,4,1.689596,50.78125,82.8125,0.00027,0.068686,0.068955,1856.2818,183.3657,1764.0,1287.0684,1764.0
1145,custom,resnet34,10,3224,128,4,4,1.697325,56.25,81.25,0.000438,0.068583,0.069021,1854.5143,183.3657,1764.0,1287.0684,1764.0
1145,custom,resnet34,10,3225,128,4,4,1.712998,50.0,81.25,0.000142,0.068641,0.068783,1860.9268,183.3657,1764.0,1287.0684,1764.0
1145,custom,resnet34,10,3226,128,4,4,1.659769,51.5625,82.8125,0.000347,0.068926,0.069274,1847.7394,183.3657,1764.0,1287.0684,1764.0
1145,custom,resnet34,10,3227,128,4,4,1.65922,50.78125,82.8125,0.000157,0.06838,0.068537,1867.5987,183.3657,1764.0,1287.0684,1764.0
1145,custom,resnet34,10,3228,128,4,4,1.64065,47.65625,85.15625,0.000469,0.068572,0.069042,1853.9531,183.3657,1764.0,1287.0684,1764.0
1145,custom,resnet34,10,3229,128,4,4,1.523961,55.46875,87.5,0.000132,0.068769,0.068901,1857.7305,183.3657,1764.0,1287.0684,1764.0
1145,custom,resnet34,10,3230,128,4,4,1.638753,51.5625,89.0625,0.00014,0.069027,0.069166,1850.6131,183.3657,1764.0,1287.0684,1764.0
1145,custom,resnet34,10,3231,128,4,4,1.912071,49.21875,72.65625,0.000692,0.068614,0.069306,1846.8873,183.3657,1764.0,1287.0684,1764.0
1145,custom,resnet34,10,3232,128,4,4,1.650127,51.5625,83.59375,0.00037,0.069589,0.069959,1829.6336,183.3657,1764.0,1287.0684,1764.0
1145,custom,resnet34,10,3233,128,4,4,1.651374,50.0,84.375,0.000123,0.068538,0.068661,1864.2436,183.3657,1764.0,1287.0684,1764.0
1145,custom,resnet34,10,3234,128,4,4,1.580505,52.34375,87.5,0.000399,0.068597,0.068996,1855.1832,183.3657,1764.0,1287.0684,1764.0
1145,custom,resnet34,10,3235,128,4,4,1.647961,55.46875,85.9375,0.000676,0.068741,0.069417,1843.939,183.3657,1764.0,1287.0684,1764.0
1145,custom,resnet34,10,3236,128,4,4,1.997328,49.21875,78.125,0.000184,0.068419,0.068602,1865.8251,183.3657,1764.0,1287.0684,1764.0
1145,custom,resnet34,10,3237,128,4,4,1.906227,46.875,79.6875,0.000305,0.06848,0.068785,1860.8679,183.3657,1764.0,1287.0684,1764.0
1145,custom,resnet34,10,3238,128,4,4,1.632436,57.03125,84.375,0.000261,0.068944,0.069205,1849.5837,183.3657,1764.0,1287.0684,1764.0
1145,custom,resnet34,10,3239,128,4,4,1.724339,55.46875,84.375,0.000307,0.068619,0.068926,1857.0714,183.3657,1764.0,1287.0684,1764.0
1145,custom,resnet34,10,3240,128,4,4,1.899724,49.21875,75.78125,0.00019,0.068543,0.068733,1862.2809,183.3657,1764.0,1287.0684,1764.0
1145,custom,resnet34,10,3241,128,4,4,1.909581,43.75,81.25,0.00012,0.068458,0.068579,1866.4684,183.3657,1764.0,1287.0684,1764.0
1145,custom,resnet34,10,3242,128,4,4,1.855258,50.0,76.5625,0.000401,0.069035,0.069436,1843.4318,183.3657,1764.0,1287.0684,1764.0
1145,custom,resnet34,10,3243,128,4,4,1.692469,54.6875,85.9375,0.000384,0.068534,0.068918,1857.2693,183.3657,1764.0,1287.0684,1764.0
1145,custom,resnet34,10,3244,128,4,4,1.570702,53.90625,90.625,0.000295,0.069118,0.069413,1844.0396,183.3657,1764.0,1287.0684,1764.0
1145,custom,resnet34,10,3245,128,4,4,1.575603,52.34375,87.5,0.000146,0.0688,0.068946,1856.5175,183.3657,1764.0,1287.0684,1764.0
1145,custom,resnet34,10,3246,128,4,4,1.99304,45.3125,78.90625,0.000129,0.06903,0.069158,1850.8243,183.3657,1764.0,1287.0684,1764.0
1145,custom,resnet34,10,3247,128,4,4,1.558336,57.03125,85.15625,0.000296,0.068456,0.068752,1861.7768,183.3657,1764.0,1287.0684,1764.0
1145,custom,resnet34,10,3248,128,4,4,1.555713,56.25,85.9375,0.000419,0.068747,0.069166,1850.6109,183.3657,1764.0,1287.0684,1764.0
1145,custom,resnet34,10,3249,128,4,4,1.604397,53.125,89.84375,0.000349,0.068567,0.068916,1857.3238,183.3657,1764.0,1287.0684,1764.0
1145,custom,resnet34,10,3250,128,4,4,1.827174,49.21875,82.8125,0.000355,0.069053,0.069408,1844.1721,183.3657,1764.0,1287.0684,1764.0
1145,custom,resnet34,10,3251,128,4,4,1.592808,52.34375,88.28125,0.000558,0.068397,0.068956,1856.2627,183.3657,1764.0,1287.0684,1764.0
1145,custom,resnet34,10,3252,128,4,4,1.698235,53.125,85.15625,0.000363,0.068516,0.068879,1858.3194,183.3657,1764.0,1287.0684,1764.0
1145,custom,resnet34,10,3253,128,4,4,1.758301,53.90625,84.375,0.000429,0.068714,0.069143,1851.2324,183.3657,1764.0,1287.0684,1764.0
1145,custom,resnet34,10,3254,128,4,4,1.805057,47.65625,80.46875,0.00013,0.069025,0.069155,1850.9063,183.3657,1764.0,1287.0684,1764.0
1145,custom,resnet34,10,3255,128,4,4,1.822329,46.875,82.03125,0.000783,0.068531,0.069314,1846.6768,183.3657,1764.0,1287.0684,1764.0
1145,custom,resnet34,10,3256,128,4,4,1.690528,50.0,83.59375,0.000183,0.06879,0.068973,1855.794,183.3657,1764.0,1287.0684,1764.0
1145,custom,resnet34,10,3257,128,4,4,1.668763,50.0,85.9375,0.000124,0.068546,0.06867,1863.9923,183.3657,1764.0,1287.0684,1764.0
1145,custom,resnet34,10,3258,128,4,4,1.936471,49.21875,82.03125,0.000227,0.068904,0.069131,1851.5618,183.3657,1764.0,1287.0684,1764.0
1145,custom,resnet34,10,3259,128,4,4,1.855716,45.3125,80.46875,0.000138,0.068631,0.068769,1861.3128,183.3657,1764.0,1287.0684,1764.0
1145,custom,resnet34,10,3260,128,4,4,1.719808,50.78125,84.375,0.00018,0.068394,0.068574,1866.5837,183.3657,1764.0,1287.0684,1764.0
1145,custom,resnet34,10,3261,128,4,4,1.878399,50.0,80.46875,0.000523,0.068672,0.069196,1849.8276,183.3657,1764.0,1287.0684,1764.0
1145,custom,resnet34,10,3262,128,4,4,1.986378,42.1875,78.90625,0.000377,0.06922,0.069597,1839.1499,183.3657,1764.0,1287.0684,1764.0
1145,custom,resnet34,10,3263,128,4,4,1.897698,46.875,78.90625,0.000427,0.068762,0.06919,1849.9813,183.3657,1764.0,1287.0684,1764.0
1145,custom,resnet34,10,3264,128,4,4,1.772837,45.3125,82.03125,0.000179,0.068547,0.068726,1862.4639,183.3657,1764.0,1287.0684,1764.0
1145,custom,resnet34,10,3265,128,4,4,1.747672,53.90625,81.25,0.000137,0.068772,0.068909,1857.5273,183.3657,1764.0,1287.0684,1764.0
1145,custom,resnet34,10,3266,128,4,4,1.963308,43.75,77.34375,0.000127,0.068935,0.069062,1853.4203,183.3657,1764.0,1287.0684,1764.0
1145,custom,resnet34,10,3267,128,4,4,1.800396,50.0,80.46875,0.000521,0.068522,0.069043,1853.9097,183.3657,1764.0,1287.0684,1764.0
1145,custom,resnet34,10,3268,128,4,4,1.726552,49.21875,78.125,0.000643,0.068344,0.068987,1855.4206,183.3657,1764.0,1287.0684,1764.0
1145,custom,resnet34,10,3269,128,4,4,1.662619,50.0,83.59375,0.000675,0.06864,0.069315,1846.6455,183.3657,1764.0,1287.0684,1764.0
1145,custom,resnet34,10,3270,128,4,4,1.385674,60.15625,87.5,0.00013,0.068855,0.068985,1855.4863,183.3657,1764.0,1287.0684,1764.0
1145,custom,resnet34,10,3271,128,4,4,2.098075,37.5,77.34375,0.000445,0.068705,0.069151,1851.0348,183.3657,1764.0,1287.0684,1764.0
1145,custom,resnet34,10,3272,128,4,4,1.71337,57.03125,82.8125,0.000353,0.068639,0.068992,1855.2944,183.3657,1764.0,1287.0684,1764.0
1145,custom,resnet34,10,3273,128,4,4,1.639987,53.125,85.9375,0.000225,0.068788,0.069014,1854.7026,183.3657,1764.0,1287.0684,1764.0
1145,custom,resnet34,10,3274,128,4,4,1.790011,50.0,78.125,0.000145,0.068991,0.069136,1851.4237,183.3657,1764.0,1287.0684,1764.0
1145,custom,resnet34,10,3275,128,4,4,1.941519,50.0,75.0,0.000298,0.068489,0.068787,1860.8138,183.3657,1764.0,1287.0684,1764.0
1145,custom,resnet34,10,3276,128,4,4,1.847829,51.5625,78.90625,0.000319,0.068634,0.068954,1856.3231,183.3657,1764.0,1287.0684,1764.0
1145,custom,resnet34,10,3277,128,4,4,1.769385,49.21875,86.71875,0.000188,0.068646,0.068834,1859.5356,183.3657,1764.0,1287.0684,1764.0
1145,custom,resnet34,10,3278,128,4,4,1.557864,57.8125,82.03125,0.000367,0.068991,0.069358,1845.4935,183.3657,1764.0,1287.0684,1764.0
1145,custom,resnet34,10,3279,128,4,4,1.907846,46.09375,78.90625,0.000284,0.068614,0.068898,1857.8106,183.3657,1764.0,1287.0684,1764.0
1145,custom,resnet34,10,3280,128,4,4,1.744153,53.125,82.8125,0.00053,0.068504,0.069034,1854.1493,183.3657,1764.0,1287.0684,1764.0
1145,custom,resnet34,10,3281,128,4,4,1.929953,47.65625,78.125,0.000344,0.068896,0.06924,1848.6352,183.3657,1764.0,1287.0684,1764.0
1145,custom,resnet34,10,3282,128,4,4,1.625836,55.46875,83.59375,0.000149,0.068802,0.06895,1856.4151,183.3657,1764.0,1287.0684,1764.0
1145,custom,resnet34,10,3283,128,4,4,1.738274,53.125,82.03125,0.000469,0.068482,0.068951,1856.3886,183.3657,1764.0,1287.0684,1764.0
1145,custom,resnet34,10,3284,128,4,4,1.840073,50.78125,83.59375,0.000248,0.068552,0.0688,1860.4678,183.3657,1764.0,1287.0684,1764.0
1145,custom,resnet34,10,3285,128,4,4,1.635201,53.125,84.375,0.000364,0.068607,0.068971,1855.8468,183.3657,1764.0,1287.0684,1764.0
1145,custom,resnet34,10,3286,128,4,4,1.598102,57.8125,85.9375,0.000411,0.068973,0.069384,1844.8175,183.3657,1764.0,1287.0684,1764.0
1145,custom,resnet34,10,3287,128,4,4,2.073857,45.3125,76.5625,0.000396,0.0687,0.069096,1852.5052,183.3657,1764.0,1287.0684,1764.0
1145,custom,resnet34,10,3288,128,4,4,1.704905,53.90625,87.5,0.000191,0.068641,0.068832,1859.6089,183.3657,1764.0,1287.0684,1764.0
1145,custom,resnet34,10,3289,128,4,4,1.84512,50.78125,78.90625,0.001586,0.068769,0.070354,1819.3622,183.3657,1764.0,1287.0684,1764.0
1145,custom,resnet34,10,3290,128,4,4,1.670614,50.0,83.59375,0.00047,0.069194,0.069664,1837.3954,183.3657,1764.0,1287.0684,1764.0
1145,custom,resnet34,10,3291,128,4,4,1.842908,46.875,75.78125,0.000332,0.068529,0.068861,1858.8301,183.3657,1764.0,1287.0684,1764.0
1145,custom,resnet34,10,3292,128,4,4,1.845692,49.21875,78.125,0.000207,0.068511,0.068718,1862.6761,183.3657,1764.0,1287.0684,1764.0
1145,custom,resnet34,10,3293,128,4,4,1.709445,49.21875,81.25,0.000201,0.068895,0.069096,1852.5015,183.3657,1764.0,1287.0684,1764.0
1145,custom,resnet34,10,3294,128,4,4,1.440652,60.9375,87.5,0.000373,0.068898,0.069271,1847.8081,183.3657,1764.0,1287.0684,1764.0
1145,custom,resnet34,10,3295,128,4,4,1.870462,46.09375,81.25,0.000452,0.068575,0.069027,1854.3376,183.3657,1764.0,1287.0684,1764.0
1145,custom,resnet34,10,3296,128,4,4,1.939212,50.78125,75.78125,0.000188,0.068542,0.068731,1862.3414,183.3657,1764.0,1287.0684,1764.0
1145,custom,resnet34,10,3297,128,4,4,1.690667,54.6875,81.25,0.000127,0.068621,0.068748,1861.8848,183.3657,1764.0,1287.0684,1764.0
1145,custom,resnet34,10,3298,128,4,4,1.587197,53.90625,87.5,0.00013,0.068804,0.068935,1856.8265,183.3657,1764.0,1287.0684,1764.0
1145,custom,resnet34,10,3299,128,4,4,1.783599,46.09375,79.6875,0.00029,0.068632,0.068922,1857.165,183.3657,1764.0,1287.0684,1764.0
1145,custom,resnet34,10,3300,128,4,4,1.759377,54.6875,80.46875,0.000181,0.068605,0.068786,1860.8404,183.3657,1764.0,1287.0684,1764.0
1145,custom,resnet34,10,3301,128,4,4,1.558358,59.375,89.0625,0.000358,0.068746,0.069104,1852.2789,183.3657,1764.0,1287.0684,1764.0
1145,custom,resnet34,10,3302,128,4,4,1.861409,46.875,80.46875,0.000493,0.068774,0.069267,1847.9187,183.3657,1764.0,1287.0684,1764.0
1145,custom,resnet34,10,3303,128,4,4,1.954592,50.0,80.46875,0.00044,0.068552,0.068992,1855.2905,183.3657,1764.0,1287.0684,1764.0
1145,custom,resnet34,10,3304,128,4,4,1.736805,47.65625,85.15625,0.000202,0.0685,0.068702,1863.1262,183.3657,1764.0,1287.0684,1764.0
1145,custom,resnet34,10,3305,128,4,4,1.73797,56.25,78.90625,0.000127,0.068421,0.068548,1867.3077,183.3657,1764.0,1287.0684,1764.0
1145,custom,resnet34,10,3306,128,4,4,1.582138,55.46875,83.59375,0.00035,0.06915,0.069501,1841.7126,183.3657,1764.0,1287.0684,1764.0
1145,custom,resnet34,10,3307,128,4,4,2.015537,41.40625,75.0,0.000293,0.068625,0.068918,1857.2768,183.3657,1764.0,1287.0684,1764.0
1145,custom,resnet34,10,3308,128,4,4,2.099791,40.625,74.21875,0.000195,0.068563,0.068758,1861.5973,183.3657,1764.0,1287.0684,1764.0
1145,custom,resnet34,10,3309,128,4,4,1.898062,50.0,82.03125,0.000341,0.068531,0.068872,1858.5184,183.3657,1764.0,1287.0684,1764.0
1145,custom,resnet34,10,3310,128,4,4,1.76534,53.125,81.25,0.000119,0.068848,0.068967,1855.9613,183.3657,1764.0,1287.0684,1764.0
1145,custom,resnet34,10,3311,128,4,4,1.798393,50.78125,82.03125,0.00035,0.068584,0.068934,1856.8598,183.3657,1764.0,1287.0684,1764.0
1145,custom,resnet34,10,3312,128,4,4,1.616216,59.375,85.9375,0.000336,0.06857,0.068906,1857.6056,183.3657,1764.0,1287.0684,1764.0
1145,custom,resnet34,10,3313,128,4,4,1.632898,50.78125,84.375,0.000645,0.068602,0.069247,1848.4461,183.3657,1764.0,1287.0684,1764.0
1145,custom,resnet34,10,3314,128,4,4,1.918018,45.3125,76.5625,0.000477,0.06911,0.069587,1839.4276,183.3657,1764.0,1287.0684,1764.0
1145,custom,resnet34,10,3315,128,4,4,1.578476,53.125,85.15625,0.000465,0.068675,0.069139,1851.3306,183.3657,1764.0,1287.0684,1764.0
1145,custom,resnet34,10,3316,128,4,4,1.673183,57.8125,85.9375,0.000328,0.071958,0.072286,1770.7466,183.3657,1764.0,1287.0684,1764.0
1145,custom,resnet34,10,3317,128,4,4,1.779308,54.6875,82.8125,0.000132,0.068626,0.068758,1861.6074,183.3657,1764.0,1287.0684,1764.0
1145,custom,resnet34,10,3318,128,4,4,1.685333,54.6875,82.8125,0.000374,0.068926,0.0693,1847.0408,183.3657,1764.0,1287.0684,1764.0
1145,custom,resnet34,10,3319,128,4,4,1.77777,48.4375,85.9375,0.000586,0.068561,0.069147,1851.1297,183.3657,1764.0,1287.0684,1764.0
1145,custom,resnet34,10,3320,128,4,4,1.943543,47.65625,82.03125,0.000839,0.074315,0.075154,1703.1601,183.3657,1764.0,1287.0684,1764.0
1145,custom,resnet34,10,3321,128,4,4,1.908717,46.875,78.125,0.000116,0.068711,0.068828,1859.72,183.3657,1764.0,1287.0684,1764.0
1145,custom,resnet34,10,3322,128,4,4,1.749143,50.0,79.6875,0.000368,0.069229,0.069597,1839.1492,183.3657,1764.0,1287.0684,1764.0
1145,custom,resnet34,10,3323,128,4,4,1.798591,51.5625,82.8125,0.000121,0.068648,0.068768,1861.3294,183.3657,1764.0,1287.0684,1764.0
1145,custom,resnet34,10,3324,128,4,4,1.626936,57.8125,85.15625,0.000384,0.068642,0.069027,1854.3575,183.3657,1764.0,1287.0684,1764.0
1145,custom,resnet34,10,3325,128,4,4,1.726506,55.46875,82.03125,0.000121,0.068539,0.06866,1864.2554,183.3657,1764.0,1287.0684,1764.0
1145,custom,resnet34,10,3326,128,4,4,1.776689,53.125,81.25,0.000335,0.06838,0.068715,1862.7785,183.3657,1764.0,1287.0684,1764.0
1145,custom,resnet34,10,3327,128,4,4,2.036817,48.4375,79.6875,0.00065,0.068513,0.069163,1850.7137,183.3657,1764.0,1287.0684,1764.0
1145,custom,resnet34,10,3328,128,4,4,1.831131,50.78125,82.8125,0.000332,0.069653,0.069984,1828.9808,183.3657,1764.0,1287.0684,1764.0
1145,custom,resnet34,10,3329,128,4,4,1.645301,54.6875,88.28125,0.000125,0.068704,0.068829,1859.6735,183.3657,1764.0,1287.0684,1764.0
1145,custom,resnet34,10,3330,128,4,4,1.540469,53.125,86.71875,0.000706,0.068808,0.069513,1841.3737,183.3657,1764.0,1287.0684,1764.0
1145,custom,resnet34,10,3331,128,4,4,1.616673,49.21875,85.9375,0.000124,0.068662,0.068786,1860.8566,183.3657,1764.0,1287.0684,1764.0
1145,custom,resnet34,10,3332,128,4,4,1.720917,53.125,82.8125,0.000286,0.073383,0.073669,1737.4956,183.3657,1764.0,1287.0684,1764.0
1145,custom,resnet34,10,3333,128,4,4,1.718874,55.46875,81.25,0.000123,0.068672,0.068795,1860.6099,183.3657,1764.0,1287.0684,1764.0
1145,custom,resnet34,10,3334,128,4,4,1.623971,56.25,83.59375,0.000352,0.069206,0.069558,1840.1889,183.3657,1764.0,1287.0684,1764.0
1145,custom,resnet34,10,3335,128,4,4,1.635198,50.78125,83.59375,0.000112,0.068559,0.06867,1863.9768,183.3657,1764.0,1287.0684,1764.0
1145,custom,resnet34,10,3336,128,4,4,1.516198,54.6875,79.6875,0.000312,0.068581,0.068893,1857.9521,183.3657,1764.0,1287.0684,1764.0
1145,custom,resnet34,10,3337,128,4,4,1.865971,45.3125,83.59375,0.000128,0.068617,0.068745,1861.9633,183.3657,1764.0,1287.0684,1764.0
1145,custom,resnet34,10,3338,128,4,4,1.555731,56.25,85.9375,0.000359,0.068641,0.069,1855.0694,183.3657,1764.0,1287.0684,1764.0
1145,custom,resnet34,10,3339,128,4,4,1.883808,50.0,83.59375,0.000556,0.068503,0.069059,1853.4785,183.3657,1764.0,1287.0684,1764.0
1145,custom,resnet34,10,3340,128,4,4,2.150466,42.96875,77.34375,0.00012,0.068563,0.068683,1863.631,183.3657,1764.0,1287.0684,1764.0
1145,custom,resnet34,10,3341,128,4,4,1.714969,49.21875,82.03125,0.000355,0.068619,0.068974,1855.779,183.3657,1764.0,1287.0684,1764.0
1145,custom,resnet34,10,3342,128,4,4,1.895388,47.65625,80.46875,0.000131,0.068969,0.0691,1852.3944,183.3657,1764.0,1287.0684,1764.0
1145,custom,resnet34,10,3343,128,4,4,1.869407,48.4375,77.34375,0.000747,0.068631,0.069378,1844.9656,183.3657,1764.0,1287.0684,1764.0
1145,custom,resnet34,10,3344,128,4,4,1.71112,52.34375,82.03125,0.000532,0.068587,0.069119,1851.8659,183.3657,1764.0,1287.0684,1764.0
1145,custom,resnet34,10,3345,128,4,4,1.471872,57.03125,86.71875,0.000393,0.068616,0.069009,1854.8329,183.3657,1764.0,1287.0684,1764.0
1145,custom,resnet34,10,3346,128,4,4,1.804908,44.53125,86.71875,0.0004,0.06899,0.06939,1844.6478,183.3657,1764.0,1287.0684,1764.0
1145,custom,resnet34,10,3347,128,4,4,1.738808,51.5625,81.25,0.000357,0.068592,0.068949,1856.4409,183.3657,1764.0,1287.0684,1764.0
1145,custom,resnet34,10,3348,128,4,4,1.572112,59.375,84.375,0.000189,0.068455,0.068643,1864.7181,183.3657,1764.0,1287.0684,1764.0
1145,custom,resnet34,10,3349,128,4,4,1.862608,47.65625,80.46875,0.000114,0.068559,0.068673,1863.9038,183.3657,1764.0,1287.0684,1764.0
1145,custom,resnet34,10,3350,128,4,4,1.855861,46.875,82.8125,0.000324,0.06908,0.069405,1844.258,183.3657,1764.0,1287.0684,1764.0
1145,custom,resnet34,10,3351,128,4,4,1.805696,48.4375,82.8125,0.000384,0.068394,0.068777,1861.0758,183.3657,1764.0,1287.0684,1764.0
1145,custom,resnet34,10,3352,128,4,4,2.125334,39.84375,76.5625,0.000197,0.068466,0.068663,1864.189,183.3657,1764.0,1287.0684,1764.0
1145,custom,resnet34,10,3353,128,4,4,2.025379,42.1875,78.125,0.000127,0.068515,0.068643,1864.7293,183.3657,1764.0,1287.0684,1764.0
1145,custom,resnet34,10,3354,128,4,4,1.853225,45.3125,85.15625,0.00013,0.068904,0.069034,1854.1491,183.3657,1764.0,1287.0684,1764.0
1145,custom,resnet34,10,3355,128,4,4,1.761446,52.34375,79.6875,0.000132,0.068615,0.068748,1861.8743,183.3657,1764.0,1287.0684,1764.0
1145,custom,resnet34,10,3356,128,4,4,1.752079,46.875,83.59375,0.000195,0.068497,0.068692,1863.3936,183.3657,1764.0,1287.0684,1764.0
1145,custom,resnet34,10,3357,128,4,4,1.820383,53.125,77.34375,0.000353,0.068689,0.069042,1853.9414,183.3657,1764.0,1287.0684,1764.0
1145,custom,resnet34,10,3358,128,4,4,1.741234,53.125,80.46875,0.000355,0.069092,0.069447,1843.1207,183.3657,1764.0,1287.0684,1764.0
1145,custom,resnet34,10,3359,128,4,4,1.34363,61.71875,89.0625,0.000296,0.068546,0.068843,1859.3133,183.3657,1764.0,1287.0684,1764.0
1145,custom,resnet34,10,3360,128,4,4,1.695803,58.59375,82.03125,0.000191,0.068465,0.068656,1864.3764,183.3657,1764.0,1287.0684,1764.0
1145,custom,resnet34,10,3361,128,4,4,1.751018,53.125,81.25,0.000345,0.068586,0.06893,1856.9495,183.3657,1764.0,1287.0684,1764.0
1145,custom,resnet34,10,3362,128,4,4,1.945313,45.3125,79.6875,0.000136,0.068879,0.069015,1854.6639,183.3657,1764.0,1287.0684,1764.0
1145,custom,resnet34,10,3363,128,4,4,1.81328,49.21875,83.59375,0.000846,0.068528,0.069374,1845.0798,183.3657,1764.0,1287.0684,1764.0
1145,custom,resnet34,10,3364,128,4,4,1.785244,53.90625,78.90625,0.000639,0.068702,0.069341,1845.9539,183.3657,1764.0,1287.0684,1764.0
1145,custom,resnet34,10,3365,128,4,4,2.034685,39.0625,76.5625,0.000117,0.068536,0.068653,1864.4599,183.3657,1764.0,1287.0684,1764.0
1145,custom,resnet34,10,3366,128,4,4,1.807975,48.4375,83.59375,0.000133,0.068742,0.068875,1858.4361,183.3657,1764.0,1287.0684,1764.0
1145,custom,resnet34,10,3367,128,4,4,1.860796,44.53125,79.6875,0.000198,0.068656,0.068854,1858.9942,183.3657,1764.0,1287.0684,1764.0
1145,custom,resnet34,10,3368,128,4,4,1.716526,50.78125,82.8125,0.000185,0.068611,0.068796,1860.582,183.3657,1764.0,1287.0684,1764.0
1145,custom,resnet34,10,3369,128,4,4,1.796744,52.34375,81.25,0.000127,0.068571,0.068698,1863.2207,183.3657,1764.0,1287.0684,1764.0
1145,custom,resnet34,10,3370,128,4,4,1.889845,42.1875,82.8125,0.000147,0.069027,0.069174,1850.4058,183.3657,1764.0,1287.0684,1764.0
1145,custom,resnet34,10,3371,128,4,4,1.654939,52.34375,85.9375,0.000316,0.070212,0.070528,1814.8704,183.3657,1764.0,1287.0684,1764.0
1145,custom,resnet34,10,3372,128,4,4,1.661955,52.34375,82.8125,0.000572,0.06852,0.069092,1852.603,183.3657,1764.0,1287.0684,1764.0
1145,custom,resnet34,10,3373,128,4,4,2.050681,48.4375,75.78125,0.000126,0.068663,0.068789,1860.7598,183.3657,1764.0,1287.0684,1764.0
1145,custom,resnet34,10,3374,128,4,4,1.931919,45.3125,78.90625,0.000364,0.069094,0.069458,1842.8515,183.3657,1764.0,1287.0684,1764.0
1145,custom,resnet34,10,3375,128,4,4,1.764102,49.21875,82.8125,0.000799,0.068606,0.069405,1844.2498,183.3657,1764.0,1287.0684,1764.0
1145,custom,resnet34,10,3376,128,4,4,1.663571,54.6875,84.375,0.000632,0.069028,0.06966,1837.5002,183.3657,1764.0,1287.0684,1764.0
1145,custom,resnet34,10,3377,128,4,4,1.616037,55.46875,82.8125,0.000122,0.06898,0.069101,1852.3491,183.3657,1764.0,1287.0684,1764.0
1145,custom,resnet34,10,3378,128,4,4,1.92913,44.53125,78.125,0.000542,0.069023,0.069565,1840.0005,183.3657,1764.0,1287.0684,1764.0
1145,custom,resnet34,10,3379,128,4,4,1.762423,46.09375,87.5,0.000342,0.068484,0.068825,1859.7762,183.3657,1764.0,1287.0684,1764.0
1145,custom,resnet34,10,3380,128,4,4,1.696376,53.90625,87.5,0.0002,0.068503,0.068703,1863.0877,183.3657,1764.0,1287.0684,1764.0
1145,custom,resnet34,10,3381,128,4,4,1.569629,55.46875,85.9375,0.000127,0.06869,0.068817,1860.0139,183.3657,1764.0,1287.0684,1764.0
1145,custom,resnet34,10,3382,128,4,4,1.445496,58.59375,86.71875,0.00036,0.069171,0.06953,1840.9198,183.3657,1764.0,1287.0684,1764.0
1145,custom,resnet34,10,3383,128,4,4,1.784049,53.125,82.8125,0.000623,0.068562,0.069185,1850.1115,183.3657,1764.0,1287.0684,1764.0
1145,custom,resnet34,10,3384,128,4,4,2.085132,53.125,76.5625,0.000675,0.068764,0.069439,1843.3362,183.3657,1764.0,1287.0684,1764.0
1145,custom,resnet34,10,3385,128,4,4,1.943958,46.09375,79.6875,0.000226,0.068966,0.069193,1849.9105,183.3657,1764.0,1287.0684,1764.0
1145,custom,resnet34,10,3386,128,4,4,1.845226,50.0,78.90625,0.000501,0.068926,0.069427,1843.6667,183.3657,1764.0,1287.0684,1764.0
1145,custom,resnet34,10,3387,128,4,4,1.903659,42.1875,79.6875,0.000308,0.072346,0.072653,1761.7872,183.3657,1764.0,1287.0684,1764.0
1145,custom,resnet34,10,3388,128,4,4,1.756591,53.125,82.8125,0.000403,0.068791,0.069195,1849.8498,183.3657,1764.0,1287.0684,1764.0
1145,custom,resnet34,10,3389,128,4,4,1.673084,51.5625,85.15625,0.000369,0.068562,0.068931,1856.9198,183.3657,1764.0,1287.0684,1764.0
1145,custom,resnet34,10,3390,128,4,4,1.770205,48.4375,80.46875,0.000139,0.068848,0.068986,1855.4362,183.3657,1764.0,1287.0684,1764.0
1145,custom,resnet34,10,3391,128,4,4,1.591959,58.59375,85.15625,0.000411,0.068553,0.068964,1856.0448,183.3657,1764.0,1287.0684,1764.0
1145,custom,resnet34,10,3392,128,4,4,1.721273,50.78125,84.375,0.00118,0.068608,0.069788,1834.127,183.3657,1764.0,1287.0684,1764.0
1145,custom,resnet34,10,3393,128,4,4,1.90719,48.4375,79.6875,0.000178,0.068642,0.068821,1859.9105,183.3657,1764.0,1287.0684,1764.0
1145,custom,resnet34,10,3394,128,4,4,1.648633,55.46875,89.0625,0.000415,0.06887,0.069285,1847.4441,183.3657,1764.0,1287.0684,1764.0
1145,custom,resnet34,10,3395,128,4,4,1.779661,49.21875,83.59375,0.000683,0.068692,0.069375,1845.0508,183.3657,1764.0,1287.0684,1764.0
1145,custom,resnet34,10,3396,128,4,4,1.885836,51.5625,82.8125,0.000726,0.068433,0.069158,1850.8263,183.3657,1764.0,1287.0684,1764.0
1145,custom,resnet34,10,3397,128,4,4,1.673107,53.125,85.15625,0.000215,0.068623,0.068838,1859.4395,183.3657,1764.0,1287.0684,1764.0
1145,custom,resnet34,10,3398,128,4,4,1.97797,46.875,79.6875,0.000397,0.06917,0.069568,1839.9389,183.3657,1764.0,1287.0684,1764.0
1145,custom,resnet34,10,3399,128,4,4,1.73435,48.4375,86.71875,0.000432,0.068828,0.069261,1848.0906,183.3657,1764.0,1287.0684,1764.0
1145,custom,resnet34,10,3400,128,4,4,1.927113,50.78125,75.78125,0.000192,0.068815,0.069008,1854.8676,183.3657,1764.0,1287.0684,1764.0
1145,custom,resnet34,10,3401,128,4,4,1.605297,58.59375,84.375,0.00031,0.068764,0.069073,1853.0986,183.3657,1764.0,1287.0684,1764.0
1145,custom,resnet34,10,3402,128,4,4,1.768919,47.65625,85.9375,0.000122,0.069042,0.069163,1850.695,183.3657,1764.0,1287.0684,1764.0
1145,custom,resnet34,10,3403,128,4,4,1.561112,61.71875,85.9375,0.000197,0.068597,0.068794,1860.6203,183.3657,1764.0,1287.0684,1764.0
1145,custom,resnet34,10,3404,128,4,4,1.539084,54.6875,89.0625,0.000251,0.068462,0.068713,1862.8261,183.3657,1764.0,1287.0684,1764.0
1145,custom,resnet34,10,3405,128,4,4,1.733743,53.125,81.25,0.000301,0.068608,0.068909,1857.5171,183.3657,1764.0,1287.0684,1764.0
1145,custom,resnet34,10,3406,128,4,4,1.974413,47.65625,76.5625,0.000156,0.068994,0.06915,1851.0614,183.3657,1764.0,1287.0684,1764.0
1145,custom,resnet34,10,3407,128,4,4,1.903126,48.4375,79.6875,0.000554,0.068708,0.069262,1848.0562,183.3657,1764.0,1287.0684,1764.0
1145,custom,resnet34,10,3408,128,4,4,1.926327,49.21875,81.25,0.00021,0.068538,0.068748,1861.8661,183.3657,1764.0,1287.0684,1764.0
1145,custom,resnet34,10,3409,128,4,4,1.848491,41.40625,81.25,0.000315,0.0686,0.068915,1857.3491,183.3657,1764.0,1287.0684,1764.0
1145,custom,resnet34,10,3410,128,4,4,1.631335,52.34375,85.15625,0.000124,0.069064,0.069188,1850.0366,183.3657,1764.0,1287.0684,1764.0
1145,custom,resnet34,10,3411,128,4,4,1.835443,51.5625,75.0,0.000865,0.068889,0.069754,1835.0078,183.3657,1764.0,1287.0684,1764.0
1145,custom,resnet34,10,3412,128,4,4,2.212196,39.84375,71.09375,0.000184,0.06844,0.068624,1865.2275,183.3657,1764.0,1287.0684,1764.0
1145,custom,resnet34,10,3413,128,4,4,1.817544,50.0,76.5625,0.001022,0.068624,0.069646,1837.8539,183.3657,1764.0,1287.0684,1764.0
1145,custom,resnet34,10,3414,128,4,4,1.776767,45.3125,82.8125,0.000439,0.068955,0.069394,1844.5291,183.3657,1764.0,1287.0684,1764.0
1145,custom,resnet34,10,3415,128,4,4,1.847347,50.0,77.34375,0.000458,0.068617,0.069075,1853.0664,183.3657,1764.0,1287.0684,1764.0
1145,custom,resnet34,10,3416,128,4,4,1.652728,49.21875,87.5,0.000714,0.068709,0.069423,1843.7594,183.3657,1764.0,1287.0684,1764.0
1145,custom,resnet34,10,3417,128,4,4,2.178998,42.1875,75.0,0.000644,0.068853,0.069497,1841.8021,183.3657,1764.0,1287.0684,1764.0
1145,custom,resnet34,10,3418,128,4,4,1.718096,56.25,80.46875,0.000132,0.06892,0.069052,1853.6832,183.3657,1764.0,1287.0684,1764.0
1145,custom,resnet34,10,3419,128,4,4,1.670661,55.46875,81.25,0.000457,0.068585,0.069041,1853.9605,183.3657,1764.0,1287.0684,1764.0
1145,custom,resnet34,10,3420,128,4,4,1.980065,48.4375,80.46875,0.000187,0.068619,0.068806,1860.3061,183.3657,1764.0,1287.0684,1764.0
1145,custom,resnet34,10,3421,128,4,4,1.936351,45.3125,78.90625,0.000492,0.068627,0.069119,1851.877,183.3657,1764.0,1287.0684,1764.0
1145,custom,resnet34,10,3422,128,4,4,1.833168,55.46875,81.25,0.000391,0.068943,0.069334,1846.1416,183.3657,1764.0,1287.0684,1764.0
1145,custom,resnet34,10,3423,128,4,4,1.933347,46.09375,80.46875,0.00018,0.068629,0.068809,1860.2163,183.3657,1764.0,1287.0684,1764.0
1145,custom,resnet34,10,3424,128,4,4,1.77059,51.5625,77.34375,0.000194,0.06843,0.068624,1865.2395,183.3657,1764.0,1287.0684,1764.0
1145,custom,resnet34,10,3425,128,4,4,1.707808,50.78125,80.46875,0.000668,0.068632,0.0693,1847.0401,183.3657,1764.0,1287.0684,1764.0
1145,custom,resnet34,10,3426,128,4,4,1.589158,57.03125,86.71875,0.000536,0.068843,0.069379,1844.9392,183.3657,1764.0,1287.0684,1764.0
1145,custom,resnet34,10,3427,128,4,4,1.748514,53.90625,82.8125,0.000145,0.068633,0.068778,1861.0693,183.3657,1764.0,1287.0684,1764.0
1145,custom,resnet34,10,3428,128,4,4,1.760057,48.4375,85.9375,0.000339,0.068659,0.068998,1855.1206,183.3657,1764.0,1287.0684,1764.0
1145,custom,resnet34,10,3429,128,4,4,1.651722,50.78125,87.5,0.000129,0.068724,0.068853,1859.0398,183.3657,1764.0,1287.0684,1764.0
1145,custom,resnet34,10,3430,128,4,4,1.822795,53.90625,79.6875,0.000135,0.069492,0.069627,1838.3735,183.3657,1764.0,1287.0684,1764.0
1145,custom,resnet34,10,3431,128,4,4,1.62201,50.78125,85.9375,0.000192,0.068647,0.068838,1859.4247,183.3657,1764.0,1287.0684,1764.0
1145,custom,resnet34,10,3432,128,4,4,1.639507,50.0,88.28125,0.000614,0.068483,0.069097,1852.4806,183.3657,1764.0,1287.0684,1764.0
1145,custom,resnet34,10,3433,128,4,4,1.847123,50.0,79.6875,0.000126,0.068584,0.06871,1862.91,183.3657,1764.0,1287.0684,1764.0
1145,custom,resnet34,10,3434,128,4,4,1.742133,53.125,85.15625,0.000345,0.069141,0.069486,1842.1072,183.3657,1764.0,1287.0684,1764.0
1145,custom,resnet34,10,3435,128,4,4,1.746537,53.125,82.8125,0.000672,0.068693,0.069365,1845.3006,183.3657,1764.0,1287.0684,1764.0
1145,custom,resnet34,10,3436,128,4,4,1.77516,51.5625,82.8125,0.000292,0.072912,0.073205,1748.5255,183.3657,1764.0,1287.0684,1764.0
1145,custom,resnet34,10,3437,128,4,4,1.955224,45.3125,77.34375,0.001511,0.068746,0.070258,1821.8629,183.3657,1764.0,1287.0684,1764.0
1145,custom,resnet34,10,3438,128,4,4,1.823457,49.21875,78.125,0.000412,0.069075,0.069488,1842.0533,183.3657,1764.0,1287.0684,1764.0
1145,custom,resnet34,10,3439,128,4,4,1.675185,54.6875,84.375,0.000328,0.068645,0.068973,1855.7965,183.3657,1764.0,1287.0684,1764.0
1145,custom,resnet34,10,3440,128,4,4,1.682412,49.21875,87.5,0.0002,0.068635,0.068835,1859.509,183.3657,1764.0,1287.0684,1764.0
1145,custom,resnet34,10,3441,128,4,4,1.851274,46.875,83.59375,0.000408,0.068579,0.068987,1855.4245,183.3657,1764.0,1287.0684,1764.0
1145,custom,resnet34,10,3442,128,4,4,1.833794,44.53125,81.25,0.000136,0.069015,0.069152,1851.0069,183.3657,1764.0,1287.0684,1764.0
1145,custom,resnet34,10,3443,128,4,4,1.697951,54.6875,82.8125,0.000504,0.068599,0.069103,1852.3108,183.3657,1764.0,1287.0684,1764.0
1145,custom,resnet34,10,3444,128,4,4,1.86477,42.96875,83.59375,0.000185,0.068603,0.068788,1860.7969,183.3657,1764.0,1287.0684,1764.0
1145,custom,resnet34,10,3445,128,4,4,1.830294,50.0,83.59375,0.000202,0.068549,0.068751,1861.7836,183.3657,1764.0,1287.0684,1764.0
1145,custom,resnet34,10,3446,128,4,4,1.618037,56.25,86.71875,0.000372,0.068834,0.069206,1849.5603,183.3657,1764.0,1287.0684,1764.0
1145,custom,resnet34,10,3447,128,4,4,1.868924,49.21875,82.8125,0.00029,0.068573,0.068863,1858.7525,183.3657,1764.0,1287.0684,1764.0
1145,custom,resnet34,10,3448,128,4,4,1.770235,49.21875,77.34375,0.000667,0.068609,0.069276,1847.6929,183.3657,1764.0,1287.0684,1764.0
1145,custom,resnet34,10,3449,128,4,4,2.074831,35.9375,75.78125,0.000192,0.068561,0.068753,1861.728,183.3657,1764.0,1287.0684,1764.0
1145,custom,resnet34,10,3450,128,4,4,1.586879,53.90625,84.375,0.000387,0.069008,0.069395,1844.5173,183.3657,1764.0,1287.0684,1764.0
1145,custom,resnet34,10,3451,128,4,4,1.894394,46.09375,82.8125,0.000515,0.068638,0.069152,1850.9871,183.3657,1764.0,1287.0684,1764.0
1145,custom,resnet34,10,3452,128,4,4,1.508719,56.25,85.15625,0.00028,0.072126,0.072406,1767.8004,183.3657,1764.0,1287.0684,1764.0
1145,custom,resnet34,10,3453,128,4,4,1.779595,54.6875,87.5,0.00019,0.068728,0.068918,1857.289,183.3657,1764.0,1287.0684,1764.0
1145,custom,resnet34,10,3454,128,4,4,1.886028,51.5625,78.125,0.000619,0.068918,0.069537,1840.7535,183.3657,1764.0,1287.0684,1764.0
1145,custom,resnet34,10,3455,128,4,4,1.780853,52.34375,81.25,0.000657,0.068726,0.069383,1844.8317,183.3657,1764.0,1287.0684,1764.0
1145,custom,resnet34,10,3456,128,4,4,1.690043,49.21875,87.5,0.000287,0.071194,0.07148,1790.7027,183.3657,1764.0,1287.0684,1764.0
1145,custom,resnet34,10,3457,128,4,4,1.719653,46.09375,82.03125,0.000636,0.068752,0.069387,1844.7154,183.3657,1764.0,1287.0684,1764.0
1145,custom,resnet34,10,3458,128,4,4,1.700181,53.90625,82.03125,0.000128,0.06899,0.069118,1851.9108,183.3657,1764.0,1287.0684,1764.0
1145,custom,resnet34,10,3459,128,4,4,1.746169,51.5625,83.59375,0.000301,0.068705,0.069007,1854.8962,183.3657,1764.0,1287.0684,1764.0
1145,custom,resnet34,10,3460,128,4,4,1.770655,46.09375,85.15625,0.000217,0.068467,0.068684,1863.6141,183.3657,1764.0,1287.0684,1764.0
1145,custom,resnet34,10,3461,128,4,4,1.857412,54.6875,83.59375,0.000204,0.068687,0.068891,1857.9993,183.3657,1764.0,1287.0684,1764.0
1145,custom,resnet34,10,3462,128,4,4,1.971291,50.78125,75.0,0.000136,0.068914,0.06905,1853.7414,183.3657,1764.0,1287.0684,1764.0
1145,custom,resnet34,10,3463,128,4,4,1.635572,52.34375,80.46875,0.000425,0.068611,0.069037,1854.0796,183.3657,1764.0,1287.0684,1764.0
1145,custom,resnet34,10,3464,128,4,4,2.029354,43.75,74.21875,0.000197,0.068633,0.06883,1859.653,183.3657,1764.0,1287.0684,1764.0
1145,custom,resnet34,10,3465,128,4,4,1.624944,53.125,82.8125,0.000431,0.068305,0.068735,1862.2113,183.3657,1764.0,1287.0684,1764.0
1145,custom,resnet34,10,3466,128,4,4,1.613136,50.0,85.9375,0.000186,0.068951,0.069137,1851.4023,183.3657,1764.0,1287.0684,1764.0
1145,custom,resnet34,10,3467,128,4,4,1.702326,49.21875,85.9375,0.000202,0.06864,0.068842,1859.3324,183.3657,1764.0,1287.0684,1764.0
1145,custom,resnet34,10,3468,128,4,4,1.791335,54.6875,79.6875,0.000212,0.068562,0.068775,1861.1502,183.3657,1764.0,1287.0684,1764.0
1145,custom,resnet34,10,3469,128,4,4,2.034171,43.75,76.5625,0.000602,0.068666,0.069269,1847.8739,183.3657,1764.0,1287.0684,1764.0
1145,custom,resnet34,10,3470,128,4,4,1.682986,54.6875,77.34375,0.00014,0.068874,0.069014,1854.6869,183.3657,1764.0,1287.0684,1764.0
1145,custom,resnet34,10,3471,128,4,4,1.805249,50.0,81.25,0.000124,0.068674,0.068798,1860.5153,183.3657,1764.0,1287.0684,1764.0
1145,custom,resnet34,10,3472,128,4,4,1.782343,53.90625,78.90625,0.000392,0.068558,0.06895,1856.4153,183.3657,1764.0,1287.0684,1764.0
1145,custom,resnet34,10,3473,128,4,4,1.696342,56.25,84.375,0.000389,0.068709,0.069098,1852.4403,183.3657,1764.0,1287.0684,1764.0
1145,custom,resnet34,10,3474,128,4,4,1.776292,46.875,78.125,0.000132,0.068858,0.068989,1855.3594,183.3657,1764.0,1287.0684,1764.0
1145,custom,resnet34,10,3475,128,4,4,1.67341,51.5625,85.15625,0.000308,0.06868,0.068988,1855.3995,183.3657,1764.0,1287.0684,1764.0
1145,custom,resnet34,10,3476,128,4,4,2.057103,42.1875,78.90625,0.000334,0.068578,0.068912,1857.4481,183.3657,1764.0,1287.0684,1764.0
1145,custom,resnet34,10,3477,128,4,4,1.845468,51.5625,80.46875,0.000406,0.068829,0.069235,1848.7745,183.3657,1764.0,1287.0684,1764.0
1145,custom,resnet34,10,3478,128,4,4,1.799336,50.0,82.03125,0.000226,0.069058,0.069284,1847.4717,183.3657,1764.0,1287.0684,1764.0
1145,custom,resnet34,10,3479,128,4,4,1.978943,45.3125,78.90625,0.000398,0.068684,0.069081,1852.8906,183.3657,1764.0,1287.0684,1764.0
1145,custom,resnet34,10,3480,128,4,4,1.804201,50.78125,80.46875,0.000188,0.068667,0.068855,1858.9701,183.3657,1764.0,1287.0684,1764.0
1145,custom,resnet34,10,3481,128,4,4,1.741109,51.5625,81.25,0.000405,0.068572,0.068978,1855.6698,183.3657,1764.0,1287.0684,1764.0
1145,custom,resnet34,10,3482,128,4,4,1.565395,57.03125,87.5,0.000131,0.068846,0.068977,1855.6827,183.3657,1764.0,1287.0684,1764.0
1145,custom,resnet34,10,3483,128,4,4,1.778704,52.34375,80.46875,0.00062,0.068738,0.069358,1845.4881,183.3657,1764.0,1287.0684,1764.0
1145,custom,resnet34,10,3484,128,4,4,1.667918,50.78125,87.5,0.00067,0.068705,0.069376,1845.0237,183.3657,1764.0,1287.0684,1764.0
1145,custom,resnet34,10,3485,128,4,4,1.690569,50.78125,82.8125,0.000576,0.068569,0.069145,1851.1869,183.3657,1764.0,1287.0684,1764.0
1145,custom,resnet34,10,3486,128,4,4,1.723611,51.5625,84.375,0.000136,0.068983,0.069119,1851.8718,183.3657,1764.0,1287.0684,1764.0
1145,custom,resnet34,10,3487,128,4,4,1.837985,49.21875,80.46875,0.000452,0.068537,0.068989,1855.3661,183.3657,1764.0,1287.0684,1764.0
1145,custom,resnet34,10,3488,128,4,4,1.595,54.6875,85.9375,0.000641,0.06893,0.069571,1839.8425,183.3657,1764.0,1287.0684,1764.0
1145,custom,resnet34,10,3489,128,4,4,1.822788,46.09375,82.8125,0.000137,0.068634,0.068771,1861.2533,183.3657,1764.0,1287.0684,1764.0
1145,custom,resnet34,10,3490,128,4,4,1.677133,53.125,85.15625,0.000126,0.068976,0.069103,1852.3125,183.3657,1764.0,1287.0684,1764.0
1145,custom,resnet34,10,3491,128,4,4,1.643037,56.25,83.59375,0.000322,0.068587,0.068909,1857.5265,183.3657,1764.0,1287.0684,1764.0
1145,custom,resnet34,10,3492,128,4,4,1.477489,59.375,84.375,0.000591,0.068541,0.069132,1851.541,183.3657,1764.0,1287.0684,1764.0
1145,custom,resnet34,10,3493,128,4,4,1.543955,57.03125,82.8125,0.0003,0.068665,0.068965,1856.0101,183.3657,1764.0,1287.0684,1764.0
1145,custom,resnet34,10,3494,128,4,4,1.877099,49.21875,77.34375,0.000874,0.068925,0.069798,1833.859,183.3657,1764.0,1287.0684,1764.0
1145,custom,resnet34,10,3495,128,4,4,1.965346,41.40625,76.5625,0.00061,0.068628,0.069238,1848.6943,183.3657,1764.0,1287.0684,1764.0
1145,custom,resnet34,10,3496,128,4,4,1.812423,51.5625,80.46875,0.000426,0.068502,0.068927,1857.0313,183.3657,1764.0,1287.0684,1764.0
1145,custom,resnet34,10,3497,128,4,4,1.475734,56.25,88.28125,0.00103,0.068607,0.069637,1838.0967,183.3657,1764.0,1287.0684,1764.0
1145,custom,resnet34,10,3498,128,4,4,1.861534,53.90625,78.90625,0.000133,0.068992,0.069125,1851.7207,183.3657,1764.0,1287.0684,1764.0
1145,custom,resnet34,10,3499,128,4,4,1.707462,48.4375,82.03125,0.000118,0.068519,0.068637,1864.8804,183.3657,1764.0,1287.0684,1764.0
1145,custom,resnet34,10,3500,128,4,4,1.848121,45.3125,84.375,0.000408,0.068683,0.069091,1852.6357,183.3657,1764.0,1287.0684,1764.0
1145,custom,resnet34,10,3501,128,4,4,2.064395,45.3125,75.78125,0.000288,0.068596,0.068884,1858.1975,183.3657,1764.0,1287.0684,1764.0
1145,custom,resnet34,10,3502,128,4,4,1.654817,53.125,82.03125,0.000127,0.069053,0.06918,1850.248,183.3657,1764.0,1287.0684,1764.0
1145,custom,resnet34,10,3503,128,4,4,1.772525,53.125,82.03125,0.000306,0.068545,0.06885,1859.1024,183.3657,1764.0,1287.0684,1764.0
1145,custom,resnet34,10,3504,128,4,4,1.52054,55.46875,85.9375,0.000813,0.068524,0.069337,1846.0569,183.3657,1764.0,1287.0684,1764.0
1145,custom,resnet34,10,3505,128,4,4,1.561916,53.125,83.59375,0.000311,0.073673,0.073984,1730.1108,183.3657,1764.0,1287.0684,1764.0
1145,custom,resnet34,10,3506,128,4,4,1.611928,55.46875,83.59375,0.000465,0.069019,0.069483,1842.1649,183.3657,1764.0,1287.0684,1764.0
1145,custom,resnet34,10,3507,128,4,4,1.896185,46.09375,76.5625,0.000562,0.068497,0.069058,1853.5072,183.3657,1764.0,1287.0684,1764.0
1145,custom,resnet34,10,3508,128,4,4,1.559013,57.8125,82.03125,0.000299,0.072776,0.073075,1751.6193,183.3657,1764.0,1287.0684,1764.0
1145,custom,resnet34,10,3509,128,4,4,1.890183,46.875,79.6875,0.000311,0.068666,0.068977,1855.6876,183.3657,1764.0,1287.0684,1764.0
1145,custom,resnet34,10,3510,128,4,4,1.713552,51.5625,82.03125,0.000135,0.068463,0.068598,1865.9304,183.3657,1764.0,1287.0684,1764.0
1145,custom,resnet34,10,3511,128,4,4,1.380459,64.0625,89.0625,0.000513,0.068556,0.069069,1853.2189,183.3657,1764.0,1287.0684,1764.0
1145,custom,resnet34,10,3512,128,4,4,1.552751,54.6875,86.71875,0.00448,0.068565,0.073045,1752.3547,183.3657,1764.0,1287.0684,1764.0
1145,custom,resnet34,10,3513,128,4,4,1.819714,50.0,79.6875,0.000226,0.068854,0.06908,1852.9278,183.3657,1764.0,1287.0684,1764.0
1145,custom,resnet34,10,3514,128,4,4,1.559472,57.03125,84.375,0.000376,0.069322,0.069698,1836.4962,183.3657,1764.0,1287.0684,1764.0
1145,custom,resnet34,10,3515,128,4,4,1.76177,50.0,80.46875,0.000193,0.068987,0.06918,1850.2447,183.3657,1764.0,1287.0684,1764.0
1145,custom,resnet34,10,3516,128,4,4,1.675016,51.5625,87.5,0.000218,0.068812,0.06903,1854.2778,183.3657,1764.0,1287.0684,1764.0
1145,custom,resnet34,10,3517,128,4,4,1.672423,51.5625,85.15625,8.2e-05,0.068692,0.068774,1861.1754,183.3657,1764.0,1287.0684,1764.0
1145,custom,resnet34,10,3518,128,4,4,1.884649,45.3125,77.34375,8.6e-05,0.069085,0.069171,1850.4911,183.3657,1764.0,1287.0684,1764.0
1145,custom,resnet34,10,3519,128,4,4,1.55677,50.78125,87.5,0.000207,0.068755,0.068961,1856.1174,183.3657,1764.0,1287.0684,1764.0
1145,custom,resnet34,10,3520,128,4,4,1.836189,48.611111,80.555556,8e-05,0.038826,0.038906,1850.6076,182.1885,1764.0,1287.0684,1764.0
1145,custom,resnet34,11,3521,128,4,4,1.477602,61.71875,85.15625,0.094722,0.068531,0.163253,784.058,183.3657,1764.0,1287.0684,1764.0
1145,custom,resnet34,11,3522,128,4,4,1.269687,64.0625,92.1875,0.000679,0.068497,0.069176,1850.3643,183.3657,1764.0,1287.0684,1764.0
1145,custom,resnet34,11,3523,128,4,4,1.772583,51.5625,82.03125,0.000268,0.068882,0.06915,1851.0469,183.3657,1764.0,1287.0684,1764.0
1145,custom,resnet34,11,3524,128,4,4,1.736448,53.90625,78.90625,0.000399,0.06913,0.069529,1840.9598,183.3657,1764.0,1287.0684,1764.0
1145,custom,resnet34,11,3525,128,4,4,1.62859,52.34375,84.375,0.000197,0.06854,0.068736,1862.1935,183.3657,1764.0,1287.0684,1764.0
1145,custom,resnet34,11,3526,128,4,4,1.562929,57.03125,81.25,0.001623,0.069897,0.071519,1789.7227,183.3657,1764.0,1287.0684,1764.0
1145,custom,resnet34,11,3527,128,4,4,1.634343,47.65625,83.59375,0.000313,0.068909,0.069222,1849.1211,183.3657,1764.0,1287.0684,1764.0
1145,custom,resnet34,11,3528,128,4,4,1.688375,52.34375,82.03125,0.000217,0.068491,0.068708,1862.9451,183.3657,1764.0,1287.0684,1764.0
1145,custom,resnet34,11,3529,128,4,4,1.570158,53.125,86.71875,0.0008,0.068754,0.069554,1840.3022,183.3657,1764.0,1287.0684,1764.0
1145,custom,resnet34,11,3530,128,4,4,1.823305,48.4375,80.46875,0.000186,0.068744,0.06893,1856.962,183.3657,1764.0,1287.0684,1764.0
1145,custom,resnet34,11,3531,128,4,4,1.66329,56.25,84.375,0.000388,0.068932,0.06932,1846.5065,183.3657,1764.0,1287.0684,1764.0
1145,custom,resnet34,11,3532,128,4,4,1.511832,60.9375,87.5,0.000204,0.068654,0.068858,1858.8984,183.3657,1764.0,1287.0684,1764.0
1145,custom,resnet34,11,3533,128,4,4,1.577022,51.5625,85.9375,0.000638,0.068495,0.069133,1851.5022,183.3657,1764.0,1287.0684,1764.0
1145,custom,resnet34,11,3534,128,4,4,1.547629,55.46875,85.15625,0.000113,0.068562,0.068674,1863.8675,183.3657,1764.0,1287.0684,1764.0
1145,custom,resnet34,11,3535,128,4,4,1.686352,53.90625,87.5,0.000308,0.068965,0.069273,1847.7654,183.3657,1764.0,1287.0684,1764.0
1145,custom,resnet34,11,3536,128,4,4,1.462558,58.59375,88.28125,0.000336,0.068467,0.068803,1860.3846,183.3657,1764.0,1287.0684,1764.0
1145,custom,resnet34,11,3537,128,4,4,1.705476,50.78125,85.9375,0.000645,0.068779,0.069424,1843.7378,183.3657,1764.0,1287.0684,1764.0
1145,custom,resnet34,11,3538,128,4,4,1.651619,52.34375,85.9375,0.000119,0.068634,0.068753,1861.7383,183.3657,1764.0,1287.0684,1764.0
1145,custom,resnet34,11,3539,128,4,4,1.613339,51.5625,84.375,0.000668,0.069002,0.06967,1837.2434,183.3657,1764.0,1287.0684,1764.0
1145,custom,resnet34,11,3540,128,4,4,1.425475,59.375,88.28125,0.000301,0.068603,0.068904,1857.6486,183.3657,1764.0,1287.0684,1764.0
1145,custom,resnet34,11,3541,128,4,4,1.701288,51.5625,87.5,0.000302,0.068545,0.068847,1859.1956,183.3657,1764.0,1287.0684,1764.0
1145,custom,resnet34,11,3542,128,4,4,1.559093,53.90625,86.71875,0.000357,0.068837,0.069194,1849.8586,183.3657,1764.0,1287.0684,1764.0
1145,custom,resnet34,11,3543,128,4,4,1.556987,58.59375,85.15625,0.00111,0.068893,0.070003,1828.4914,183.3657,1764.0,1287.0684,1764.0
1145,custom,resnet34,11,3544,128,4,4,1.693153,50.0,81.25,0.000211,0.068568,0.068779,1861.0434,183.3657,1764.0,1287.0684,1764.0
1145,custom,resnet34,11,3545,128,4,4,1.387145,61.71875,88.28125,0.000493,0.068581,0.069073,1853.1009,183.3657,1764.0,1287.0684,1764.0
1145,custom,resnet34,11,3546,128,4,4,1.71548,52.34375,79.6875,0.00014,0.068896,0.069036,1854.106,183.3657,1764.0,1287.0684,1764.0
1145,custom,resnet34,11,3547,128,4,4,1.463673,57.8125,85.9375,0.000591,0.074549,0.075141,1703.4739,183.3657,1764.0,1287.0684,1764.0
1145,custom,resnet34,11,3548,128,4,4,1.403744,57.8125,89.0625,0.000206,0.068564,0.068769,1861.2925,183.3657,1764.0,1287.0684,1764.0
1145,custom,resnet34,11,3549,128,4,4,1.567762,56.25,85.15625,0.000628,0.068649,0.069277,1847.6633,183.3657,1764.0,1287.0684,1764.0
1145,custom,resnet34,11,3550,128,4,4,1.423093,57.8125,88.28125,0.000132,0.068789,0.068921,1857.1968,183.3657,1764.0,1287.0684,1764.0
1145,custom,resnet34,11,3551,128,4,4,1.635357,50.78125,85.15625,0.000334,0.073613,0.073947,1730.9769,183.3657,1764.0,1287.0684,1764.0
1145,custom,resnet34,11,3552,128,4,4,1.584647,55.46875,90.625,0.000193,0.068603,0.068797,1860.5501,183.3657,1764.0,1287.0684,1764.0
1145,custom,resnet34,11,3553,128,4,4,1.617002,58.59375,84.375,0.000489,0.068532,0.069021,1854.5114,183.3657,1764.0,1287.0684,1764.0
1145,custom,resnet34,11,3554,128,4,4,1.786319,52.34375,79.6875,0.000129,0.068735,0.068864,1858.7319,183.3657,1764.0,1287.0684,1764.0
1145,custom,resnet34,11,3555,128,4,4,1.387232,62.5,88.28125,0.000419,0.06909,0.069509,1841.4767,183.3657,1764.0,1287.0684,1764.0
1145,custom,resnet34,11,3556,128,4,4,1.355909,66.40625,89.0625,0.000203,0.068451,0.068654,1864.4283,183.3657,1764.0,1287.0684,1764.0
1145,custom,resnet34,11,3557,128,4,4,1.663327,52.34375,85.9375,0.000124,0.06863,0.068754,1861.7197,183.3657,1764.0,1287.0684,1764.0
1145,custom,resnet34,11,3558,128,4,4,1.384619,60.15625,89.0625,0.000126,0.068561,0.068687,1863.5273,183.3657,1764.0,1287.0684,1764.0
1145,custom,resnet34,11,3559,128,4,4,1.817156,47.65625,78.90625,0.000202,0.068895,0.069097,1852.4811,183.3657,1764.0,1287.0684,1764.0
1145,custom,resnet34,11,3560,128,4,4,1.421042,57.03125,85.9375,0.000202,0.068724,0.068926,1857.0583,183.3657,1764.0,1287.0684,1764.0
1145,custom,resnet34,11,3561,128,4,4,1.475389,57.8125,88.28125,0.001186,0.068544,0.06973,1835.6409,183.3657,1764.0,1287.0684,1764.0
1145,custom,resnet34,11,3562,128,4,4,1.735851,52.34375,83.59375,0.00014,0.068751,0.068891,1858.0207,183.3657,1764.0,1287.0684,1764.0
1145,custom,resnet34,11,3563,128,4,4,1.66859,54.6875,82.8125,0.000221,0.069059,0.069281,1847.5613,183.3657,1764.0,1287.0684,1764.0
1145,custom,resnet34,11,3564,128,4,4,1.650616,57.03125,83.59375,0.000214,0.06857,0.068784,1860.9068,183.3657,1764.0,1287.0684,1764.0
1145,custom,resnet34,11,3565,128,4,4,1.554145,56.25,83.59375,0.000302,0.068429,0.068731,1862.342,183.3657,1764.0,1287.0684,1764.0
1145,custom,resnet34,11,3566,128,4,4,1.745636,53.90625,79.6875,0.000127,0.068651,0.068778,1861.0589,183.3657,1764.0,1287.0684,1764.0
1145,custom,resnet34,11,3567,128,4,4,1.547296,58.59375,85.15625,0.000198,0.069193,0.069391,1844.6158,183.3657,1764.0,1287.0684,1764.0
1145,custom,resnet34,11,3568,128,4,4,1.331274,60.9375,88.28125,0.000195,0.068755,0.06895,1856.4161,183.3657,1764.0,1287.0684,1764.0
1145,custom,resnet34,11,3569,128,4,4,1.497533,52.34375,89.84375,0.000382,0.068661,0.069043,1853.9267,183.3657,1764.0,1287.0684,1764.0
1145,custom,resnet34,11,3570,128,4,4,1.692516,57.8125,83.59375,0.000135,0.068673,0.068808,1860.2501,183.3657,1764.0,1287.0684,1764.0
1145,custom,resnet34,11,3571,128,4,4,1.507596,58.59375,85.15625,0.000359,0.068958,0.069317,1846.5927,183.3657,1764.0,1287.0684,1764.0
1145,custom,resnet34,11,3572,128,4,4,1.384042,60.15625,86.71875,0.000192,0.06852,0.068713,1862.8327,183.3657,1764.0,1287.0684,1764.0
1145,custom,resnet34,11,3573,128,4,4,1.440319,56.25,86.71875,0.000376,0.068663,0.069038,1854.0501,183.3657,1764.0,1287.0684,1764.0
1145,custom,resnet34,11,3574,128,4,4,1.43311,55.46875,87.5,0.000136,0.068638,0.068774,1861.1609,183.3657,1764.0,1287.0684,1764.0
1145,custom,resnet34,11,3575,128,4,4,1.688227,52.34375,86.71875,0.000463,0.068962,0.069425,1843.7078,183.3657,1764.0,1287.0684,1764.0
1145,custom,resnet34,11,3576,128,4,4,1.530741,54.6875,88.28125,0.00041,0.068444,0.068854,1859.0134,183.3657,1764.0,1287.0684,1764.0
1145,custom,resnet34,11,3577,128,4,4,1.462069,53.90625,90.625,0.00031,0.074133,0.074443,1719.4377,183.3657,1764.0,1287.0684,1764.0
1145,custom,resnet34,11,3578,128,4,4,1.41839,57.8125,86.71875,0.000137,0.068522,0.068658,1864.3028,183.3657,1764.0,1287.0684,1764.0
1145,custom,resnet34,11,3579,128,4,4,1.53979,53.125,87.5,0.000314,0.069081,0.069395,1844.5235,183.3657,1764.0,1287.0684,1764.0
1145,custom,resnet34,11,3580,128,4,4,1.437429,60.9375,86.71875,0.000873,0.075469,0.076341,1676.6826,183.3657,1764.0,1287.0684,1764.0
1145,custom,resnet34,11,3581,128,4,4,1.68335,55.46875,79.6875,0.000213,0.068597,0.06881,1860.1918,183.3657,1764.0,1287.0684,1764.0
1145,custom,resnet34,11,3582,128,4,4,1.612678,50.78125,85.15625,0.000961,0.068611,0.069572,1839.8131,183.3657,1764.0,1287.0684,1764.0
1145,custom,resnet34,11,3583,128,4,4,1.438426,55.46875,88.28125,0.000126,0.068967,0.069093,1852.5718,183.3657,1764.0,1287.0684,1764.0
1145,custom,resnet34,11,3584,128,4,4,1.616731,56.25,82.8125,0.000132,0.068609,0.068741,1862.0637,183.3657,1764.0,1287.0684,1764.0
1145,custom,resnet34,11,3585,128,4,4,1.552758,56.25,85.15625,0.00032,0.068646,0.068966,1855.9861,183.3657,1764.0,1287.0684,1764.0
1145,custom,resnet34,11,3586,128,4,4,1.330247,64.84375,89.0625,0.000428,0.068796,0.069223,1849.0864,183.3657,1764.0,1287.0684,1764.0
1145,custom,resnet34,11,3587,128,4,4,1.543926,57.03125,85.9375,0.000403,0.068956,0.06936,1845.4514,183.3657,1764.0,1287.0684,1764.0
1145,custom,resnet34,11,3588,128,4,4,1.544418,57.8125,83.59375,0.000373,0.068446,0.068819,1859.9521,183.3657,1764.0,1287.0684,1764.0
1145,custom,resnet34,11,3589,128,4,4,1.705203,46.09375,87.5,0.000395,0.068747,0.069142,1851.2641,183.3657,1764.0,1287.0684,1764.0
1145,custom,resnet34,11,3590,128,4,4,1.353147,61.71875,90.625,0.000118,0.068686,0.068805,1860.3377,183.3657,1764.0,1287.0684,1764.0
1145,custom,resnet34,11,3591,128,4,4,1.396176,57.03125,89.84375,0.00039,0.069217,0.069607,1838.8944,183.3657,1764.0,1287.0684,1764.0
1145,custom,resnet34,11,3592,128,4,4,1.469639,60.9375,85.15625,0.000348,0.06843,0.068778,1861.0652,183.3657,1764.0,1287.0684,1764.0
1145,custom,resnet34,11,3593,128,4,4,1.515794,64.84375,83.59375,0.000119,0.068532,0.068651,1864.513,183.3657,1764.0,1287.0684,1764.0
1145,custom,resnet34,11,3594,128,4,4,1.568541,52.34375,88.28125,0.000125,0.068617,0.068741,1862.0538,183.3657,1764.0,1287.0684,1764.0
1145,custom,resnet34,11,3595,128,4,4,1.595692,54.6875,82.03125,0.000307,0.068889,0.069196,1849.8164,183.3657,1764.0,1287.0684,1764.0
1145,custom,resnet34,11,3596,128,4,4,1.376216,60.9375,88.28125,0.000199,0.068627,0.068825,1859.7773,183.3657,1764.0,1287.0684,1764.0
1145,custom,resnet34,11,3597,128,4,4,1.645716,51.5625,81.25,0.000363,0.06852,0.068883,1858.2233,183.3657,1764.0,1287.0684,1764.0
1145,custom,resnet34,11,3598,128,4,4,1.400037,64.0625,82.03125,0.000124,0.068615,0.068739,1862.1059,183.3657,1764.0,1287.0684,1764.0
1145,custom,resnet34,11,3599,128,4,4,1.120205,66.40625,95.3125,0.000802,0.068848,0.069649,1837.7756,183.3657,1764.0,1287.0684,1764.0
1145,custom,resnet34,11,3600,128,4,4,1.658618,50.78125,83.59375,0.000355,0.068631,0.068985,1855.4672,183.3657,1764.0,1287.0684,1764.0
1145,custom,resnet34,11,3601,128,4,4,1.656811,52.34375,82.8125,0.000125,0.068584,0.068709,1862.9399,183.3657,1764.0,1287.0684,1764.0
1145,custom,resnet34,11,3602,128,4,4,1.453677,61.71875,83.59375,0.000133,0.068599,0.068732,1862.2937,183.3657,1764.0,1287.0684,1764.0
1145,custom,resnet34,11,3603,128,4,4,1.648696,55.46875,82.8125,0.000861,0.068859,0.06972,1835.9049,183.3657,1764.0,1287.0684,1764.0
1145,custom,resnet34,11,3604,128,4,4,1.778024,49.21875,84.375,0.000193,0.068543,0.068736,1862.1934,183.3657,1764.0,1287.0684,1764.0
1145,custom,resnet34,11,3605,128,4,4,1.612901,51.5625,82.8125,0.00054,0.068453,0.068993,1855.2663,183.3657,1764.0,1287.0684,1764.0
1145,custom,resnet34,11,3606,128,4,4,1.441862,59.375,85.9375,0.000129,0.068579,0.068708,1862.9601,183.3657,1764.0,1287.0684,1764.0
1145,custom,resnet34,11,3607,128,4,4,1.396254,59.375,87.5,0.00061,0.069062,0.069671,1837.2004,183.3657,1764.0,1287.0684,1764.0
1145,custom,resnet34,11,3608,128,4,4,1.458274,55.46875,89.0625,0.000187,0.068532,0.06872,1862.6387,183.3657,1764.0,1287.0684,1764.0
1145,custom,resnet34,11,3609,128,4,4,1.555027,57.8125,84.375,0.00066,0.068467,0.069128,1851.6485,183.3657,1764.0,1287.0684,1764.0
1145,custom,resnet34,11,3610,128,4,4,1.482944,53.90625,86.71875,0.000394,0.068558,0.068952,1856.3684,183.3657,1764.0,1287.0684,1764.0
1145,custom,resnet34,11,3611,128,4,4,1.392206,57.8125,87.5,0.000471,0.068795,0.069267,1847.9277,183.3657,1764.0,1287.0684,1764.0
1145,custom,resnet34,11,3612,128,4,4,1.615075,53.90625,85.15625,0.000172,0.068544,0.068715,1862.754,183.3657,1764.0,1287.0684,1764.0
1145,custom,resnet34,11,3613,128,4,4,2.004497,47.65625,78.90625,0.000391,0.068557,0.068948,1856.4587,183.3657,1764.0,1287.0684,1764.0
1145,custom,resnet34,11,3614,128,4,4,1.65058,55.46875,80.46875,0.000401,0.068769,0.06917,1850.5065,183.3657,1764.0,1287.0684,1764.0
1145,custom,resnet34,11,3615,128,4,4,1.760628,52.34375,82.03125,0.000303,0.068891,0.069194,1849.8813,183.3657,1764.0,1287.0684,1764.0
1145,custom,resnet34,11,3616,128,4,4,1.609017,53.90625,83.59375,0.0002,0.068507,0.068707,1862.9912,183.3657,1764.0,1287.0684,1764.0
1145,custom,resnet34,11,3617,128,4,4,1.713272,46.875,84.375,0.000818,0.068471,0.069289,1847.33,183.3657,1764.0,1287.0684,1764.0
1145,custom,resnet34,11,3618,128,4,4,1.656701,44.53125,86.71875,0.000189,0.068691,0.06888,1858.3024,183.3657,1764.0,1287.0684,1764.0
1145,custom,resnet34,11,3619,128,4,4,1.839964,50.0,78.90625,0.000297,0.068892,0.069189,1849.9988,183.3657,1764.0,1287.0684,1764.0
1145,custom,resnet34,11,3620,128,4,4,1.707537,53.125,82.8125,0.000425,0.068643,0.069068,1853.2452,183.3657,1764.0,1287.0684,1764.0
1145,custom,resnet34,11,3621,128,4,4,1.336655,64.0625,85.9375,0.000443,0.068462,0.068905,1857.6345,183.3657,1764.0,1287.0684,1764.0
1145,custom,resnet34,11,3622,128,4,4,1.591618,57.03125,85.9375,0.000149,0.0685,0.068649,1864.5553,183.3657,1764.0,1287.0684,1764.0
1145,custom,resnet34,11,3623,128,4,4,1.631481,55.46875,82.8125,0.000427,0.069045,0.069472,1842.4602,183.3657,1764.0,1287.0684,1764.0
1145,custom,resnet34,11,3624,128,4,4,1.599986,57.03125,85.9375,0.000189,0.06845,0.068639,1864.8219,183.3657,1764.0,1287.0684,1764.0
1145,custom,resnet34,11,3625,128,4,4,1.53313,59.375,85.15625,0.000512,0.068506,0.069018,1854.5986,183.3657,1764.0,1287.0684,1764.0
1145,custom,resnet34,11,3626,128,4,4,1.516932,54.6875,82.03125,0.000217,0.069044,0.069261,1848.0758,183.3657,1764.0,1287.0684,1764.0
1145,custom,resnet34,11,3627,128,4,4,1.735908,52.34375,84.375,0.000416,0.069326,0.069743,1835.3201,183.3657,1764.0,1287.0684,1764.0
1145,custom,resnet34,11,3628,128,4,4,1.674675,54.6875,85.15625,0.00016,0.068655,0.068815,1860.0687,183.3657,1764.0,1287.0684,1764.0
1145,custom,resnet34,11,3629,128,4,4,1.52726,56.25,85.15625,0.000728,0.06854,0.069268,1847.9,183.3657,1764.0,1287.0684,1764.0
1145,custom,resnet34,11,3630,128,4,4,1.436131,57.8125,89.0625,0.000399,0.068656,0.069055,1853.6011,183.3657,1764.0,1287.0684,1764.0
1145,custom,resnet34,11,3631,128,4,4,1.443296,54.6875,87.5,0.000176,0.068868,0.069044,1853.8831,183.3657,1764.0,1287.0684,1764.0
1145,custom,resnet34,11,3632,128,4,4,1.372741,67.96875,88.28125,0.000217,0.068586,0.068803,1860.386,183.3657,1764.0,1287.0684,1764.0
1145,custom,resnet34,11,3633,128,4,4,1.803011,50.78125,79.6875,0.000596,0.068824,0.06942,1843.8423,183.3657,1764.0,1287.0684,1764.0
1145,custom,resnet34,11,3634,128,4,4,1.699118,50.78125,83.59375,0.000148,0.068626,0.068774,1861.1665,183.3657,1764.0,1287.0684,1764.0
1145,custom,resnet34,11,3635,128,4,4,1.394478,60.9375,89.84375,0.000315,0.069117,0.069432,1843.5244,183.3657,1764.0,1287.0684,1764.0
1145,custom,resnet34,11,3636,128,4,4,1.599617,58.59375,83.59375,0.000204,0.06857,0.068775,1861.1502,183.3657,1764.0,1287.0684,1764.0
1145,custom,resnet34,11,3637,128,4,4,1.365103,59.375,89.0625,0.00063,0.068762,0.069392,1844.5924,183.3657,1764.0,1287.0684,1764.0
1145,custom,resnet34,11,3638,128,4,4,1.748729,48.4375,82.8125,0.000769,0.06838,0.069149,1851.076,183.3657,1764.0,1287.0684,1764.0
1145,custom,resnet34,11,3639,128,4,4,1.435076,56.25,89.0625,0.000416,0.068895,0.069311,1846.7537,183.3657,1764.0,1287.0684,1764.0
1145,custom,resnet34,11,3640,128,4,4,1.533868,57.8125,85.15625,0.00022,0.068615,0.068835,1859.5193,183.3657,1764.0,1287.0684,1764.0
1145,custom,resnet34,11,3641,128,4,4,1.564781,55.46875,85.9375,0.000123,0.068615,0.068738,1862.1482,183.3657,1764.0,1287.0684,1764.0
1145,custom,resnet34,11,3642,128,4,4,1.732968,50.0,84.375,0.000206,0.069186,0.069392,1844.5863,183.3657,1764.0,1287.0684,1764.0
1145,custom,resnet34,11,3643,128,4,4,1.685945,55.46875,82.03125,0.000127,0.068833,0.06896,1856.1541,183.3657,1764.0,1287.0684,1764.0
1145,custom,resnet34,11,3644,128,4,4,1.501463,60.15625,85.9375,0.000189,0.068574,0.068763,1861.4535,183.3657,1764.0,1287.0684,1764.0
1145,custom,resnet34,11,3645,128,4,4,1.841051,49.21875,78.90625,0.000298,0.068439,0.068737,1862.1602,183.3657,1764.0,1287.0684,1764.0
1145,custom,resnet34,11,3646,128,4,4,1.478426,58.59375,88.28125,0.000133,0.068662,0.068795,1860.6116,183.3657,1764.0,1287.0684,1764.0
1145,custom,resnet34,11,3647,128,4,4,1.546617,53.125,85.15625,0.000145,0.069092,0.069237,1848.733,183.3657,1764.0,1287.0684,1764.0
1145,custom,resnet34,11,3648,128,4,4,1.634366,52.34375,85.9375,0.000524,0.068631,0.069155,1850.9188,183.3657,1764.0,1287.0684,1764.0
1145,custom,resnet34,11,3649,128,4,4,1.951087,45.3125,78.90625,0.00031,0.07015,0.070461,1816.6204,183.3657,1764.0,1287.0684,1764.0
1145,custom,resnet34,11,3650,128,4,4,1.484381,56.25,86.71875,0.000123,0.068548,0.068672,1863.9447,183.3657,1764.0,1287.0684,1764.0
1145,custom,resnet34,11,3651,128,4,4,1.5315,56.25,86.71875,0.000656,0.069175,0.069831,1833.0046,183.3657,1764.0,1287.0684,1764.0
1145,custom,resnet34,11,3652,128,4,4,1.349833,62.5,89.0625,0.000784,0.068586,0.06937,1845.1768,183.3657,1764.0,1287.0684,1764.0
1145,custom,resnet34,11,3653,128,4,4,1.770692,49.21875,85.15625,0.00063,0.068637,0.069267,1847.9276,183.3657,1764.0,1287.0684,1764.0
1145,custom,resnet34,11,3654,128,4,4,1.721736,46.09375,81.25,0.000132,0.068607,0.068739,1862.1036,183.3657,1764.0,1287.0684,1764.0
1145,custom,resnet34,11,3655,128,4,4,1.506404,56.25,89.0625,0.000404,0.068916,0.06932,1846.5122,183.3657,1764.0,1287.0684,1764.0
1145,custom,resnet34,11,3656,128,4,4,1.555996,57.8125,83.59375,0.000195,0.068596,0.068791,1860.7055,183.3657,1764.0,1287.0684,1764.0
1145,custom,resnet34,11,3657,128,4,4,1.678354,55.46875,82.8125,0.000454,0.068691,0.069145,1851.1887,183.3657,1764.0,1287.0684,1764.0
1145,custom,resnet34,11,3658,128,4,4,1.565239,55.46875,86.71875,0.00013,0.068682,0.068812,1860.1388,183.3657,1764.0,1287.0684,1764.0
1145,custom,resnet34,11,3659,128,4,4,1.755792,52.34375,84.375,0.000989,0.068901,0.06989,1831.4374,183.3657,1764.0,1287.0684,1764.0
1145,custom,resnet34,11,3660,128,4,4,1.675361,53.90625,85.15625,0.000336,0.068608,0.068944,1856.5807,183.3657,1764.0,1287.0684,1764.0
1145,custom,resnet34,11,3661,128,4,4,1.595339,58.59375,85.15625,0.000126,0.068612,0.068738,1862.1398,183.3657,1764.0,1287.0684,1764.0
1145,custom,resnet34,11,3662,128,4,4,1.81226,51.5625,77.34375,0.000125,0.068586,0.068712,1862.8509,183.3657,1764.0,1287.0684,1764.0
1145,custom,resnet34,11,3663,128,4,4,1.383536,57.8125,89.84375,0.001104,0.06894,0.070044,1827.43,183.3657,1764.0,1287.0684,1764.0
1145,custom,resnet34,11,3664,128,4,4,1.486573,56.25,86.71875,0.000373,0.068732,0.069105,1852.2607,183.3657,1764.0,1287.0684,1764.0
1145,custom,resnet34,11,3665,128,4,4,1.421981,59.375,88.28125,0.000214,0.068463,0.068677,1863.7924,183.3657,1764.0,1287.0684,1764.0
1145,custom,resnet34,11,3666,128,4,4,1.760104,52.34375,82.8125,0.000355,0.0688,0.069155,1850.9036,183.3657,1764.0,1287.0684,1764.0
1145,custom,resnet34,11,3667,128,4,4,1.687176,58.59375,82.8125,0.000408,0.069173,0.069581,1839.5864,183.3657,1764.0,1287.0684,1764.0
1145,custom,resnet34,11,3668,128,4,4,1.579088,59.375,79.6875,0.000167,0.068674,0.06884,1859.374,183.3657,1764.0,1287.0684,1764.0
1145,custom,resnet34,11,3669,128,4,4,1.43018,57.03125,84.375,0.000676,0.068477,0.069153,1850.9722,183.3657,1764.0,1287.0684,1764.0
1145,custom,resnet34,11,3670,128,4,4,1.605449,50.0,88.28125,0.000387,0.068709,0.069096,1852.5031,183.3657,1764.0,1287.0684,1764.0
1145,custom,resnet34,11,3671,128,4,4,1.606714,53.90625,87.5,0.000586,0.068789,0.069376,1845.0259,183.3657,1764.0,1287.0684,1764.0
1145,custom,resnet34,11,3672,128,4,4,1.432051,60.9375,85.9375,0.000199,0.068627,0.068826,1859.7629,183.3657,1764.0,1287.0684,1764.0
1145,custom,resnet34,11,3673,128,4,4,1.470834,57.8125,86.71875,0.000434,0.068558,0.068992,1855.2913,183.3657,1764.0,1287.0684,1764.0
1145,custom,resnet34,11,3674,128,4,4,1.68241,51.5625,83.59375,0.000169,0.068626,0.068795,1860.5997,183.3657,1764.0,1287.0684,1764.0
1145,custom,resnet34,11,3675,128,4,4,1.638776,53.90625,86.71875,0.000337,0.06898,0.069316,1846.6042,183.3657,1764.0,1287.0684,1764.0
1145,custom,resnet34,11,3676,128,4,4,1.645352,57.03125,84.375,0.000196,0.06871,0.068906,1857.5931,183.3657,1764.0,1287.0684,1764.0
1145,custom,resnet34,11,3677,128,4,4,1.450316,57.03125,89.0625,0.000412,0.068581,0.068993,1855.2736,183.3657,1764.0,1287.0684,1764.0
1145,custom,resnet34,11,3678,128,4,4,1.543802,53.90625,89.0625,0.000421,0.068712,0.069133,1851.5159,183.3657,1764.0,1287.0684,1764.0
1145,custom,resnet34,11,3679,128,4,4,1.794756,54.6875,82.8125,0.0004,0.069024,0.069424,1843.7332,183.3657,1764.0,1287.0684,1764.0
1145,custom,resnet34,11,3680,128,4,4,1.405604,50.78125,92.1875,0.00045,0.068548,0.068998,1855.1216,183.3657,1764.0,1287.0684,1764.0
1145,custom,resnet34,11,3681,128,4,4,1.536195,60.9375,82.03125,0.000223,0.06857,0.068792,1860.6768,183.3657,1764.0,1287.0684,1764.0
1145,custom,resnet34,11,3682,128,4,4,1.580101,55.46875,86.71875,0.000132,0.068791,0.068923,1857.1405,183.3657,1764.0,1287.0684,1764.0
1145,custom,resnet34,11,3683,128,4,4,1.576559,54.6875,85.15625,0.000207,0.069032,0.069239,1848.6707,183.3657,1764.0,1287.0684,1764.0
1145,custom,resnet34,11,3684,128,4,4,1.629584,56.25,86.71875,0.000307,0.068742,0.069049,1853.761,183.3657,1764.0,1287.0684,1764.0
1145,custom,resnet34,11,3685,128,4,4,1.886806,48.4375,81.25,0.000124,0.068778,0.068903,1857.6903,183.3657,1764.0,1287.0684,1764.0
1145,custom,resnet34,11,3686,128,4,4,1.452362,57.03125,87.5,0.000159,0.06898,0.069139,1851.3375,183.3657,1764.0,1287.0684,1764.0
1145,custom,resnet34,11,3687,128,4,4,1.693807,56.25,85.15625,0.000247,0.069088,0.069335,1846.105,183.3657,1764.0,1287.0684,1764.0
1145,custom,resnet34,11,3688,128,4,4,1.655555,53.125,81.25,0.000196,0.06856,0.068756,1861.6511,183.3657,1764.0,1287.0684,1764.0
1145,custom,resnet34,11,3689,128,4,4,1.518902,56.25,84.375,0.000308,0.068679,0.068987,1855.4221,183.3657,1764.0,1287.0684,1764.0
1145,custom,resnet34,11,3690,128,4,4,1.465278,60.9375,88.28125,0.000123,0.068708,0.068831,1859.6295,183.3657,1764.0,1287.0684,1764.0
1145,custom,resnet34,11,3691,128,4,4,1.400543,60.15625,90.625,0.000288,0.068882,0.069171,1850.4959,183.3657,1764.0,1287.0684,1764.0
1145,custom,resnet34,11,3692,128,4,4,1.636595,53.125,85.15625,0.000193,0.068546,0.068739,1862.1171,183.3657,1764.0,1287.0684,1764.0
1145,custom,resnet34,11,3693,128,4,4,1.545254,57.8125,88.28125,0.000587,0.068454,0.069041,1853.9585,183.3657,1764.0,1287.0684,1764.0
1145,custom,resnet34,11,3694,128,4,4,1.678175,54.6875,83.59375,0.000133,0.068827,0.068961,1856.1314,183.3657,1764.0,1287.0684,1764.0
1145,custom,resnet34,11,3695,128,4,4,1.749766,52.34375,80.46875,0.000305,0.072752,0.073057,1752.0457,183.3657,1764.0,1287.0684,1764.0
1145,custom,resnet34,11,3696,128,4,4,1.542407,58.59375,84.375,0.000199,0.068556,0.068755,1861.6858,183.3657,1764.0,1287.0684,1764.0
1145,custom,resnet34,11,3697,128,4,4,1.55466,56.25,85.15625,0.000497,0.068612,0.06911,1852.1325,183.3657,1764.0,1287.0684,1764.0
1145,custom,resnet34,11,3698,128,4,4,1.742357,54.6875,79.6875,0.000127,0.068703,0.06883,1859.6457,183.3657,1764.0,1287.0684,1764.0
1145,custom,resnet34,11,3699,128,4,4,1.555263,60.9375,83.59375,0.000306,0.073116,0.073422,1743.3501,183.3657,1764.0,1287.0684,1764.0
1145,custom,resnet34,11,3700,128,4,4,1.329403,62.5,88.28125,0.000547,0.068749,0.069296,1847.1521,183.3657,1764.0,1287.0684,1764.0
1145,custom,resnet34,11,3701,128,4,4,1.571668,52.34375,84.375,0.000418,0.068531,0.068949,1856.4326,183.3657,1764.0,1287.0684,1764.0
1145,custom,resnet34,11,3702,128,4,4,1.453732,57.8125,85.9375,0.000126,0.068836,0.068962,1856.1012,183.3657,1764.0,1287.0684,1764.0
1145,custom,resnet34,11,3703,128,4,4,1.788955,50.78125,78.90625,0.000548,0.069256,0.069804,1833.7015,183.3657,1764.0,1287.0684,1764.0
1145,custom,resnet34,11,3704,128,4,4,1.572139,56.25,86.71875,0.000639,0.069263,0.069903,1831.1159,183.3657,1764.0,1287.0684,1764.0
1145,custom,resnet34,11,3705,128,4,4,1.581248,59.375,85.15625,0.000331,0.068728,0.069059,1853.4925,183.3657,1764.0,1287.0684,1764.0
1145,custom,resnet34,11,3706,128,4,4,1.608401,53.125,82.03125,0.000133,0.068619,0.068752,1861.7537,183.3657,1764.0,1287.0684,1764.0
1145,custom,resnet34,11,3707,128,4,4,1.523161,57.8125,85.9375,0.000435,0.069019,0.069454,1842.9335,183.3657,1764.0,1287.0684,1764.0
1145,custom,resnet34,11,3708,128,4,4,1.366613,64.84375,91.40625,0.000195,0.068629,0.068824,1859.8229,183.3657,1764.0,1287.0684,1764.0
1145,custom,resnet34,11,3709,128,4,4,1.604954,53.125,82.8125,0.000413,0.068623,0.069035,1854.122,183.3657,1764.0,1287.0684,1764.0
1145,custom,resnet34,11,3710,128,4,4,1.511594,60.15625,86.71875,0.000131,0.06866,0.068791,1860.7043,183.3657,1764.0,1287.0684,1764.0
1145,custom,resnet34,11,3711,128,4,4,1.796818,53.90625,79.6875,0.000126,0.068928,0.069054,1853.6095,183.3657,1764.0,1287.0684,1764.0
1145,custom,resnet34,11,3712,128,4,4,1.458375,58.59375,86.71875,0.000204,0.068566,0.06877,1861.2872,183.3657,1764.0,1287.0684,1764.0
1145,custom,resnet34,11,3713,128,4,4,1.308644,64.84375,89.0625,0.000386,0.068719,0.069104,1852.269,183.3657,1764.0,1287.0684,1764.0
1145,custom,resnet34,11,3714,128,4,4,1.680481,50.0,85.15625,0.000128,0.068568,0.068696,1863.2767,183.3657,1764.0,1287.0684,1764.0
1145,custom,resnet34,11,3715,128,4,4,1.449081,57.8125,89.84375,0.000139,0.068865,0.069003,1854.9787,183.3657,1764.0,1287.0684,1764.0
1145,custom,resnet34,11,3716,128,4,4,1.631582,60.15625,81.25,0.000562,0.068574,0.069137,1851.4017,183.3657,1764.0,1287.0684,1764.0
1145,custom,resnet34,11,3717,128,4,4,1.606525,56.25,82.8125,0.000294,0.073675,0.07397,1730.4408,183.3657,1764.0,1287.0684,1764.0
1145,custom,resnet34,11,3718,128,4,4,1.334423,57.03125,91.40625,0.000134,0.068596,0.06873,1862.3662,183.3657,1764.0,1287.0684,1764.0
1145,custom,resnet34,11,3719,128,4,4,1.522815,55.46875,84.375,0.000133,0.069079,0.069212,1849.3872,183.3657,1764.0,1287.0684,1764.0
1145,custom,resnet34,11,3720,128,4,4,1.579848,53.125,86.71875,0.000514,0.068466,0.06898,1855.6149,183.3657,1764.0,1287.0684,1764.0
1145,custom,resnet34,11,3721,128,4,4,1.565836,53.90625,89.0625,0.000417,0.068491,0.068908,1857.5478,183.3657,1764.0,1287.0684,1764.0
1145,custom,resnet34,11,3722,128,4,4,1.60596,56.25,83.59375,0.000128,0.068499,0.068627,1865.1498,183.3657,1764.0,1287.0684,1764.0
1145,custom,resnet34,11,3723,128,4,4,1.61145,53.125,84.375,0.000232,0.068905,0.069137,1851.4009,183.3657,1764.0,1287.0684,1764.0
1145,custom,resnet34,11,3724,128,4,4,1.714275,50.0,83.59375,0.0002,0.068465,0.068665,1864.1271,183.3657,1764.0,1287.0684,1764.0
1145,custom,resnet34,11,3725,128,4,4,1.746487,47.65625,85.15625,0.000294,0.068474,0.068768,1861.3374,183.3657,1764.0,1287.0684,1764.0
1145,custom,resnet34,11,3726,128,4,4,1.386788,62.5,88.28125,0.000132,0.068577,0.068708,1862.9473,183.3657,1764.0,1287.0684,1764.0
1145,custom,resnet34,11,3727,128,4,4,1.671068,52.34375,82.8125,0.000438,0.069089,0.069527,1841.0223,183.3657,1764.0,1287.0684,1764.0
1145,custom,resnet34,11,3728,128,4,4,1.518431,56.25,86.71875,0.000195,0.0687,0.068895,1857.8905,183.3657,1764.0,1287.0684,1764.0
1145,custom,resnet34,11,3729,128,4,4,1.735105,50.78125,85.9375,0.000436,0.068546,0.068982,1855.5508,183.3657,1764.0,1287.0684,1764.0
1145,custom,resnet34,11,3730,128,4,4,1.524351,54.6875,83.59375,0.000141,0.068986,0.069128,1851.6392,183.3657,1764.0,1287.0684,1764.0
1145,custom,resnet34,11,3731,128,4,4,1.783938,53.125,83.59375,0.000264,0.069266,0.06953,1840.9381,183.3657,1764.0,1287.0684,1764.0
1145,custom,resnet34,11,3732,128,4,4,1.497198,58.59375,83.59375,0.000201,0.068802,0.069003,1854.9904,183.3657,1764.0,1287.0684,1764.0
1145,custom,resnet34,11,3733,128,4,4,1.509033,54.6875,86.71875,0.000554,0.06858,0.069134,1851.4636,183.3657,1764.0,1287.0684,1764.0
1145,custom,resnet34,11,3734,128,4,4,1.627254,53.90625,81.25,0.000387,0.068537,0.068924,1857.1277,183.3657,1764.0,1287.0684,1764.0
1145,custom,resnet34,11,3735,128,4,4,1.551167,49.21875,87.5,0.000298,0.069047,0.069345,1845.8471,183.3657,1764.0,1287.0684,1764.0
1145,custom,resnet34,11,3736,128,4,4,1.367711,59.375,92.1875,0.000209,0.068702,0.068911,1857.4779,183.3657,1764.0,1287.0684,1764.0
1145,custom,resnet34,11,3737,128,4,4,1.802783,46.09375,84.375,0.000134,0.068521,0.068655,1864.4047,183.3657,1764.0,1287.0684,1764.0
1145,custom,resnet34,11,3738,128,4,4,1.551726,60.15625,82.03125,0.00013,0.068531,0.06866,1864.2453,183.3657,1764.0,1287.0684,1764.0
1145,custom,resnet34,11,3739,128,4,4,1.437314,55.46875,91.40625,0.000131,0.069034,0.069165,1850.6368,183.3657,1764.0,1287.0684,1764.0
1145,custom,resnet34,11,3740,128,4,4,1.557137,56.25,88.28125,0.000295,0.068571,0.068867,1858.6662,183.3657,1764.0,1287.0684,1764.0
1145,custom,resnet34,11,3741,128,4,4,1.54496,57.03125,87.5,0.000283,0.068595,0.068878,1858.3509,183.3657,1764.0,1287.0684,1764.0
1145,custom,resnet34,11,3742,128,4,4,1.687702,50.78125,83.59375,0.00013,0.068632,0.068762,1861.503,183.3657,1764.0,1287.0684,1764.0
1145,custom,resnet34,11,3743,128,4,4,1.669721,52.34375,85.15625,0.000403,0.069081,0.069484,1842.1546,183.3657,1764.0,1287.0684,1764.0
1145,custom,resnet34,11,3744,128,4,4,1.394374,57.03125,88.28125,0.000191,0.068469,0.06866,1864.2559,183.3657,1764.0,1287.0684,1764.0
1145,custom,resnet34,11,3745,128,4,4,1.605959,60.9375,87.5,0.000474,0.068534,0.069008,1854.8624,183.3657,1764.0,1287.0684,1764.0
1145,custom,resnet34,11,3746,128,4,4,1.798204,47.65625,82.03125,0.000133,0.068624,0.068757,1861.6382,183.3657,1764.0,1287.0684,1764.0
1145,custom,resnet34,11,3747,128,4,4,1.479575,56.25,84.375,0.000306,0.06891,0.069215,1849.3046,183.3657,1764.0,1287.0684,1764.0
1145,custom,resnet34,11,3748,128,4,4,1.666528,56.25,78.90625,0.000191,0.068529,0.06872,1862.6275,183.3657,1764.0,1287.0684,1764.0
1145,custom,resnet34,11,3749,128,4,4,1.561224,57.03125,82.03125,0.000232,0.068608,0.06884,1859.3877,183.3657,1764.0,1287.0684,1764.0
1145,custom,resnet34,11,3750,128,4,4,1.731143,50.0,85.9375,0.00013,0.068535,0.068664,1864.1372,183.3657,1764.0,1287.0684,1764.0
1145,custom,resnet34,11,3751,128,4,4,1.568047,50.78125,86.71875,0.000642,0.069031,0.069673,1837.1461,183.3657,1764.0,1287.0684,1764.0
1145,custom,resnet34,11,3752,128,4,4,1.60387,50.78125,86.71875,0.000195,0.068801,0.068997,1855.1661,183.3657,1764.0,1287.0684,1764.0
1145,custom,resnet34,11,3753,128,4,4,1.625615,53.90625,82.03125,0.00078,0.06844,0.069221,1849.1537,183.3657,1764.0,1287.0684,1764.0
1145,custom,resnet34,11,3754,128,4,4,1.744535,57.03125,79.6875,0.000242,0.068567,0.068809,1860.2222,183.3657,1764.0,1287.0684,1764.0
1145,custom,resnet34,11,3755,128,4,4,1.495088,58.59375,82.8125,0.00039,0.069108,0.069498,1841.7844,183.3657,1764.0,1287.0684,1764.0
1145,custom,resnet34,11,3756,128,4,4,1.593398,55.46875,85.15625,0.000196,0.068553,0.068749,1861.8345,183.3657,1764.0,1287.0684,1764.0
1145,custom,resnet34,11,3757,128,4,4,1.70465,50.78125,83.59375,0.000118,0.06854,0.068659,1864.2972,183.3657,1764.0,1287.0684,1764.0
1145,custom,resnet34,11,3758,128,4,4,1.697252,53.90625,83.59375,0.000125,0.06862,0.068746,1861.934,183.3657,1764.0,1287.0684,1764.0
1145,custom,resnet34,11,3759,128,4,4,1.851134,49.21875,81.25,0.000214,0.068732,0.068946,1856.5329,183.3657,1764.0,1287.0684,1764.0
1145,custom,resnet34,11,3760,128,4,4,1.740307,51.5625,81.25,0.000205,0.068553,0.068758,1861.5922,183.3657,1764.0,1287.0684,1764.0
1145,custom,resnet34,11,3761,128,4,4,1.60644,46.09375,86.71875,0.000409,0.068679,0.069088,1852.7078,183.3657,1764.0,1287.0684,1764.0
1145,custom,resnet34,11,3762,128,4,4,1.52211,56.25,85.9375,0.000138,0.068541,0.068678,1863.7648,183.3657,1764.0,1287.0684,1764.0
1145,custom,resnet34,11,3763,128,4,4,1.595806,53.125,84.375,0.000295,0.068928,0.069223,1849.084,183.3657,1764.0,1287.0684,1764.0
1145,custom,resnet34,11,3764,128,4,4,1.494699,57.8125,87.5,0.000668,0.06858,0.069248,1848.4412,183.3657,1764.0,1287.0684,1764.0
1145,custom,resnet34,11,3765,128,4,4,1.567811,57.03125,87.5,0.000333,0.068606,0.068939,1856.7093,183.3657,1764.0,1287.0684,1764.0
1145,custom,resnet34,11,3766,128,4,4,1.560224,58.59375,82.03125,0.000126,0.068637,0.068762,1861.4842,183.3657,1764.0,1287.0684,1764.0
1145,custom,resnet34,11,3767,128,4,4,1.681169,53.125,82.03125,0.000802,0.068927,0.069728,1835.6925,183.3657,1764.0,1287.0684,1764.0
1145,custom,resnet34,11,3768,128,4,4,1.616499,59.375,82.8125,0.000216,0.068615,0.068831,1859.6148,183.3657,1764.0,1287.0684,1764.0
1145,custom,resnet34,11,3769,128,4,4,1.553184,57.03125,83.59375,0.000435,0.068613,0.069048,1853.7861,183.3657,1764.0,1287.0684,1764.0
1145,custom,resnet34,11,3770,128,4,4,1.589118,59.375,82.8125,0.000125,0.068644,0.068768,1861.3186,183.3657,1764.0,1287.0684,1764.0
1145,custom,resnet34,11,3771,128,4,4,1.544518,61.71875,85.15625,0.000192,0.069025,0.069217,1849.2539,183.3657,1764.0,1287.0684,1764.0
1145,custom,resnet34,11,3772,128,4,4,1.439724,54.6875,88.28125,0.000201,0.068854,0.069054,1853.6165,183.3657,1764.0,1287.0684,1764.0
1145,custom,resnet34,11,3773,128,4,4,1.859834,47.65625,81.25,0.000394,0.068907,0.069301,1847.0119,183.3657,1764.0,1287.0684,1764.0
1145,custom,resnet34,11,3774,128,4,4,1.798781,49.21875,81.25,0.000209,0.069059,0.069268,1847.892,183.3657,1764.0,1287.0684,1764.0
1145,custom,resnet34,11,3775,128,4,4,1.582214,57.03125,80.46875,0.000136,0.069007,0.069142,1851.2549,183.3657,1764.0,1287.0684,1764.0
1145,custom,resnet34,11,3776,128,4,4,1.342674,60.15625,90.625,0.000196,0.068569,0.068765,1861.4187,183.3657,1764.0,1287.0684,1764.0
1145,custom,resnet34,11,3777,128,4,4,1.528226,63.28125,82.8125,0.000597,0.068746,0.069343,1845.8903,183.3657,1764.0,1287.0684,1764.0
1145,custom,resnet34,11,3778,128,4,4,1.771232,53.125,82.03125,0.000127,0.068782,0.068909,1857.5097,183.3657,1764.0,1287.0684,1764.0
1145,custom,resnet34,11,3779,128,4,4,1.510956,53.125,86.71875,0.000188,0.069056,0.069244,1848.5421,183.3657,1764.0,1287.0684,1764.0
1145,custom,resnet34,11,3780,128,4,4,1.630761,52.34375,85.9375,0.000194,0.068589,0.068783,1860.9132,183.3657,1764.0,1287.0684,1764.0
1145,custom,resnet34,11,3781,128,4,4,1.785163,47.65625,85.15625,0.000145,0.068586,0.068731,1862.3341,183.3657,1764.0,1287.0684,1764.0
1145,custom,resnet34,11,3782,128,4,4,1.726554,51.5625,83.59375,0.000126,0.068776,0.068902,1857.7005,183.3657,1764.0,1287.0684,1764.0
1145,custom,resnet34,11,3783,128,4,4,1.471743,62.5,85.15625,0.000186,0.069113,0.069299,1847.0611,183.3657,1764.0,1287.0684,1764.0
1145,custom,resnet34,11,3784,128,4,4,1.723003,51.5625,78.90625,0.000697,0.068613,0.06931,1846.7818,183.3657,1764.0,1287.0684,1764.0
1145,custom,resnet34,11,3785,128,4,4,1.559124,55.46875,83.59375,0.000607,0.068687,0.069294,1847.2059,183.3657,1764.0,1287.0684,1764.0
1145,custom,resnet34,11,3786,128,4,4,1.830077,49.21875,79.6875,0.000136,0.068541,0.068678,1863.7805,183.3657,1764.0,1287.0684,1764.0
1145,custom,resnet34,11,3787,128,4,4,1.306601,61.71875,92.1875,0.000306,0.068927,0.069234,1848.813,183.3657,1764.0,1287.0684,1764.0
1145,custom,resnet34,11,3788,128,4,4,1.659992,53.90625,80.46875,0.0002,0.068682,0.068882,1858.2394,183.3657,1764.0,1287.0684,1764.0
1145,custom,resnet34,11,3789,128,4,4,1.73044,52.34375,85.15625,0.000873,0.068565,0.069437,1843.3952,183.3657,1764.0,1287.0684,1764.0
1145,custom,resnet34,11,3790,128,4,4,1.628747,55.46875,85.15625,0.00035,0.068712,0.069062,1853.4025,183.3657,1764.0,1287.0684,1764.0
1145,custom,resnet34,11,3791,128,4,4,1.368107,57.8125,91.40625,0.0003,0.068942,0.069243,1848.5723,183.3657,1764.0,1287.0684,1764.0
1145,custom,resnet34,11,3792,128,4,4,1.463129,60.15625,90.625,0.000308,0.068594,0.068902,1857.7006,183.3657,1764.0,1287.0684,1764.0
1145,custom,resnet34,11,3793,128,4,4,1.542567,57.03125,83.59375,0.000201,0.068521,0.068722,1862.5638,183.3657,1764.0,1287.0684,1764.0
1145,custom,resnet34,11,3794,128,4,4,1.586058,60.15625,82.8125,0.000128,0.068606,0.068734,1862.2516,183.3657,1764.0,1287.0684,1764.0
1145,custom,resnet34,11,3795,128,4,4,1.830586,53.125,77.34375,0.000656,0.068593,0.069249,1848.4121,183.3657,1764.0,1287.0684,1764.0
1145,custom,resnet34,11,3796,128,4,4,1.579575,56.25,85.15625,0.000187,0.06835,0.068537,1867.5942,183.3657,1764.0,1287.0684,1764.0
1145,custom,resnet34,11,3797,128,4,4,1.317348,68.75,87.5,0.000194,0.068536,0.068731,1862.3457,183.3657,1764.0,1287.0684,1764.0
1145,custom,resnet34,11,3798,128,4,4,1.409823,58.59375,87.5,0.000131,0.068636,0.068767,1861.3514,183.3657,1764.0,1287.0684,1764.0
1145,custom,resnet34,11,3799,128,4,4,1.46617,64.0625,85.9375,0.000529,0.068961,0.069489,1842.0055,183.3657,1764.0,1287.0684,1764.0
1145,custom,resnet34,11,3800,128,4,4,2.166832,43.75,74.21875,0.000199,0.068595,0.068793,1860.6451,183.3657,1764.0,1287.0684,1764.0
1145,custom,resnet34,11,3801,128,4,4,1.517217,57.03125,85.15625,0.000375,0.068553,0.068928,1857.0108,183.3657,1764.0,1287.0684,1764.0
1145,custom,resnet34,11,3802,128,4,4,1.630901,56.25,85.9375,0.000127,0.068694,0.068821,1859.9034,183.3657,1764.0,1287.0684,1764.0
1145,custom,resnet34,11,3803,128,4,4,1.386516,57.8125,86.71875,0.000286,0.068935,0.069221,1849.1598,183.3657,1764.0,1287.0684,1764.0
1145,custom,resnet34,11,3804,128,4,4,1.476859,55.46875,83.59375,0.000199,0.068706,0.068905,1857.6289,183.3657,1764.0,1287.0684,1764.0
1145,custom,resnet34,11,3805,128,4,4,1.780856,52.34375,83.59375,0.000569,0.068734,0.069303,1846.9577,183.3657,1764.0,1287.0684,1764.0
1145,custom,resnet34,11,3806,128,4,4,1.70592,47.65625,83.59375,0.000228,0.068794,0.069023,1854.4672,183.3657,1764.0,1287.0684,1764.0
1145,custom,resnet34,11,3807,128,4,4,1.582814,60.9375,85.9375,0.000506,0.069236,0.069742,1835.3334,183.3657,1764.0,1287.0684,1764.0
1145,custom,resnet34,11,3808,128,4,4,1.741758,51.5625,81.25,0.000215,0.06845,0.068665,1864.1299,183.3657,1764.0,1287.0684,1764.0
1145,custom,resnet34,11,3809,128,4,4,1.934153,48.4375,79.6875,0.000258,0.068577,0.068834,1859.5352,183.3657,1764.0,1287.0684,1764.0
1145,custom,resnet34,11,3810,128,4,4,1.743,48.4375,82.8125,0.000252,0.068837,0.069089,1852.6889,183.3657,1764.0,1287.0684,1764.0
1145,custom,resnet34,11,3811,128,4,4,1.63271,56.25,82.03125,0.000643,0.069139,0.069782,1834.283,183.3657,1764.0,1287.0684,1764.0
1145,custom,resnet34,11,3812,128,4,4,1.348246,64.84375,87.5,0.000113,0.068535,0.068648,1864.5763,183.3657,1764.0,1287.0684,1764.0
1145,custom,resnet34,11,3813,128,4,4,1.655504,48.4375,84.375,0.000693,0.068773,0.069466,1842.6397,183.3657,1764.0,1287.0684,1764.0
1145,custom,resnet34,11,3814,128,4,4,1.612793,55.46875,83.59375,0.000124,0.068626,0.06875,1861.8151,183.3657,1764.0,1287.0684,1764.0
1145,custom,resnet34,11,3815,128,4,4,1.601525,57.03125,89.0625,0.000145,0.068954,0.069099,1852.4216,183.3657,1764.0,1287.0684,1764.0
1145,custom,resnet34,11,3816,128,4,4,1.669175,57.03125,84.375,0.000138,0.068515,0.068653,1864.4429,183.3657,1764.0,1287.0684,1764.0
1145,custom,resnet34,11,3817,128,4,4,1.751888,53.125,78.90625,0.000113,0.06859,0.068703,1863.093,183.3657,1764.0,1287.0684,1764.0
1145,custom,resnet34,11,3818,128,4,4,1.713991,49.21875,83.59375,0.000151,0.068819,0.06897,1855.8784,183.3657,1764.0,1287.0684,1764.0
1145,custom,resnet34,11,3819,128,4,4,1.639706,51.5625,85.9375,0.000173,0.068889,0.069063,1853.3895,183.3657,1764.0,1287.0684,1764.0
1145,custom,resnet34,11,3820,128,4,4,1.887069,53.90625,79.6875,0.00019,0.068624,0.068813,1860.1064,183.3657,1764.0,1287.0684,1764.0
1145,custom,resnet34,11,3821,128,4,4,1.721806,53.125,83.59375,0.000317,0.068553,0.06887,1858.5836,183.3657,1764.0,1287.0684,1764.0
1145,custom,resnet34,11,3822,128,4,4,1.774702,54.6875,78.125,0.000186,0.068569,0.068755,1861.6804,183.3657,1764.0,1287.0684,1764.0
1145,custom,resnet34,11,3823,128,4,4,1.555244,57.8125,82.8125,0.000381,0.068957,0.069338,1846.0333,183.3657,1764.0,1287.0684,1764.0
1145,custom,resnet34,11,3824,128,4,4,1.638794,53.125,81.25,0.000192,0.068678,0.068869,1858.59,183.3657,1764.0,1287.0684,1764.0
1145,custom,resnet34,11,3825,128,4,4,2.034831,42.1875,81.25,0.000573,0.068779,0.069352,1845.6527,183.3657,1764.0,1287.0684,1764.0
1145,custom,resnet34,11,3826,128,4,4,1.633316,53.90625,82.03125,0.000128,0.068784,0.068912,1857.4434,183.3657,1764.0,1287.0684,1764.0
1145,custom,resnet34,11,3827,128,4,4,1.46807,60.9375,88.28125,0.000398,0.069362,0.06976,1834.8573,183.3657,1764.0,1287.0684,1764.0
1145,custom,resnet34,11,3828,128,4,4,1.615351,53.125,83.59375,0.000355,0.068886,0.069241,1848.624,183.3657,1764.0,1287.0684,1764.0
1145,custom,resnet34,11,3829,128,4,4,1.638111,53.125,82.03125,0.000342,0.06869,0.069033,1854.195,183.3657,1764.0,1287.0684,1764.0
1145,custom,resnet34,11,3830,128,4,4,1.596958,56.25,85.9375,0.000373,0.068746,0.069119,1851.8829,183.3657,1764.0,1287.0684,1764.0
1145,custom,resnet34,11,3831,128,4,4,1.586307,56.25,82.03125,0.000367,0.069057,0.069423,1843.7598,183.3657,1764.0,1287.0684,1764.0
1145,custom,resnet34,11,3832,128,4,4,1.395763,57.8125,87.5,0.000194,0.068537,0.068731,1862.3267,183.3657,1764.0,1287.0684,1764.0
1145,custom,resnet34,11,3833,128,4,4,1.705032,57.03125,84.375,0.000206,0.06858,0.068786,1860.8493,183.3657,1764.0,1287.0684,1764.0
1145,custom,resnet34,11,3834,128,4,4,1.622479,59.375,81.25,0.000133,0.068541,0.068674,1863.8765,183.3657,1764.0,1287.0684,1764.0
1145,custom,resnet34,11,3835,128,4,4,1.79843,44.53125,82.03125,0.0004,0.069256,0.069655,1837.6186,183.3657,1764.0,1287.0684,1764.0
1145,custom,resnet34,11,3836,128,4,4,1.729147,49.21875,84.375,0.000195,0.068537,0.068732,1862.3062,183.3657,1764.0,1287.0684,1764.0
1145,custom,resnet34,11,3837,128,4,4,1.755866,56.25,82.03125,0.000416,0.068672,0.069089,1852.6961,183.3657,1764.0,1287.0684,1764.0
1145,custom,resnet34,11,3838,128,4,4,1.742894,56.25,78.90625,0.000144,0.068673,0.068817,1860.0058,183.3657,1764.0,1287.0684,1764.0
1145,custom,resnet34,11,3839,128,4,4,1.471695,56.25,89.0625,0.000189,0.068963,0.069152,1850.9882,183.3657,1764.0,1287.0684,1764.0
1145,custom,resnet34,11,3840,128,4,4,1.393745,61.71875,89.0625,0.00021,0.068589,0.068799,1860.4895,183.3657,1764.0,1287.0684,1764.0
1145,custom,resnet34,11,3841,128,4,4,1.784187,47.65625,89.0625,0.000409,0.068634,0.069043,1853.9121,183.3657,1764.0,1287.0684,1764.0
1145,custom,resnet34,11,3842,128,4,4,1.429408,63.28125,89.0625,0.000133,0.068564,0.068697,1863.2425,183.3657,1764.0,1287.0684,1764.0
1145,custom,resnet34,11,3843,128,4,4,1.517512,57.03125,81.25,0.000131,0.068961,0.069092,1852.5967,183.3657,1764.0,1287.0684,1764.0
1145,custom,resnet34,11,3844,128,4,4,1.708135,50.0,86.71875,0.00019,0.06883,0.069019,1854.5546,183.3657,1764.0,1287.0684,1764.0
1145,custom,resnet34,11,3845,128,4,4,1.601778,61.71875,82.8125,0.000292,0.068598,0.068889,1858.0528,183.3657,1764.0,1287.0684,1764.0
1145,custom,resnet34,11,3846,128,4,4,1.784078,51.5625,78.90625,0.000113,0.068721,0.068834,1859.5553,183.3657,1764.0,1287.0684,1764.0
1145,custom,resnet34,11,3847,128,4,4,1.53447,54.6875,85.15625,0.000532,0.06886,0.069392,1844.5895,183.3657,1764.0,1287.0684,1764.0
1145,custom,resnet34,11,3848,128,4,4,1.573037,54.6875,84.375,0.00021,0.068462,0.068673,1863.9151,183.3657,1764.0,1287.0684,1764.0
1145,custom,resnet34,11,3849,128,4,4,1.520143,56.25,83.59375,0.00044,0.068621,0.06906,1853.4487,183.3657,1764.0,1287.0684,1764.0
1145,custom,resnet34,11,3850,128,4,4,1.630251,58.59375,79.6875,0.000129,0.068793,0.068921,1857.1927,183.3657,1764.0,1287.0684,1764.0
1145,custom,resnet34,11,3851,128,4,4,1.54441,54.6875,82.03125,0.000373,0.069068,0.069441,1843.2925,183.3657,1764.0,1287.0684,1764.0
1145,custom,resnet34,11,3852,128,4,4,1.687534,53.90625,85.15625,0.000206,0.068509,0.068715,1862.771,183.3657,1764.0,1287.0684,1764.0
1145,custom,resnet34,11,3853,128,4,4,1.440885,56.25,89.0625,0.000347,0.068504,0.068851,1859.0957,183.3657,1764.0,1287.0684,1764.0
1145,custom,resnet34,11,3854,128,4,4,1.406308,61.71875,88.28125,0.000131,0.068724,0.068855,1858.9806,183.3657,1764.0,1287.0684,1764.0
1145,custom,resnet34,11,3855,128,4,4,1.758551,46.875,81.25,0.000607,0.068811,0.069418,1843.8938,183.3657,1764.0,1287.0684,1764.0
1145,custom,resnet34,11,3856,128,4,4,1.687811,58.59375,82.03125,0.000199,0.068513,0.068712,1862.8534,183.3657,1764.0,1287.0684,1764.0
1145,custom,resnet34,11,3857,128,4,4,1.563333,55.46875,83.59375,0.000787,0.068559,0.069347,1845.7994,183.3657,1764.0,1287.0684,1764.0
1145,custom,resnet34,11,3858,128,4,4,1.862037,53.125,79.6875,0.000164,0.068588,0.068752,1861.7733,183.3657,1764.0,1287.0684,1764.0
1145,custom,resnet34,11,3859,128,4,4,1.920268,46.09375,79.6875,0.00039,0.069231,0.069621,1838.5179,183.3657,1764.0,1287.0684,1764.0
1145,custom,resnet34,11,3860,128,4,4,1.59731,50.0,87.5,0.000189,0.068675,0.068864,1858.7424,183.3657,1764.0,1287.0684,1764.0
1145,custom,resnet34,11,3861,128,4,4,1.498364,60.9375,85.9375,0.000645,0.068873,0.069518,1841.2573,183.3657,1764.0,1287.0684,1764.0
1145,custom,resnet34,11,3862,128,4,4,1.619304,53.125,85.15625,0.000365,0.068985,0.06935,1845.7138,183.3657,1764.0,1287.0684,1764.0
1145,custom,resnet34,11,3863,128,4,4,1.452209,60.15625,85.15625,0.000448,0.068981,0.069429,1843.5999,183.3657,1764.0,1287.0684,1764.0
1145,custom,resnet34,11,3864,128,4,4,1.845317,47.65625,83.59375,0.003127,0.068597,0.071724,1784.6213,183.3657,1764.0,1287.0684,1764.0
1145,custom,resnet34,11,3865,128,4,4,1.711369,48.4375,82.8125,0.000102,0.06874,0.068842,1859.3328,183.3657,1764.0,1287.0684,1764.0
1145,custom,resnet34,11,3866,128,4,4,1.740285,53.125,85.15625,0.000154,0.06859,0.068744,1861.9803,183.3657,1764.0,1287.0684,1764.0
1145,custom,resnet34,11,3867,128,4,4,1.684932,58.59375,83.59375,0.000212,0.068946,0.069157,1850.85,183.3657,1764.0,1287.0684,1764.0
1145,custom,resnet34,11,3868,128,4,4,1.540974,58.59375,85.15625,0.000204,0.068742,0.068947,1856.5094,183.3657,1764.0,1287.0684,1764.0
1145,custom,resnet34,11,3869,128,4,4,1.735453,49.21875,80.46875,0.000194,0.068744,0.068937,1856.756,183.3657,1764.0,1287.0684,1764.0
1145,custom,resnet34,11,3870,128,4,4,1.577523,61.71875,85.15625,0.000506,0.068557,0.069063,1853.3809,183.3657,1764.0,1287.0684,1764.0
1145,custom,resnet34,11,3871,128,4,4,1.539655,58.59375,88.28125,0.000217,0.069023,0.06924,1848.6423,183.3657,1764.0,1287.0684,1764.0
1145,custom,resnet34,11,3872,128,4,4,1.646311,55.555556,86.111111,0.000243,0.03863,0.038874,1852.1526,182.1885,1764.0,1287.0684,1764.0
1145,custom,resnet34,12,3873,128,4,4,1.479129,50.78125,88.28125,0.090838,0.069888,0.160725,796.3903,183.3657,1764.0,1287.0684,1764.0
1145,custom,resnet34,12,3874,128,4,4,1.465611,55.46875,84.375,0.000788,0.068302,0.06909,1852.6641,183.3657,1764.0,1287.0684,1764.0
1145,custom,resnet34,12,3875,128,4,4,1.407836,59.375,86.71875,0.000398,0.068833,0.069231,1848.8847,183.3657,1764.0,1287.0684,1764.0
1145,custom,resnet34,12,3876,128,4,4,1.327858,61.71875,88.28125,0.000285,0.070512,0.070798,1807.9697,183.3657,1764.0,1287.0684,1764.0
1145,custom,resnet34,12,3877,128,4,4,1.447394,56.25,85.9375,0.000132,0.068628,0.06876,1861.5524,183.3657,1764.0,1287.0684,1764.0
1145,custom,resnet34,12,3878,128,4,4,1.541875,56.25,81.25,0.000139,0.069603,0.069742,1835.3339,183.3657,1764.0,1287.0684,1764.0
1145,custom,resnet34,12,3879,128,4,4,1.217363,64.84375,91.40625,0.000902,0.068443,0.069345,1845.8319,183.3657,1764.0,1287.0684,1764.0
1145,custom,resnet34,12,3880,128,4,4,1.355481,63.28125,88.28125,0.000197,0.069014,0.069211,1849.41,183.3657,1764.0,1287.0684,1764.0
1145,custom,resnet34,12,3881,128,4,4,1.54724,54.6875,87.5,0.000129,0.068518,0.068647,1864.6027,183.3657,1764.0,1287.0684,1764.0
1145,custom,resnet34,12,3882,128,4,4,1.378546,63.28125,89.84375,0.000114,0.068564,0.068678,1863.7614,183.3657,1764.0,1287.0684,1764.0
1145,custom,resnet34,12,3883,128,4,4,1.330642,63.28125,89.84375,0.000147,0.068621,0.068768,1861.3294,183.3657,1764.0,1287.0684,1764.0
1145,custom,resnet34,12,3884,128,4,4,1.35229,64.84375,87.5,0.000201,0.068888,0.069089,1852.6791,183.3657,1764.0,1287.0684,1764.0
1145,custom,resnet34,12,3885,128,4,4,1.466635,56.25,89.84375,0.000315,0.068643,0.068957,1856.22,183.3657,1764.0,1287.0684,1764.0
1145,custom,resnet34,12,3886,128,4,4,1.596635,53.90625,85.9375,0.000747,0.068681,0.069428,1843.6272,183.3657,1764.0,1287.0684,1764.0
1145,custom,resnet34,12,3887,128,4,4,1.510143,58.59375,85.15625,0.000221,0.068569,0.06879,1860.7429,183.3657,1764.0,1287.0684,1764.0
1145,custom,resnet34,12,3888,128,4,4,1.712391,54.6875,80.46875,0.000693,0.068854,0.069547,1840.4857,183.3657,1764.0,1287.0684,1764.0
1145,custom,resnet34,12,3889,128,4,4,1.349821,61.71875,85.15625,0.00021,0.068536,0.068746,1861.9284,183.3657,1764.0,1287.0684,1764.0
1145,custom,resnet34,12,3890,128,4,4,1.626767,53.90625,83.59375,0.000129,0.06863,0.068759,1861.5827,183.3657,1764.0,1287.0684,1764.0
1145,custom,resnet34,12,3891,128,4,4,1.352485,61.71875,89.84375,0.000672,0.068733,0.069406,1844.2245,183.3657,1764.0,1287.0684,1764.0
1145,custom,resnet34,12,3892,128,4,4,1.288495,67.96875,89.0625,0.000384,0.069052,0.069436,1843.4195,183.3657,1764.0,1287.0684,1764.0
1145,custom,resnet34,12,3893,128,4,4,1.286896,64.0625,88.28125,0.000282,0.068586,0.068869,1858.6145,183.3657,1764.0,1287.0684,1764.0
1145,custom,resnet34,12,3894,128,4,4,1.441722,64.0625,82.8125,0.000372,0.068591,0.068963,1856.067,183.3657,1764.0,1287.0684,1764.0
1145,custom,resnet34,12,3895,128,4,4,1.413696,58.59375,88.28125,0.000421,0.068821,0.069242,1848.5956,183.3657,1764.0,1287.0684,1764.0
1145,custom,resnet34,12,3896,128,4,4,1.291062,66.40625,90.625,0.000194,0.068796,0.06899,1855.3339,183.3657,1764.0,1287.0684,1764.0
1145,custom,resnet34,12,3897,128,4,4,1.315029,64.0625,88.28125,0.000292,0.06849,0.068781,1860.9723,183.3657,1764.0,1287.0684,1764.0
1145,custom,resnet34,12,3898,128,4,4,1.482642,60.15625,85.15625,0.00038,0.069868,0.070248,1822.1109,183.3657,1764.0,1287.0684,1764.0
1145,custom,resnet34,12,3899,128,4,4,1.374843,60.15625,87.5,0.000644,0.068592,0.069236,1848.7452,183.3657,1764.0,1287.0684,1764.0
1145,custom,resnet34,12,3900,128,4,4,1.208909,65.625,92.1875,0.000332,0.070139,0.07047,1816.3643,183.3657,1764.0,1287.0684,1764.0
1145,custom,resnet34,12,3901,128,4,4,1.331383,60.15625,92.1875,0.000251,0.068493,0.068745,1861.9668,183.3657,1764.0,1287.0684,1764.0
1145,custom,resnet34,12,3902,128,4,4,1.410307,63.28125,82.8125,0.000661,0.068529,0.06919,1849.9698,183.3657,1764.0,1287.0684,1764.0
1145,custom,resnet34,12,3903,128,4,4,1.337604,62.5,90.625,0.000119,0.068603,0.068722,1862.5657,183.3657,1764.0,1287.0684,1764.0
1145,custom,resnet34,12,3904,128,4,4,1.316034,57.8125,86.71875,0.000135,0.06874,0.068875,1858.4455,183.3657,1764.0,1287.0684,1764.0
1145,custom,resnet34,12,3905,128,4,4,1.589754,53.90625,88.28125,0.000538,0.068559,0.069097,1852.4716,183.3657,1764.0,1287.0684,1764.0
1145,custom,resnet34,12,3906,128,4,4,1.604179,55.46875,87.5,0.000969,0.068349,0.069317,1846.5843,183.3657,1764.0,1287.0684,1764.0
1145,custom,resnet34,12,3907,128,4,4,1.362012,58.59375,88.28125,0.000455,0.068726,0.069181,1850.2105,183.3657,1764.0,1287.0684,1764.0
1145,custom,resnet34,12,3908,128,4,4,1.680724,53.125,86.71875,0.001548,0.069967,0.071515,1789.8288,183.3657,1764.0,1287.0684,1764.0
1145,custom,resnet34,12,3909,128,4,4,1.262246,62.5,92.1875,0.000447,0.069079,0.069526,1841.0413,183.3657,1764.0,1287.0684,1764.0
1145,custom,resnet34,12,3910,128,4,4,1.565678,53.90625,89.0625,0.000523,0.069003,0.069526,1841.0445,183.3657,1764.0,1287.0684,1764.0
1145,custom,resnet34,12,3911,128,4,4,1.69317,52.34375,82.8125,0.000443,0.068483,0.068927,1857.0462,183.3657,1764.0,1287.0684,1764.0
1145,custom,resnet34,12,3912,128,4,4,1.768611,53.90625,78.90625,0.000613,0.068917,0.06953,1840.9372,183.3657,1764.0,1287.0684,1764.0
1145,custom,resnet34,12,3913,128,4,4,1.312333,59.375,89.0625,0.000422,0.068724,0.069146,1851.168,183.3657,1764.0,1287.0684,1764.0
1145,custom,resnet34,12,3914,128,4,4,1.446036,58.59375,85.9375,0.000423,0.068602,0.069025,1854.4066,183.3657,1764.0,1287.0684,1764.0
1145,custom,resnet34,12,3915,128,4,4,1.354301,63.28125,85.15625,0.000446,0.068739,0.069185,1850.1234,183.3657,1764.0,1287.0684,1764.0
1145,custom,resnet34,12,3916,128,4,4,1.627089,54.6875,80.46875,0.000371,0.069069,0.06944,1843.3299,183.3657,1764.0,1287.0684,1764.0
1145,custom,resnet34,12,3917,128,4,4,1.315694,58.59375,90.625,0.001042,0.069211,0.070253,1821.9852,183.3657,1764.0,1287.0684,1764.0
1145,custom,resnet34,12,3918,128,4,4,1.571029,49.21875,85.15625,0.000275,0.068509,0.068784,1860.902,183.3657,1764.0,1287.0684,1764.0
1145,custom,resnet34,12,3919,128,4,4,1.395568,66.40625,87.5,0.000274,0.068713,0.068988,1855.4079,183.3657,1764.0,1287.0684,1764.0
1145,custom,resnet34,12,3920,128,4,4,1.146799,65.625,90.625,0.00058,0.068902,0.069482,1842.1954,183.3657,1764.0,1287.0684,1764.0
1145,custom,resnet34,12,3921,128,4,4,1.316947,66.40625,89.0625,0.000273,0.068489,0.068762,1861.491,183.3657,1764.0,1287.0684,1764.0
1145,custom,resnet34,12,3922,128,4,4,1.402409,57.8125,89.84375,0.000678,0.06857,0.069248,1848.4382,183.3657,1764.0,1287.0684,1764.0
1145,custom,resnet34,12,3923,128,4,4,1.535879,53.90625,85.9375,0.000122,0.068696,0.068818,1859.975,183.3657,1764.0,1287.0684,1764.0
1145,custom,resnet34,12,3924,128,4,4,1.577843,57.8125,86.71875,0.00141,0.069263,0.070673,1811.1477,183.3657,1764.0,1287.0684,1764.0
1145,custom,resnet34,12,3925,128,4,4,1.436277,60.9375,85.9375,0.000311,0.068906,0.069218,1849.2401,183.3657,1764.0,1287.0684,1764.0
1145,custom,resnet34,12,3926,128,4,4,1.284406,64.0625,89.84375,0.000674,0.068843,0.069517,1841.2872,183.3657,1764.0,1287.0684,1764.0
1145,custom,resnet34,12,3927,128,4,4,1.179152,65.625,92.96875,0.000125,0.068605,0.06873,1862.3595,183.3657,1764.0,1287.0684,1764.0
1145,custom,resnet34,12,3928,128,4,4,1.346115,62.5,87.5,0.000621,0.06892,0.069541,1840.6396,183.3657,1764.0,1287.0684,1764.0
1145,custom,resnet34,12,3929,128,4,4,1.629165,54.6875,82.03125,0.000212,0.068567,0.068779,1861.0336,183.3657,1764.0,1287.0684,1764.0
1145,custom,resnet34,12,3930,128,4,4,1.473235,57.8125,88.28125,0.000284,0.068449,0.068733,1862.2897,183.3657,1764.0,1287.0684,1764.0
1145,custom,resnet34,12,3931,128,4,4,1.417484,66.40625,87.5,0.000149,0.068724,0.068872,1858.5093,183.3657,1764.0,1287.0684,1764.0
1145,custom,resnet34,12,3932,128,4,4,1.410665,62.5,87.5,0.000301,0.068945,0.069245,1848.5009,183.3657,1764.0,1287.0684,1764.0
1145,custom,resnet34,12,3933,128,4,4,1.532784,59.375,87.5,0.000208,0.06859,0.068797,1860.5365,183.3657,1764.0,1287.0684,1764.0
1145,custom,resnet34,12,3934,128,4,4,1.270386,61.71875,88.28125,0.0007,0.068627,0.069326,1846.3365,183.3657,1764.0,1287.0684,1764.0
1145,custom,resnet34,12,3935,128,4,4,1.087904,69.53125,92.96875,0.000425,0.068751,0.069176,1850.3591,183.3657,1764.0,1287.0684,1764.0
1145,custom,resnet34,12,3936,128,4,4,1.195928,67.1875,90.625,0.000208,0.069009,0.069217,1849.2695,183.3657,1764.0,1287.0684,1764.0
1145,custom,resnet34,12,3937,128,4,4,1.509783,61.71875,85.9375,0.000306,0.068946,0.069252,1848.3163,183.3657,1764.0,1287.0684,1764.0
1145,custom,resnet34,12,3938,128,4,4,1.196697,65.625,92.96875,0.000129,0.068838,0.068967,1855.9528,183.3657,1764.0,1287.0684,1764.0
1145,custom,resnet34,12,3939,128,4,4,1.489964,61.71875,84.375,0.000364,0.068522,0.068886,1858.1403,183.3657,1764.0,1287.0684,1764.0
1145,custom,resnet34,12,3940,128,4,4,1.271423,63.28125,86.71875,0.000185,0.069043,0.069228,1848.9574,183.3657,1764.0,1287.0684,1764.0
1145,custom,resnet34,12,3941,128,4,4,1.416953,63.28125,85.15625,0.000616,0.068694,0.06931,1846.7774,183.3657,1764.0,1287.0684,1764.0
1145,custom,resnet34,12,3942,128,4,4,1.633922,50.78125,82.03125,0.000133,0.068633,0.068766,1861.3789,183.3657,1764.0,1287.0684,1764.0
1145,custom,resnet34,12,3943,128,4,4,1.361281,63.28125,86.71875,0.000363,0.068561,0.068924,1857.1169,183.3657,1764.0,1287.0684,1764.0
1145,custom,resnet34,12,3944,128,4,4,1.471495,57.03125,86.71875,0.000708,0.06905,0.069757,1834.9343,183.3657,1764.0,1287.0684,1764.0
1145,custom,resnet34,12,3945,128,4,4,1.66944,56.25,82.03125,0.000527,0.068732,0.069259,1848.1388,183.3657,1764.0,1287.0684,1764.0
1145,custom,resnet34,12,3946,128,4,4,1.432626,58.59375,84.375,0.000203,0.068938,0.069141,1851.2791,183.3657,1764.0,1287.0684,1764.0
1145,custom,resnet34,12,3947,128,4,4,1.298763,61.71875,90.625,0.000423,0.068604,0.069027,1854.3534,183.3657,1764.0,1287.0684,1764.0
1145,custom,resnet34,12,3948,128,4,4,1.58342,52.34375,85.9375,0.000195,0.068873,0.069068,1853.2533,183.3657,1764.0,1287.0684,1764.0
1145,custom,resnet34,12,3949,128,4,4,1.502233,55.46875,85.15625,0.000307,0.068528,0.068835,1859.5185,183.3657,1764.0,1287.0684,1764.0
1145,custom,resnet34,12,3950,128,4,4,1.384577,64.0625,85.15625,0.000137,0.068635,0.068772,1861.2254,183.3657,1764.0,1287.0684,1764.0
1145,custom,resnet34,12,3951,128,4,4,1.419019,60.15625,83.59375,0.000199,0.068637,0.068836,1859.4929,183.3657,1764.0,1287.0684,1764.0
1145,custom,resnet34,12,3952,128,4,4,1.259945,62.5,89.0625,0.000192,0.068966,0.069158,1850.8298,183.3657,1764.0,1287.0684,1764.0
1145,custom,resnet34,12,3953,128,4,4,1.434478,53.125,89.0625,0.001081,0.069144,0.070225,1822.7055,183.3657,1764.0,1287.0684,1764.0
1145,custom,resnet34,12,3954,128,4,4,1.517224,57.03125,86.71875,0.000423,0.068482,0.068906,1857.6123,183.3657,1764.0,1287.0684,1764.0
1145,custom,resnet34,12,3955,128,4,4,1.269538,60.15625,93.75,0.000338,0.068561,0.068898,1857.8155,183.3657,1764.0,1287.0684,1764.0
1145,custom,resnet34,12,3956,128,4,4,1.378667,63.28125,89.0625,0.000198,0.068957,0.069155,1850.9091,183.3657,1764.0,1287.0684,1764.0
1145,custom,resnet34,12,3957,128,4,4,1.589245,57.8125,87.5,0.000403,0.068594,0.068997,1855.1472,183.3657,1764.0,1287.0684,1764.0
1145,custom,resnet34,12,3958,128,4,4,1.184942,66.40625,89.84375,0.001086,0.068386,0.069472,1842.475,183.3657,1764.0,1287.0684,1764.0
1145,custom,resnet34,12,3959,128,4,4,1.487712,57.03125,87.5,0.000666,0.068528,0.069193,1849.8854,183.3657,1764.0,1287.0684,1764.0
1145,custom,resnet34,12,3960,128,4,4,1.191112,68.75,90.625,0.000193,0.068896,0.069088,1852.7037,183.3657,1764.0,1287.0684,1764.0
1145,custom,resnet34,12,3961,128,4,4,1.368201,67.1875,89.0625,0.000613,0.06858,0.069192,1849.9165,183.3657,1764.0,1287.0684,1764.0
1145,custom,resnet34,12,3962,128,4,4,1.450602,57.03125,85.15625,0.001774,0.069575,0.071349,1794.0072,183.3657,1764.0,1287.0684,1764.0
1145,custom,resnet34,12,3963,128,4,4,1.546582,53.90625,87.5,0.000458,0.068747,0.069205,1849.5782,183.3657,1764.0,1287.0684,1764.0
1145,custom,resnet34,12,3964,128,4,4,1.470484,50.78125,90.625,0.000225,0.068935,0.069159,1850.7995,183.3657,1764.0,1287.0684,1764.0
1145,custom,resnet34,12,3965,128,4,4,1.295573,64.0625,86.71875,0.000316,0.06877,0.069085,1852.7807,183.3657,1764.0,1287.0684,1764.0
1145,custom,resnet34,12,3966,128,4,4,1.563807,57.03125,83.59375,0.000138,0.068653,0.068791,1860.7175,183.3657,1764.0,1287.0684,1764.0
1145,custom,resnet34,12,3967,128,4,4,1.395077,63.28125,85.9375,0.000591,0.068618,0.069209,1849.4812,183.3657,1764.0,1287.0684,1764.0
1145,custom,resnet34,12,3968,128,4,4,1.284366,64.0625,90.625,0.00019,0.068662,0.068852,1859.0621,183.3657,1764.0,1287.0684,1764.0
1145,custom,resnet34,12,3969,128,4,4,1.425912,54.6875,91.40625,0.000309,0.068475,0.068784,1860.8909,183.3657,1764.0,1287.0684,1764.0
1145,custom,resnet34,12,3970,128,4,4,1.541497,60.9375,86.71875,0.000142,0.068475,0.068617,1865.4307,183.3657,1764.0,1287.0684,1764.0
1145,custom,resnet34,12,3971,128,4,4,1.329217,57.8125,89.0625,0.000513,0.068627,0.06914,1851.3148,183.3657,1764.0,1287.0684,1764.0
1145,custom,resnet34,12,3972,128,4,4,1.536102,57.03125,84.375,0.000188,0.06896,0.069148,1851.0931,183.3657,1764.0,1287.0684,1764.0
1145,custom,resnet34,12,3973,128,4,4,1.604767,53.125,85.9375,0.000616,0.068844,0.06946,1842.7856,183.3657,1764.0,1287.0684,1764.0
1145,custom,resnet34,12,3974,128,4,4,1.349531,60.9375,88.28125,0.000147,0.068508,0.068655,1864.3941,183.3657,1764.0,1287.0684,1764.0
1145,custom,resnet34,12,3975,128,4,4,1.431538,58.59375,89.84375,0.000615,0.068737,0.069352,1845.6487,183.3657,1764.0,1287.0684,1764.0
1145,custom,resnet34,12,3976,128,4,4,1.44512,53.90625,84.375,0.000552,0.069,0.069552,1840.3581,183.3657,1764.0,1287.0684,1764.0
1145,custom,resnet34,12,3977,128,4,4,1.348012,63.28125,85.15625,0.000341,0.068682,0.069024,1854.4337,183.3657,1764.0,1287.0684,1764.0
1145,custom,resnet34,12,3978,128,4,4,1.574193,53.125,86.71875,0.000137,0.068693,0.06883,1859.6428,183.3657,1764.0,1287.0684,1764.0
1145,custom,resnet34,12,3979,128,4,4,1.31095,61.71875,86.71875,0.000628,0.068539,0.069167,1850.5814,183.3657,1764.0,1287.0684,1764.0
1145,custom,resnet34,12,3980,128,4,4,1.359765,63.28125,91.40625,0.000187,0.068976,0.069164,1850.6862,183.3657,1764.0,1287.0684,1764.0
1145,custom,resnet34,12,3981,128,4,4,1.417951,55.46875,88.28125,0.000194,0.068642,0.068836,1859.4849,183.3657,1764.0,1287.0684,1764.0
1145,custom,resnet34,12,3982,128,4,4,1.189945,63.28125,92.1875,0.000132,0.068586,0.068719,1862.6713,183.3657,1764.0,1287.0684,1764.0
1145,custom,resnet34,12,3983,128,4,4,1.277385,66.40625,89.0625,0.000569,0.068609,0.069178,1850.2925,183.3657,1764.0,1287.0684,1764.0
1145,custom,resnet34,12,3984,128,4,4,1.057618,72.65625,90.625,0.000212,0.068965,0.069178,1850.3108,183.3657,1764.0,1287.0684,1764.0
1145,custom,resnet34,12,3985,128,4,4,1.553409,53.125,82.8125,0.000472,0.068759,0.069231,1848.8783,183.3657,1764.0,1287.0684,1764.0
1145,custom,resnet34,12,3986,128,4,4,1.292484,60.15625,89.0625,0.000128,0.068463,0.068591,1866.1469,183.3657,1764.0,1287.0684,1764.0
1145,custom,resnet34,12,3987,128,4,4,1.565014,57.8125,85.15625,0.00043,0.068583,0.069013,1854.7317,183.3657,1764.0,1287.0684,1764.0
1145,custom,resnet34,12,3988,128,4,4,1.513774,55.46875,85.15625,0.0002,0.068868,0.069068,1853.2388,183.3657,1764.0,1287.0684,1764.0
1145,custom,resnet34,12,3989,128,4,4,1.268947,66.40625,88.28125,0.000141,0.068671,0.068812,1860.1425,183.3657,1764.0,1287.0684,1764.0
1145,custom,resnet34,12,3990,128,4,4,1.609729,52.34375,88.28125,0.000688,0.068651,0.069338,1846.0184,183.3657,1764.0,1287.0684,1764.0
1145,custom,resnet34,12,3991,128,4,4,1.600321,55.46875,82.8125,0.000203,0.068454,0.068658,1864.3231,183.3657,1764.0,1287.0684,1764.0
1145,custom,resnet34,12,3992,128,4,4,1.580034,58.59375,86.71875,0.000187,0.068944,0.069131,1851.5689,183.3657,1764.0,1287.0684,1764.0
1145,custom,resnet34,12,3993,128,4,4,1.579704,52.34375,86.71875,0.000417,0.068757,0.069174,1850.4055,183.3657,1764.0,1287.0684,1764.0
1145,custom,resnet34,12,3994,128,4,4,1.634069,50.78125,82.8125,0.00013,0.068579,0.06871,1862.906,183.3657,1764.0,1287.0684,1764.0
1145,custom,resnet34,12,3995,128,4,4,1.472803,59.375,84.375,0.000354,0.068663,0.069017,1854.6089,183.3657,1764.0,1287.0684,1764.0
1145,custom,resnet34,12,3996,128,4,4,1.470278,61.71875,87.5,0.000918,0.068719,0.069637,1838.0967,183.3657,1764.0,1287.0684,1764.0
1145,custom,resnet34,12,3997,128,4,4,1.594317,57.03125,85.15625,0.000367,0.068682,0.069049,1853.7574,183.3657,1764.0,1287.0684,1764.0
1145,custom,resnet34,12,3998,128,4,4,1.709252,53.125,82.8125,0.000137,0.068722,0.068859,1858.8604,183.3657,1764.0,1287.0684,1764.0
1145,custom,resnet34,12,3999,128,4,4,1.536988,60.15625,89.0625,0.000125,0.068504,0.068629,1865.1104,183.3657,1764.0,1287.0684,1764.0
1145,custom,resnet34,12,4000,128,4,4,1.459017,64.84375,85.9375,0.000207,0.068976,0.069183,1850.1714,183.3657,1764.0,1287.0684,1764.0
1145,custom,resnet34,12,4001,128,4,4,1.4695,60.15625,85.15625,0.000317,0.068494,0.068811,1860.1635,183.3657,1764.0,1287.0684,1764.0
1145,custom,resnet34,12,4002,128,4,4,1.39862,58.59375,89.84375,0.000148,0.068698,0.068846,1859.2218,183.3657,1764.0,1287.0684,1764.0
1145,custom,resnet34,12,4003,128,4,4,1.236542,60.9375,90.625,0.000186,0.068732,0.068917,1857.2941,183.3657,1764.0,1287.0684,1764.0
1145,custom,resnet34,12,4004,128,4,4,1.384953,60.15625,87.5,0.000328,0.069501,0.069829,1833.0529,183.3657,1764.0,1287.0684,1764.0
1145,custom,resnet34,12,4005,128,4,4,1.339363,58.59375,90.625,0.000323,0.072851,0.073173,1749.2695,183.3657,1764.0,1287.0684,1764.0
1145,custom,resnet34,12,4006,128,4,4,1.571932,59.375,84.375,0.000386,0.068638,0.069024,1854.4283,183.3657,1764.0,1287.0684,1764.0
1145,custom,resnet34,12,4007,128,4,4,1.526879,53.125,86.71875,0.000471,0.068652,0.069122,1851.7853,183.3657,1764.0,1287.0684,1764.0
1145,custom,resnet34,12,4008,128,4,4,1.478927,57.03125,89.0625,0.000318,0.071708,0.072026,1777.1357,183.3657,1764.0,1287.0684,1764.0
1145,custom,resnet34,12,4009,128,4,4,1.836114,48.4375,82.03125,0.000572,0.068683,0.069256,1848.2265,183.3657,1764.0,1287.0684,1764.0
1145,custom,resnet34,12,4010,128,4,4,1.577563,56.25,85.9375,0.000122,0.068761,0.068883,1858.2162,183.3657,1764.0,1287.0684,1764.0
1145,custom,resnet34,12,4011,128,4,4,1.383337,57.8125,91.40625,0.000436,0.068938,0.069375,1845.0574,183.3657,1764.0,1287.0684,1764.0
1145,custom,resnet34,12,4012,128,4,4,1.573303,54.6875,82.8125,0.001009,0.069192,0.070201,1823.3234,183.3657,1764.0,1287.0684,1764.0
1145,custom,resnet34,12,4013,128,4,4,1.429767,57.03125,85.9375,0.000536,0.068896,0.069432,1843.539,183.3657,1764.0,1287.0684,1764.0
1145,custom,resnet34,12,4014,128,4,4,1.38487,56.25,88.28125,0.000365,0.068563,0.068928,1856.9991,183.3657,1764.0,1287.0684,1764.0
1145,custom,resnet34,12,4015,128,4,4,1.683728,52.34375,81.25,0.000114,0.068635,0.068748,1861.8615,183.3657,1764.0,1287.0684,1764.0
1145,custom,resnet34,12,4016,128,4,4,1.481558,57.03125,88.28125,0.000189,0.06882,0.069009,1854.8357,183.3657,1764.0,1287.0684,1764.0
1145,custom,resnet34,12,4017,128,4,4,1.445482,60.15625,85.9375,0.000417,0.068873,0.06929,1847.2973,183.3657,1764.0,1287.0684,1764.0
1145,custom,resnet34,12,4018,128,4,4,1.378932,61.71875,87.5,0.000352,0.069063,0.069415,1843.9788,183.3657,1764.0,1287.0684,1764.0
1145,custom,resnet34,12,4019,128,4,4,1.570356,56.25,82.8125,0.000678,0.068839,0.069518,1841.2628,183.3657,1764.0,1287.0684,1764.0
1145,custom,resnet34,12,4020,128,4,4,1.466343,60.9375,83.59375,0.000195,0.069169,0.069364,1845.3484,183.3657,1764.0,1287.0684,1764.0
1145,custom,resnet34,12,4021,128,4,4,1.286394,57.8125,92.1875,0.000126,0.068717,0.068843,1859.309,183.3657,1764.0,1287.0684,1764.0
1145,custom,resnet34,12,4022,128,4,4,1.312836,59.375,89.0625,0.000347,0.068847,0.069194,1849.8682,183.3657,1764.0,1287.0684,1764.0
1145,custom,resnet34,12,4023,128,4,4,1.406399,61.71875,87.5,0.000478,0.068534,0.069011,1854.7654,183.3657,1764.0,1287.0684,1764.0
1145,custom,resnet34,12,4024,128,4,4,1.427966,57.8125,83.59375,0.000201,0.06888,0.069081,1852.8892,183.3657,1764.0,1287.0684,1764.0
1145,custom,resnet34,12,4025,128,4,4,1.309634,63.28125,90.625,0.000879,0.068687,0.069566,1839.9838,183.3657,1764.0,1287.0684,1764.0
1145,custom,resnet34,12,4026,128,4,4,1.731021,53.125,85.15625,0.000125,0.068638,0.068763,1861.4704,183.3657,1764.0,1287.0684,1764.0
1145,custom,resnet34,12,4027,128,4,4,1.255886,62.5,89.84375,0.000306,0.068563,0.06887,1858.5831,183.3657,1764.0,1287.0684,1764.0
1145,custom,resnet34,12,4028,128,4,4,1.260157,66.40625,89.0625,0.000675,0.068943,0.069619,1838.5899,183.3657,1764.0,1287.0684,1764.0
1145,custom,resnet34,12,4029,128,4,4,1.583184,54.6875,85.9375,0.000302,0.074713,0.075014,1706.3441,183.3657,1764.0,1287.0684,1764.0
1145,custom,resnet34,12,4030,128,4,4,1.361399,63.28125,90.625,0.000388,0.068708,0.069096,1852.507,183.3657,1764.0,1287.0684,1764.0
1145,custom,resnet34,12,4031,128,4,4,1.594794,62.5,87.5,0.000323,0.069113,0.069435,1843.438,183.3657,1764.0,1287.0684,1764.0
1145,custom,resnet34,12,4032,128,4,4,1.448007,57.8125,87.5,0.000786,0.068968,0.069754,1835.0294,183.3657,1764.0,1287.0684,1764.0
1145,custom,resnet34,12,4033,128,4,4,1.493557,60.9375,85.15625,0.000563,0.068659,0.069222,1849.1355,183.3657,1764.0,1287.0684,1764.0
1145,custom,resnet34,12,4034,128,4,4,1.213342,65.625,87.5,0.000126,0.068958,0.069084,1852.8183,183.3657,1764.0,1287.0684,1764.0
1145,custom,resnet34,12,4035,128,4,4,1.673131,56.25,81.25,0.000203,0.068521,0.068724,1862.527,183.3657,1764.0,1287.0684,1764.0
1145,custom,resnet34,12,4036,128,4,4,1.526671,52.34375,85.15625,0.000192,0.068907,0.069099,1852.4016,183.3657,1764.0,1287.0684,1764.0
1145,custom,resnet34,12,4037,128,4,4,1.624465,58.59375,82.03125,0.000413,0.068603,0.069017,1854.6222,183.3657,1764.0,1287.0684,1764.0
1145,custom,resnet34,12,4038,128,4,4,1.566273,55.46875,85.15625,0.000126,0.068577,0.068703,1863.0802,183.3657,1764.0,1287.0684,1764.0
1145,custom,resnet34,12,4039,128,4,4,1.411251,50.78125,92.96875,0.000117,0.068654,0.068771,1861.2436,183.3657,1764.0,1287.0684,1764.0
1145,custom,resnet34,12,4040,128,4,4,1.443914,60.9375,90.625,0.000193,0.068847,0.06904,1853.9851,183.3657,1764.0,1287.0684,1764.0
1145,custom,resnet34,12,4041,128,4,4,1.595845,49.21875,84.375,0.000115,0.068747,0.068862,1858.7903,183.3657,1764.0,1287.0684,1764.0
1145,custom,resnet34,12,4042,128,4,4,1.698909,52.34375,84.375,0.000118,0.068464,0.068582,1866.3725,183.3657,1764.0,1287.0684,1764.0
1145,custom,resnet34,12,4043,128,4,4,1.433046,59.375,91.40625,0.000183,0.068673,0.068856,1858.9643,183.3657,1764.0,1287.0684,1764.0
1145,custom,resnet34,12,4044,128,4,4,1.492471,51.5625,90.625,0.000208,0.068784,0.068992,1855.288,183.3657,1764.0,1287.0684,1764.0
1145,custom,resnet34,12,4045,128,4,4,1.360467,59.375,86.71875,0.000613,0.068544,0.069158,1850.8472,183.3657,1764.0,1287.0684,1764.0
1145,custom,resnet34,12,4046,128,4,4,1.632641,53.90625,89.84375,0.00012,0.068508,0.068628,1865.1358,183.3657,1764.0,1287.0684,1764.0
1145,custom,resnet34,12,4047,128,4,4,1.453035,63.28125,84.375,0.00011,0.068641,0.068751,1861.8003,183.3657,1764.0,1287.0684,1764.0
1145,custom,resnet34,12,4048,128,4,4,1.495956,53.125,85.15625,0.0002,0.068834,0.069034,1854.1654,183.3657,1764.0,1287.0684,1764.0
1145,custom,resnet34,12,4049,128,4,4,1.121996,67.96875,92.1875,0.000313,0.068695,0.069008,1854.8498,183.3657,1764.0,1287.0684,1764.0
1145,custom,resnet34,12,4050,128,4,4,1.758361,56.25,84.375,0.00065,0.068618,0.069268,1847.9007,183.3657,1764.0,1287.0684,1764.0
1145,custom,resnet34,12,4051,128,4,4,1.218858,67.1875,91.40625,0.000124,0.068642,0.068766,1861.3898,183.3657,1764.0,1287.0684,1764.0
1145,custom,resnet34,12,4052,128,4,4,1.741291,59.375,82.8125,0.000191,0.068791,0.068982,1855.5494,183.3657,1764.0,1287.0684,1764.0
1145,custom,resnet34,12,4053,128,4,4,1.583053,55.46875,82.8125,0.000439,0.068782,0.069221,1849.162,183.3657,1764.0,1287.0684,1764.0
1145,custom,resnet34,12,4054,128,4,4,1.570966,53.125,84.375,0.00068,0.068675,0.069355,1845.5822,183.3657,1764.0,1287.0684,1764.0
1145,custom,resnet34,12,4055,128,4,4,1.17934,65.625,90.625,0.001358,0.069539,0.070897,1805.4269,183.3657,1764.0,1287.0684,1764.0
1145,custom,resnet34,12,4056,128,4,4,1.512477,59.375,83.59375,0.000435,0.068813,0.069248,1848.4268,183.3657,1764.0,1287.0684,1764.0
1145,custom,resnet34,12,4057,128,4,4,1.1422,64.0625,92.96875,0.000667,0.068791,0.069459,1842.8245,183.3657,1764.0,1287.0684,1764.0
1145,custom,resnet34,12,4058,128,4,4,1.533398,54.6875,83.59375,0.000121,0.068619,0.06874,1862.0855,183.3657,1764.0,1287.0684,1764.0
1145,custom,resnet34,12,4059,128,4,4,1.453205,56.25,89.0625,0.000479,0.068748,0.069226,1849.0052,183.3657,1764.0,1287.0684,1764.0
1145,custom,resnet34,12,4060,128,4,4,1.582526,54.6875,81.25,0.00019,0.069089,0.069279,1847.5939,183.3657,1764.0,1287.0684,1764.0
1145,custom,resnet34,12,4061,128,4,4,1.753263,55.46875,81.25,0.001027,0.068573,0.0696,1839.0678,183.3657,1764.0,1287.0684,1764.0
1145,custom,resnet34,12,4062,128,4,4,1.407781,60.9375,83.59375,0.000135,0.068487,0.068621,1865.3138,183.3657,1764.0,1287.0684,1764.0
1145,custom,resnet34,12,4063,128,4,4,1.395093,59.375,87.5,0.000437,0.068689,0.069126,1851.6912,183.3657,1764.0,1287.0684,1764.0
1145,custom,resnet34,12,4064,128,4,4,1.532845,54.6875,86.71875,0.000218,0.06896,0.069178,1850.2968,183.3657,1764.0,1287.0684,1764.0
1145,custom,resnet34,12,4065,128,4,4,1.438419,55.46875,89.0625,0.000305,0.068638,0.068942,1856.6199,183.3657,1764.0,1287.0684,1764.0
1145,custom,resnet34,12,4066,128,4,4,1.382421,57.8125,89.84375,0.00043,0.068751,0.069181,1850.2197,183.3657,1764.0,1287.0684,1764.0
1145,custom,resnet34,12,4067,128,4,4,1.470819,59.375,86.71875,0.000192,0.06863,0.068822,1859.8687,183.3657,1764.0,1287.0684,1764.0
1145,custom,resnet34,12,4068,128,4,4,1.380541,63.28125,84.375,0.000203,0.068823,0.069025,1854.3949,183.3657,1764.0,1287.0684,1764.0
1145,custom,resnet34,12,4069,128,4,4,1.608987,52.34375,85.9375,0.000331,0.068578,0.068909,1857.5301,183.3657,1764.0,1287.0684,1764.0
1145,custom,resnet34,12,4070,128,4,4,1.638648,60.9375,84.375,0.000123,0.06871,0.068833,1859.5641,183.3657,1764.0,1287.0684,1764.0
1145,custom,resnet34,12,4071,128,4,4,1.402446,62.5,87.5,0.000625,0.068786,0.069411,1844.0847,183.3657,1764.0,1287.0684,1764.0
1145,custom,resnet34,12,4072,128,4,4,1.373411,55.46875,89.84375,0.000188,0.068934,0.069122,1851.7876,183.3657,1764.0,1287.0684,1764.0
1145,custom,resnet34,12,4073,128,4,4,1.198118,64.84375,90.625,0.00057,0.068592,0.069162,1850.7314,183.3657,1764.0,1287.0684,1764.0
1145,custom,resnet34,12,4074,128,4,4,1.226892,71.09375,87.5,0.000131,0.068695,0.068826,1859.7504,183.3657,1764.0,1287.0684,1764.0
1145,custom,resnet34,12,4075,128,4,4,1.40235,60.9375,87.5,0.000403,0.068654,0.069057,1853.5306,183.3657,1764.0,1287.0684,1764.0
1145,custom,resnet34,12,4076,128,4,4,1.438882,62.5,88.28125,0.000702,0.068893,0.069595,1839.2186,183.3657,1764.0,1287.0684,1764.0
1145,custom,resnet34,12,4077,128,4,4,1.501731,57.03125,86.71875,0.0002,0.068678,0.068877,1858.3726,183.3657,1764.0,1287.0684,1764.0
1145,custom,resnet34,12,4078,128,4,4,1.53082,57.03125,85.15625,0.00053,0.068555,0.069085,1852.788,183.3657,1764.0,1287.0684,1764.0
1145,custom,resnet34,12,4079,128,4,4,1.588617,57.03125,88.28125,0.000157,0.068531,0.068689,1863.4829,183.3657,1764.0,1287.0684,1764.0
1145,custom,resnet34,12,4080,128,4,4,1.314586,60.15625,86.71875,0.000427,0.068606,0.069033,1854.1751,183.3657,1764.0,1287.0684,1764.0
1145,custom,resnet34,12,4081,128,4,4,1.319521,60.9375,88.28125,0.000279,0.068521,0.0688,1860.4552,183.3657,1764.0,1287.0684,1764.0
1145,custom,resnet34,12,4082,128,4,4,1.296602,65.625,91.40625,0.000448,0.068731,0.069179,1850.2703,183.3657,1764.0,1287.0684,1764.0
1145,custom,resnet34,12,4083,128,4,4,1.499995,55.46875,85.15625,0.000133,0.06846,0.068593,1866.0671,183.3657,1764.0,1287.0684,1764.0
1145,custom,resnet34,12,4084,128,4,4,1.738458,50.78125,83.59375,0.000152,0.068328,0.06848,1869.159,183.3657,1764.0,1287.0684,1764.0
1145,custom,resnet34,12,4085,128,4,4,1.182739,67.1875,89.0625,0.000183,0.068607,0.06879,1860.738,183.3657,1764.0,1287.0684,1764.0
1145,custom,resnet34,12,4086,128,4,4,1.630845,53.125,86.71875,0.000688,0.068485,0.069174,1850.4122,183.3657,1764.0,1287.0684,1764.0
1145,custom,resnet34,12,4087,128,4,4,1.218004,65.625,91.40625,0.000395,0.068707,0.069102,1852.3418,183.3657,1764.0,1287.0684,1764.0
1145,custom,resnet34,12,4088,128,4,4,1.337135,64.84375,91.40625,0.000202,0.068934,0.069136,1851.4165,183.3657,1764.0,1287.0684,1764.0
1145,custom,resnet34,12,4089,128,4,4,1.31412,61.71875,90.625,0.000532,0.069186,0.069718,1835.9713,183.3657,1764.0,1287.0684,1764.0
1145,custom,resnet34,12,4090,128,4,4,1.269722,58.59375,93.75,0.000138,0.068782,0.06892,1857.2244,183.3657,1764.0,1287.0684,1764.0
1145,custom,resnet34,12,4091,128,4,4,1.454401,56.25,89.84375,0.000201,0.068715,0.068916,1857.3354,183.3657,1764.0,1287.0684,1764.0
1145,custom,resnet34,12,4092,128,4,4,1.104535,67.96875,90.625,0.000193,0.068879,0.069072,1853.1272,183.3657,1764.0,1287.0684,1764.0
1145,custom,resnet34,12,4093,128,4,4,1.476809,53.90625,85.15625,0.00084,0.068593,0.069433,1843.5048,183.3657,1764.0,1287.0684,1764.0
1145,custom,resnet34,12,4094,128,4,4,1.795735,49.21875,81.25,0.000128,0.068518,0.068646,1864.6387,183.3657,1764.0,1287.0684,1764.0
1145,custom,resnet34,12,4095,128,4,4,1.431024,61.71875,84.375,0.000203,0.068715,0.068918,1857.2733,183.3657,1764.0,1287.0684,1764.0
1145,custom,resnet34,12,4096,128,4,4,1.409213,60.9375,87.5,0.000211,0.06877,0.068981,1855.5946,183.3657,1764.0,1287.0684,1764.0
1145,custom,resnet34,12,4097,128,4,4,1.627834,53.90625,83.59375,0.000674,0.068563,0.069236,1848.7407,183.3657,1764.0,1287.0684,1764.0
1145,custom,resnet34,12,4098,128,4,4,1.463865,62.5,83.59375,0.000365,0.068687,0.069051,1853.69,183.3657,1764.0,1287.0684,1764.0
1145,custom,resnet34,12,4099,128,4,4,1.353343,63.28125,86.71875,0.000409,0.068554,0.068963,1856.0705,183.3657,1764.0,1287.0684,1764.0
1145,custom,resnet34,12,4100,128,4,4,1.274691,68.75,88.28125,0.000198,0.06871,0.068908,1857.5591,183.3657,1764.0,1287.0684,1764.0
1145,custom,resnet34,12,4101,128,4,4,1.676258,60.15625,84.375,0.000306,0.068385,0.068692,1863.4029,183.3657,1764.0,1287.0684,1764.0
1145,custom,resnet34,12,4102,128,4,4,1.433544,62.5,87.5,0.000125,0.06849,0.068614,1865.5056,183.3657,1764.0,1287.0684,1764.0
1145,custom,resnet34,12,4103,128,4,4,1.444241,61.71875,88.28125,0.000297,0.068558,0.068854,1859.0006,183.3657,1764.0,1287.0684,1764.0
1145,custom,resnet34,12,4104,128,4,4,1.368886,63.28125,88.28125,0.000198,0.068918,0.069116,1851.9498,183.3657,1764.0,1287.0684,1764.0
1145,custom,resnet34,12,4105,128,4,4,1.305039,66.40625,95.3125,0.000845,0.068561,0.069406,1844.2334,183.3657,1764.0,1287.0684,1764.0
1145,custom,resnet34,12,4106,128,4,4,1.502623,59.375,87.5,0.000128,0.068605,0.068733,1862.2721,183.3657,1764.0,1287.0684,1764.0
1145,custom,resnet34,12,4107,128,4,4,1.578148,57.8125,86.71875,0.000313,0.068643,0.068956,1856.256,183.3657,1764.0,1287.0684,1764.0
1145,custom,resnet34,12,4108,128,4,4,1.627975,56.25,84.375,0.00021,0.068791,0.069001,1855.0422,183.3657,1764.0,1287.0684,1764.0
1145,custom,resnet34,12,4109,128,4,4,1.719334,50.78125,81.25,0.000354,0.068551,0.068905,1857.6177,183.3657,1764.0,1287.0684,1764.0
1145,custom,resnet34,12,4110,128,4,4,1.641968,56.25,85.9375,0.000351,0.068673,0.069025,1854.4109,183.3657,1764.0,1287.0684,1764.0
1145,custom,resnet34,12,4111,128,4,4,1.539585,57.03125,85.15625,0.000334,0.068628,0.068962,1856.0837,183.3657,1764.0,1287.0684,1764.0
1145,custom,resnet34,12,4112,128,4,4,1.512656,53.90625,86.71875,0.000201,0.069134,0.069335,1846.1128,183.3657,1764.0,1287.0684,1764.0
1145,custom,resnet34,12,4113,128,4,4,1.437816,57.8125,86.71875,0.000201,0.06863,0.068831,1859.628,183.3657,1764.0,1287.0684,1764.0
1145,custom,resnet34,12,4114,128,4,4,1.574552,59.375,85.15625,0.001105,0.068627,0.069732,1835.6112,183.3657,1764.0,1287.0684,1764.0
1145,custom,resnet34,12,4115,128,4,4,1.295667,68.75,88.28125,0.000459,0.068708,0.069167,1850.5911,183.3657,1764.0,1287.0684,1764.0
1145,custom,resnet34,12,4116,128,4,4,1.450408,58.59375,86.71875,0.000204,0.068925,0.069128,1851.6341,183.3657,1764.0,1287.0684,1764.0
1145,custom,resnet34,12,4117,128,4,4,1.312493,64.84375,88.28125,0.000125,0.068544,0.068669,1864.0118,183.3657,1764.0,1287.0684,1764.0
1145,custom,resnet34,12,4118,128,4,4,1.477327,59.375,85.9375,0.000195,0.068766,0.06896,1856.1385,183.3657,1764.0,1287.0684,1764.0
1145,custom,resnet34,12,4119,128,4,4,1.433668,57.8125,89.84375,0.000295,0.068634,0.06893,1856.9609,183.3657,1764.0,1287.0684,1764.0
1145,custom,resnet34,12,4120,128,4,4,1.510187,59.375,84.375,0.000182,0.068929,0.069111,1852.1016,183.3657,1764.0,1287.0684,1764.0
1145,custom,resnet34,12,4121,128,4,4,1.558385,53.125,88.28125,0.000417,0.06865,0.069068,1853.2526,183.3657,1764.0,1287.0684,1764.0
1145,custom,resnet34,12,4122,128,4,4,1.603381,56.25,87.5,0.000375,0.068849,0.069224,1849.0755,183.3657,1764.0,1287.0684,1764.0
1145,custom,resnet34,12,4123,128,4,4,1.520404,53.125,89.84375,0.000596,0.068647,0.069243,1848.5516,183.3657,1764.0,1287.0684,1764.0
1145,custom,resnet34,12,4124,128,4,4,1.518902,57.8125,88.28125,0.000187,0.068952,0.069139,1851.3465,183.3657,1764.0,1287.0684,1764.0
1145,custom,resnet34,12,4125,128,4,4,1.501501,60.15625,84.375,0.000316,0.068639,0.068955,1856.2731,183.3657,1764.0,1287.0684,1764.0
1145,custom,resnet34,12,4126,128,4,4,1.365411,59.375,88.28125,0.000127,0.068897,0.069023,1854.4461,183.3657,1764.0,1287.0684,1764.0
1145,custom,resnet34,12,4127,128,4,4,1.458223,60.9375,84.375,0.000452,0.068574,0.069026,1854.3791,183.3657,1764.0,1287.0684,1764.0
1145,custom,resnet34,12,4128,128,4,4,1.61541,53.90625,84.375,0.000113,0.069014,0.069127,1851.6754,183.3657,1764.0,1287.0684,1764.0
1145,custom,resnet34,12,4129,128,4,4,1.646323,56.25,83.59375,0.000847,0.068535,0.069383,1844.8426,183.3657,1764.0,1287.0684,1764.0
1145,custom,resnet34,12,4130,128,4,4,1.273587,66.40625,90.625,0.000128,0.068562,0.06869,1863.4396,183.3657,1764.0,1287.0684,1764.0
1145,custom,resnet34,12,4131,128,4,4,1.602966,52.34375,85.9375,0.000426,0.068703,0.06913,1851.5937,183.3657,1764.0,1287.0684,1764.0
1145,custom,resnet34,12,4132,128,4,4,1.321959,67.1875,86.71875,0.000301,0.074326,0.074626,1715.2162,183.3657,1764.0,1287.0684,1764.0
1145,custom,resnet34,12,4133,128,4,4,1.444866,53.90625,86.71875,0.000453,0.068648,0.069101,1852.3528,183.3657,1764.0,1287.0684,1764.0
1145,custom,resnet34,12,4134,128,4,4,1.469919,60.9375,85.15625,0.000129,0.068627,0.068757,1861.6421,183.3657,1764.0,1287.0684,1764.0
1145,custom,resnet34,12,4135,128,4,4,1.215976,61.71875,92.96875,0.000624,0.068718,0.069341,1845.9414,183.3657,1764.0,1287.0684,1764.0
1145,custom,resnet34,12,4136,128,4,4,1.405865,57.8125,87.5,0.000342,0.069019,0.069361,1845.427,183.3657,1764.0,1287.0684,1764.0
1145,custom,resnet34,12,4137,128,4,4,1.481309,62.5,83.59375,0.000304,0.069113,0.069417,1843.9255,183.3657,1764.0,1287.0684,1764.0
1145,custom,resnet34,12,4138,128,4,4,1.763057,52.34375,82.03125,0.000826,0.068498,0.069324,1846.4051,183.3657,1764.0,1287.0684,1764.0
1145,custom,resnet34,12,4139,128,4,4,1.501212,55.46875,86.71875,0.000207,0.068626,0.068834,1859.5488,183.3657,1764.0,1287.0684,1764.0
1145,custom,resnet34,12,4140,128,4,4,1.442212,64.0625,86.71875,0.000677,0.069055,0.069733,1835.581,183.3657,1764.0,1287.0684,1764.0
1145,custom,resnet34,12,4141,128,4,4,1.399079,57.03125,89.84375,0.000326,0.069556,0.069882,1831.6509,183.3657,1764.0,1287.0684,1764.0
1145,custom,resnet34,12,4142,128,4,4,1.463552,56.25,87.5,0.000132,0.068742,0.068873,1858.481,183.3657,1764.0,1287.0684,1764.0
1145,custom,resnet34,12,4143,128,4,4,1.220662,66.40625,90.625,0.000188,0.068622,0.068811,1860.1731,183.3657,1764.0,1287.0684,1764.0
1145,custom,resnet34,12,4144,128,4,4,1.488514,55.46875,87.5,0.000577,0.074119,0.074696,1713.6209,183.3657,1764.0,1287.0684,1764.0
1145,custom,resnet34,12,4145,128,4,4,1.496442,60.15625,85.9375,0.000305,0.069074,0.069379,1844.9312,183.3657,1764.0,1287.0684,1764.0
1145,custom,resnet34,12,4146,128,4,4,1.259811,61.71875,89.84375,0.000127,0.068766,0.068893,1857.9562,183.3657,1764.0,1287.0684,1764.0
1145,custom,resnet34,12,4147,128,4,4,1.356989,61.71875,88.28125,0.000331,0.068647,0.068978,1855.6528,183.3657,1764.0,1287.0684,1764.0
1145,custom,resnet34,12,4148,128,4,4,1.393494,59.375,86.71875,0.000302,0.073497,0.073798,1734.4563,183.3657,1764.0,1287.0684,1764.0
1145,custom,resnet34,12,4149,128,4,4,1.321758,64.0625,91.40625,0.000309,0.06912,0.069429,1843.6201,183.3657,1764.0,1287.0684,1764.0
1145,custom,resnet34,12,4150,128,4,4,1.655442,51.5625,80.46875,0.000125,0.068621,0.068745,1861.9478,183.3657,1764.0,1287.0684,1764.0
1145,custom,resnet34,12,4151,128,4,4,1.383913,60.9375,84.375,0.000494,0.068628,0.069122,1851.7864,183.3657,1764.0,1287.0684,1764.0
1145,custom,resnet34,12,4152,128,4,4,1.496085,57.8125,88.28125,0.000217,0.069091,0.069308,1846.8338,183.3657,1764.0,1287.0684,1764.0
1145,custom,resnet34,12,4153,128,4,4,1.530428,52.34375,89.0625,0.000303,0.074321,0.074624,1715.2544,183.3657,1764.0,1287.0684,1764.0
1145,custom,resnet34,12,4154,128,4,4,1.34007,62.5,89.84375,0.00051,0.068682,0.069192,1849.9183,183.3657,1764.0,1287.0684,1764.0
1145,custom,resnet34,12,4155,128,4,4,1.358596,57.03125,91.40625,0.00081,0.068491,0.0693,1847.0347,183.3657,1764.0,1287.0684,1764.0
1145,custom,resnet34,12,4156,128,4,4,1.306974,63.28125,85.15625,0.000375,0.068948,0.069323,1846.442,183.3657,1764.0,1287.0684,1764.0
1145,custom,resnet34,12,4157,128,4,4,1.342434,61.71875,84.375,0.000315,0.068495,0.06881,1860.1935,183.3657,1764.0,1287.0684,1764.0
1145,custom,resnet34,12,4158,128,4,4,1.199114,67.96875,90.625,0.00013,0.068667,0.068797,1860.5352,183.3657,1764.0,1287.0684,1764.0
1145,custom,resnet34,12,4159,128,4,4,1.446745,59.375,86.71875,0.000189,0.068674,0.068863,1858.7587,183.3657,1764.0,1287.0684,1764.0
1145,custom,resnet34,12,4160,128,4,4,1.286332,63.28125,89.84375,0.000287,0.06887,0.069157,1850.8573,183.3657,1764.0,1287.0684,1764.0
1145,custom,resnet34,12,4161,128,4,4,1.45941,57.03125,90.625,0.0002,0.068606,0.068806,1860.3011,183.3657,1764.0,1287.0684,1764.0
1145,custom,resnet34,12,4162,128,4,4,1.645587,54.6875,82.03125,0.000435,0.068721,0.069156,1850.8788,183.3657,1764.0,1287.0684,1764.0
1145,custom,resnet34,12,4163,128,4,4,1.590688,54.6875,85.9375,0.00044,0.068583,0.069023,1854.4516,183.3657,1764.0,1287.0684,1764.0
1145,custom,resnet34,12,4164,128,4,4,1.473631,55.46875,89.84375,0.000622,0.069097,0.069719,1835.9342,183.3657,1764.0,1287.0684,1764.0
1145,custom,resnet34,12,4165,128,4,4,1.408531,55.46875,89.0625,0.000169,0.068576,0.068744,1861.969,183.3657,1764.0,1287.0684,1764.0
1145,custom,resnet34,12,4166,128,4,4,1.222195,64.0625,90.625,0.000149,0.068589,0.068739,1862.1243,183.3657,1764.0,1287.0684,1764.0
1145,custom,resnet34,12,4167,128,4,4,1.512984,53.125,86.71875,0.000269,0.06847,0.068739,1862.1205,183.3657,1764.0,1287.0684,1764.0
1145,custom,resnet34,12,4168,128,4,4,1.581935,55.46875,84.375,0.000426,0.069033,0.069459,1842.8098,183.3657,1764.0,1287.0684,1764.0
1145,custom,resnet34,12,4169,128,4,4,1.284161,62.5,89.0625,0.000424,0.068741,0.069165,1850.6383,183.3657,1764.0,1287.0684,1764.0
1145,custom,resnet34,12,4170,128,4,4,1.364357,64.0625,86.71875,0.000128,0.068791,0.068919,1857.2432,183.3657,1764.0,1287.0684,1764.0
1145,custom,resnet34,12,4171,128,4,4,1.431651,55.46875,89.84375,0.000464,0.068794,0.069258,1848.1648,183.3657,1764.0,1287.0684,1764.0
1145,custom,resnet34,12,4172,128,4,4,1.436592,64.0625,87.5,0.000195,0.069017,0.069213,1849.3757,183.3657,1764.0,1287.0684,1764.0
1145,custom,resnet34,12,4173,128,4,4,1.351218,61.71875,86.71875,0.000309,0.068657,0.068966,1855.9934,183.3657,1764.0,1287.0684,1764.0
1145,custom,resnet34,12,4174,128,4,4,1.668011,56.25,82.8125,0.001122,0.068583,0.069705,1836.3165,183.3657,1764.0,1287.0684,1764.0
1145,custom,resnet34,12,4175,128,4,4,1.497698,60.9375,88.28125,0.000227,0.068483,0.06871,1862.9072,183.3657,1764.0,1287.0684,1764.0
1145,custom,resnet34,12,4176,128,4,4,1.43571,57.8125,87.5,0.00021,0.068942,0.069152,1850.9912,183.3657,1764.0,1287.0684,1764.0
1145,custom,resnet34,12,4177,128,4,4,1.271127,62.5,92.1875,0.000439,0.068764,0.069203,1849.6184,183.3657,1764.0,1287.0684,1764.0
1145,custom,resnet34,12,4178,128,4,4,1.473212,60.9375,85.15625,0.000131,0.068624,0.068755,1861.6877,183.3657,1764.0,1287.0684,1764.0
1145,custom,resnet34,12,4179,128,4,4,1.339839,63.28125,89.0625,0.000441,0.068521,0.068962,1856.0949,183.3657,1764.0,1287.0684,1764.0
1145,custom,resnet34,12,4180,128,4,4,1.500015,59.375,85.15625,0.000187,0.068792,0.068979,1855.6405,183.3657,1764.0,1287.0684,1764.0
1145,custom,resnet34,12,4181,128,4,4,1.429969,55.46875,85.9375,0.000301,0.068642,0.068943,1856.6065,183.3657,1764.0,1287.0684,1764.0
1145,custom,resnet34,12,4182,128,4,4,1.552213,57.8125,85.15625,0.000126,0.068739,0.068865,1858.7023,183.3657,1764.0,1287.0684,1764.0
1145,custom,resnet34,12,4183,128,4,4,1.609716,54.6875,85.9375,0.00013,0.068924,0.069054,1853.6232,183.3657,1764.0,1287.0684,1764.0
1145,custom,resnet34,12,4184,128,4,4,1.483207,61.71875,86.71875,0.000285,0.069048,0.069334,1846.144,183.3657,1764.0,1287.0684,1764.0
1145,custom,resnet34,12,4185,128,4,4,1.407776,61.71875,87.5,0.000455,0.068701,0.069157,1850.8656,183.3657,1764.0,1287.0684,1764.0
1145,custom,resnet34,12,4186,128,4,4,1.68524,51.5625,83.59375,0.000121,0.068632,0.068753,1861.7253,183.3657,1764.0,1287.0684,1764.0
1145,custom,resnet34,12,4187,128,4,4,1.575095,57.03125,83.59375,0.00054,0.068714,0.069254,1848.274,183.3657,1764.0,1287.0684,1764.0
1145,custom,resnet34,12,4188,128,4,4,1.611472,53.90625,86.71875,0.000198,0.068914,0.069112,1852.0656,183.3657,1764.0,1287.0684,1764.0
1145,custom,resnet34,12,4189,128,4,4,1.46549,57.8125,86.71875,0.000313,0.068641,0.068954,1856.3059,183.3657,1764.0,1287.0684,1764.0
1145,custom,resnet34,12,4190,128,4,4,1.31846,58.59375,92.1875,0.000125,0.068617,0.068742,1862.0346,183.3657,1764.0,1287.0684,1764.0
1145,custom,resnet34,12,4191,128,4,4,1.44258,59.375,85.9375,0.000468,0.06864,0.069109,1852.1548,183.3657,1764.0,1287.0684,1764.0
1145,custom,resnet34,12,4192,128,4,4,1.539524,60.9375,85.15625,0.000189,0.068826,0.069015,1854.6804,183.3657,1764.0,1287.0684,1764.0
1145,custom,resnet34,12,4193,128,4,4,1.586822,53.125,86.71875,0.000331,0.068638,0.06897,1855.8856,183.3657,1764.0,1287.0684,1764.0
1145,custom,resnet34,12,4194,128,4,4,2.027256,48.4375,81.25,0.000129,0.068518,0.068647,1864.6172,183.3657,1764.0,1287.0684,1764.0
1145,custom,resnet34,12,4195,128,4,4,1.861767,48.4375,78.125,0.000288,0.068677,0.068964,1856.036,183.3657,1764.0,1287.0684,1764.0
1145,custom,resnet34,12,4196,128,4,4,1.335959,61.71875,89.0625,0.000215,0.068935,0.069151,1851.0328,183.3657,1764.0,1287.0684,1764.0
1145,custom,resnet34,12,4197,128,4,4,1.341083,60.15625,88.28125,0.000464,0.068571,0.069035,1854.1372,183.3657,1764.0,1287.0684,1764.0
1145,custom,resnet34,12,4198,128,4,4,1.571876,53.125,84.375,0.000136,0.068629,0.068765,1861.4092,183.3657,1764.0,1287.0684,1764.0
1145,custom,resnet34,12,4199,128,4,4,1.473269,57.8125,86.71875,0.000415,0.068799,0.069214,1849.3364,183.3657,1764.0,1287.0684,1764.0
1145,custom,resnet34,12,4200,128,4,4,1.624354,57.8125,84.375,0.00019,0.069041,0.069231,1848.8864,183.3657,1764.0,1287.0684,1764.0
1145,custom,resnet34,12,4201,128,4,4,1.744732,53.125,78.125,0.000187,0.068925,0.069112,1852.0545,183.3657,1764.0,1287.0684,1764.0
1145,custom,resnet34,12,4202,128,4,4,1.309659,60.9375,89.84375,0.000124,0.068582,0.068706,1863.0022,183.3657,1764.0,1287.0684,1764.0
1145,custom,resnet34,12,4203,128,4,4,1.351096,61.71875,93.75,0.000419,0.068583,0.069002,1855.0244,183.3657,1764.0,1287.0684,1764.0
1145,custom,resnet34,12,4204,128,4,4,1.367999,60.15625,86.71875,0.00032,0.068777,0.069097,1852.4697,183.3657,1764.0,1287.0684,1764.0
1145,custom,resnet34,12,4205,128,4,4,1.351853,66.40625,86.71875,0.000314,0.068626,0.06894,1856.6808,183.3657,1764.0,1287.0684,1764.0
1145,custom,resnet34,12,4206,128,4,4,1.519702,53.90625,87.5,0.000124,0.068804,0.068929,1856.9915,183.3657,1764.0,1287.0684,1764.0
1145,custom,resnet34,12,4207,128,4,4,1.416163,58.59375,90.625,0.000393,0.068639,0.069032,1854.213,183.3657,1764.0,1287.0684,1764.0
1145,custom,resnet34,12,4208,128,4,4,1.289327,63.28125,90.625,0.000395,0.069035,0.06943,1843.5944,183.3657,1764.0,1287.0684,1764.0
1145,custom,resnet34,12,4209,128,4,4,1.731334,53.90625,83.59375,0.000321,0.071993,0.072314,1770.0698,183.3657,1764.0,1287.0684,1764.0
1145,custom,resnet34,12,4210,128,4,4,1.26791,62.5,88.28125,0.000427,0.068704,0.06913,1851.5732,183.3657,1764.0,1287.0684,1764.0
1145,custom,resnet34,12,4211,128,4,4,1.512126,53.125,84.375,0.000348,0.068537,0.068885,1858.1574,183.3657,1764.0,1287.0684,1764.0
1145,custom,resnet34,12,4212,128,4,4,1.611782,48.4375,81.25,0.000375,0.068839,0.069214,1849.3454,183.3657,1764.0,1287.0684,1764.0
1145,custom,resnet34,12,4213,128,4,4,1.495207,57.8125,85.9375,0.000304,0.072666,0.07297,1754.146,183.3657,1764.0,1287.0684,1764.0
1145,custom,resnet34,12,4214,128,4,4,1.503288,58.59375,88.28125,0.00015,0.06872,0.068869,1858.5917,183.3657,1764.0,1287.0684,1764.0
1145,custom,resnet34,12,4215,128,4,4,1.351133,64.0625,91.40625,0.000691,0.068393,0.069084,1852.8156,183.3657,1764.0,1287.0684,1764.0
1145,custom,resnet34,12,4216,128,4,4,1.483106,56.25,88.28125,0.003745,0.068934,0.072679,1761.1761,183.3657,1764.0,1287.0684,1764.0
1145,custom,resnet34,12,4217,128,4,4,1.347703,62.5,89.84375,0.00022,0.068417,0.068638,1864.8653,183.3657,1764.0,1287.0684,1764.0
1145,custom,resnet34,12,4218,128,4,4,1.569871,52.34375,87.5,0.000196,0.068559,0.068754,1861.7044,183.3657,1764.0,1287.0684,1764.0
1145,custom,resnet34,12,4219,128,4,4,1.562536,53.90625,89.0625,0.000293,0.068519,0.068812,1860.1343,183.3657,1764.0,1287.0684,1764.0
1145,custom,resnet34,12,4220,128,4,4,1.275674,62.5,89.0625,0.000192,0.068873,0.069065,1853.3356,183.3657,1764.0,1287.0684,1764.0
1145,custom,resnet34,12,4221,128,4,4,1.404118,56.25,85.9375,0.000188,0.068691,0.06888,1858.3121,183.3657,1764.0,1287.0684,1764.0
1145,custom,resnet34,12,4222,128,4,4,1.288133,66.40625,89.0625,9e-05,0.068508,0.068597,1865.9685,183.3657,1764.0,1287.0684,1764.0
1145,custom,resnet34,12,4223,128,4,4,1.675984,55.46875,85.15625,0.000195,0.068593,0.068788,1860.7771,183.3657,1764.0,1287.0684,1764.0
1145,custom,resnet34,12,4224,128,4,4,1.351911,58.333333,90.277778,0.000208,0.038518,0.038726,1859.1925,182.1885,1764.0,1287.0684,1764.0
1145,custom,resnet34,13,4225,128,4,4,1.062187,69.53125,95.3125,0.083913,0.068899,0.152813,837.6267,183.3657,1764.0,1287.0684,1764.0
1145,custom,resnet34,13,4226,128,4,4,1.412235,59.375,85.9375,0.000226,0.068487,0.068713,1862.8192,183.3657,1764.0,1287.0684,1764.0
1145,custom,resnet34,13,4227,128,4,4,1.430342,58.59375,93.75,0.000222,0.068469,0.068691,1863.4074,183.3657,1764.0,1287.0684,1764.0
1145,custom,resnet34,13,4228,128,4,4,1.26155,64.0625,89.84375,0.000548,0.068542,0.069091,1852.6413,183.3657,1764.0,1287.0684,1764.0
1145,custom,resnet34,13,4229,128,4,4,1.400621,60.15625,89.0625,0.000142,0.068967,0.069108,1852.1643,183.3657,1764.0,1287.0684,1764.0
1145,custom,resnet34,13,4230,128,4,4,1.314527,61.71875,88.28125,0.000119,0.069228,0.069346,1845.8078,183.3657,1764.0,1287.0684,1764.0
1145,custom,resnet34,13,4231,128,4,4,1.392143,57.8125,88.28125,0.000186,0.068525,0.068711,1862.8623,183.3657,1764.0,1287.0684,1764.0
1145,custom,resnet34,13,4232,128,4,4,1.156579,64.84375,93.75,0.000125,0.068716,0.068841,1859.3692,183.3657,1764.0,1287.0684,1764.0
1145,custom,resnet34,13,4233,128,4,4,1.39387,67.1875,87.5,0.000229,0.068915,0.069144,1851.2143,183.3657,1764.0,1287.0684,1764.0
1145,custom,resnet34,13,4234,128,4,4,1.215938,67.96875,89.0625,0.000114,0.068561,0.068675,1863.8638,183.3657,1764.0,1287.0684,1764.0
1145,custom,resnet34,13,4235,128,4,4,1.286176,63.28125,91.40625,0.000399,0.068733,0.069132,1851.5244,183.3657,1764.0,1287.0684,1764.0
1145,custom,resnet34,13,4236,128,4,4,1.327644,58.59375,88.28125,0.000567,0.068536,0.069103,1852.3039,183.3657,1764.0,1287.0684,1764.0
1145,custom,resnet34,13,4237,128,4,4,1.327905,67.96875,88.28125,0.000126,0.06891,0.069036,1854.1054,183.3657,1764.0,1287.0684,1764.0
1145,custom,resnet34,13,4238,128,4,4,1.342477,61.71875,87.5,0.000382,0.068979,0.069361,1845.4186,183.3657,1764.0,1287.0684,1764.0
1145,custom,resnet34,13,4239,128,4,4,1.441282,57.8125,87.5,0.000131,0.068669,0.0688,1860.4567,183.3657,1764.0,1287.0684,1764.0
1145,custom,resnet34,13,4240,128,4,4,1.265269,61.71875,91.40625,0.000343,0.068612,0.068956,1856.2634,183.3657,1764.0,1287.0684,1764.0
1145,custom,resnet34,13,4241,128,4,4,1.344026,62.5,86.71875,0.000408,0.06895,0.069359,1845.4796,183.3657,1764.0,1287.0684,1764.0
1145,custom,resnet34,13,4242,128,4,4,1.239502,63.28125,89.0625,0.000148,0.068758,0.068906,1857.6049,183.3657,1764.0,1287.0684,1764.0
1145,custom,resnet34,13,4243,128,4,4,1.355297,60.9375,90.625,0.000371,0.068623,0.068994,1855.2273,183.3657,1764.0,1287.0684,1764.0
1145,custom,resnet34,13,4244,128,4,4,1.269252,62.5,89.0625,0.000211,0.068641,0.068852,1859.0606,183.3657,1764.0,1287.0684,1764.0
1145,custom,resnet34,13,4245,128,4,4,1.202612,68.75,91.40625,0.000112,0.069126,0.069239,1848.6788,183.3657,1764.0,1287.0684,1764.0
1145,custom,resnet34,13,4246,128,4,4,1.205597,65.625,90.625,0.000313,0.068819,0.069132,1851.5411,183.3657,1764.0,1287.0684,1764.0
1145,custom,resnet34,13,4247,128,4,4,1.385858,60.9375,88.28125,0.000273,0.068732,0.069005,1854.9362,183.3657,1764.0,1287.0684,1764.0
1145,custom,resnet34,13,4248,128,4,4,1.214288,63.28125,90.625,0.000337,0.068437,0.068774,1861.1672,183.3657,1764.0,1287.0684,1764.0
1145,custom,resnet34,13,4249,128,4,4,1.253126,65.625,87.5,0.000356,0.068899,0.069255,1848.2401,183.3657,1764.0,1287.0684,1764.0
1145,custom,resnet34,13,4250,128,4,4,1.34919,62.5,89.0625,0.000131,0.068518,0.068649,1864.5553,183.3657,1764.0,1287.0684,1764.0
1145,custom,resnet34,13,4251,128,4,4,1.1274,66.40625,93.75,0.000442,0.068734,0.069176,1850.3617,183.3657,1764.0,1287.0684,1764.0
1145,custom,resnet34,13,4252,128,4,4,1.228142,67.1875,90.625,0.000198,0.068493,0.068691,1863.4162,183.3657,1764.0,1287.0684,1764.0
1145,custom,resnet34,13,4253,128,4,4,1.126294,64.84375,92.96875,0.000218,0.068804,0.069021,1854.4975,183.3657,1764.0,1287.0684,1764.0
1145,custom,resnet34,13,4254,128,4,4,1.38174,61.71875,85.9375,0.000126,0.068558,0.068684,1863.6059,183.3657,1764.0,1287.0684,1764.0
1145,custom,resnet34,13,4255,128,4,4,1.095182,65.625,93.75,0.000312,0.068561,0.068874,1858.4754,183.3657,1764.0,1287.0684,1764.0
1145,custom,resnet34,13,4256,128,4,4,1.217503,62.5,93.75,0.000191,0.068388,0.06858,1866.4452,183.3657,1764.0,1287.0684,1764.0
1145,custom,resnet34,13,4257,128,4,4,1.169703,68.75,92.1875,0.000204,0.068859,0.069063,1853.3789,183.3657,1764.0,1287.0684,1764.0
1145,custom,resnet34,13,4258,128,4,4,1.333901,67.1875,89.84375,0.000141,0.068625,0.068766,1861.387,183.3657,1764.0,1287.0684,1764.0
1145,custom,resnet34,13,4259,128,4,4,1.347102,60.9375,88.28125,0.000144,0.068629,0.068773,1861.1831,183.3657,1764.0,1287.0684,1764.0
1145,custom,resnet34,13,4260,128,4,4,1.075109,70.3125,92.96875,0.000321,0.06909,0.069411,1844.0919,183.3657,1764.0,1287.0684,1764.0
1145,custom,resnet34,13,4261,128,4,4,1.189456,67.1875,89.84375,0.000989,0.06886,0.069849,1832.5304,183.3657,1764.0,1287.0684,1764.0
1145,custom,resnet34,13,4262,128,4,4,1.184475,69.53125,89.0625,0.000384,0.068614,0.068998,1855.1227,183.3657,1764.0,1287.0684,1764.0
1145,custom,resnet34,13,4263,128,4,4,1.008624,73.4375,94.53125,0.000128,0.068658,0.068786,1860.8442,183.3657,1764.0,1287.0684,1764.0
1145,custom,resnet34,13,4264,128,4,4,1.333999,64.84375,88.28125,0.00021,0.068456,0.068666,1864.0969,183.3657,1764.0,1287.0684,1764.0
1145,custom,resnet34,13,4265,128,4,4,1.299215,64.0625,91.40625,0.000201,0.068863,0.069063,1853.3695,183.3657,1764.0,1287.0684,1764.0
1145,custom,resnet34,13,4266,128,4,4,1.448825,53.90625,88.28125,0.00021,0.068757,0.068967,1855.9615,183.3657,1764.0,1287.0684,1764.0
1145,custom,resnet34,13,4267,128,4,4,1.507975,57.8125,88.28125,0.00031,0.06855,0.068859,1858.8602,183.3657,1764.0,1287.0684,1764.0
1145,custom,resnet34,13,4268,128,4,4,1.361979,57.8125,92.1875,0.000191,0.068625,0.068816,1860.0358,183.3657,1764.0,1287.0684,1764.0
1145,custom,resnet34,13,4269,128,4,4,1.029182,68.75,92.96875,0.000366,0.069021,0.069387,1844.7241,183.3657,1764.0,1287.0684,1764.0
1145,custom,resnet34,13,4270,128,4,4,1.136433,68.75,92.1875,0.000394,0.068613,0.069007,1854.8853,183.3657,1764.0,1287.0684,1764.0
1145,custom,resnet34,13,4271,128,4,4,1.246225,66.40625,90.625,0.000183,0.068664,0.068847,1859.2084,183.3657,1764.0,1287.0684,1764.0
1145,custom,resnet34,13,4272,128,4,4,1.353907,62.5,84.375,0.000188,0.068621,0.068809,1860.2245,183.3657,1764.0,1287.0684,1764.0
1145,custom,resnet34,13,4273,128,4,4,1.270388,64.0625,88.28125,0.000114,0.06901,0.069124,1851.7458,183.3657,1764.0,1287.0684,1764.0
1145,custom,resnet34,13,4274,128,4,4,1.410929,56.25,92.1875,0.000366,0.068649,0.069015,1854.6573,183.3657,1764.0,1287.0684,1764.0
1145,custom,resnet34,13,4275,128,4,4,1.390632,58.59375,89.0625,0.000433,0.068449,0.068882,1858.2529,183.3657,1764.0,1287.0684,1764.0
1145,custom,resnet34,13,4276,128,4,4,1.417425,65.625,85.9375,0.000418,0.06873,0.069148,1851.0992,183.3657,1764.0,1287.0684,1764.0
1145,custom,resnet34,13,4277,128,4,4,1.21329,65.625,86.71875,0.000127,0.068936,0.069063,1853.3773,183.3657,1764.0,1287.0684,1764.0
1145,custom,resnet34,13,4278,128,4,4,1.147597,66.40625,93.75,0.00013,0.068564,0.068694,1863.3352,183.3657,1764.0,1287.0684,1764.0
1145,custom,resnet34,13,4279,128,4,4,1.121207,69.53125,92.1875,0.000605,0.068651,0.069256,1848.2233,183.3657,1764.0,1287.0684,1764.0
1145,custom,resnet34,13,4280,128,4,4,1.384463,58.59375,88.28125,0.00019,0.068621,0.068811,1860.1774,183.3657,1764.0,1287.0684,1764.0
1145,custom,resnet34,13,4281,128,4,4,1.136362,67.96875,91.40625,0.000144,0.068882,0.069026,1854.3805,183.3657,1764.0,1287.0684,1764.0
1145,custom,resnet34,13,4282,128,4,4,1.288736,61.71875,93.75,0.000127,0.068663,0.06879,1860.7367,183.3657,1764.0,1287.0684,1764.0
1145,custom,resnet34,13,4283,128,4,4,1.297964,57.8125,90.625,0.000133,0.06843,0.068563,1866.8927,183.3657,1764.0,1287.0684,1764.0
1145,custom,resnet34,13,4284,128,4,4,1.047708,61.71875,95.3125,0.000191,0.06844,0.06863,1865.0669,183.3657,1764.0,1287.0684,1764.0
1145,custom,resnet34,13,4285,128,4,4,1.224075,63.28125,91.40625,0.000368,0.068663,0.069031,1854.241,183.3657,1764.0,1287.0684,1764.0
1145,custom,resnet34,13,4286,128,4,4,1.253921,62.5,92.1875,0.001126,0.068444,0.06957,1839.8692,183.3657,1764.0,1287.0684,1764.0
1145,custom,resnet34,13,4287,128,4,4,1.239066,62.5,91.40625,0.000513,0.068514,0.069027,1854.3434,183.3657,1764.0,1287.0684,1764.0
1145,custom,resnet34,13,4288,128,4,4,1.207119,67.96875,88.28125,0.000348,0.068415,0.068763,1861.4754,183.3657,1764.0,1287.0684,1764.0
1145,custom,resnet34,13,4289,128,4,4,1.320458,58.59375,89.84375,0.000351,0.068967,0.069317,1846.5845,183.3657,1764.0,1287.0684,1764.0
1145,custom,resnet34,13,4290,128,4,4,1.340726,64.0625,87.5,0.000225,0.068279,0.068505,1868.4885,183.3657,1764.0,1287.0684,1764.0
1145,custom,resnet34,13,4291,128,4,4,1.403985,57.8125,87.5,0.000125,0.068384,0.068509,1868.3697,183.3657,1764.0,1287.0684,1764.0
1145,custom,resnet34,13,4292,128,4,4,1.207754,62.5,89.84375,0.000423,0.068382,0.068806,1860.3134,183.3657,1764.0,1287.0684,1764.0
1145,custom,resnet34,13,4293,128,4,4,1.229446,61.71875,89.84375,0.000114,0.068393,0.068507,1868.4116,183.3657,1764.0,1287.0684,1764.0
1145,custom,resnet34,13,4294,128,4,4,1.279096,61.71875,91.40625,0.000125,0.068443,0.068568,1866.7509,183.3657,1764.0,1287.0684,1764.0
1145,custom,resnet34,13,4295,128,4,4,1.093017,63.28125,96.875,0.000333,0.068421,0.068754,1861.7201,183.3657,1764.0,1287.0684,1764.0
1145,custom,resnet34,13,4296,128,4,4,1.132949,65.625,92.1875,0.000187,0.068386,0.068572,1866.6414,183.3657,1764.0,1287.0684,1764.0
1145,custom,resnet34,13,4297,128,4,4,1.379368,60.15625,87.5,0.000115,0.068558,0.068673,1863.8937,183.3657,1764.0,1287.0684,1764.0
1145,custom,resnet34,13,4298,128,4,4,1.259238,67.96875,88.28125,0.000402,0.068603,0.069006,1854.9207,183.3657,1764.0,1287.0684,1764.0
1145,custom,resnet34,13,4299,128,4,4,1.304359,64.0625,89.0625,0.00012,0.068386,0.068506,1868.4423,183.3657,1764.0,1287.0684,1764.0
1145,custom,resnet34,13,4300,128,4,4,1.186556,67.96875,91.40625,0.00019,0.068629,0.06882,1859.926,183.3657,1764.0,1287.0684,1764.0
1145,custom,resnet34,13,4301,128,4,4,1.259461,60.15625,90.625,0.000118,0.068546,0.068664,1864.1597,183.3657,1764.0,1287.0684,1764.0
1145,custom,resnet34,13,4302,128,4,4,1.407575,59.375,90.625,0.000756,0.068677,0.069433,1843.4998,183.3657,1764.0,1287.0684,1764.0
1145,custom,resnet34,13,4303,128,4,4,1.168782,67.96875,92.96875,0.000454,0.073153,0.073607,1738.967,183.3657,1764.0,1287.0684,1764.0
1145,custom,resnet34,13,4304,128,4,4,1.551486,59.375,88.28125,0.000354,0.068518,0.068872,1858.5085,183.3657,1764.0,1287.0684,1764.0
1145,custom,resnet34,13,4305,128,4,4,1.521649,56.25,84.375,0.00015,0.069151,0.069301,1847.0108,183.3657,1764.0,1287.0684,1764.0
1145,custom,resnet34,13,4306,128,4,4,1.082438,71.09375,91.40625,0.00013,0.068861,0.068991,1855.3074,183.3657,1764.0,1287.0684,1764.0
1145,custom,resnet34,13,4307,128,4,4,1.195145,64.0625,92.96875,0.000196,0.068609,0.068805,1860.3294,183.3657,1764.0,1287.0684,1764.0
1145,custom,resnet34,13,4308,128,4,4,1.130598,65.625,94.53125,0.000382,0.069057,0.069439,1843.3545,183.3657,1764.0,1287.0684,1764.0
1145,custom,resnet34,13,4309,128,4,4,1.274149,61.71875,92.96875,0.000403,0.069196,0.0696,1839.0885,183.3657,1764.0,1287.0684,1764.0
1145,custom,resnet34,13,4310,128,4,4,1.209684,60.9375,88.28125,0.000204,0.068602,0.068806,1860.3019,183.3657,1764.0,1287.0684,1764.0
1145,custom,resnet34,13,4311,128,4,4,1.205257,57.8125,91.40625,0.000124,0.068532,0.068656,1864.3616,183.3657,1764.0,1287.0684,1764.0
1145,custom,resnet34,13,4312,128,4,4,1.146943,67.1875,94.53125,0.000196,0.0685,0.068696,1863.2879,183.3657,1764.0,1287.0684,1764.0
1145,custom,resnet34,13,4313,128,4,4,1.149921,66.40625,90.625,0.000315,0.068615,0.068931,1856.9379,183.3657,1764.0,1287.0684,1764.0
1145,custom,resnet34,13,4314,128,4,4,1.291082,62.5,87.5,0.000212,0.068505,0.068717,1862.6989,183.3657,1764.0,1287.0684,1764.0
1145,custom,resnet34,13,4315,128,4,4,1.293312,67.1875,91.40625,0.000454,0.068621,0.069074,1853.0787,183.3657,1764.0,1287.0684,1764.0
1145,custom,resnet34,13,4316,128,4,4,1.166617,68.75,93.75,0.000652,0.068341,0.068993,1855.2678,183.3657,1764.0,1287.0684,1764.0
1145,custom,resnet34,13,4317,128,4,4,1.199945,67.96875,89.0625,0.00012,0.06898,0.0691,1852.3856,183.3657,1764.0,1287.0684,1764.0
1145,custom,resnet34,13,4318,128,4,4,1.117409,68.75,92.1875,0.0004,0.068909,0.06931,1846.7853,183.3657,1764.0,1287.0684,1764.0
1145,custom,resnet34,13,4319,128,4,4,1.151397,65.625,92.1875,0.000443,0.068785,0.069228,1848.969,183.3657,1764.0,1287.0684,1764.0
1145,custom,resnet34,13,4320,128,4,4,1.471609,50.78125,89.84375,0.000203,0.068548,0.06875,1861.8079,183.3657,1764.0,1287.0684,1764.0
1145,custom,resnet34,13,4321,128,4,4,1.287074,60.9375,86.71875,0.000106,0.068363,0.068469,1869.4548,183.3657,1764.0,1287.0684,1764.0
1145,custom,resnet34,13,4322,128,4,4,1.120592,67.1875,94.53125,0.000193,0.06869,0.068883,1858.2315,183.3657,1764.0,1287.0684,1764.0
1145,custom,resnet34,13,4323,128,4,4,1.268468,63.28125,91.40625,0.000672,0.068669,0.069341,1845.9489,183.3657,1764.0,1287.0684,1764.0
1145,custom,resnet34,13,4324,128,4,4,1.187568,71.875,89.84375,0.000203,0.068533,0.068736,1862.1932,183.3657,1764.0,1287.0684,1764.0
1145,custom,resnet34,13,4325,128,4,4,1.416309,53.90625,86.71875,0.000127,0.068667,0.068795,1860.6127,183.3657,1764.0,1287.0684,1764.0
1145,custom,resnet34,13,4326,128,4,4,1.155685,67.1875,93.75,0.000135,0.068648,0.068783,1860.9213,183.3657,1764.0,1287.0684,1764.0
1145,custom,resnet34,13,4327,128,4,4,1.187817,67.1875,91.40625,0.000427,0.068731,0.069158,1850.8461,183.3657,1764.0,1287.0684,1764.0
1145,custom,resnet34,13,4328,128,4,4,1.374507,58.59375,87.5,0.000336,0.070714,0.07105,1801.5568,183.3657,1764.0,1287.0684,1764.0
1145,custom,resnet34,13,4329,128,4,4,1.014819,72.65625,95.3125,0.00037,0.069162,0.069532,1840.8658,183.3657,1764.0,1287.0684,1764.0
1145,custom,resnet34,13,4330,128,4,4,1.324366,63.28125,90.625,0.000406,0.068808,0.069214,1849.3442,183.3657,1764.0,1287.0684,1764.0
1145,custom,resnet34,13,4331,128,4,4,1.317889,60.15625,89.0625,0.00046,0.068674,0.069134,1851.4776,183.3657,1764.0,1287.0684,1764.0
1145,custom,resnet34,13,4332,128,4,4,1.157515,66.40625,91.40625,0.000193,0.06843,0.068623,1865.2666,183.3657,1764.0,1287.0684,1764.0
1145,custom,resnet34,13,4333,128,4,4,1.077191,67.1875,93.75,0.000354,0.06879,0.069145,1851.1945,183.3657,1764.0,1287.0684,1764.0
1145,custom,resnet34,13,4334,128,4,4,1.287367,60.15625,90.625,0.000135,0.06841,0.068545,1867.3759,183.3657,1764.0,1287.0684,1764.0
1145,custom,resnet34,13,4335,128,4,4,1.068675,70.3125,90.625,0.000292,0.068442,0.068735,1862.2361,183.3657,1764.0,1287.0684,1764.0
1145,custom,resnet34,13,4336,128,4,4,1.464035,60.9375,85.15625,0.000346,0.068485,0.068831,1859.6139,183.3657,1764.0,1287.0684,1764.0
1145,custom,resnet34,13,4337,128,4,4,1.325388,63.28125,87.5,0.000331,0.068852,0.069184,1850.1504,183.3657,1764.0,1287.0684,1764.0
1145,custom,resnet34,13,4338,128,4,4,1.095002,64.0625,93.75,0.000132,0.06885,0.068982,1855.5432,183.3657,1764.0,1287.0684,1764.0
1145,custom,resnet34,13,4339,128,4,4,1.136663,69.53125,92.1875,0.000445,0.06902,0.069465,1842.6458,183.3657,1764.0,1287.0684,1764.0
1145,custom,resnet34,13,4340,128,4,4,1.141045,64.84375,89.0625,0.000658,0.068628,0.069286,1847.4076,183.3657,1764.0,1287.0684,1764.0
1145,custom,resnet34,13,4341,128,4,4,1.518228,60.9375,84.375,0.00013,0.069264,0.069394,1844.5337,183.3657,1764.0,1287.0684,1764.0
1145,custom,resnet34,13,4342,128,4,4,0.932097,71.875,96.09375,0.00013,0.068619,0.06875,1861.8233,183.3657,1764.0,1287.0684,1764.0
1145,custom,resnet34,13,4343,128,4,4,1.153873,66.40625,92.1875,0.000411,0.068772,0.069184,1850.1492,183.3657,1764.0,1287.0684,1764.0
1145,custom,resnet34,13,4344,128,4,4,1.367057,59.375,86.71875,0.000195,0.068597,0.068792,1860.6927,183.3657,1764.0,1287.0684,1764.0
1145,custom,resnet34,13,4345,128,4,4,1.383533,60.9375,85.9375,0.000207,0.069052,0.069258,1848.1559,183.3657,1764.0,1287.0684,1764.0
1145,custom,resnet34,13,4346,128,4,4,1.434637,48.4375,89.0625,0.000129,0.068833,0.068962,1856.0819,183.3657,1764.0,1287.0684,1764.0
1145,custom,resnet34,13,4347,128,4,4,1.42424,57.8125,87.5,0.00029,0.072594,0.072885,1756.2031,183.3657,1764.0,1287.0684,1764.0
1145,custom,resnet34,13,4348,128,4,4,1.145701,64.84375,90.625,0.00019,0.068811,0.069001,1855.0414,183.3657,1764.0,1287.0684,1764.0
1145,custom,resnet34,13,4349,128,4,4,1.256765,64.0625,89.0625,0.000128,0.069005,0.069133,1851.4982,183.3657,1764.0,1287.0684,1764.0
1145,custom,resnet34,13,4350,128,4,4,1.192676,67.1875,91.40625,0.000375,0.068731,0.069107,1852.2061,183.3657,1764.0,1287.0684,1764.0
1145,custom,resnet34,13,4351,128,4,4,1.402926,57.8125,87.5,0.000629,0.068669,0.069298,1847.091,183.3657,1764.0,1287.0684,1764.0
1145,custom,resnet34,13,4352,128,4,4,1.105319,63.28125,93.75,0.000567,0.068421,0.068989,1855.3775,183.3657,1764.0,1287.0684,1764.0
1145,custom,resnet34,13,4353,128,4,4,1.299646,59.375,88.28125,0.00041,0.068904,0.069315,1846.6535,183.3657,1764.0,1287.0684,1764.0
1145,custom,resnet34,13,4354,128,4,4,1.378519,60.15625,89.84375,0.000144,0.068575,0.068719,1862.6491,183.3657,1764.0,1287.0684,1764.0
1145,custom,resnet34,13,4355,128,4,4,1.226809,59.375,91.40625,0.000219,0.068608,0.068827,1859.7426,183.3657,1764.0,1287.0684,1764.0
1145,custom,resnet34,13,4356,128,4,4,1.2652,60.9375,91.40625,0.000672,0.068753,0.069425,1843.7209,183.3657,1764.0,1287.0684,1764.0
1145,custom,resnet34,13,4357,128,4,4,1.340559,61.71875,89.84375,0.000209,0.068879,0.069087,1852.726,183.3657,1764.0,1287.0684,1764.0
1145,custom,resnet34,13,4358,128,4,4,1.146401,66.40625,90.625,0.000143,0.068597,0.06874,1862.0982,183.3657,1764.0,1287.0684,1764.0
1145,custom,resnet34,13,4359,128,4,4,1.373424,60.9375,87.5,0.000197,0.06863,0.068827,1859.7316,183.3657,1764.0,1287.0684,1764.0
1145,custom,resnet34,13,4360,128,4,4,1.065775,66.40625,93.75,0.000304,0.068571,0.068875,1858.4353,183.3657,1764.0,1287.0684,1764.0
1145,custom,resnet34,13,4361,128,4,4,1.562667,50.78125,85.9375,0.000347,0.069033,0.06938,1844.9208,183.3657,1764.0,1287.0684,1764.0
1145,custom,resnet34,13,4362,128,4,4,1.128762,70.3125,91.40625,0.000131,0.068878,0.069009,1854.8282,183.3657,1764.0,1287.0684,1764.0
1145,custom,resnet34,13,4363,128,4,4,1.336406,64.84375,88.28125,0.000414,0.068851,0.069265,1847.9813,183.3657,1764.0,1287.0684,1764.0
1145,custom,resnet34,13,4364,128,4,4,1.368189,57.8125,89.84375,0.000126,0.068602,0.068727,1862.4279,183.3657,1764.0,1287.0684,1764.0
1145,custom,resnet34,13,4365,128,4,4,1.289159,63.28125,90.625,0.000149,0.069,0.069149,1851.0735,183.3657,1764.0,1287.0684,1764.0
1145,custom,resnet34,13,4366,128,4,4,1.200745,64.0625,89.84375,0.000183,0.068547,0.068729,1862.3746,183.3657,1764.0,1287.0684,1764.0
1145,custom,resnet34,13,4367,128,4,4,1.308579,62.5,88.28125,0.000194,0.068519,0.068714,1862.8048,183.3657,1764.0,1287.0684,1764.0
1145,custom,resnet34,13,4368,128,4,4,1.341529,60.9375,87.5,0.000465,0.068582,0.069046,1853.832,183.3657,1764.0,1287.0684,1764.0
1145,custom,resnet34,13,4369,128,4,4,1.37649,53.90625,89.84375,0.000118,0.068849,0.068967,1855.9511,183.3657,1764.0,1287.0684,1764.0
1145,custom,resnet34,13,4370,128,4,4,1.311833,59.375,89.84375,0.000479,0.068602,0.069081,1852.9002,183.3657,1764.0,1287.0684,1764.0
1145,custom,resnet34,13,4371,128,4,4,1.238918,65.625,91.40625,0.000387,0.068545,0.068932,1856.894,183.3657,1764.0,1287.0684,1764.0
1145,custom,resnet34,13,4372,128,4,4,1.225255,70.3125,90.625,0.000289,0.068513,0.068802,1860.4161,183.3657,1764.0,1287.0684,1764.0
1145,custom,resnet34,13,4373,128,4,4,1.164287,64.84375,92.96875,0.000526,0.069036,0.069561,1840.1037,183.3657,1764.0,1287.0684,1764.0
1145,custom,resnet34,13,4374,128,4,4,1.476091,60.9375,86.71875,0.000129,0.06853,0.068658,1864.3031,183.3657,1764.0,1287.0684,1764.0
1145,custom,resnet34,13,4375,128,4,4,1.204892,64.84375,95.3125,0.000608,0.068567,0.069176,1850.3587,183.3657,1764.0,1287.0684,1764.0
1145,custom,resnet34,13,4376,128,4,4,1.05887,70.3125,92.96875,0.00065,0.068694,0.069343,1845.8891,183.3657,1764.0,1287.0684,1764.0
1145,custom,resnet34,13,4377,128,4,4,1.13065,68.75,88.28125,0.000128,0.068979,0.069107,1852.203,183.3657,1764.0,1287.0684,1764.0
1145,custom,resnet34,13,4378,128,4,4,1.47155,58.59375,85.9375,0.000368,0.068698,0.069066,1853.2967,183.3657,1764.0,1287.0684,1764.0
1145,custom,resnet34,13,4379,128,4,4,1.276398,68.75,85.9375,0.000132,0.068569,0.0687,1863.1611,183.3657,1764.0,1287.0684,1764.0
1145,custom,resnet34,13,4380,128,4,4,1.425651,59.375,86.71875,0.000306,0.068572,0.068878,1858.3716,183.3657,1764.0,1287.0684,1764.0
1145,custom,resnet34,13,4381,128,4,4,1.329299,61.71875,87.5,0.000408,0.068839,0.069247,1848.4525,183.3657,1764.0,1287.0684,1764.0
1145,custom,resnet34,13,4382,128,4,4,1.256216,64.84375,91.40625,0.000352,0.068828,0.06918,1850.2347,183.3657,1764.0,1287.0684,1764.0
1145,custom,resnet34,13,4383,128,4,4,1.153431,67.96875,91.40625,0.000171,0.068479,0.06865,1864.5381,183.3657,1764.0,1287.0684,1764.0
1145,custom,resnet34,13,4384,128,4,4,1.103449,70.3125,87.5,0.00084,0.071625,0.072465,1766.3672,183.3657,1764.0,1287.0684,1764.0
1145,custom,resnet34,13,4385,128,4,4,1.378036,58.59375,88.28125,0.000126,0.068889,0.069015,1854.6589,183.3657,1764.0,1287.0684,1764.0
1145,custom,resnet34,13,4386,128,4,4,1.19637,68.75,91.40625,0.000125,0.068417,0.068542,1867.4569,183.3657,1764.0,1287.0684,1764.0
1145,custom,resnet34,13,4387,128,4,4,1.437151,60.9375,88.28125,0.000389,0.068758,0.069146,1851.1448,183.3657,1764.0,1287.0684,1764.0
1145,custom,resnet34,13,4388,128,4,4,1.580664,53.90625,87.5,0.000288,0.071696,0.071984,1778.1686,183.3657,1764.0,1287.0684,1764.0
1145,custom,resnet34,13,4389,128,4,4,1.433982,56.25,89.84375,0.000124,0.069191,0.069315,1846.6295,183.3657,1764.0,1287.0684,1764.0
1145,custom,resnet34,13,4390,128,4,4,1.184524,66.40625,91.40625,0.000129,0.068575,0.068704,1863.0719,183.3657,1764.0,1287.0684,1764.0
1145,custom,resnet34,13,4391,128,4,4,1.381126,58.59375,91.40625,0.000635,0.068707,0.069342,1845.9285,183.3657,1764.0,1287.0684,1764.0
1145,custom,resnet34,13,4392,128,4,4,1.199528,68.75,92.1875,0.000209,0.068776,0.068985,1855.4695,183.3657,1764.0,1287.0684,1764.0
1145,custom,resnet34,13,4393,128,4,4,1.565909,55.46875,85.15625,0.000126,0.069022,0.069147,1851.1186,183.3657,1764.0,1287.0684,1764.0
1145,custom,resnet34,13,4394,128,4,4,1.258142,64.84375,91.40625,0.001081,0.068923,0.070003,1828.4814,183.3657,1764.0,1287.0684,1764.0
1145,custom,resnet34,13,4395,128,4,4,1.363349,60.15625,86.71875,0.000676,0.068629,0.069305,1846.9073,183.3657,1764.0,1287.0684,1764.0
1145,custom,resnet34,13,4396,128,4,4,1.158143,67.1875,94.53125,0.000211,0.068511,0.068722,1862.5722,183.3657,1764.0,1287.0684,1764.0
1145,custom,resnet34,13,4397,128,4,4,1.330279,58.59375,86.71875,0.000251,0.068966,0.069218,1849.2403,183.3657,1764.0,1287.0684,1764.0
1145,custom,resnet34,13,4398,128,4,4,1.203961,67.1875,91.40625,0.000371,0.068734,0.069104,1852.2723,183.3657,1764.0,1287.0684,1764.0
1145,custom,resnet34,13,4399,128,4,4,1.403349,61.71875,84.375,0.000278,0.068405,0.068682,1863.656,183.3657,1764.0,1287.0684,1764.0
1145,custom,resnet34,13,4400,128,4,4,1.316072,67.96875,89.84375,0.000192,0.068472,0.068664,1864.1624,183.3657,1764.0,1287.0684,1764.0
1145,custom,resnet34,13,4401,128,4,4,1.240416,60.15625,89.84375,0.000124,0.06902,0.069144,1851.1959,183.3657,1764.0,1287.0684,1764.0
1145,custom,resnet34,13,4402,128,4,4,1.353326,61.71875,89.84375,0.000123,0.068558,0.068681,1863.6834,183.3657,1764.0,1287.0684,1764.0
1145,custom,resnet34,13,4403,128,4,4,1.161903,65.625,92.1875,0.000205,0.068536,0.068741,1862.0698,183.3657,1764.0,1287.0684,1764.0
1145,custom,resnet34,13,4404,128,4,4,1.144888,61.71875,91.40625,0.000294,0.068449,0.068743,1862.0173,183.3657,1764.0,1287.0684,1764.0
1145,custom,resnet34,13,4405,128,4,4,1.361609,62.5,88.28125,0.000379,0.068807,0.069186,1850.0751,183.3657,1764.0,1287.0684,1764.0
1145,custom,resnet34,13,4406,128,4,4,1.31954,64.0625,87.5,0.000128,0.068714,0.068841,1859.3509,183.3657,1764.0,1287.0684,1764.0
1145,custom,resnet34,13,4407,128,4,4,1.199044,64.84375,92.1875,0.000286,0.07198,0.072266,1771.2408,183.3657,1764.0,1287.0684,1764.0
1145,custom,resnet34,13,4408,128,4,4,1.258048,60.15625,91.40625,0.000321,0.068589,0.068909,1857.511,183.3657,1764.0,1287.0684,1764.0
1145,custom,resnet34,13,4409,128,4,4,1.177604,64.84375,92.1875,0.00033,0.069155,0.069485,1842.1297,183.3657,1764.0,1287.0684,1764.0
1145,custom,resnet34,13,4410,128,4,4,1.428724,66.40625,85.15625,0.000367,0.068584,0.068951,1856.4011,183.3657,1764.0,1287.0684,1764.0
1145,custom,resnet34,13,4411,128,4,4,1.399691,57.03125,89.84375,0.000524,0.06852,0.069044,1853.8802,183.3657,1764.0,1287.0684,1764.0
1145,custom,resnet34,13,4412,128,4,4,1.541333,57.03125,84.375,0.000195,0.068579,0.068774,1861.1714,183.3657,1764.0,1287.0684,1764.0
1145,custom,resnet34,13,4413,128,4,4,1.271134,63.28125,92.1875,0.000126,0.068679,0.068805,1860.3282,183.3657,1764.0,1287.0684,1764.0
1145,custom,resnet34,13,4414,128,4,4,1.352935,64.0625,86.71875,0.000125,0.068631,0.068755,1861.6792,183.3657,1764.0,1287.0684,1764.0
1145,custom,resnet34,13,4415,128,4,4,1.35042,57.03125,88.28125,0.000188,0.068497,0.068685,1863.5906,183.3657,1764.0,1287.0684,1764.0
1145,custom,resnet34,13,4416,128,4,4,1.518973,56.25,87.5,0.000202,0.068527,0.068729,1862.3924,183.3657,1764.0,1287.0684,1764.0
1145,custom,resnet34,13,4417,128,4,4,1.378288,64.0625,85.15625,0.000335,0.068908,0.069242,1848.5848,183.3657,1764.0,1287.0684,1764.0
1145,custom,resnet34,13,4418,128,4,4,1.265663,62.5,92.1875,0.000373,0.068671,0.069044,1853.8972,183.3657,1764.0,1287.0684,1764.0
1145,custom,resnet34,13,4419,128,4,4,1.376838,59.375,88.28125,0.000153,0.068611,0.068764,1861.4449,183.3657,1764.0,1287.0684,1764.0
1145,custom,resnet34,13,4420,128,4,4,1.246207,62.5,89.0625,0.00019,0.068705,0.068896,1857.8861,183.3657,1764.0,1287.0684,1764.0
1145,custom,resnet34,13,4421,128,4,4,1.458386,54.6875,84.375,0.000509,0.068973,0.069482,1842.2009,183.3657,1764.0,1287.0684,1764.0
1145,custom,resnet34,13,4422,128,4,4,1.128125,68.75,91.40625,0.000135,0.068533,0.068667,1864.0655,183.3657,1764.0,1287.0684,1764.0
1145,custom,resnet34,13,4423,128,4,4,1.310377,61.71875,90.625,0.000825,0.068509,0.069334,1846.1423,183.3657,1764.0,1287.0684,1764.0
1145,custom,resnet34,13,4424,128,4,4,1.602856,55.46875,83.59375,0.000116,0.068534,0.06865,1864.5345,183.3657,1764.0,1287.0684,1764.0
1145,custom,resnet34,13,4425,128,4,4,1.082024,69.53125,93.75,0.000128,0.06914,0.069268,1847.907,183.3657,1764.0,1287.0684,1764.0
1145,custom,resnet34,13,4426,128,4,4,1.352198,64.84375,90.625,0.000126,0.068646,0.068772,1861.2144,183.3657,1764.0,1287.0684,1764.0
1145,custom,resnet34,13,4427,128,4,4,1.344639,62.5,89.84375,0.000445,0.068722,0.069167,1850.6004,183.3657,1764.0,1287.0684,1764.0
1145,custom,resnet34,13,4428,128,4,4,1.524423,60.15625,86.71875,0.000196,0.068663,0.068858,1858.8918,183.3657,1764.0,1287.0684,1764.0
1145,custom,resnet34,13,4429,128,4,4,1.42529,60.9375,92.1875,0.000368,0.068981,0.06935,1845.7163,183.3657,1764.0,1287.0684,1764.0
1145,custom,resnet34,13,4430,128,4,4,1.510914,57.03125,86.71875,0.00035,0.068579,0.06893,1856.9627,183.3657,1764.0,1287.0684,1764.0
1145,custom,resnet34,13,4431,128,4,4,1.185341,67.1875,88.28125,0.000475,0.068642,0.069117,1851.9273,183.3657,1764.0,1287.0684,1764.0
1145,custom,resnet34,13,4432,128,4,4,1.323999,62.5,89.0625,0.00019,0.068444,0.068634,1864.9747,183.3657,1764.0,1287.0684,1764.0
1145,custom,resnet34,13,4433,128,4,4,1.402017,63.28125,88.28125,0.000122,0.068851,0.068973,1855.8005,183.3657,1764.0,1287.0684,1764.0
1145,custom,resnet34,13,4434,128,4,4,1.285706,63.28125,89.0625,0.000472,0.068567,0.069038,1854.0438,183.3657,1764.0,1287.0684,1764.0
1145,custom,resnet34,13,4435,128,4,4,1.404233,61.71875,89.84375,0.000411,0.068672,0.069083,1852.8429,183.3657,1764.0,1287.0684,1764.0
1145,custom,resnet34,13,4436,128,4,4,1.258123,66.40625,91.40625,0.000412,0.068554,0.068965,1856.0059,183.3657,1764.0,1287.0684,1764.0
1145,custom,resnet34,13,4437,128,4,4,1.187394,66.40625,91.40625,0.000133,0.069216,0.06935,1845.7208,183.3657,1764.0,1287.0684,1764.0
1145,custom,resnet34,13,4438,128,4,4,1.49255,59.375,86.71875,0.000366,0.06869,0.069056,1853.57,183.3657,1764.0,1287.0684,1764.0
1145,custom,resnet34,13,4439,128,4,4,1.445601,59.375,88.28125,0.000402,0.068633,0.069034,1854.1528,183.3657,1764.0,1287.0684,1764.0
1145,custom,resnet34,13,4440,128,4,4,1.299705,64.0625,88.28125,0.000194,0.068546,0.06874,1862.0838,183.3657,1764.0,1287.0684,1764.0
1145,custom,resnet34,13,4441,128,4,4,1.557751,53.125,89.84375,0.000171,0.068936,0.069106,1852.217,183.3657,1764.0,1287.0684,1764.0
1145,custom,resnet34,13,4442,128,4,4,1.184089,67.1875,89.0625,0.000126,0.06844,0.068566,1866.8141,183.3657,1764.0,1287.0684,1764.0
1145,custom,resnet34,13,4443,128,4,4,1.353521,64.0625,90.625,0.00041,0.068634,0.069044,1853.8833,183.3657,1764.0,1287.0684,1764.0
1145,custom,resnet34,13,4444,128,4,4,1.365182,65.625,87.5,0.000198,0.068606,0.068804,1860.3505,183.3657,1764.0,1287.0684,1764.0
1145,custom,resnet34,13,4445,128,4,4,1.205038,68.75,89.84375,0.000376,0.069059,0.069435,1843.453,183.3657,1764.0,1287.0684,1764.0
1145,custom,resnet34,13,4446,128,4,4,1.337649,62.5,89.0625,0.000122,0.068616,0.068738,1862.1432,183.3657,1764.0,1287.0684,1764.0
1145,custom,resnet34,13,4447,128,4,4,1.439036,61.71875,87.5,0.000812,0.068631,0.069443,1843.2439,183.3657,1764.0,1287.0684,1764.0
1145,custom,resnet34,13,4448,128,4,4,1.187645,62.5,95.3125,0.00021,0.068481,0.068692,1863.401,183.3657,1764.0,1287.0684,1764.0
1145,custom,resnet34,13,4449,128,4,4,1.445465,58.59375,84.375,0.000126,0.068907,0.069033,1854.1827,183.3657,1764.0,1287.0684,1764.0
1145,custom,resnet34,13,4450,128,4,4,1.459885,57.03125,86.71875,0.00073,0.068875,0.069605,1838.9508,183.3657,1764.0,1287.0684,1764.0
1145,custom,resnet34,13,4451,128,4,4,1.313901,64.0625,88.28125,0.00042,0.068698,0.069117,1851.9277,183.3657,1764.0,1287.0684,1764.0
1145,custom,resnet34,13,4452,128,4,4,1.243436,60.9375,91.40625,0.000195,0.068474,0.068668,1864.037,183.3657,1764.0,1287.0684,1764.0
1145,custom,resnet34,13,4453,128,4,4,1.318186,59.375,92.1875,0.000365,0.068936,0.069301,1847.0269,183.3657,1764.0,1287.0684,1764.0
1145,custom,resnet34,13,4454,128,4,4,1.267051,69.53125,90.625,0.000386,0.068605,0.068991,1855.3269,183.3657,1764.0,1287.0684,1764.0
1145,custom,resnet34,13,4455,128,4,4,1.251221,65.625,92.1875,0.000239,0.068678,0.068917,1857.2993,183.3657,1764.0,1287.0684,1764.0
1145,custom,resnet34,13,4456,128,4,4,1.332038,61.71875,87.5,0.00036,0.06841,0.06877,1861.2669,183.3657,1764.0,1287.0684,1764.0
1145,custom,resnet34,13,4457,128,4,4,1.388357,59.375,89.84375,0.000343,0.069033,0.069375,1845.034,183.3657,1764.0,1287.0684,1764.0
1145,custom,resnet34,13,4458,128,4,4,1.460301,56.25,85.9375,0.000249,0.06847,0.068719,1862.6633,183.3657,1764.0,1287.0684,1764.0
1145,custom,resnet34,13,4459,128,4,4,1.457088,59.375,84.375,0.000131,0.068557,0.068688,1863.4977,183.3657,1764.0,1287.0684,1764.0
1145,custom,resnet34,13,4460,128,4,4,1.512107,62.5,89.0625,0.00043,0.068578,0.069008,1854.8692,183.3657,1764.0,1287.0684,1764.0
1145,custom,resnet34,13,4461,128,4,4,1.236345,60.15625,92.1875,0.000359,0.068995,0.069353,1845.6177,183.3657,1764.0,1287.0684,1764.0
1145,custom,resnet34,13,4462,128,4,4,1.178365,69.53125,89.84375,0.000507,0.068367,0.068874,1858.4658,183.3657,1764.0,1287.0684,1764.0
1145,custom,resnet34,13,4463,128,4,4,1.168427,67.96875,87.5,0.000615,0.068872,0.069487,1842.0773,183.3657,1764.0,1287.0684,1764.0
1145,custom,resnet34,13,4464,128,4,4,1.407277,59.375,88.28125,0.00055,0.06852,0.06907,1853.1871,183.3657,1764.0,1287.0684,1764.0
1145,custom,resnet34,13,4465,128,4,4,1.266876,62.5,89.0625,0.000151,0.069219,0.06937,1845.1768,183.3657,1764.0,1287.0684,1764.0
1145,custom,resnet34,13,4466,128,4,4,1.378343,60.9375,89.0625,0.000136,0.068483,0.068619,1865.3669,183.3657,1764.0,1287.0684,1764.0
1145,custom,resnet34,13,4467,128,4,4,1.201939,63.28125,91.40625,0.000324,0.068474,0.068798,1860.508,183.3657,1764.0,1287.0684,1764.0
1145,custom,resnet34,13,4468,128,4,4,1.141068,70.3125,92.1875,0.000418,0.06835,0.068768,1861.3286,183.3657,1764.0,1287.0684,1764.0
1145,custom,resnet34,13,4469,128,4,4,1.317806,64.0625,86.71875,0.000122,0.068902,0.069025,1854.4114,183.3657,1764.0,1287.0684,1764.0
1145,custom,resnet34,13,4470,128,4,4,1.268311,60.9375,91.40625,0.000144,0.068374,0.068518,1868.1304,183.3657,1764.0,1287.0684,1764.0
1145,custom,resnet34,13,4471,128,4,4,1.402031,57.03125,85.9375,0.000293,0.068407,0.0687,1863.1832,183.3657,1764.0,1287.0684,1764.0
1145,custom,resnet34,13,4472,128,4,4,1.129401,66.40625,92.1875,0.000191,0.068598,0.068789,1860.7744,183.3657,1764.0,1287.0684,1764.0
1145,custom,resnet34,13,4473,128,4,4,1.496121,50.78125,88.28125,0.000236,0.068818,0.069054,1853.6343,183.3657,1764.0,1287.0684,1764.0
1145,custom,resnet34,13,4474,128,4,4,1.195834,67.1875,87.5,0.000354,0.068747,0.069101,1852.3543,183.3657,1764.0,1287.0684,1764.0
1145,custom,resnet34,13,4475,128,4,4,1.007138,72.65625,91.40625,0.000399,0.068871,0.06927,1847.8454,183.3657,1764.0,1287.0684,1764.0
1145,custom,resnet34,13,4476,128,4,4,1.216587,60.9375,90.625,0.000299,0.068529,0.068828,1859.7134,183.3657,1764.0,1287.0684,1764.0
1145,custom,resnet34,13,4477,128,4,4,1.052603,71.875,90.625,0.000367,0.06901,0.069377,1844.9842,183.3657,1764.0,1287.0684,1764.0
1145,custom,resnet34,13,4478,128,4,4,1.254385,68.75,89.0625,0.000122,0.06854,0.068662,1864.2025,183.3657,1764.0,1287.0684,1764.0
1145,custom,resnet34,13,4479,128,4,4,1.272288,64.84375,89.84375,0.000381,0.068542,0.068923,1857.1547,183.3657,1764.0,1287.0684,1764.0
1145,custom,resnet34,13,4480,128,4,4,1.256315,66.40625,89.0625,0.000452,0.068787,0.069239,1848.6771,183.3657,1764.0,1287.0684,1764.0
1145,custom,resnet34,13,4481,128,4,4,1.399137,60.9375,85.9375,0.000104,0.06893,0.069034,1854.159,183.3657,1764.0,1287.0684,1764.0
1145,custom,resnet34,13,4482,128,4,4,1.605512,52.34375,82.8125,0.000378,0.068584,0.068962,1856.1033,183.3657,1764.0,1287.0684,1764.0
1145,custom,resnet34,13,4483,128,4,4,1.315882,64.0625,88.28125,0.000278,0.06858,0.068859,1858.8817,183.3657,1764.0,1287.0684,1764.0
1145,custom,resnet34,13,4484,128,4,4,1.458596,60.9375,83.59375,0.000209,0.068616,0.068825,1859.782,183.3657,1764.0,1287.0684,1764.0
1145,custom,resnet34,13,4485,128,4,4,1.443077,60.15625,85.9375,0.000946,0.06912,0.070066,1826.8572,183.3657,1764.0,1287.0684,1764.0
1145,custom,resnet34,13,4486,128,4,4,1.37671,60.15625,87.5,0.000431,0.068848,0.069279,1847.5947,183.3657,1764.0,1287.0684,1764.0
1145,custom,resnet34,13,4487,128,4,4,1.236136,59.375,90.625,0.00031,0.06857,0.06888,1858.2928,183.3657,1764.0,1287.0684,1764.0
1145,custom,resnet34,13,4488,128,4,4,1.344242,59.375,87.5,0.000217,0.068539,0.068757,1861.6343,183.3657,1764.0,1287.0684,1764.0
1145,custom,resnet34,13,4489,128,4,4,1.403269,67.1875,85.9375,0.000198,0.069197,0.069395,1844.5089,183.3657,1764.0,1287.0684,1764.0
1145,custom,resnet34,13,4490,128,4,4,1.178594,66.40625,91.40625,0.000382,0.068628,0.06901,1854.7927,183.3657,1764.0,1287.0684,1764.0
1145,custom,resnet34,13,4491,128,4,4,1.202774,64.84375,90.625,0.000374,0.068576,0.06895,1856.4226,183.3657,1764.0,1287.0684,1764.0
1145,custom,resnet34,13,4492,128,4,4,1.17463,66.40625,91.40625,0.00064,0.068489,0.069129,1851.6152,183.3657,1764.0,1287.0684,1764.0
1145,custom,resnet34,13,4493,128,4,4,1.206875,68.75,94.53125,0.000367,0.069033,0.0694,1844.3791,183.3657,1764.0,1287.0684,1764.0
1145,custom,resnet34,13,4494,128,4,4,1.273197,65.625,91.40625,0.000218,0.068662,0.06888,1858.2916,183.3657,1764.0,1287.0684,1764.0
1145,custom,resnet34,13,4495,128,4,4,1.158837,63.28125,90.625,0.000194,0.068531,0.068725,1862.4914,183.3657,1764.0,1287.0684,1764.0
1145,custom,resnet34,13,4496,128,4,4,1.337873,60.9375,89.0625,0.000197,0.069061,0.069258,1848.1546,183.3657,1764.0,1287.0684,1764.0
1145,custom,resnet34,13,4497,128,4,4,1.50596,55.46875,88.28125,0.000183,0.069184,0.069367,1845.256,183.3657,1764.0,1287.0684,1764.0
1145,custom,resnet34,13,4498,128,4,4,1.206733,66.40625,92.96875,0.000881,0.068851,0.069732,1835.5909,183.3657,1764.0,1287.0684,1764.0
1145,custom,resnet34,13,4499,128,4,4,1.302572,64.84375,89.0625,0.00029,0.068649,0.068939,1856.7148,183.3657,1764.0,1287.0684,1764.0
1145,custom,resnet34,13,4500,128,4,4,1.291206,61.71875,91.40625,0.000192,0.068418,0.06861,1865.6228,183.3657,1764.0,1287.0684,1764.0
1145,custom,resnet34,13,4501,128,4,4,1.306672,61.71875,89.84375,0.000509,0.068935,0.069444,1843.2047,183.3657,1764.0,1287.0684,1764.0
1145,custom,resnet34,13,4502,128,4,4,1.201509,64.84375,91.40625,0.000125,0.068472,0.068597,1865.9672,183.3657,1764.0,1287.0684,1764.0
1145,custom,resnet34,13,4503,128,4,4,1.305613,61.71875,89.0625,0.000358,0.068563,0.068921,1857.209,183.3657,1764.0,1287.0684,1764.0
1145,custom,resnet34,13,4504,128,4,4,1.246925,63.28125,89.84375,0.000206,0.06852,0.068726,1862.4648,183.3657,1764.0,1287.0684,1764.0
1145,custom,resnet34,13,4505,128,4,4,1.490826,52.34375,88.28125,0.000354,0.069128,0.069482,1842.196,183.3657,1764.0,1287.0684,1764.0
1145,custom,resnet34,13,4506,128,4,4,1.342858,57.03125,87.5,0.000224,0.068688,0.068912,1857.4404,183.3657,1764.0,1287.0684,1764.0
1145,custom,resnet34,13,4507,128,4,4,1.411241,57.8125,89.0625,0.00037,0.068581,0.068951,1856.3782,183.3657,1764.0,1287.0684,1764.0
1145,custom,resnet34,13,4508,128,4,4,1.375287,58.59375,89.0625,0.000191,0.068654,0.068846,1859.2343,183.3657,1764.0,1287.0684,1764.0
1145,custom,resnet34,13,4509,128,4,4,1.333943,56.25,91.40625,0.001123,0.068698,0.069822,1833.2441,183.3657,1764.0,1287.0684,1764.0
1145,custom,resnet34,13,4510,128,4,4,1.579494,55.46875,80.46875,0.000455,0.06874,0.069195,1849.8313,183.3657,1764.0,1287.0684,1764.0
1145,custom,resnet34,13,4511,128,4,4,1.409297,58.59375,83.59375,0.000312,0.068833,0.069145,1851.1754,183.3657,1764.0,1287.0684,1764.0
1145,custom,resnet34,13,4512,128,4,4,1.365642,57.03125,89.84375,0.000206,0.06879,0.068997,1855.1629,183.3657,1764.0,1287.0684,1764.0
1145,custom,resnet34,13,4513,128,4,4,1.215918,68.75,87.5,0.000356,0.069137,0.069492,1841.928,183.3657,1764.0,1287.0684,1764.0
1145,custom,resnet34,13,4514,128,4,4,1.170531,62.5,92.1875,0.00012,0.068558,0.068678,1863.768,183.3657,1764.0,1287.0684,1764.0
1145,custom,resnet34,13,4515,128,4,4,1.417463,57.03125,85.15625,0.000667,0.068597,0.069264,1847.9986,183.3657,1764.0,1287.0684,1764.0
1145,custom,resnet34,13,4516,128,4,4,1.269489,63.28125,89.0625,0.000189,0.068571,0.06876,1861.5368,183.3657,1764.0,1287.0684,1764.0
1145,custom,resnet34,13,4517,128,4,4,1.301109,64.0625,87.5,0.000362,0.068931,0.069294,1847.2085,183.3657,1764.0,1287.0684,1764.0
1145,custom,resnet34,13,4518,128,4,4,1.27791,60.15625,90.625,0.000123,0.068628,0.068751,1861.7993,183.3657,1764.0,1287.0684,1764.0
1145,custom,resnet34,13,4519,128,4,4,1.283789,65.625,89.0625,0.000405,0.068735,0.069139,1851.3374,183.3657,1764.0,1287.0684,1764.0
1145,custom,resnet34,13,4520,128,4,4,1.429586,57.03125,88.28125,0.000646,0.068495,0.069141,1851.3003,183.3657,1764.0,1287.0684,1764.0
1145,custom,resnet34,13,4521,128,4,4,1.590964,50.78125,87.5,0.00013,0.068877,0.069008,1854.8639,183.3657,1764.0,1287.0684,1764.0
1145,custom,resnet34,13,4522,128,4,4,1.185811,64.84375,92.96875,0.000131,0.068689,0.068819,1859.9409,183.3657,1764.0,1287.0684,1764.0
1145,custom,resnet34,13,4523,128,4,4,1.162877,63.28125,92.96875,0.000426,0.068798,0.069224,1849.067,183.3657,1764.0,1287.0684,1764.0
1145,custom,resnet34,13,4524,128,4,4,1.359176,64.0625,89.84375,0.000182,0.068638,0.06882,1859.9358,183.3657,1764.0,1287.0684,1764.0
1145,custom,resnet34,13,4525,128,4,4,1.40329,59.375,87.5,0.000217,0.068935,0.069152,1851.0028,183.3657,1764.0,1287.0684,1764.0
1145,custom,resnet34,13,4526,128,4,4,1.303316,62.5,92.96875,0.000365,0.06892,0.069286,1847.4259,183.3657,1764.0,1287.0684,1764.0
1145,custom,resnet34,13,4527,128,4,4,1.440717,58.59375,83.59375,0.000406,0.068966,0.069372,1845.1253,183.3657,1764.0,1287.0684,1764.0
1145,custom,resnet34,13,4528,128,4,4,1.280913,64.0625,89.84375,0.000282,0.072306,0.072588,1763.3754,183.3657,1764.0,1287.0684,1764.0
1145,custom,resnet34,13,4529,128,4,4,1.260752,67.1875,86.71875,0.000518,0.069053,0.06957,1839.8611,183.3657,1764.0,1287.0684,1764.0
1145,custom,resnet34,13,4530,128,4,4,1.413817,58.59375,89.0625,0.000122,0.068736,0.068858,1858.9004,183.3657,1764.0,1287.0684,1764.0
1145,custom,resnet34,13,4531,128,4,4,1.403124,59.375,90.625,0.000383,0.0688,0.069183,1850.1586,183.3657,1764.0,1287.0684,1764.0
1145,custom,resnet34,13,4532,128,4,4,1.369546,60.9375,88.28125,0.000196,0.068651,0.068847,1859.1863,183.3657,1764.0,1287.0684,1764.0
1145,custom,resnet34,13,4533,128,4,4,1.220873,64.0625,93.75,0.000126,0.068875,0.069001,1855.0408,183.3657,1764.0,1287.0684,1764.0
1145,custom,resnet34,13,4534,128,4,4,1.413271,60.9375,85.15625,0.000344,0.068664,0.069008,1854.8504,183.3657,1764.0,1287.0684,1764.0
1145,custom,resnet34,13,4535,128,4,4,1.231298,64.0625,89.0625,0.000469,0.068609,0.069078,1852.9789,183.3657,1764.0,1287.0684,1764.0
1145,custom,resnet34,13,4536,128,4,4,1.203896,66.40625,94.53125,0.000576,0.068711,0.069287,1847.3926,183.3657,1764.0,1287.0684,1764.0
1145,custom,resnet34,13,4537,128,4,4,1.405043,57.8125,92.96875,0.000125,0.069318,0.069443,1843.2393,183.3657,1764.0,1287.0684,1764.0
1145,custom,resnet34,13,4538,128,4,4,1.177011,71.875,90.625,0.000597,0.06868,0.069277,1847.6633,183.3657,1764.0,1287.0684,1764.0
1145,custom,resnet34,13,4539,128,4,4,1.186305,66.40625,90.625,0.000419,0.068558,0.068977,1855.6867,183.3657,1764.0,1287.0684,1764.0
1145,custom,resnet34,13,4540,128,4,4,1.290069,64.0625,90.625,0.000208,0.068506,0.068713,1862.8102,183.3657,1764.0,1287.0684,1764.0
1145,custom,resnet34,13,4541,128,4,4,1.352118,65.625,89.0625,0.000125,0.069011,0.069137,1851.4041,183.3657,1764.0,1287.0684,1764.0
1145,custom,resnet34,13,4542,128,4,4,1.445577,64.0625,86.71875,0.000223,0.068767,0.06899,1855.338,183.3657,1764.0,1287.0684,1764.0
1145,custom,resnet34,13,4543,128,4,4,1.400989,60.9375,89.0625,0.000338,0.07254,0.072878,1756.3664,183.3657,1764.0,1287.0684,1764.0
1145,custom,resnet34,13,4544,128,4,4,1.429119,61.71875,84.375,0.000518,0.068901,0.069419,1843.8705,183.3657,1764.0,1287.0684,1764.0
1145,custom,resnet34,13,4545,128,4,4,1.295068,57.8125,92.1875,0.000258,0.069327,0.069586,1839.4548,183.3657,1764.0,1287.0684,1764.0
1145,custom,resnet34,13,4546,128,4,4,1.256759,62.5,92.1875,0.00013,0.06862,0.06875,1861.8142,183.3657,1764.0,1287.0684,1764.0
1145,custom,resnet34,13,4547,128,4,4,1.156333,65.625,90.625,0.000649,0.068622,0.06927,1847.8345,183.3657,1764.0,1287.0684,1764.0
1145,custom,resnet34,13,4548,128,4,4,1.347548,65.625,88.28125,0.00029,0.068737,0.069027,1854.3538,183.3657,1764.0,1287.0684,1764.0
1145,custom,resnet34,13,4549,128,4,4,1.217724,64.0625,91.40625,0.000137,0.068905,0.069042,1853.9455,183.3657,1764.0,1287.0684,1764.0
1145,custom,resnet34,13,4550,128,4,4,1.364111,61.71875,89.84375,0.000136,0.068543,0.068679,1863.7375,183.3657,1764.0,1287.0684,1764.0
1145,custom,resnet34,13,4551,128,4,4,1.393144,54.6875,91.40625,0.000134,0.068587,0.068721,1862.5929,183.3657,1764.0,1287.0684,1764.0
1145,custom,resnet34,13,4552,128,4,4,1.424708,54.6875,87.5,0.000203,0.068586,0.068789,1860.7724,183.3657,1764.0,1287.0684,1764.0
1145,custom,resnet34,13,4553,128,4,4,1.35035,64.84375,85.9375,0.000124,0.068713,0.068837,1859.4657,183.3657,1764.0,1287.0684,1764.0
1145,custom,resnet34,13,4554,128,4,4,1.056879,68.75,92.1875,0.000132,0.068619,0.068751,1861.7777,183.3657,1764.0,1287.0684,1764.0
1145,custom,resnet34,13,4555,128,4,4,1.197811,64.84375,93.75,0.000194,0.068658,0.068852,1859.0652,183.3657,1764.0,1287.0684,1764.0
1145,custom,resnet34,13,4556,128,4,4,1.201265,66.40625,89.84375,0.000287,0.071956,0.072243,1771.8054,183.3657,1764.0,1287.0684,1764.0
1145,custom,resnet34,13,4557,128,4,4,1.556948,53.90625,86.71875,0.000125,0.068979,0.069104,1852.271,183.3657,1764.0,1287.0684,1764.0
1145,custom,resnet34,13,4558,128,4,4,1.347081,60.15625,89.0625,0.000537,0.068651,0.069188,1850.0438,183.3657,1764.0,1287.0684,1764.0
1145,custom,resnet34,13,4559,128,4,4,1.168905,68.75,88.28125,0.000403,0.068761,0.069164,1850.6661,183.3657,1764.0,1287.0684,1764.0
1145,custom,resnet34,13,4560,128,4,4,1.448667,57.8125,86.71875,0.000315,0.072471,0.072785,1758.5951,183.3657,1764.0,1287.0684,1764.0
1145,custom,resnet34,13,4561,128,4,4,1.087263,70.3125,91.40625,0.000116,0.06887,0.068986,1855.4406,183.3657,1764.0,1287.0684,1764.0
1145,custom,resnet34,13,4562,128,4,4,1.242333,66.40625,89.0625,0.000371,0.068213,0.068584,1866.3231,183.3657,1764.0,1287.0684,1764.0
1145,custom,resnet34,13,4563,128,4,4,1.24922,64.0625,91.40625,0.000482,0.068569,0.06905,1853.7187,183.3657,1764.0,1287.0684,1764.0
1145,custom,resnet34,13,4564,128,4,4,1.232925,62.5,91.40625,0.000675,0.068572,0.069247,1848.4544,183.3657,1764.0,1287.0684,1764.0
1145,custom,resnet34,13,4565,128,4,4,1.2544,64.0625,86.71875,0.000128,0.069234,0.069362,1845.395,183.3657,1764.0,1287.0684,1764.0
1145,custom,resnet34,13,4566,128,4,4,1.199166,64.0625,92.1875,0.000372,0.069008,0.069379,1844.9342,183.3657,1764.0,1287.0684,1764.0
1145,custom,resnet34,13,4567,128,4,4,1.505797,57.8125,82.03125,0.000399,0.068568,0.068967,1855.9568,183.3657,1764.0,1287.0684,1764.0
1145,custom,resnet34,13,4568,128,4,4,1.199745,65.625,91.40625,0.00314,0.072189,0.075328,1699.2329,183.3657,1764.0,1287.0684,1764.0
1145,custom,resnet34,13,4569,128,4,4,1.507223,56.25,89.0625,0.000204,0.068968,0.069172,1850.4576,183.3657,1764.0,1287.0684,1764.0
1145,custom,resnet34,13,4570,128,4,4,1.436545,56.25,88.28125,9.6e-05,0.068603,0.068699,1863.188,183.3657,1764.0,1287.0684,1764.0
1145,custom,resnet34,13,4571,128,4,4,1.30406,62.5,91.40625,0.000229,0.068697,0.068926,1857.066,183.3657,1764.0,1287.0684,1764.0
1145,custom,resnet34,13,4572,128,4,4,1.225911,64.84375,91.40625,0.000197,0.068724,0.068921,1857.1966,183.3657,1764.0,1287.0684,1764.0
1145,custom,resnet34,13,4573,128,4,4,1.224755,63.28125,89.84375,0.000214,0.069032,0.069245,1848.4962,183.3657,1764.0,1287.0684,1764.0
1145,custom,resnet34,13,4574,128,4,4,1.417889,60.9375,87.5,0.000495,0.068576,0.069071,1853.1635,183.3657,1764.0,1287.0684,1764.0
1145,custom,resnet34,13,4575,128,4,4,1.334097,61.71875,88.28125,0.000207,0.068597,0.068804,1860.3626,183.3657,1764.0,1287.0684,1764.0
1145,custom,resnet34,13,4576,128,4,4,1.514279,59.722222,84.722222,0.000223,0.038753,0.038976,1847.2921,182.1885,1764.0,1287.0684,1764.0
1145,custom,resnet34,14,4577,128,4,4,1.084043,67.1875,92.96875,0.092403,0.068948,0.161352,793.298,183.3657,1764.0,1287.0684,1764.0
1145,custom,resnet34,14,4578,128,4,4,1.129203,67.1875,89.84375,0.000199,0.069171,0.06937,1845.1662,183.3657,1764.0,1287.0684,1764.0
1145,custom,resnet34,14,4579,128,4,4,1.148724,65.625,92.1875,0.000179,0.068628,0.068808,1860.2568,183.3657,1764.0,1287.0684,1764.0
1145,custom,resnet34,14,4580,128,4,4,1.125854,65.625,90.625,0.000176,0.068639,0.068815,1860.0628,183.3657,1764.0,1287.0684,1764.0
1145,custom,resnet34,14,4581,128,4,4,1.206095,67.96875,90.625,0.000202,0.068688,0.06889,1858.0364,183.3657,1764.0,1287.0684,1764.0
1145,custom,resnet34,14,4582,128,4,4,1.175344,64.0625,91.40625,0.000978,0.070469,0.071447,1791.535,183.3657,1764.0,1287.0684,1764.0
1145,custom,resnet34,14,4583,128,4,4,1.241328,60.9375,90.625,0.000451,0.068637,0.069088,1852.7079,183.3657,1764.0,1287.0684,1764.0
1145,custom,resnet34,14,4584,128,4,4,1.311293,57.03125,90.625,0.000209,0.068726,0.068935,1856.8316,183.3657,1764.0,1287.0684,1764.0
1145,custom,resnet34,14,4585,128,4,4,1.125377,68.75,92.96875,0.000418,0.068668,0.069086,1852.7643,183.3657,1764.0,1287.0684,1764.0
1145,custom,resnet34,14,4586,128,4,4,1.017239,71.09375,91.40625,0.000858,0.068914,0.069773,1834.5263,183.3657,1764.0,1287.0684,1764.0
1145,custom,resnet34,14,4587,128,4,4,1.010493,74.21875,94.53125,0.000209,0.068495,0.068704,1863.0685,183.3657,1764.0,1287.0684,1764.0
1145,custom,resnet34,14,4588,128,4,4,1.318608,60.9375,89.0625,0.000287,0.070283,0.070569,1813.827,183.3657,1764.0,1287.0684,1764.0
1145,custom,resnet34,14,4589,128,4,4,1.070971,67.96875,92.96875,0.000118,0.068684,0.068801,1860.4253,183.3657,1764.0,1287.0684,1764.0
1145,custom,resnet34,14,4590,128,4,4,1.058627,64.84375,93.75,0.000606,0.06898,0.069587,1839.4348,183.3657,1764.0,1287.0684,1764.0
1145,custom,resnet34,14,4591,128,4,4,1.117624,67.96875,93.75,0.000193,0.068634,0.068827,1859.7332,183.3657,1764.0,1287.0684,1764.0
1145,custom,resnet34,14,4592,128,4,4,1.014683,75.78125,89.84375,0.001214,0.069131,0.070345,1819.6071,183.3657,1764.0,1287.0684,1764.0
1145,custom,resnet34,14,4593,128,4,4,1.112914,65.625,89.84375,0.000361,0.068636,0.068997,1855.1606,183.3657,1764.0,1287.0684,1764.0
1145,custom,resnet34,14,4594,128,4,4,0.972314,70.3125,92.96875,0.000673,0.068968,0.069641,1837.9931,183.3657,1764.0,1287.0684,1764.0
1145,custom,resnet34,14,4595,128,4,4,0.915279,76.5625,97.65625,0.000291,0.068557,0.068847,1859.1836,183.3657,1764.0,1287.0684,1764.0
1145,custom,resnet34,14,4596,128,4,4,1.071605,66.40625,94.53125,0.000209,0.068522,0.068731,1862.3194,183.3657,1764.0,1287.0684,1764.0
1145,custom,resnet34,14,4597,128,4,4,1.189179,67.96875,92.1875,0.000358,0.068786,0.069144,1851.2063,183.3657,1764.0,1287.0684,1764.0
1145,custom,resnet34,14,4598,128,4,4,1.139788,67.1875,90.625,0.000458,0.069006,0.069465,1842.6567,183.3657,1764.0,1287.0684,1764.0
1145,custom,resnet34,14,4599,128,4,4,1.122679,66.40625,92.96875,0.000198,0.06863,0.068828,1859.7024,183.3657,1764.0,1287.0684,1764.0
1145,custom,resnet34,14,4600,128,4,4,0.924254,73.4375,97.65625,0.000729,0.068532,0.069261,1848.0846,183.3657,1764.0,1287.0684,1764.0
1145,custom,resnet34,14,4601,128,4,4,1.019204,67.96875,94.53125,0.00043,0.068705,0.069135,1851.456,183.3657,1764.0,1287.0684,1764.0
1145,custom,resnet34,14,4602,128,4,4,1.280783,63.28125,90.625,0.000486,0.069025,0.069511,1841.4462,183.3657,1764.0,1287.0684,1764.0
1145,custom,resnet34,14,4603,128,4,4,0.977739,70.3125,94.53125,0.000208,0.068569,0.068777,1861.0924,183.3657,1764.0,1287.0684,1764.0
1145,custom,resnet34,14,4604,128,4,4,1.035402,67.96875,92.96875,0.000753,0.068641,0.069394,1844.5401,183.3657,1764.0,1287.0684,1764.0
1145,custom,resnet34,14,4605,128,4,4,1.177785,66.40625,93.75,0.00079,0.068879,0.069669,1837.2467,183.3657,1764.0,1287.0684,1764.0
1145,custom,resnet34,14,4606,128,4,4,1.129605,66.40625,89.84375,0.000359,0.072567,0.072926,1755.2002,183.3657,1764.0,1287.0684,1764.0
1145,custom,resnet34,14,4607,128,4,4,1.196631,64.0625,90.625,0.000206,0.068633,0.068839,1859.4206,183.3657,1764.0,1287.0684,1764.0
1145,custom,resnet34,14,4608,128,4,4,1.115134,62.5,93.75,0.000691,0.068524,0.069215,1849.3051,183.3657,1764.0,1287.0684,1764.0
1145,custom,resnet34,14,4609,128,4,4,0.888348,75.0,94.53125,0.00013,0.068666,0.068796,1860.5737,183.3657,1764.0,1287.0684,1764.0
1145,custom,resnet34,14,4610,128,4,4,1.082287,67.1875,95.3125,0.000326,0.072175,0.072501,1765.5044,183.3657,1764.0,1287.0684,1764.0
1145,custom,resnet34,14,4611,128,4,4,1.104021,68.75,92.96875,0.000683,0.068551,0.069234,1848.8042,183.3657,1764.0,1287.0684,1764.0
1145,custom,resnet34,14,4612,128,4,4,1.32361,60.15625,90.625,0.000464,0.068575,0.069039,1854.0247,183.3657,1764.0,1287.0684,1764.0
1145,custom,resnet34,14,4613,128,4,4,1.017608,65.625,90.625,0.000117,0.068568,0.068684,1863.5966,183.3657,1764.0,1287.0684,1764.0
1145,custom,resnet34,14,4614,128,4,4,1.148685,71.875,89.84375,0.000212,0.068907,0.069118,1851.9011,183.3657,1764.0,1287.0684,1764.0
1145,custom,resnet34,14,4615,128,4,4,1.081654,67.96875,92.1875,0.000342,0.068594,0.068936,1856.7886,183.3657,1764.0,1287.0684,1764.0
1145,custom,resnet34,14,4616,128,4,4,1.090797,67.96875,90.625,0.000532,0.06853,0.069062,1853.3953,183.3657,1764.0,1287.0684,1764.0
1145,custom,resnet34,14,4617,128,4,4,1.16143,63.28125,89.0625,0.000123,0.06865,0.068774,1861.1746,183.3657,1764.0,1287.0684,1764.0
1145,custom,resnet34,14,4618,128,4,4,1.21666,63.28125,90.625,0.000952,0.073355,0.074307,1722.5832,183.3657,1764.0,1287.0684,1764.0
1145,custom,resnet34,14,4619,128,4,4,1.171036,64.84375,90.625,0.000197,0.068542,0.068739,1862.1143,183.3657,1764.0,1287.0684,1764.0
1145,custom,resnet34,14,4620,128,4,4,0.828696,75.78125,96.09375,0.000642,0.068905,0.069547,1840.4692,183.3657,1764.0,1287.0684,1764.0
1145,custom,resnet34,14,4621,128,4,4,0.923136,71.875,95.3125,0.000117,0.068934,0.06905,1853.7219,183.3657,1764.0,1287.0684,1764.0
1145,custom,resnet34,14,4622,128,4,4,1.122721,62.5,90.625,0.000304,0.072267,0.072571,1763.7951,183.3657,1764.0,1287.0684,1764.0
1145,custom,resnet34,14,4623,128,4,4,1.105152,66.40625,93.75,0.00152,0.069182,0.070701,1810.4389,183.3657,1764.0,1287.0684,1764.0
1145,custom,resnet34,14,4624,128,4,4,0.994832,68.75,93.75,0.000547,0.068601,0.069148,1851.0953,183.3657,1764.0,1287.0684,1764.0
1145,custom,resnet34,14,4625,128,4,4,1.135285,68.75,89.0625,0.000133,0.068843,0.068976,1855.7176,183.3657,1764.0,1287.0684,1764.0
1145,custom,resnet34,14,4626,128,4,4,1.115462,63.28125,96.09375,0.000317,0.073714,0.074031,1729.0142,183.3657,1764.0,1287.0684,1764.0
1145,custom,resnet34,14,4627,128,4,4,1.366325,57.8125,91.40625,0.000765,0.068671,0.069436,1843.4264,183.3657,1764.0,1287.0684,1764.0
1145,custom,resnet34,14,4628,128,4,4,1.099469,68.75,93.75,0.000414,0.068584,0.068998,1855.1242,183.3657,1764.0,1287.0684,1764.0
1145,custom,resnet34,14,4629,128,4,4,1.071927,65.625,93.75,0.00012,0.068679,0.068799,1860.4832,183.3657,1764.0,1287.0684,1764.0
1145,custom,resnet34,14,4630,128,4,4,0.952602,75.78125,95.3125,0.000409,0.069019,0.069428,1843.6364,183.3657,1764.0,1287.0684,1764.0
1145,custom,resnet34,14,4631,128,4,4,1.133531,63.28125,92.96875,0.000192,0.068556,0.068749,1861.8567,183.3657,1764.0,1287.0684,1764.0
1145,custom,resnet34,14,4632,128,4,4,0.980872,69.53125,95.3125,0.000281,0.068607,0.068889,1858.0749,183.3657,1764.0,1287.0684,1764.0
1145,custom,resnet34,14,4633,128,4,4,1.070057,68.75,95.3125,0.000126,0.068715,0.068841,1859.3499,183.3657,1764.0,1287.0684,1764.0
1145,custom,resnet34,14,4634,128,4,4,1.095622,69.53125,93.75,0.000652,0.069152,0.069804,1833.6958,183.3657,1764.0,1287.0684,1764.0
1145,custom,resnet34,14,4635,128,4,4,1.107835,64.84375,96.875,0.000393,0.068546,0.068939,1856.726,183.3657,1764.0,1287.0684,1764.0
1145,custom,resnet34,14,4636,128,4,4,1.181266,63.28125,92.96875,0.000393,0.06863,0.069023,1854.4576,183.3657,1764.0,1287.0684,1764.0
1145,custom,resnet34,14,4637,128,4,4,0.901314,75.78125,95.3125,0.00012,0.068706,0.068826,1859.7727,183.3657,1764.0,1287.0684,1764.0
1145,custom,resnet34,14,4638,128,4,4,1.095381,69.53125,91.40625,0.000621,0.069067,0.069689,1836.7393,183.3657,1764.0,1287.0684,1764.0
1145,custom,resnet34,14,4639,128,4,4,1.413252,55.46875,91.40625,0.000206,0.068591,0.068797,1860.5471,183.3657,1764.0,1287.0684,1764.0
1145,custom,resnet34,14,4640,128,4,4,1.102871,70.3125,90.625,0.000445,0.068605,0.06905,1853.7197,183.3657,1764.0,1287.0684,1764.0
1145,custom,resnet34,14,4641,128,4,4,1.005947,72.65625,93.75,0.000118,0.068751,0.068869,1858.5992,183.3657,1764.0,1287.0684,1764.0
1145,custom,resnet34,14,4642,128,4,4,1.067582,71.09375,90.625,0.000345,0.068953,0.069298,1847.0891,183.3657,1764.0,1287.0684,1764.0
1145,custom,resnet34,14,4643,128,4,4,0.95131,71.875,93.75,0.00067,0.068563,0.069233,1848.8202,183.3657,1764.0,1287.0684,1764.0
1145,custom,resnet34,14,4644,128,4,4,1.079708,64.84375,94.53125,0.000524,0.068532,0.069055,1853.5833,183.3657,1764.0,1287.0684,1764.0
1145,custom,resnet34,14,4645,128,4,4,1.017545,73.4375,92.1875,0.000125,0.068675,0.0688,1860.4702,183.3657,1764.0,1287.0684,1764.0
1145,custom,resnet34,14,4646,128,4,4,1.121286,69.53125,90.625,0.000319,0.068943,0.069262,1848.0479,183.3657,1764.0,1287.0684,1764.0
1145,custom,resnet34,14,4647,128,4,4,1.177778,71.09375,90.625,0.000215,0.068551,0.068766,1861.3921,183.3657,1764.0,1287.0684,1764.0
1145,custom,resnet34,14,4648,128,4,4,1.18602,62.5,94.53125,0.000731,0.068509,0.06924,1848.6323,183.3657,1764.0,1287.0684,1764.0
1145,custom,resnet34,14,4649,128,4,4,0.987224,70.3125,92.1875,0.000135,0.068632,0.068767,1861.3565,183.3657,1764.0,1287.0684,1764.0
1145,custom,resnet34,14,4650,128,4,4,1.103494,71.09375,89.0625,0.00052,0.068986,0.069506,1841.5742,183.3657,1764.0,1287.0684,1764.0
1145,custom,resnet34,14,4651,128,4,4,1.184546,67.1875,90.625,0.000197,0.068884,0.06908,1852.9216,183.3657,1764.0,1287.0684,1764.0
1145,custom,resnet34,14,4652,128,4,4,0.884439,74.21875,94.53125,0.000442,0.068794,0.069236,1848.7527,183.3657,1764.0,1287.0684,1764.0
1145,custom,resnet34,14,4653,128,4,4,0.991808,70.3125,93.75,0.000474,0.068614,0.069087,1852.7242,183.3657,1764.0,1287.0684,1764.0
1145,custom,resnet34,14,4654,128,4,4,0.983883,67.96875,94.53125,0.000417,0.068983,0.0694,1844.3712,183.3657,1764.0,1287.0684,1764.0
1145,custom,resnet34,14,4655,128,4,4,0.964493,71.875,95.3125,0.000207,0.068635,0.068842,1859.3384,183.3657,1764.0,1287.0684,1764.0
1145,custom,resnet34,14,4656,128,4,4,1.104476,67.96875,91.40625,0.000186,0.068563,0.068748,1861.8589,183.3657,1764.0,1287.0684,1764.0
1145,custom,resnet34,14,4657,128,4,4,1.257335,62.5,88.28125,0.000135,0.068632,0.068767,1861.3647,183.3657,1764.0,1287.0684,1764.0
1145,custom,resnet34,14,4658,128,4,4,1.004671,69.53125,94.53125,0.000413,0.069177,0.06959,1839.3357,183.3657,1764.0,1287.0684,1764.0
1145,custom,resnet34,14,4659,128,4,4,1.517905,56.25,89.0625,0.000361,0.068438,0.068799,1860.4986,183.3657,1764.0,1287.0684,1764.0
1145,custom,resnet34,14,4660,128,4,4,1.063324,66.40625,90.625,0.000386,0.068534,0.068921,1857.2052,183.3657,1764.0,1287.0684,1764.0
1145,custom,resnet34,14,4661,128,4,4,1.064478,69.53125,91.40625,0.000117,0.068569,0.068686,1863.5478,183.3657,1764.0,1287.0684,1764.0
1145,custom,resnet34,14,4662,128,4,4,1.152341,70.3125,86.71875,0.000237,0.068879,0.069116,1851.9591,183.3657,1764.0,1287.0684,1764.0
1145,custom,resnet34,14,4663,128,4,4,0.939319,75.0,94.53125,0.000203,0.068524,0.068727,1862.4333,183.3657,1764.0,1287.0684,1764.0
1145,custom,resnet34,14,4664,128,4,4,1.122735,65.625,93.75,0.00021,0.068648,0.068857,1858.916,183.3657,1764.0,1287.0684,1764.0
1145,custom,resnet34,14,4665,128,4,4,0.963294,67.1875,94.53125,0.000122,0.068628,0.068749,1861.834,183.3657,1764.0,1287.0684,1764.0
1145,custom,resnet34,14,4666,128,4,4,1.406052,60.15625,83.59375,0.000334,0.06894,0.069274,1847.7322,183.3657,1764.0,1287.0684,1764.0
1145,custom,resnet34,14,4667,128,4,4,1.085928,67.96875,93.75,0.000195,0.068592,0.068786,1860.8309,183.3657,1764.0,1287.0684,1764.0
1145,custom,resnet34,14,4668,128,4,4,1.208278,66.40625,91.40625,0.000459,0.068595,0.069054,1853.6162,183.3657,1764.0,1287.0684,1764.0
1145,custom,resnet34,14,4669,128,4,4,1.230903,64.84375,92.1875,0.001128,0.06844,0.069568,1839.9267,183.3657,1764.0,1287.0684,1764.0
1145,custom,resnet34,14,4670,128,4,4,0.996175,70.3125,95.3125,0.000504,0.069094,0.069598,1839.1292,183.3657,1764.0,1287.0684,1764.0
1145,custom,resnet34,14,4671,128,4,4,0.935917,71.875,94.53125,0.000295,0.068613,0.068908,1857.5425,183.3657,1764.0,1287.0684,1764.0
1145,custom,resnet34,14,4672,128,4,4,1.384,67.1875,86.71875,0.000854,0.06865,0.069504,1841.6244,183.3657,1764.0,1287.0684,1764.0
1145,custom,resnet34,14,4673,128,4,4,0.95375,68.75,93.75,0.000138,0.068662,0.0688,1860.4658,183.3657,1764.0,1287.0684,1764.0
1145,custom,resnet34,14,4674,128,4,4,1.193181,66.40625,89.84375,0.000411,0.069161,0.069572,1839.8213,183.3657,1764.0,1287.0684,1764.0
1145,custom,resnet34,14,4675,128,4,4,1.071049,69.53125,95.3125,0.000207,0.06856,0.068767,1861.3594,183.3657,1764.0,1287.0684,1764.0
1145,custom,resnet34,14,4676,128,4,4,0.996853,68.75,95.3125,0.000641,0.068506,0.069147,1851.1419,183.3657,1764.0,1287.0684,1764.0
1145,custom,resnet34,14,4677,128,4,4,1.112398,70.3125,92.1875,0.000122,0.068621,0.068743,1861.9996,183.3657,1764.0,1287.0684,1764.0
1145,custom,resnet34,14,4678,128,4,4,0.968306,75.78125,90.625,0.00032,0.068859,0.069179,1850.285,183.3657,1764.0,1287.0684,1764.0
1145,custom,resnet34,14,4679,128,4,4,0.932379,71.875,92.96875,0.000659,0.068683,0.069342,1845.9356,183.3657,1764.0,1287.0684,1764.0
1145,custom,resnet34,14,4680,128,4,4,1.28089,61.71875,85.9375,0.000316,0.06852,0.068835,1859.5064,183.3657,1764.0,1287.0684,1764.0
1145,custom,resnet34,14,4681,128,4,4,1.131903,64.0625,91.40625,0.000127,0.068657,0.068784,1860.8992,183.3657,1764.0,1287.0684,1764.0
1145,custom,resnet34,14,4682,128,4,4,0.997781,71.09375,93.75,0.000617,0.069,0.069617,1838.6258,183.3657,1764.0,1287.0684,1764.0
1145,custom,resnet34,14,4683,128,4,4,1.154237,68.75,92.96875,0.000195,0.068809,0.069004,1854.9604,183.3657,1764.0,1287.0684,1764.0
1145,custom,resnet34,14,4684,128,4,4,1.024871,67.96875,92.96875,0.000389,0.068886,0.069275,1847.7175,183.3657,1764.0,1287.0684,1764.0
1145,custom,resnet34,14,4685,128,4,4,1.051664,70.3125,92.96875,0.00013,0.068852,0.068982,1855.5489,183.3657,1764.0,1287.0684,1764.0
1145,custom,resnet34,14,4686,128,4,4,1.184443,64.0625,90.625,0.000189,0.069065,0.069253,1848.2906,183.3657,1764.0,1287.0684,1764.0
1145,custom,resnet34,14,4687,128,4,4,1.012972,72.65625,92.1875,0.000194,0.068594,0.068788,1860.7986,183.3657,1764.0,1287.0684,1764.0
1145,custom,resnet34,14,4688,128,4,4,1.299371,59.375,89.84375,0.000485,0.068683,0.069167,1850.5837,183.3657,1764.0,1287.0684,1764.0
1145,custom,resnet34,14,4689,128,4,4,1.403742,64.84375,89.84375,0.000137,0.068576,0.068713,1862.808,183.3657,1764.0,1287.0684,1764.0
1145,custom,resnet34,14,4690,128,4,4,1.310461,59.375,89.84375,0.000714,0.068763,0.069477,1842.3382,183.3657,1764.0,1287.0684,1764.0
1145,custom,resnet34,14,4691,128,4,4,1.144028,65.625,92.96875,0.000702,0.068613,0.069315,1846.6449,183.3657,1764.0,1287.0684,1764.0
1145,custom,resnet34,14,4692,128,4,4,1.122712,62.5,92.96875,0.000429,0.068614,0.069043,1853.9087,183.3657,1764.0,1287.0684,1764.0
1145,custom,resnet34,14,4693,128,4,4,1.116554,68.75,90.625,0.000383,0.068637,0.069019,1854.5536,183.3657,1764.0,1287.0684,1764.0
1145,custom,resnet34,14,4694,128,4,4,1.084703,64.84375,92.96875,0.000408,0.068901,0.06931,1846.7872,183.3657,1764.0,1287.0684,1764.0
1145,custom,resnet34,14,4695,128,4,4,1.057533,63.28125,93.75,0.000629,0.068625,0.069254,1848.2554,183.3657,1764.0,1287.0684,1764.0
1145,custom,resnet34,14,4696,128,4,4,1.119385,67.96875,93.75,0.000188,0.068529,0.068717,1862.7198,183.3657,1764.0,1287.0684,1764.0
1145,custom,resnet34,14,4697,128,4,4,1.128464,67.96875,91.40625,0.000151,0.068525,0.068675,1863.8423,183.3657,1764.0,1287.0684,1764.0
1145,custom,resnet34,14,4698,128,4,4,1.059453,63.28125,91.40625,0.000378,0.069019,0.069397,1844.4617,183.3657,1764.0,1287.0684,1764.0
1145,custom,resnet34,14,4699,128,4,4,0.909034,72.65625,96.09375,0.000301,0.071859,0.07216,1773.8393,183.3657,1764.0,1287.0684,1764.0
1145,custom,resnet34,14,4700,128,4,4,1.184398,64.84375,89.0625,0.000394,0.068514,0.068909,1857.5247,183.3657,1764.0,1287.0684,1764.0
1145,custom,resnet34,14,4701,128,4,4,1.210795,64.84375,90.625,0.000586,0.068415,0.069002,1855.0283,183.3657,1764.0,1287.0684,1764.0
1145,custom,resnet34,14,4702,128,4,4,0.96229,74.21875,96.09375,0.000304,0.068941,0.069245,1848.5079,183.3657,1764.0,1287.0684,1764.0
1145,custom,resnet34,14,4703,128,4,4,1.117141,61.71875,94.53125,0.000196,0.068601,0.068797,1860.5591,183.3657,1764.0,1287.0684,1764.0
1145,custom,resnet34,14,4704,128,4,4,1.145044,64.0625,92.1875,0.000198,0.06863,0.068828,1859.7079,183.3657,1764.0,1287.0684,1764.0
1145,custom,resnet34,14,4705,128,4,4,1.280953,63.28125,90.625,0.000375,0.068677,0.069052,1853.6762,183.3657,1764.0,1287.0684,1764.0
1145,custom,resnet34,14,4706,128,4,4,1.041845,70.3125,92.1875,0.000345,0.068825,0.06917,1850.5263,183.3657,1764.0,1287.0684,1764.0
1145,custom,resnet34,14,4707,128,4,4,1.059593,67.96875,89.0625,0.000293,0.070976,0.071268,1796.0262,183.3657,1764.0,1287.0684,1764.0
1145,custom,resnet34,14,4708,128,4,4,1.152261,62.5,92.1875,0.000194,0.068498,0.068692,1863.403,183.3657,1764.0,1287.0684,1764.0
1145,custom,resnet34,14,4709,128,4,4,1.222753,59.375,91.40625,0.000355,0.06873,0.069085,1852.7943,183.3657,1764.0,1287.0684,1764.0
1145,custom,resnet34,14,4710,128,4,4,0.995706,67.96875,94.53125,0.000728,0.068782,0.06951,1841.4713,183.3657,1764.0,1287.0684,1764.0
1145,custom,resnet34,14,4711,128,4,4,1.184109,67.1875,90.625,0.000821,0.072976,0.073797,1734.4799,183.3657,1764.0,1287.0684,1764.0
1145,custom,resnet34,14,4712,128,4,4,1.118948,64.84375,92.1875,0.00021,0.068522,0.068731,1862.3226,183.3657,1764.0,1287.0684,1764.0
1145,custom,resnet34,14,4713,128,4,4,1.174143,68.75,89.84375,0.000407,0.06872,0.069127,1851.6677,183.3657,1764.0,1287.0684,1764.0
1145,custom,resnet34,14,4714,128,4,4,1.099877,68.75,94.53125,0.000387,0.068958,0.069345,1845.8516,183.3657,1764.0,1287.0684,1764.0
1145,custom,resnet34,14,4715,128,4,4,0.899283,66.40625,95.3125,0.000314,0.068524,0.068838,1859.4369,183.3657,1764.0,1287.0684,1764.0
1145,custom,resnet34,14,4716,128,4,4,1.232053,59.375,91.40625,0.000116,0.06853,0.068646,1864.6345,183.3657,1764.0,1287.0684,1764.0
1145,custom,resnet34,14,4717,128,4,4,1.090614,69.53125,92.1875,0.000299,0.068452,0.068751,1861.8011,183.3657,1764.0,1287.0684,1764.0
1145,custom,resnet34,14,4718,128,4,4,1.036078,71.875,94.53125,0.000121,0.068956,0.069077,1852.9949,183.3657,1764.0,1287.0684,1764.0
1145,custom,resnet34,14,4719,128,4,4,1.230346,59.375,92.96875,0.000199,0.068415,0.068613,1865.5234,183.3657,1764.0,1287.0684,1764.0
1145,custom,resnet34,14,4720,128,4,4,1.158176,67.1875,90.625,0.000383,0.068588,0.068971,1855.8577,183.3657,1764.0,1287.0684,1764.0
1145,custom,resnet34,14,4721,128,4,4,0.916938,75.78125,93.75,0.000125,0.06852,0.068646,1864.6513,183.3657,1764.0,1287.0684,1764.0
1145,custom,resnet34,14,4722,128,4,4,1.192661,64.0625,91.40625,0.000539,0.068977,0.069516,1841.315,183.3657,1764.0,1287.0684,1764.0
1145,custom,resnet34,14,4723,128,4,4,1.141231,70.3125,90.625,0.000191,0.068677,0.068868,1858.6301,183.3657,1764.0,1287.0684,1764.0
1145,custom,resnet34,14,4724,128,4,4,1.178363,67.1875,90.625,0.000618,0.068851,0.06947,1842.5257,183.3657,1764.0,1287.0684,1764.0
1145,custom,resnet34,14,4725,128,4,4,0.899082,74.21875,95.3125,0.000363,0.068808,0.069171,1850.4871,183.3657,1764.0,1287.0684,1764.0
1145,custom,resnet34,14,4726,128,4,4,1.439241,53.90625,93.75,0.00031,0.069563,0.069873,1831.8938,183.3657,1764.0,1287.0684,1764.0
1145,custom,resnet34,14,4727,128,4,4,0.976658,68.75,91.40625,0.000206,0.068739,0.068945,1856.548,183.3657,1764.0,1287.0684,1764.0
1145,custom,resnet34,14,4728,128,4,4,1.120478,67.1875,89.84375,0.000395,0.068607,0.069002,1855.0179,183.3657,1764.0,1287.0684,1764.0
1145,custom,resnet34,14,4729,128,4,4,1.23737,65.625,88.28125,0.000385,0.068605,0.06899,1855.3339,183.3657,1764.0,1287.0684,1764.0
1145,custom,resnet34,14,4730,128,4,4,1.041068,69.53125,91.40625,0.000295,0.068926,0.069221,1849.1404,183.3657,1764.0,1287.0684,1764.0
1145,custom,resnet34,14,4731,128,4,4,1.312567,57.8125,92.96875,0.0002,0.068698,0.068899,1857.804,183.3657,1764.0,1287.0684,1764.0
1145,custom,resnet34,14,4732,128,4,4,1.266417,57.03125,88.28125,0.000399,0.068706,0.069105,1852.244,183.3657,1764.0,1287.0684,1764.0
1145,custom,resnet34,14,4733,128,4,4,1.076495,73.4375,92.1875,0.000305,0.06875,0.069055,1853.6018,183.3657,1764.0,1287.0684,1764.0
1145,custom,resnet34,14,4734,128,4,4,0.942811,67.96875,95.3125,0.000302,0.068948,0.069249,1848.3926,183.3657,1764.0,1287.0684,1764.0
1145,custom,resnet34,14,4735,128,4,4,1.077474,67.1875,91.40625,0.000512,0.068575,0.069087,1852.7307,183.3657,1764.0,1287.0684,1764.0
1145,custom,resnet34,14,4736,128,4,4,1.289468,67.1875,90.625,0.000229,0.068538,0.068766,1861.3736,183.3657,1764.0,1287.0684,1764.0
1145,custom,resnet34,14,4737,128,4,4,1.138081,68.75,91.40625,0.000132,0.068619,0.068751,1861.7882,183.3657,1764.0,1287.0684,1764.0
1145,custom,resnet34,14,4738,128,4,4,0.984381,69.53125,93.75,0.000614,0.068943,0.069557,1840.2176,183.3657,1764.0,1287.0684,1764.0
1145,custom,resnet34,14,4739,128,4,4,1.309749,64.0625,85.9375,0.000322,0.068857,0.069179,1850.2641,183.3657,1764.0,1287.0684,1764.0
1145,custom,resnet34,14,4740,128,4,4,1.289391,63.28125,92.1875,0.000723,0.06873,0.069453,1842.9778,183.3657,1764.0,1287.0684,1764.0
1145,custom,resnet34,14,4741,128,4,4,1.109743,64.0625,92.1875,0.000409,0.068861,0.069269,1847.8638,183.3657,1764.0,1287.0684,1764.0
1145,custom,resnet34,14,4742,128,4,4,1.213615,64.84375,89.84375,0.000211,0.069054,0.069265,1847.9839,183.3657,1764.0,1287.0684,1764.0
1145,custom,resnet34,14,4743,128,4,4,1.048429,71.875,92.1875,0.000543,0.068597,0.069139,1851.3299,183.3657,1764.0,1287.0684,1764.0
1145,custom,resnet34,14,4744,128,4,4,1.174003,64.0625,92.96875,0.000669,0.068779,0.069447,1843.129,183.3657,1764.0,1287.0684,1764.0
1145,custom,resnet34,14,4745,128,4,4,1.095201,64.0625,92.96875,0.000311,0.069241,0.069552,1840.3524,183.3657,1764.0,1287.0684,1764.0
1145,custom,resnet34,14,4746,128,4,4,1.002013,70.3125,92.96875,0.000193,0.06885,0.069043,1853.921,183.3657,1764.0,1287.0684,1764.0
1145,custom,resnet34,14,4747,128,4,4,0.977106,71.09375,95.3125,0.000186,0.068577,0.068763,1861.4692,183.3657,1764.0,1287.0684,1764.0
1145,custom,resnet34,14,4748,128,4,4,1.06859,71.09375,91.40625,0.000842,0.068609,0.069451,1843.0316,183.3657,1764.0,1287.0684,1764.0
1145,custom,resnet34,14,4749,128,4,4,1.092576,63.28125,92.1875,0.00113,0.069643,0.070773,1808.6102,183.3657,1764.0,1287.0684,1764.0
1145,custom,resnet34,14,4750,128,4,4,1.155378,67.1875,91.40625,0.000359,0.068845,0.069204,1849.5916,183.3657,1764.0,1287.0684,1764.0
1145,custom,resnet34,14,4751,128,4,4,1.155375,65.625,91.40625,0.000242,0.068589,0.068831,1859.6272,183.3657,1764.0,1287.0684,1764.0
1145,custom,resnet34,14,4752,128,4,4,1.142464,63.28125,94.53125,0.000392,0.068734,0.069126,1851.6945,183.3657,1764.0,1287.0684,1764.0
1145,custom,resnet34,14,4753,128,4,4,1.140966,65.625,90.625,0.000151,0.06863,0.068781,1860.9839,183.3657,1764.0,1287.0684,1764.0
1145,custom,resnet34,14,4754,128,4,4,1.129661,64.0625,92.1875,0.000325,0.068951,0.069276,1847.6915,183.3657,1764.0,1287.0684,1764.0
1145,custom,resnet34,14,4755,128,4,4,1.242742,62.5,94.53125,0.000187,0.068476,0.068663,1864.1687,183.3657,1764.0,1287.0684,1764.0
1145,custom,resnet34,14,4756,128,4,4,1.47584,62.5,86.71875,0.000363,0.068609,0.068973,1855.8062,183.3657,1764.0,1287.0684,1764.0
1145,custom,resnet34,14,4757,128,4,4,1.226645,69.53125,89.0625,0.001058,0.068527,0.069585,1839.4788,183.3657,1764.0,1287.0684,1764.0
1145,custom,resnet34,14,4758,128,4,4,1.156511,67.96875,89.84375,0.000651,0.069231,0.069882,1831.6605,183.3657,1764.0,1287.0684,1764.0
1145,custom,resnet34,14,4759,128,4,4,1.244356,64.0625,90.625,0.000212,0.068476,0.068687,1863.5139,183.3657,1764.0,1287.0684,1764.0
1145,custom,resnet34,14,4760,128,4,4,1.204645,63.28125,89.0625,0.000481,0.068757,0.069238,1848.7082,183.3657,1764.0,1287.0684,1764.0
1145,custom,resnet34,14,4761,128,4,4,0.893478,72.65625,96.875,0.000199,0.069143,0.069342,1845.9243,183.3657,1764.0,1287.0684,1764.0
1145,custom,resnet34,14,4762,128,4,4,1.028663,71.09375,92.96875,0.000412,0.069148,0.06956,1840.1472,183.3657,1764.0,1287.0684,1764.0
1145,custom,resnet34,14,4763,128,4,4,1.060986,67.1875,93.75,0.000198,0.068701,0.068899,1857.8052,183.3657,1764.0,1287.0684,1764.0
1145,custom,resnet34,14,4764,128,4,4,1.397537,59.375,86.71875,0.000387,0.068525,0.068912,1857.4468,183.3657,1764.0,1287.0684,1764.0
1145,custom,resnet34,14,4765,128,4,4,1.097526,71.09375,93.75,0.000129,0.068674,0.068803,1860.3843,183.3657,1764.0,1287.0684,1764.0
1145,custom,resnet34,14,4766,128,4,4,1.257411,61.71875,88.28125,0.000401,0.068912,0.069313,1846.7003,183.3657,1764.0,1287.0684,1764.0
1145,custom,resnet34,14,4767,128,4,4,1.041048,68.75,92.96875,0.000191,0.06895,0.069141,1851.2936,183.3657,1764.0,1287.0684,1764.0
1145,custom,resnet34,14,4768,128,4,4,1.001084,70.3125,95.3125,0.000773,0.068438,0.069211,1849.4258,183.3657,1764.0,1287.0684,1764.0
1145,custom,resnet34,14,4769,128,4,4,1.028867,70.3125,93.75,0.000368,0.068755,0.069123,1851.77,183.3657,1764.0,1287.0684,1764.0
1145,custom,resnet34,14,4770,128,4,4,0.95755,72.65625,93.75,0.000464,0.068971,0.069435,1843.4395,183.3657,1764.0,1287.0684,1764.0
1145,custom,resnet34,14,4771,128,4,4,1.130072,66.40625,89.0625,0.000192,0.068589,0.068781,1860.9702,183.3657,1764.0,1287.0684,1764.0
1145,custom,resnet34,14,4772,128,4,4,1.14753,69.53125,92.1875,0.000452,0.068587,0.069039,1854.0112,183.3657,1764.0,1287.0684,1764.0
1145,custom,resnet34,14,4773,128,4,4,1.177593,65.625,88.28125,0.000132,0.068586,0.068718,1862.6807,183.3657,1764.0,1287.0684,1764.0
1145,custom,resnet34,14,4774,128,4,4,0.988137,74.21875,92.1875,0.000411,0.06923,0.069641,1837.9926,183.3657,1764.0,1287.0684,1764.0
1145,custom,resnet34,14,4775,128,4,4,1.212547,65.625,89.0625,0.000193,0.068405,0.068599,1865.93,183.3657,1764.0,1287.0684,1764.0
1145,custom,resnet34,14,4776,128,4,4,0.921683,74.21875,97.65625,0.000381,0.068531,0.068911,1857.4629,183.3657,1764.0,1287.0684,1764.0
1145,custom,resnet34,14,4777,128,4,4,1.272938,66.40625,90.625,0.00013,0.068382,0.068512,1868.2977,183.3657,1764.0,1287.0684,1764.0
1145,custom,resnet34,14,4778,128,4,4,1.205642,65.625,87.5,0.000427,0.068979,0.069407,1844.2007,183.3657,1764.0,1287.0684,1764.0
1145,custom,resnet34,14,4779,128,4,4,1.172461,67.1875,90.625,0.000208,0.068653,0.068861,1858.8138,183.3657,1764.0,1287.0684,1764.0
1145,custom,resnet34,14,4780,128,4,4,0.941316,70.3125,95.3125,0.000439,0.068981,0.06942,1843.8514,183.3657,1764.0,1287.0684,1764.0
1145,custom,resnet34,14,4781,128,4,4,1.122898,71.09375,88.28125,0.000121,0.068999,0.06912,1851.8627,183.3657,1764.0,1287.0684,1764.0
1145,custom,resnet34,14,4782,128,4,4,0.891803,73.4375,96.875,0.000521,0.068908,0.069429,1843.5998,183.3657,1764.0,1287.0684,1764.0
1145,custom,resnet34,14,4783,128,4,4,1.045467,68.75,96.09375,0.000204,0.068615,0.068819,1859.9635,183.3657,1764.0,1287.0684,1764.0
1145,custom,resnet34,14,4784,128,4,4,1.254406,64.0625,91.40625,0.00042,0.068762,0.069181,1850.2077,183.3657,1764.0,1287.0684,1764.0
1145,custom,resnet34,14,4785,128,4,4,1.100902,65.625,92.1875,0.000479,0.068675,0.069154,1850.9298,183.3657,1764.0,1287.0684,1764.0
1145,custom,resnet34,14,4786,128,4,4,1.542126,56.25,84.375,0.000306,0.068916,0.069222,1849.1279,183.3657,1764.0,1287.0684,1764.0
1145,custom,resnet34,14,4787,128,4,4,1.064745,67.96875,92.1875,0.000415,0.068626,0.069041,1853.9799,183.3657,1764.0,1287.0684,1764.0
1145,custom,resnet34,14,4788,128,4,4,1.188475,65.625,90.625,0.000483,0.068512,0.068994,1855.2318,183.3657,1764.0,1287.0684,1764.0
1145,custom,resnet34,14,4789,128,4,4,1.061948,73.4375,92.1875,0.000126,0.068556,0.068683,1863.6412,183.3657,1764.0,1287.0684,1764.0
1145,custom,resnet34,14,4790,128,4,4,1.21216,62.5,89.84375,0.000295,0.068981,0.069276,1847.6914,183.3657,1764.0,1287.0684,1764.0
1145,custom,resnet34,14,4791,128,4,4,1.289008,66.40625,91.40625,0.000346,0.068622,0.068968,1855.926,183.3657,1764.0,1287.0684,1764.0
1145,custom,resnet34,14,4792,128,4,4,1.288017,67.1875,85.9375,0.000128,0.068546,0.068674,1863.881,183.3657,1764.0,1287.0684,1764.0
1145,custom,resnet34,14,4793,128,4,4,1.292301,61.71875,89.84375,0.000126,0.068937,0.069062,1853.3969,183.3657,1764.0,1287.0684,1764.0
1145,custom,resnet34,14,4794,128,4,4,0.999888,71.09375,93.75,0.000505,0.069192,0.069696,1836.5392,183.3657,1764.0,1287.0684,1764.0
1145,custom,resnet34,14,4795,128,4,4,0.943283,75.0,92.1875,0.000196,0.068929,0.069125,1851.7173,183.3657,1764.0,1287.0684,1764.0
1145,custom,resnet34,14,4796,128,4,4,1.274081,63.28125,89.84375,0.000483,0.068668,0.069151,1851.0145,183.3657,1764.0,1287.0684,1764.0
1145,custom,resnet34,14,4797,128,4,4,1.268929,65.625,90.625,0.000124,0.068575,0.0687,1863.1769,183.3657,1764.0,1287.0684,1764.0
1145,custom,resnet34,14,4798,128,4,4,1.276792,67.1875,91.40625,0.000298,0.06874,0.069038,1854.0526,183.3657,1764.0,1287.0684,1764.0
1145,custom,resnet34,14,4799,128,4,4,0.974621,75.0,94.53125,0.000196,0.068539,0.068736,1862.2079,183.3657,1764.0,1287.0684,1764.0
1145,custom,resnet34,14,4800,128,4,4,1.424898,59.375,88.28125,0.00018,0.068721,0.068901,1857.7321,183.3657,1764.0,1287.0684,1764.0
1145,custom,resnet34,14,4801,128,4,4,0.952995,67.96875,95.3125,0.000121,0.068523,0.068644,1864.6859,183.3657,1764.0,1287.0684,1764.0
1145,custom,resnet34,14,4802,128,4,4,1.349499,60.9375,89.84375,0.000729,0.068821,0.069549,1840.4184,183.3657,1764.0,1287.0684,1764.0
1145,custom,resnet34,14,4803,128,4,4,1.10682,71.09375,89.84375,0.000207,0.068554,0.068761,1861.5263,183.3657,1764.0,1287.0684,1764.0
1145,custom,resnet34,14,4804,128,4,4,1.305635,61.71875,85.9375,0.000203,0.068533,0.068736,1862.1925,183.3657,1764.0,1287.0684,1764.0
1145,custom,resnet34,14,4805,128,4,4,1.298848,62.5,89.0625,0.000131,0.068752,0.068883,1858.224,183.3657,1764.0,1287.0684,1764.0
1145,custom,resnet34,14,4806,128,4,4,1.219861,60.15625,91.40625,0.000165,0.069118,0.069283,1847.4934,183.3657,1764.0,1287.0684,1764.0
1145,custom,resnet34,14,4807,128,4,4,1.136193,67.1875,91.40625,0.000189,0.068806,0.068995,1855.2117,183.3657,1764.0,1287.0684,1764.0
1145,custom,resnet34,14,4808,128,4,4,1.196841,64.84375,89.84375,0.000338,0.068784,0.069123,1851.7768,183.3657,1764.0,1287.0684,1764.0
1145,custom,resnet34,14,4809,128,4,4,1.26754,64.0625,91.40625,0.000421,0.068649,0.06907,1853.1849,183.3657,1764.0,1287.0684,1764.0
1145,custom,resnet34,14,4810,128,4,4,1.089161,71.09375,89.84375,0.000625,0.069139,0.069764,1834.7667,183.3657,1764.0,1287.0684,1764.0
1145,custom,resnet34,14,4811,128,4,4,1.043922,68.75,93.75,0.000183,0.068676,0.068859,1858.8633,183.3657,1764.0,1287.0684,1764.0
1145,custom,resnet34,14,4812,128,4,4,1.065654,66.40625,94.53125,0.000366,0.06872,0.069086,1852.7662,183.3657,1764.0,1287.0684,1764.0
1145,custom,resnet34,14,4813,128,4,4,1.032931,66.40625,95.3125,0.000119,0.068595,0.068714,1862.7823,183.3657,1764.0,1287.0684,1764.0
1145,custom,resnet34,14,4814,128,4,4,0.986689,78.125,92.1875,0.000394,0.069211,0.069605,1838.9464,183.3657,1764.0,1287.0684,1764.0
1145,custom,resnet34,14,4815,128,4,4,1.171046,61.71875,91.40625,0.000191,0.068564,0.068755,1861.691,183.3657,1764.0,1287.0684,1764.0
1145,custom,resnet34,14,4816,128,4,4,1.129154,67.96875,92.96875,0.000403,0.068638,0.069041,1853.9779,183.3657,1764.0,1287.0684,1764.0
1145,custom,resnet34,14,4817,128,4,4,0.967371,71.875,92.96875,0.000123,0.068725,0.068848,1859.1604,183.3657,1764.0,1287.0684,1764.0
1145,custom,resnet34,14,4818,128,4,4,1.029255,67.1875,91.40625,0.000636,0.068871,0.069508,1841.5242,183.3657,1764.0,1287.0684,1764.0
1145,custom,resnet34,14,4819,128,4,4,1.15775,64.0625,89.0625,0.000556,0.068655,0.06921,1849.4364,183.3657,1764.0,1287.0684,1764.0
1145,custom,resnet34,14,4820,128,4,4,1.256166,65.625,90.625,0.000287,0.071788,0.072075,1775.9326,183.3657,1764.0,1287.0684,1764.0
1145,custom,resnet34,14,4821,128,4,4,1.131315,64.84375,89.84375,0.00012,0.068743,0.068863,1858.7759,183.3657,1764.0,1287.0684,1764.0
1145,custom,resnet34,14,4822,128,4,4,1.181316,67.96875,91.40625,0.000319,0.068937,0.069256,1848.2232,183.3657,1764.0,1287.0684,1764.0
1145,custom,resnet34,14,4823,128,4,4,1.030507,69.53125,94.53125,0.00017,0.068601,0.068772,1861.2324,183.3657,1764.0,1287.0684,1764.0
1145,custom,resnet34,14,4824,128,4,4,1.069728,67.96875,91.40625,0.000838,0.071141,0.071979,1778.3027,183.3657,1764.0,1287.0684,1764.0
1145,custom,resnet34,14,4825,128,4,4,1.349793,60.9375,84.375,0.000146,0.068872,0.069017,1854.6065,183.3657,1764.0,1287.0684,1764.0
1145,custom,resnet34,14,4826,128,4,4,0.949472,72.65625,94.53125,0.000443,0.068982,0.069425,1843.7282,183.3657,1764.0,1287.0684,1764.0
1145,custom,resnet34,14,4827,128,4,4,1.173748,62.5,91.40625,0.000311,0.074819,0.07513,1703.7142,183.3657,1764.0,1287.0684,1764.0
1145,custom,resnet34,14,4828,128,4,4,1.177171,67.1875,92.1875,0.000304,0.070642,0.070947,1804.1681,183.3657,1764.0,1287.0684,1764.0
1145,custom,resnet34,14,4829,128,4,4,1.073737,65.625,93.75,0.00012,0.068645,0.068765,1861.4105,183.3657,1764.0,1287.0684,1764.0
1145,custom,resnet34,14,4830,128,4,4,1.311199,61.71875,88.28125,0.000564,0.068954,0.069518,1841.2423,183.3657,1764.0,1287.0684,1764.0
1145,custom,resnet34,14,4831,128,4,4,1.143488,65.625,89.84375,0.000202,0.068548,0.06875,1861.8259,183.3657,1764.0,1287.0684,1764.0
1145,custom,resnet34,14,4832,128,4,4,1.113835,66.40625,89.84375,0.000397,0.068896,0.069292,1847.2434,183.3657,1764.0,1287.0684,1764.0
1145,custom,resnet34,14,4833,128,4,4,1.073625,72.65625,91.40625,0.000139,0.069029,0.069168,1850.561,183.3657,1764.0,1287.0684,1764.0
1145,custom,resnet34,14,4834,128,4,4,1.525371,64.0625,86.71875,0.000693,0.069017,0.069709,1836.1957,183.3657,1764.0,1287.0684,1764.0
1145,custom,resnet34,14,4835,128,4,4,1.114535,63.28125,93.75,0.000213,0.068538,0.068751,1861.7969,183.3657,1764.0,1287.0684,1764.0
1145,custom,resnet34,14,4836,128,4,4,1.181471,61.71875,90.625,0.000152,0.068595,0.068747,1861.8954,183.3657,1764.0,1287.0684,1764.0
1145,custom,resnet34,14,4837,128,4,4,1.290676,64.84375,90.625,0.000134,0.068723,0.068857,1858.9258,183.3657,1764.0,1287.0684,1764.0
1145,custom,resnet34,14,4838,128,4,4,1.461483,60.9375,85.15625,0.0003,0.068946,0.069246,1848.4757,183.3657,1764.0,1287.0684,1764.0
1145,custom,resnet34,14,4839,128,4,4,1.325771,59.375,89.0625,0.000195,0.068543,0.068738,1862.1319,183.3657,1764.0,1287.0684,1764.0
1145,custom,resnet34,14,4840,128,4,4,1.454337,56.25,87.5,0.000392,0.068812,0.069204,1849.6161,183.3657,1764.0,1287.0684,1764.0
1145,custom,resnet34,14,4841,128,4,4,1.047141,62.5,94.53125,0.000116,0.068639,0.068756,1861.668,183.3657,1764.0,1287.0684,1764.0
1145,custom,resnet34,14,4842,128,4,4,1.173907,66.40625,92.1875,0.000631,0.068915,0.069546,1840.4976,183.3657,1764.0,1287.0684,1764.0
1145,custom,resnet34,14,4843,128,4,4,1.253865,64.0625,93.75,0.0007,0.068513,0.069213,1849.354,183.3657,1764.0,1287.0684,1764.0
1145,custom,resnet34,14,4844,128,4,4,1.060383,67.96875,92.96875,0.000197,0.068447,0.068645,1864.6788,183.3657,1764.0,1287.0684,1764.0
1145,custom,resnet34,14,4845,128,4,4,1.32396,60.9375,91.40625,0.000383,0.068851,0.069234,1848.8136,183.3657,1764.0,1287.0684,1764.0
1145,custom,resnet34,14,4846,128,4,4,1.028705,71.875,93.75,0.000364,0.069076,0.06944,1843.3174,183.3657,1764.0,1287.0684,1764.0
1145,custom,resnet34,14,4847,128,4,4,1.030402,69.53125,93.75,0.00068,0.068508,0.069188,1850.0198,183.3657,1764.0,1287.0684,1764.0
1145,custom,resnet34,14,4848,128,4,4,1.244953,62.5,89.0625,0.000427,0.068638,0.069065,1853.3324,183.3657,1764.0,1287.0684,1764.0
1145,custom,resnet34,14,4849,128,4,4,1.115759,67.96875,92.96875,0.000129,0.068862,0.068991,1855.3044,183.3657,1764.0,1287.0684,1764.0
1145,custom,resnet34,14,4850,128,4,4,1.206735,63.28125,89.0625,0.000414,0.068964,0.069378,1844.9525,183.3657,1764.0,1287.0684,1764.0
1145,custom,resnet34,14,4851,128,4,4,1.002757,74.21875,95.3125,0.000811,0.068779,0.06959,1839.3506,183.3657,1764.0,1287.0684,1764.0
1145,custom,resnet34,14,4852,128,4,4,1.316159,58.59375,88.28125,0.000398,0.068606,0.069004,1854.9686,183.3657,1764.0,1287.0684,1764.0
1145,custom,resnet34,14,4853,128,4,4,0.915841,69.53125,96.875,0.000203,0.068757,0.06896,1856.1561,183.3657,1764.0,1287.0684,1764.0
1145,custom,resnet34,14,4854,128,4,4,1.096123,68.75,94.53125,0.000592,0.069023,0.069614,1838.6982,183.3657,1764.0,1287.0684,1764.0
1145,custom,resnet34,14,4855,128,4,4,0.8712,75.78125,93.75,0.000197,0.068396,0.068593,1866.0775,183.3657,1764.0,1287.0684,1764.0
1145,custom,resnet34,14,4856,128,4,4,1.451001,61.71875,82.8125,0.000656,0.068681,0.069337,1846.0514,183.3657,1764.0,1287.0684,1764.0
1145,custom,resnet34,14,4857,128,4,4,1.106139,67.96875,92.1875,0.000123,0.068639,0.068762,1861.4998,183.3657,1764.0,1287.0684,1764.0
1145,custom,resnet34,14,4858,128,4,4,1.241423,65.625,89.0625,0.000131,0.068893,0.069023,1854.4415,183.3657,1764.0,1287.0684,1764.0
1145,custom,resnet34,14,4859,128,4,4,1.201048,63.28125,90.625,0.000201,0.068578,0.068779,1861.02,183.3657,1764.0,1287.0684,1764.0
1145,custom,resnet34,14,4860,128,4,4,1.226823,60.9375,90.625,0.000297,0.068597,0.068893,1857.9468,183.3657,1764.0,1287.0684,1764.0
1145,custom,resnet34,14,4861,128,4,4,1.291677,60.15625,89.84375,0.000692,0.068548,0.06924,1848.6379,183.3657,1764.0,1287.0684,1764.0
1145,custom,resnet34,14,4862,128,4,4,1.106784,66.40625,90.625,0.00015,0.068766,0.068916,1857.3239,183.3657,1764.0,1287.0684,1764.0
1145,custom,resnet34,14,4863,128,4,4,1.055586,67.1875,91.40625,0.000363,0.068547,0.06891,1857.5011,183.3657,1764.0,1287.0684,1764.0
1145,custom,resnet34,14,4864,128,4,4,1.064203,67.1875,93.75,0.000434,0.068592,0.069026,1854.3738,183.3657,1764.0,1287.0684,1764.0
1145,custom,resnet34,14,4865,128,4,4,1.19181,67.1875,88.28125,0.000437,0.068447,0.068885,1858.1824,183.3657,1764.0,1287.0684,1764.0
1145,custom,resnet34,14,4866,128,4,4,1.134485,66.40625,92.1875,0.000149,0.069238,0.069386,1844.7422,183.3657,1764.0,1287.0684,1764.0
1145,custom,resnet34,14,4867,128,4,4,1.077252,72.65625,92.1875,0.000341,0.06873,0.069071,1853.1553,183.3657,1764.0,1287.0684,1764.0
1145,custom,resnet34,14,4868,128,4,4,0.818587,75.78125,97.65625,0.001086,0.068534,0.06962,1838.553,183.3657,1764.0,1287.0684,1764.0
1145,custom,resnet34,14,4869,128,4,4,1.333396,59.375,92.1875,0.000475,0.068764,0.069238,1848.6868,183.3657,1764.0,1287.0684,1764.0
1145,custom,resnet34,14,4870,128,4,4,1.202021,57.03125,93.75,0.000253,0.068568,0.068821,1859.8998,183.3657,1764.0,1287.0684,1764.0
1145,custom,resnet34,14,4871,128,4,4,1.260167,60.15625,92.96875,0.000228,0.068283,0.068511,1868.318,183.3657,1764.0,1287.0684,1764.0
1145,custom,resnet34,14,4872,128,4,4,1.21148,62.5,89.0625,0.00047,0.068498,0.068968,1855.9349,183.3657,1764.0,1287.0684,1764.0
1145,custom,resnet34,14,4873,128,4,4,1.283509,63.28125,92.96875,0.00044,0.068608,0.069048,1853.7741,183.3657,1764.0,1287.0684,1764.0
1145,custom,resnet34,14,4874,128,4,4,1.105299,67.1875,90.625,0.000142,0.068715,0.068856,1858.9419,183.3657,1764.0,1287.0684,1764.0
1145,custom,resnet34,14,4875,128,4,4,1.228978,61.71875,90.625,0.000404,0.068501,0.068905,1857.6415,183.3657,1764.0,1287.0684,1764.0
1145,custom,resnet34,14,4876,128,4,4,1.097606,68.75,91.40625,0.000408,0.068726,0.069134,1851.4721,183.3657,1764.0,1287.0684,1764.0
1145,custom,resnet34,14,4877,128,4,4,1.244576,64.84375,87.5,0.000567,0.068777,0.069344,1845.87,183.3657,1764.0,1287.0684,1764.0
1145,custom,resnet34,14,4878,128,4,4,1.286156,62.5,89.84375,0.000462,0.068954,0.069416,1843.9541,183.3657,1764.0,1287.0684,1764.0
1145,custom,resnet34,14,4879,128,4,4,1.145717,65.625,92.1875,0.000364,0.068869,0.069233,1848.8288,183.3657,1764.0,1287.0684,1764.0
1145,custom,resnet34,14,4880,128,4,4,1.161706,69.53125,89.84375,0.000199,0.068901,0.069101,1852.3655,183.3657,1764.0,1287.0684,1764.0
1145,custom,resnet34,14,4881,128,4,4,1.343584,63.28125,91.40625,0.000122,0.068724,0.068846,1859.224,183.3657,1764.0,1287.0684,1764.0
1145,custom,resnet34,14,4882,128,4,4,1.229829,60.15625,90.625,0.000462,0.069096,0.069558,1840.1883,183.3657,1764.0,1287.0684,1764.0
1145,custom,resnet34,14,4883,128,4,4,1.200905,67.1875,89.0625,0.000336,0.068739,0.069075,1853.0606,183.3657,1764.0,1287.0684,1764.0
1145,custom,resnet34,14,4884,128,4,4,1.069243,72.65625,92.96875,0.000405,0.06876,0.069165,1850.6502,183.3657,1764.0,1287.0684,1764.0
1145,custom,resnet34,14,4885,128,4,4,1.383941,61.71875,89.0625,0.000114,0.068643,0.068757,1861.639,183.3657,1764.0,1287.0684,1764.0
1145,custom,resnet34,14,4886,128,4,4,1.012627,74.21875,94.53125,0.000832,0.069075,0.069907,1831.0038,183.3657,1764.0,1287.0684,1764.0
1145,custom,resnet34,14,4887,128,4,4,1.193639,64.0625,90.625,0.000242,0.068443,0.068686,1863.559,183.3657,1764.0,1287.0684,1764.0
1145,custom,resnet34,14,4888,128,4,4,1.121523,68.75,89.0625,0.000125,0.068606,0.06873,1862.3511,183.3657,1764.0,1287.0684,1764.0
1145,custom,resnet34,14,4889,128,4,4,1.172683,60.9375,92.96875,0.000122,0.068736,0.068858,1858.9063,183.3657,1764.0,1287.0684,1764.0
1145,custom,resnet34,14,4890,128,4,4,0.968865,75.78125,92.96875,0.000258,0.069141,0.0694,1844.3829,183.3657,1764.0,1287.0684,1764.0
1145,custom,resnet34,14,4891,128,4,4,1.251614,61.71875,92.1875,0.000677,0.068661,0.069338,1846.0195,183.3657,1764.0,1287.0684,1764.0
1145,custom,resnet34,14,4892,128,4,4,1.249963,65.625,89.0625,0.000572,0.069981,0.070554,1814.2197,183.3657,1764.0,1287.0684,1764.0
1145,custom,resnet34,14,4893,128,4,4,0.994159,69.53125,93.75,0.000126,0.068843,0.068969,1855.9049,183.3657,1764.0,1287.0684,1764.0
1145,custom,resnet34,14,4894,128,4,4,1.160145,67.96875,89.0625,0.000304,0.06888,0.069184,1850.1447,183.3657,1764.0,1287.0684,1764.0
1145,custom,resnet34,14,4895,128,4,4,0.978924,71.875,95.3125,0.000663,0.068682,0.069345,1845.8443,183.3657,1764.0,1287.0684,1764.0
1145,custom,resnet34,14,4896,128,4,4,1.09994,62.5,92.96875,0.000847,0.0713,0.072148,1774.1377,183.3657,1764.0,1287.0684,1764.0
1145,custom,resnet34,14,4897,128,4,4,1.427656,62.5,85.9375,0.000127,0.068662,0.068789,1860.7595,183.3657,1764.0,1287.0684,1764.0
1145,custom,resnet34,14,4898,128,4,4,1.077049,70.3125,93.75,0.000593,0.068964,0.069557,1840.2117,183.3657,1764.0,1287.0684,1764.0
1145,custom,resnet34,14,4899,128,4,4,1.340158,64.0625,89.0625,0.000169,0.068649,0.068818,1859.9675,183.3657,1764.0,1287.0684,1764.0
1145,custom,resnet34,14,4900,128,4,4,1.177617,67.1875,89.84375,0.000294,0.070154,0.070448,1816.9435,183.3657,1764.0,1287.0684,1764.0
1145,custom,resnet34,14,4901,128,4,4,1.178962,64.0625,90.625,0.00012,0.068857,0.068976,1855.7075,183.3657,1764.0,1287.0684,1764.0
1145,custom,resnet34,14,4902,128,4,4,1.246524,68.75,86.71875,0.000343,0.069037,0.069381,1844.8968,183.3657,1764.0,1287.0684,1764.0
1145,custom,resnet34,14,4903,128,4,4,1.151669,65.625,92.96875,0.000264,0.06882,0.069084,1852.8095,183.3657,1764.0,1287.0684,1764.0
1145,custom,resnet34,14,4904,128,4,4,0.978852,72.65625,93.75,0.000183,0.068626,0.068808,1860.2403,183.3657,1764.0,1287.0684,1764.0
1145,custom,resnet34,14,4905,128,4,4,1.166126,64.84375,86.71875,0.00014,0.068707,0.068847,1859.2047,183.3657,1764.0,1287.0684,1764.0
1145,custom,resnet34,14,4906,128,4,4,1.119593,66.40625,91.40625,0.000579,0.068965,0.069543,1840.5821,183.3657,1764.0,1287.0684,1764.0
1145,custom,resnet34,14,4907,128,4,4,0.968287,71.875,92.96875,0.000197,0.068716,0.068913,1857.4065,183.3657,1764.0,1287.0684,1764.0
1145,custom,resnet34,14,4908,128,4,4,1.342585,66.40625,86.71875,0.000203,0.068428,0.06863,1865.0642,183.3657,1764.0,1287.0684,1764.0
1145,custom,resnet34,14,4909,128,4,4,1.191417,66.40625,92.1875,0.000179,0.068871,0.06905,1853.7309,183.3657,1764.0,1287.0684,1764.0
1145,custom,resnet34,14,4910,128,4,4,1.247524,61.71875,89.0625,0.000435,0.069068,0.069503,1841.6353,183.3657,1764.0,1287.0684,1764.0
1145,custom,resnet34,14,4911,128,4,4,1.340503,64.84375,88.28125,0.000305,0.068554,0.068859,1858.8774,183.3657,1764.0,1287.0684,1764.0
1145,custom,resnet34,14,4912,128,4,4,1.246603,64.0625,89.0625,0.000259,0.068732,0.068991,1855.3129,183.3657,1764.0,1287.0684,1764.0
1145,custom,resnet34,14,4913,128,4,4,0.981804,69.53125,94.53125,0.000123,0.068653,0.068776,1861.1102,183.3657,1764.0,1287.0684,1764.0
1145,custom,resnet34,14,4914,128,4,4,1.253179,66.40625,89.84375,0.000388,0.069054,0.069442,1843.2522,183.3657,1764.0,1287.0684,1764.0
1145,custom,resnet34,14,4915,128,4,4,1.451571,61.71875,85.15625,0.000195,0.068619,0.068814,1860.094,183.3657,1764.0,1287.0684,1764.0
1145,custom,resnet34,14,4916,128,4,4,1.067621,67.96875,92.96875,0.000122,0.068541,0.068663,1864.177,183.3657,1764.0,1287.0684,1764.0
1145,custom,resnet34,14,4917,128,4,4,1.215786,66.40625,90.625,0.000135,0.068714,0.06885,1859.1251,183.3657,1764.0,1287.0684,1764.0
1145,custom,resnet34,14,4918,128,4,4,1.318704,68.75,91.40625,0.000453,0.069257,0.069711,1836.1605,183.3657,1764.0,1287.0684,1764.0
1145,custom,resnet34,14,4919,128,4,4,1.352759,64.84375,89.0625,0.000168,0.068948,0.069116,1851.9555,183.3657,1764.0,1287.0684,1764.0
1145,custom,resnet34,14,4920,128,4,4,1.208163,64.0625,91.40625,0.003998,0.068689,0.072687,1760.9789,183.3657,1764.0,1287.0684,1764.0
1145,custom,resnet34,14,4921,128,4,4,1.276925,61.71875,86.71875,0.000113,0.06902,0.069134,1851.4875,183.3657,1764.0,1287.0684,1764.0
1145,custom,resnet34,14,4922,128,4,4,1.159538,67.1875,90.625,0.000185,0.068936,0.069121,1851.8135,183.3657,1764.0,1287.0684,1764.0
1145,custom,resnet34,14,4923,128,4,4,1.460325,59.375,82.8125,0.000105,0.068453,0.068558,1867.0405,183.3657,1764.0,1287.0684,1764.0
1145,custom,resnet34,14,4924,128,4,4,1.249289,60.9375,90.625,0.000122,0.06849,0.068612,1865.5741,183.3657,1764.0,1287.0684,1764.0
1145,custom,resnet34,14,4925,128,4,4,1.023547,68.75,96.09375,0.000383,0.068618,0.069,1855.0647,183.3657,1764.0,1287.0684,1764.0
1145,custom,resnet34,14,4926,128,4,4,1.10189,64.84375,92.96875,0.000133,0.069015,0.069149,1851.0804,183.3657,1764.0,1287.0684,1764.0
1145,custom,resnet34,14,4927,128,4,4,1.377176,59.375,85.15625,0.000136,0.068571,0.068708,1862.9675,183.3657,1764.0,1287.0684,1764.0
1145,custom,resnet34,14,4928,128,4,4,1.376949,59.722222,86.111111,0.000135,0.038696,0.038831,1854.179,182.1885,1764.0,1287.0684,1764.0
1145,custom,resnet34,15,4929,128,4,4,0.783793,75.78125,95.3125,0.140803,0.068896,0.209699,610.3987,183.3657,1764.0,1287.0684,1764.0
1145,custom,resnet34,15,4930,128,4,4,0.917722,75.0,96.09375,0.000218,0.068686,0.068904,1857.6701,183.3657,1764.0,1287.0684,1764.0
1145,custom,resnet34,15,4931,128,4,4,0.811841,75.78125,93.75,0.000185,0.06892,0.069106,1852.2385,183.3657,1764.0,1287.0684,1764.0
1145,custom,resnet34,15,4932,128,4,4,1.100583,68.75,92.1875,0.000202,0.068597,0.068799,1860.5042,183.3657,1764.0,1287.0684,1764.0
1145,custom,resnet34,15,4933,128,4,4,1.000895,73.4375,95.3125,0.000133,0.068548,0.068681,1863.7014,183.3657,1764.0,1287.0684,1764.0
1145,custom,resnet34,15,4934,128,4,4,0.893048,74.21875,96.09375,0.000309,0.070378,0.070687,1810.8017,183.3657,1764.0,1287.0684,1764.0
1145,custom,resnet34,15,4935,128,4,4,1.018681,74.21875,90.625,0.000184,0.068908,0.069092,1852.5968,183.3657,1764.0,1287.0684,1764.0
1145,custom,resnet34,15,4936,128,4,4,0.941679,73.4375,92.1875,0.000288,0.068587,0.068875,1858.4367,183.3657,1764.0,1287.0684,1764.0
1145,custom,resnet34,15,4937,128,4,4,0.888868,75.78125,95.3125,0.000127,0.06857,0.068697,1863.2456,183.3657,1764.0,1287.0684,1764.0
1145,custom,resnet34,15,4938,128,4,4,1.114807,67.1875,89.84375,0.000122,0.068682,0.068804,1860.3513,183.3657,1764.0,1287.0684,1764.0
1145,custom,resnet34,15,4939,128,4,4,1.021333,73.4375,91.40625,0.000236,0.068911,0.069147,1851.1296,183.3657,1764.0,1287.0684,1764.0
1145,custom,resnet34,15,4940,128,4,4,0.977306,67.96875,92.96875,0.000147,0.068637,0.068784,1860.9004,183.3657,1764.0,1287.0684,1764.0
1145,custom,resnet34,15,4941,128,4,4,1.088149,68.75,92.1875,0.000156,0.068881,0.069037,1854.0663,183.3657,1764.0,1287.0684,1764.0
1145,custom,resnet34,15,4942,128,4,4,1.141145,64.84375,91.40625,0.000647,0.068783,0.06943,1843.5951,183.3657,1764.0,1287.0684,1764.0
1145,custom,resnet34,15,4943,128,4,4,0.870524,75.78125,96.09375,0.000277,0.068754,0.069031,1854.2334,183.3657,1764.0,1287.0684,1764.0
1145,custom,resnet34,15,4944,128,4,4,0.899645,73.4375,92.1875,0.000304,0.068565,0.068869,1858.5943,183.3657,1764.0,1287.0684,1764.0
1145,custom,resnet34,15,4945,128,4,4,0.991855,70.3125,92.1875,0.000156,0.069048,0.069203,1849.6222,183.3657,1764.0,1287.0684,1764.0
1145,custom,resnet34,15,4946,128,4,4,0.997803,71.875,92.96875,0.000527,0.068644,0.069171,1850.4858,183.3657,1764.0,1287.0684,1764.0
1145,custom,resnet34,15,4947,128,4,4,0.993058,72.65625,89.84375,0.000393,0.068855,0.069248,1848.4336,183.3657,1764.0,1287.0684,1764.0
1145,custom,resnet34,15,4948,128,4,4,1.069761,67.96875,91.40625,0.000433,0.068483,0.068916,1857.3372,183.3657,1764.0,1287.0684,1764.0
1145,custom,resnet34,15,4949,128,4,4,1.023831,67.96875,92.1875,0.000178,0.068668,0.068846,1859.2229,183.3657,1764.0,1287.0684,1764.0
1145,custom,resnet34,15,4950,128,4,4,0.867268,74.21875,95.3125,0.000494,0.068599,0.069093,1852.5841,183.3657,1764.0,1287.0684,1764.0
1145,custom,resnet34,15,4951,128,4,4,0.995838,69.53125,94.53125,0.000596,0.068892,0.069488,1842.0441,183.3657,1764.0,1287.0684,1764.0
1145,custom,resnet34,15,4952,128,4,4,1.039601,69.53125,89.84375,0.000425,0.068616,0.069041,1853.9708,183.3657,1764.0,1287.0684,1764.0
1145,custom,resnet34,15,4953,128,4,4,0.860454,78.90625,92.96875,0.000279,0.068699,0.068978,1855.6658,183.3657,1764.0,1287.0684,1764.0
1145,custom,resnet34,15,4954,128,4,4,0.822887,74.21875,96.875,0.00051,0.069155,0.069664,1837.3799,183.3657,1764.0,1287.0684,1764.0
1145,custom,resnet34,15,4955,128,4,4,1.072231,67.96875,95.3125,0.000404,0.068989,0.069393,1844.5542,183.3657,1764.0,1287.0684,1764.0
1145,custom,resnet34,15,4956,128,4,4,1.040298,71.875,89.84375,0.000245,0.068473,0.068718,1862.6891,183.3657,1764.0,1287.0684,1764.0
1145,custom,resnet34,15,4957,128,4,4,0.965173,75.0,92.96875,0.000163,0.068636,0.068799,1860.4888,183.3657,1764.0,1287.0684,1764.0
1145,custom,resnet34,15,4958,128,4,4,1.269289,65.625,91.40625,0.000256,0.068605,0.068861,1858.8189,183.3657,1764.0,1287.0684,1764.0
1145,custom,resnet34,15,4959,128,4,4,0.942558,71.875,96.09375,0.000727,0.069772,0.070499,1815.627,183.3657,1764.0,1287.0684,1764.0
1145,custom,resnet34,15,4960,128,4,4,0.932197,77.34375,92.96875,0.001112,0.069272,0.070384,1818.5909,183.3657,1764.0,1287.0684,1764.0
1145,custom,resnet34,15,4961,128,4,4,0.983729,75.78125,92.96875,0.000142,0.069282,0.069424,1843.745,183.3657,1764.0,1287.0684,1764.0
1145,custom,resnet34,15,4962,128,4,4,1.006129,71.875,92.1875,0.000458,0.068636,0.069094,1852.5486,183.3657,1764.0,1287.0684,1764.0
1145,custom,resnet34,15,4963,128,4,4,0.853622,75.78125,95.3125,0.000598,0.068971,0.069568,1839.9225,183.3657,1764.0,1287.0684,1764.0
1145,custom,resnet34,15,4964,128,4,4,1.069625,67.96875,92.96875,0.000423,0.069424,0.069847,1832.5697,183.3657,1764.0,1287.0684,1764.0
1145,custom,resnet34,15,4965,128,4,4,1.079364,68.75,91.40625,0.000178,0.068587,0.068765,1861.4107,183.3657,1764.0,1287.0684,1764.0
1145,custom,resnet34,15,4966,128,4,4,0.781819,76.5625,97.65625,0.000292,0.068697,0.068989,1855.3632,183.3657,1764.0,1287.0684,1764.0
1145,custom,resnet34,15,4967,128,4,4,0.797491,76.5625,96.09375,0.000479,0.068872,0.069351,1845.6729,183.3657,1764.0,1287.0684,1764.0
1145,custom,resnet34,15,4968,128,4,4,0.911967,76.5625,93.75,0.000371,0.068736,0.069108,1852.1824,183.3657,1764.0,1287.0684,1764.0
1145,custom,resnet34,15,4969,128,4,4,1.200863,66.40625,90.625,0.000313,0.068555,0.068868,1858.6273,183.3657,1764.0,1287.0684,1764.0
1145,custom,resnet34,15,4970,128,4,4,0.933397,72.65625,96.09375,0.00028,0.068579,0.068858,1858.8849,183.3657,1764.0,1287.0684,1764.0
1145,custom,resnet34,15,4971,128,4,4,1.184383,64.0625,90.625,0.000225,0.068749,0.068974,1855.7805,183.3657,1764.0,1287.0684,1764.0
1145,custom,resnet34,15,4972,128,4,4,1.050843,68.75,92.96875,0.000123,0.068521,0.068644,1864.6912,183.3657,1764.0,1287.0684,1764.0
1145,custom,resnet34,15,4973,128,4,4,0.97251,74.21875,91.40625,0.000133,0.068484,0.068617,1865.4283,183.3657,1764.0,1287.0684,1764.0
1145,custom,resnet34,15,4974,128,4,4,0.907796,76.5625,93.75,0.000267,0.068471,0.068738,1862.1399,183.3657,1764.0,1287.0684,1764.0
1145,custom,resnet34,15,4975,128,4,4,0.952606,75.78125,93.75,0.000261,0.068983,0.069244,1848.5314,183.3657,1764.0,1287.0684,1764.0
1145,custom,resnet34,15,4976,128,4,4,0.963116,75.0,92.1875,0.000467,0.068673,0.06914,1851.3078,183.3657,1764.0,1287.0684,1764.0
1145,custom,resnet34,15,4977,128,4,4,1.031309,72.65625,92.1875,0.00019,0.068524,0.068714,1862.7964,183.3657,1764.0,1287.0684,1764.0
1145,custom,resnet34,15,4978,128,4,4,0.835005,77.34375,94.53125,0.000289,0.068535,0.068825,1859.7975,183.3657,1764.0,1287.0684,1764.0
1145,custom,resnet34,15,4979,128,4,4,1.053043,71.875,92.96875,0.000268,0.068921,0.069189,1850.0097,183.3657,1764.0,1287.0684,1764.0
1145,custom,resnet34,15,4980,128,4,4,1.041607,70.3125,92.1875,0.000452,0.068539,0.068991,1855.3197,183.3657,1764.0,1287.0684,1764.0
1145,custom,resnet34,15,4981,128,4,4,1.007105,65.625,94.53125,0.000176,0.068709,0.068885,1858.1723,183.3657,1764.0,1287.0684,1764.0
1145,custom,resnet34,15,4982,128,4,4,0.956373,73.4375,95.3125,0.00048,0.068697,0.069176,1850.3409,183.3657,1764.0,1287.0684,1764.0
1145,custom,resnet34,15,4983,128,4,4,0.999784,67.1875,95.3125,0.000255,0.06928,0.069535,1840.8068,183.3657,1764.0,1287.0684,1764.0
1145,custom,resnet34,15,4984,128,4,4,0.90242,71.875,96.875,0.000259,0.068946,0.069204,1849.5975,183.3657,1764.0,1287.0684,1764.0
1145,custom,resnet34,15,4985,128,4,4,1.087753,64.84375,92.96875,0.000298,0.068732,0.06903,1854.2743,183.3657,1764.0,1287.0684,1764.0
1145,custom,resnet34,15,4986,128,4,4,1.138429,64.0625,92.1875,0.000268,0.068795,0.069064,1853.3584,183.3657,1764.0,1287.0684,1764.0
1145,custom,resnet34,15,4987,128,4,4,0.969214,75.0,91.40625,0.000671,0.068976,0.069648,1837.8168,183.3657,1764.0,1287.0684,1764.0
1145,custom,resnet34,15,4988,128,4,4,1.017454,71.09375,90.625,0.000502,0.06858,0.069083,1852.8494,183.3657,1764.0,1287.0684,1764.0
1145,custom,resnet34,15,4989,128,4,4,1.053335,69.53125,94.53125,0.00019,0.068852,0.069042,1853.9342,183.3657,1764.0,1287.0684,1764.0
1145,custom,resnet34,15,4990,128,4,4,1.059628,67.1875,92.96875,0.000307,0.06875,0.069057,1853.5397,183.3657,1764.0,1287.0684,1764.0
1145,custom,resnet34,15,4991,128,4,4,0.801942,76.5625,96.875,0.000258,0.06888,0.069137,1851.3931,183.3657,1764.0,1287.0684,1764.0
1145,custom,resnet34,15,4992,128,4,4,0.751763,78.125,96.09375,0.000441,0.068637,0.069078,1852.9799,183.3657,1764.0,1287.0684,1764.0
1145,custom,resnet34,15,4993,128,4,4,0.944925,73.4375,93.75,0.000262,0.069175,0.069437,1843.3983,183.3657,1764.0,1287.0684,1764.0
1145,custom,resnet34,15,4994,128,4,4,0.968241,70.3125,93.75,0.000293,0.069141,0.069434,1843.4781,183.3657,1764.0,1287.0684,1764.0
1145,custom,resnet34,15,4995,128,4,4,1.041693,69.53125,93.75,0.00026,0.06924,0.069501,1841.7093,183.3657,1764.0,1287.0684,1764.0
1145,custom,resnet34,15,4996,128,4,4,0.922995,71.09375,95.3125,0.000235,0.068727,0.068961,1856.1137,183.3657,1764.0,1287.0684,1764.0
1145,custom,resnet34,15,4997,128,4,4,1.185781,65.625,89.84375,0.000178,0.0691,0.069277,1847.643,183.3657,1764.0,1287.0684,1764.0
1145,custom,resnet34,15,4998,128,4,4,0.978867,67.96875,96.09375,0.000456,0.068929,0.069386,1844.7575,183.3657,1764.0,1287.0684,1764.0
1145,custom,resnet34,15,4999,128,4,4,0.927843,73.4375,92.96875,0.000255,0.069221,0.069476,1842.3744,183.3657,1764.0,1287.0684,1764.0
1145,custom,resnet34,15,5000,128,4,4,0.925623,75.78125,97.65625,0.000238,0.069098,0.069336,1846.0958,183.3657,1764.0,1287.0684,1764.0
1145,custom,resnet34,15,5001,128,4,4,0.796108,78.125,95.3125,0.000174,0.069088,0.069261,1848.069,183.3657,1764.0,1287.0684,1764.0
1145,custom,resnet34,15,5002,128,4,4,0.916852,75.0,94.53125,0.000471,0.068811,0.069282,1847.5293,183.3657,1764.0,1287.0684,1764.0
1145,custom,resnet34,15,5003,128,4,4,1.079772,67.96875,94.53125,0.000769,0.069333,0.070101,1825.9243,183.3657,1764.0,1287.0684,1764.0
1145,custom,resnet34,15,5004,128,4,4,1.103456,67.1875,92.96875,0.000613,0.069173,0.069786,1834.1819,183.3657,1764.0,1287.0684,1764.0
1145,custom,resnet34,15,5005,128,4,4,0.9013,71.875,96.09375,0.000169,0.06901,0.069179,1850.2681,183.3657,1764.0,1287.0684,1764.0
1145,custom,resnet34,15,5006,128,4,4,0.997482,71.09375,92.1875,0.000181,0.06896,0.06914,1851.3088,183.3657,1764.0,1287.0684,1764.0
1145,custom,resnet34,15,5007,128,4,4,1.048447,68.75,92.96875,0.000564,0.07063,0.071193,1797.9177,183.3657,1764.0,1287.0684,1764.0
1145,custom,resnet34,15,5008,128,4,4,0.885416,75.78125,96.875,0.000236,0.06923,0.069466,1842.629,183.3657,1764.0,1287.0684,1764.0
1145,custom,resnet34,15,5009,128,4,4,0.845296,75.78125,94.53125,0.000271,0.068863,0.069135,1851.4612,183.3657,1764.0,1287.0684,1764.0
1145,custom,resnet34,15,5010,128,4,4,1.019229,71.875,92.1875,0.000271,0.069092,0.069363,1845.3658,183.3657,1764.0,1287.0684,1764.0
1145,custom,resnet34,15,5011,128,4,4,0.82694,77.34375,94.53125,0.000245,0.069585,0.06983,1833.0109,183.3657,1764.0,1287.0684,1764.0
1145,custom,resnet34,15,5012,128,4,4,0.803599,73.4375,97.65625,0.001153,0.073363,0.074516,1717.7539,183.3657,1764.0,1287.0684,1764.0
1145,custom,resnet34,15,5013,128,4,4,1.066178,72.65625,93.75,0.000265,0.068918,0.069183,1850.163,183.3657,1764.0,1287.0684,1764.0
1145,custom,resnet34,15,5014,128,4,4,0.915322,72.65625,92.96875,0.000248,0.068967,0.069214,1849.3245,183.3657,1764.0,1287.0684,1764.0
1145,custom,resnet34,15,5015,128,4,4,0.809665,75.78125,96.09375,0.000237,0.069284,0.069521,1841.1638,183.3657,1764.0,1287.0684,1764.0
1145,custom,resnet34,15,5016,128,4,4,0.918585,68.75,96.875,0.000719,0.069761,0.070481,1816.0989,183.3657,1764.0,1287.0684,1764.0
1145,custom,resnet34,15,5017,128,4,4,1.077287,64.0625,93.75,0.000314,0.068827,0.069141,1851.2874,183.3657,1764.0,1287.0684,1764.0
1145,custom,resnet34,15,5018,128,4,4,0.83867,71.875,96.09375,0.000282,0.068948,0.069231,1848.8953,183.3657,1764.0,1287.0684,1764.0
1145,custom,resnet34,15,5019,128,4,4,0.958909,72.65625,95.3125,0.000252,0.069381,0.069634,1838.1937,183.3657,1764.0,1287.0684,1764.0
1145,custom,resnet34,15,5020,128,4,4,0.766936,75.78125,98.4375,0.000465,0.068946,0.069411,1844.0984,183.3657,1764.0,1287.0684,1764.0
1145,custom,resnet34,15,5021,128,4,4,1.079376,71.09375,91.40625,0.000262,0.06892,0.069182,1850.205,183.3657,1764.0,1287.0684,1764.0
1145,custom,resnet34,15,5022,128,4,4,0.947195,71.875,96.09375,0.000252,0.068905,0.069157,1850.8731,183.3657,1764.0,1287.0684,1764.0
1145,custom,resnet34,15,5023,128,4,4,0.951047,71.875,93.75,0.000244,0.069267,0.06951,1841.4516,183.3657,1764.0,1287.0684,1764.0
1145,custom,resnet34,15,5024,128,4,4,1.038982,74.21875,92.96875,0.000268,0.069012,0.06928,1847.5732,183.3657,1764.0,1287.0684,1764.0
1145,custom,resnet34,15,5025,128,4,4,0.875887,71.875,95.3125,0.000253,0.0691,0.069352,1845.6501,183.3657,1764.0,1287.0684,1764.0
1145,custom,resnet34,15,5026,128,4,4,0.88283,75.0,93.75,0.000841,0.069031,0.069872,1831.9188,183.3657,1764.0,1287.0684,1764.0
1145,custom,resnet34,15,5027,128,4,4,0.938799,76.5625,91.40625,0.000235,0.069233,0.069468,1842.5812,183.3657,1764.0,1287.0684,1764.0
1145,custom,resnet34,15,5028,128,4,4,0.940117,69.53125,93.75,0.000256,0.068952,0.069208,1849.4857,183.3657,1764.0,1287.0684,1764.0
1145,custom,resnet34,15,5029,128,4,4,0.741694,80.46875,96.09375,0.000282,0.069034,0.069317,1846.5914,183.3657,1764.0,1287.0684,1764.0
1145,custom,resnet34,15,5030,128,4,4,0.843663,73.4375,95.3125,0.000265,0.068982,0.069247,1848.4582,183.3657,1764.0,1287.0684,1764.0
1145,custom,resnet34,15,5031,128,4,4,0.879737,76.5625,95.3125,0.000149,0.069197,0.069345,1845.8354,183.3657,1764.0,1287.0684,1764.0
1145,custom,resnet34,15,5032,128,4,4,1.026534,67.1875,92.1875,0.000249,0.06902,0.069269,1847.8728,183.3657,1764.0,1287.0684,1764.0
1145,custom,resnet34,15,5033,128,4,4,1.103058,70.3125,91.40625,0.00025,0.069063,0.069312,1846.7167,183.3657,1764.0,1287.0684,1764.0
1145,custom,resnet34,15,5034,128,4,4,0.988881,67.96875,93.75,0.000604,0.068892,0.069497,1841.8174,183.3657,1764.0,1287.0684,1764.0
1145,custom,resnet34,15,5035,128,4,4,0.90838,75.0,94.53125,0.00042,0.06945,0.069869,1831.9938,183.3657,1764.0,1287.0684,1764.0
1145,custom,resnet34,15,5036,128,4,4,1.026614,67.96875,93.75,0.000273,0.068989,0.069262,1848.0428,183.3657,1764.0,1287.0684,1764.0
1145,custom,resnet34,15,5037,128,4,4,0.844324,78.90625,96.09375,0.000302,0.068943,0.069245,1848.5021,183.3657,1764.0,1287.0684,1764.0
1145,custom,resnet34,15,5038,128,4,4,1.056496,64.0625,94.53125,0.000227,0.068869,0.069096,1852.489,183.3657,1764.0,1287.0684,1764.0
1145,custom,resnet34,15,5039,128,4,4,0.938261,75.0,96.875,0.00025,0.069563,0.069813,1833.47,183.3657,1764.0,1287.0684,1764.0
1145,custom,resnet34,15,5040,128,4,4,0.84695,76.5625,93.75,0.000539,0.068954,0.069493,1841.901,183.3657,1764.0,1287.0684,1764.0
1145,custom,resnet34,15,5041,128,4,4,1.057705,69.53125,92.96875,0.000321,0.068793,0.069114,1852.0153,183.3657,1764.0,1287.0684,1764.0
1145,custom,resnet34,15,5042,128,4,4,0.835946,76.5625,96.09375,0.000336,0.068608,0.068944,1856.5824,183.3657,1764.0,1287.0684,1764.0
1145,custom,resnet34,15,5043,128,4,4,1.058906,67.96875,92.96875,0.000517,0.069073,0.06959,1839.3536,183.3657,1764.0,1287.0684,1764.0
1145,custom,resnet34,15,5044,128,4,4,0.950622,75.78125,96.09375,0.000293,0.068866,0.069159,1850.8101,183.3657,1764.0,1287.0684,1764.0
1145,custom,resnet34,15,5045,128,4,4,1.007496,69.53125,92.1875,0.000358,0.068709,0.069067,1853.2642,183.3657,1764.0,1287.0684,1764.0
1145,custom,resnet34,15,5046,128,4,4,0.834225,75.0,96.09375,0.000309,0.068757,0.069066,1853.3059,183.3657,1764.0,1287.0684,1764.0
1145,custom,resnet34,15,5047,128,4,4,0.910236,71.875,95.3125,0.000315,0.069168,0.069483,1842.1762,183.3657,1764.0,1287.0684,1764.0
1145,custom,resnet34,15,5048,128,4,4,0.974511,73.4375,92.96875,0.000663,0.069768,0.07043,1817.3957,183.3657,1764.0,1287.0684,1764.0
1145,custom,resnet34,15,5049,128,4,4,0.792737,80.46875,94.53125,0.000338,0.068606,0.068944,1856.5828,183.3657,1764.0,1287.0684,1764.0
1145,custom,resnet34,15,5050,128,4,4,1.152169,66.40625,93.75,0.000317,0.06896,0.069278,1847.6413,183.3657,1764.0,1287.0684,1764.0
1145,custom,resnet34,15,5051,128,4,4,1.030361,72.65625,93.75,0.000288,0.069316,0.069603,1838.9929,183.3657,1764.0,1287.0684,1764.0
1145,custom,resnet34,15,5052,128,4,4,0.919718,73.4375,93.75,0.000526,0.069623,0.070149,1824.6978,183.3657,1764.0,1287.0684,1764.0
1145,custom,resnet34,15,5053,128,4,4,1.055677,69.53125,92.96875,0.000272,0.068914,0.069186,1850.084,183.3657,1764.0,1287.0684,1764.0
1145,custom,resnet34,15,5054,128,4,4,1.068262,67.1875,92.96875,0.000326,0.068955,0.069281,1847.5594,183.3657,1764.0,1287.0684,1764.0
1145,custom,resnet34,15,5055,128,4,4,0.888698,73.4375,92.96875,0.000465,0.06942,0.069886,1831.5639,183.3657,1764.0,1287.0684,1764.0
1145,custom,resnet34,15,5056,128,4,4,0.945734,71.09375,94.53125,0.001328,0.069308,0.070636,1812.1129,183.3657,1764.0,1287.0684,1764.0
1145,custom,resnet34,15,5057,128,4,4,1.050222,67.96875,93.75,0.000338,0.068837,0.069176,1850.3639,183.3657,1764.0,1287.0684,1764.0
1145,custom,resnet34,15,5058,128,4,4,0.859351,71.09375,95.3125,0.000346,0.06874,0.069086,1852.7657,183.3657,1764.0,1287.0684,1764.0
1145,custom,resnet34,15,5059,128,4,4,0.997652,72.65625,92.1875,0.000301,0.069334,0.069635,1838.1493,183.3657,1764.0,1287.0684,1764.0
1145,custom,resnet34,15,5060,128,4,4,1.102412,65.625,91.40625,0.000579,0.068959,0.069538,1840.7231,183.3657,1764.0,1287.0684,1764.0
1145,custom,resnet34,15,5061,128,4,4,0.920574,69.53125,96.875,0.000328,0.068853,0.069181,1850.2135,183.3657,1764.0,1287.0684,1764.0
1145,custom,resnet34,15,5062,128,4,4,1.005224,73.4375,93.75,0.000292,0.068935,0.069227,1849.0001,183.3657,1764.0,1287.0684,1764.0
1145,custom,resnet34,15,5063,128,4,4,0.955198,72.65625,96.09375,0.000313,0.069002,0.069315,1846.6416,183.3657,1764.0,1287.0684,1764.0
1145,custom,resnet34,15,5064,128,4,4,1.058137,65.625,95.3125,0.000305,0.068712,0.069018,1854.5922,183.3657,1764.0,1287.0684,1764.0
1145,custom,resnet34,15,5065,128,4,4,0.857243,70.3125,94.53125,0.000277,0.068883,0.06916,1850.7841,183.3657,1764.0,1287.0684,1764.0
1145,custom,resnet34,15,5066,128,4,4,1.164726,64.84375,89.84375,0.0003,0.069005,0.069306,1846.8894,183.3657,1764.0,1287.0684,1764.0
1145,custom,resnet34,15,5067,128,4,4,1.163834,60.9375,94.53125,0.000292,0.069446,0.069738,1835.4401,183.3657,1764.0,1287.0684,1764.0
1145,custom,resnet34,15,5068,128,4,4,0.934693,69.53125,95.3125,0.000732,0.069082,0.069813,1833.4625,183.3657,1764.0,1287.0684,1764.0
1145,custom,resnet34,15,5069,128,4,4,1.08941,66.40625,94.53125,0.000289,0.069296,0.069585,1839.4846,183.3657,1764.0,1287.0684,1764.0
1145,custom,resnet34,15,5070,128,4,4,0.927069,74.21875,94.53125,0.000509,0.071546,0.072055,1776.4218,183.3657,1764.0,1287.0684,1764.0
1145,custom,resnet34,15,5071,128,4,4,1.145868,66.40625,92.96875,0.000268,0.069367,0.069635,1838.1521,183.3657,1764.0,1287.0684,1764.0
1145,custom,resnet34,15,5072,128,4,4,0.903366,71.875,94.53125,0.00029,0.069119,0.069409,1844.147,183.3657,1764.0,1287.0684,1764.0
1145,custom,resnet34,15,5073,128,4,4,0.967959,70.3125,93.75,0.00046,0.069801,0.070262,1821.7637,183.3657,1764.0,1287.0684,1764.0
1145,custom,resnet34,15,5074,128,4,4,1.131662,66.40625,92.1875,0.000281,0.069051,0.069332,1846.1963,183.3657,1764.0,1287.0684,1764.0
1145,custom,resnet34,15,5075,128,4,4,0.863533,76.5625,93.75,0.000252,0.069352,0.069603,1838.9894,183.3657,1764.0,1287.0684,1764.0
1145,custom,resnet34,15,5076,128,4,4,0.793593,75.0,96.875,0.000264,0.069284,0.069548,1840.4496,183.3657,1764.0,1287.0684,1764.0
1145,custom,resnet34,15,5077,128,4,4,1.280202,62.5,90.625,0.001616,0.069213,0.070829,1807.1686,183.3657,1764.0,1287.0684,1764.0
1145,custom,resnet34,15,5078,128,4,4,0.98841,70.3125,95.3125,0.000752,0.068816,0.069568,1839.9347,183.3657,1764.0,1287.0684,1764.0
1145,custom,resnet34,15,5079,128,4,4,0.953353,73.4375,95.3125,0.0003,0.069452,0.069753,1835.0561,183.3657,1764.0,1287.0684,1764.0
1145,custom,resnet34,15,5080,128,4,4,1.282065,63.28125,90.625,0.000275,0.069062,0.069337,1846.0544,183.3657,1764.0,1287.0684,1764.0
1145,custom,resnet34,15,5081,128,4,4,0.991742,71.09375,90.625,0.000432,0.068893,0.069325,1846.3744,183.3657,1764.0,1287.0684,1764.0
1145,custom,resnet34,15,5082,128,4,4,1.201382,63.28125,92.1875,0.00065,0.069914,0.070564,1813.9535,183.3657,1764.0,1287.0684,1764.0
1145,custom,resnet34,15,5083,128,4,4,1.214871,56.25,93.75,0.000286,0.069439,0.069725,1835.7788,183.3657,1764.0,1287.0684,1764.0
1145,custom,resnet34,15,5084,128,4,4,1.004168,71.09375,92.1875,0.000262,0.069081,0.069343,1845.8922,183.3657,1764.0,1287.0684,1764.0
1145,custom,resnet34,15,5085,128,4,4,0.949578,71.09375,93.75,0.000446,0.06892,0.069366,1845.2913,183.3657,1764.0,1287.0684,1764.0
1145,custom,resnet34,15,5086,128,4,4,0.847677,75.0,96.09375,0.000469,0.070398,0.070867,1806.2069,183.3657,1764.0,1287.0684,1764.0
1145,custom,resnet34,15,5087,128,4,4,1.127524,63.28125,92.1875,0.000263,0.069422,0.069684,1836.8604,183.3657,1764.0,1287.0684,1764.0
1145,custom,resnet34,15,5088,128,4,4,0.921491,73.4375,96.09375,0.000254,0.068896,0.069149,1851.0695,183.3657,1764.0,1287.0684,1764.0
1145,custom,resnet34,15,5089,128,4,4,1.084579,65.625,92.1875,0.000248,0.068985,0.069233,1848.828,183.3657,1764.0,1287.0684,1764.0
1145,custom,resnet34,15,5090,128,4,4,0.952998,71.875,92.96875,0.000455,0.069122,0.069577,1839.6764,183.3657,1764.0,1287.0684,1764.0
1145,custom,resnet34,15,5091,128,4,4,0.982986,73.4375,91.40625,0.000259,0.069598,0.069858,1832.2965,183.3657,1764.0,1287.0684,1764.0
1145,custom,resnet34,15,5092,128,4,4,0.745579,83.59375,96.09375,0.000255,0.070051,0.070305,1820.6346,183.3657,1764.0,1287.0684,1764.0
1145,custom,resnet34,15,5093,128,4,4,0.887784,77.34375,90.625,0.000183,0.068849,0.069032,1854.2207,183.3657,1764.0,1287.0684,1764.0
1145,custom,resnet34,15,5094,128,4,4,1.015368,67.1875,94.53125,0.000249,0.068969,0.069218,1849.2197,183.3657,1764.0,1287.0684,1764.0
1145,custom,resnet34,15,5095,128,4,4,1.097632,68.75,89.84375,0.000156,0.069129,0.069285,1847.4359,183.3657,1764.0,1287.0684,1764.0
1145,custom,resnet34,15,5096,128,4,4,0.97648,71.09375,95.3125,0.000228,0.068922,0.069151,1851.0327,183.3657,1764.0,1287.0684,1764.0
1145,custom,resnet34,15,5097,128,4,4,1.030152,66.40625,95.3125,0.000227,0.069195,0.069422,1843.7874,183.3657,1764.0,1287.0684,1764.0
1145,custom,resnet34,15,5098,128,4,4,0.928125,75.78125,93.75,0.000254,0.068853,0.069107,1852.2029,183.3657,1764.0,1287.0684,1764.0
1145,custom,resnet34,15,5099,128,4,4,1.012209,69.53125,92.96875,0.000265,0.069119,0.069384,1844.8101,183.3657,1764.0,1287.0684,1764.0
1145,custom,resnet34,15,5100,128,4,4,0.892423,75.78125,93.75,0.000274,0.06893,0.069204,1849.5929,183.3657,1764.0,1287.0684,1764.0
1145,custom,resnet34,15,5101,128,4,4,1.114942,64.84375,91.40625,0.000457,0.068881,0.069338,1846.0288,183.3657,1764.0,1287.0684,1764.0
1145,custom,resnet34,15,5102,128,4,4,0.82119,76.5625,91.40625,0.000246,0.069099,0.069344,1845.8622,183.3657,1764.0,1287.0684,1764.0
1145,custom,resnet34,15,5103,128,4,4,0.907562,71.875,93.75,0.000718,0.069247,0.069965,1829.4795,183.3657,1764.0,1287.0684,1764.0
1145,custom,resnet34,15,5104,128,4,4,0.967861,71.09375,91.40625,0.000268,0.069146,0.069414,1844.0,183.3657,1764.0,1287.0684,1764.0
1145,custom,resnet34,15,5105,128,4,4,0.972397,73.4375,91.40625,0.000187,0.068971,0.069158,1850.8269,183.3657,1764.0,1287.0684,1764.0
1145,custom,resnet34,15,5106,128,4,4,0.943594,75.0,95.3125,0.000725,0.068814,0.069539,1840.7004,183.3657,1764.0,1287.0684,1764.0
1145,custom,resnet34,15,5107,128,4,4,1.013851,65.625,93.75,0.00025,0.06922,0.06947,1842.5221,183.3657,1764.0,1287.0684,1764.0
1145,custom,resnet34,15,5108,128,4,4,1.130427,72.65625,92.1875,0.00069,0.068935,0.069625,1838.4305,183.3657,1764.0,1287.0684,1764.0
1145,custom,resnet34,15,5109,128,4,4,1.011285,67.96875,91.40625,0.000291,0.069149,0.06944,1843.3246,183.3657,1764.0,1287.0684,1764.0
1145,custom,resnet34,15,5110,128,4,4,1.091492,69.53125,92.96875,0.000243,0.068799,0.069041,1853.9577,183.3657,1764.0,1287.0684,1764.0
1145,custom,resnet34,15,5111,128,4,4,1.041487,67.96875,95.3125,0.000241,0.069305,0.069545,1840.5223,183.3657,1764.0,1287.0684,1764.0
1145,custom,resnet34,15,5112,128,4,4,0.81699,77.34375,94.53125,0.000251,0.069151,0.069403,1844.3096,183.3657,1764.0,1287.0684,1764.0
1145,custom,resnet34,15,5113,128,4,4,1.100304,70.3125,93.75,0.000249,0.06893,0.069179,1850.2687,183.3657,1764.0,1287.0684,1764.0
1145,custom,resnet34,15,5114,128,4,4,1.125618,67.96875,88.28125,0.000259,0.068969,0.069228,1848.9533,183.3657,1764.0,1287.0684,1764.0
1145,custom,resnet34,15,5115,128,4,4,0.877689,70.3125,94.53125,0.00024,0.069344,0.069585,1839.4898,183.3657,1764.0,1287.0684,1764.0
1145,custom,resnet34,15,5116,128,4,4,0.911928,75.78125,94.53125,0.000249,0.069097,0.069346,1845.8189,183.3657,1764.0,1287.0684,1764.0
1145,custom,resnet34,15,5117,128,4,4,0.979133,71.09375,93.75,0.000239,0.068918,0.069157,1850.8691,183.3657,1764.0,1287.0684,1764.0
1145,custom,resnet34,15,5118,128,4,4,0.778448,81.25,95.3125,0.000251,0.068978,0.069229,1848.9246,183.3657,1764.0,1287.0684,1764.0
1145,custom,resnet34,15,5119,128,4,4,0.82984,76.5625,95.3125,0.000173,0.069534,0.069707,1836.2584,183.3657,1764.0,1287.0684,1764.0
1145,custom,resnet34,15,5120,128,4,4,1.008508,69.53125,93.75,0.000875,0.068948,0.069822,1833.2313,183.3657,1764.0,1287.0684,1764.0
1145,custom,resnet34,15,5121,128,4,4,1.075699,70.3125,92.1875,0.000172,0.068885,0.069057,1853.5354,183.3657,1764.0,1287.0684,1764.0
1145,custom,resnet34,15,5122,128,4,4,1.045617,71.875,89.84375,0.000733,0.069135,0.069868,1832.0299,183.3657,1764.0,1287.0684,1764.0
1145,custom,resnet34,15,5123,128,4,4,0.944001,73.4375,93.75,0.000427,0.077269,0.077697,1647.4338,183.3657,1764.0,1287.0684,1764.0
1145,custom,resnet34,15,5124,128,4,4,0.868842,76.5625,94.53125,0.000242,0.068801,0.069044,1853.8985,183.3657,1764.0,1287.0684,1764.0
1145,custom,resnet34,15,5125,128,4,4,0.825404,73.4375,93.75,0.000446,0.068928,0.069375,1845.057,183.3657,1764.0,1287.0684,1764.0
1145,custom,resnet34,15,5126,128,4,4,0.893163,74.21875,96.875,0.000278,0.068959,0.069237,1848.7103,183.3657,1764.0,1287.0684,1764.0
1145,custom,resnet34,15,5127,128,4,4,0.699649,77.34375,98.4375,0.000401,0.070385,0.070786,1808.2689,183.3657,1764.0,1287.0684,1764.0
1145,custom,resnet34,15,5128,128,4,4,0.961335,71.09375,94.53125,0.000276,0.069134,0.06941,1844.1224,183.3657,1764.0,1287.0684,1764.0
1145,custom,resnet34,15,5129,128,4,4,1.195073,65.625,92.96875,0.00025,0.069034,0.069284,1847.4652,183.3657,1764.0,1287.0684,1764.0
1145,custom,resnet34,15,5130,128,4,4,0.755158,77.34375,96.09375,0.000251,0.069182,0.069433,1843.4981,183.3657,1764.0,1287.0684,1764.0
1145,custom,resnet34,15,5131,128,4,4,1.017208,67.96875,91.40625,0.000419,0.070403,0.070822,1807.3547,183.3657,1764.0,1287.0684,1764.0
1145,custom,resnet34,15,5132,128,4,4,1.047407,69.53125,92.1875,0.000233,0.069034,0.069268,1847.902,183.3657,1764.0,1287.0684,1764.0
1145,custom,resnet34,15,5133,128,4,4,0.964081,70.3125,95.3125,0.000247,0.069049,0.069296,1847.1465,183.3657,1764.0,1287.0684,1764.0
1145,custom,resnet34,15,5134,128,4,4,0.912918,74.21875,92.96875,0.00044,0.068916,0.069356,1845.5505,183.3657,1764.0,1287.0684,1764.0
1145,custom,resnet34,15,5135,128,4,4,0.853893,76.5625,95.3125,0.000459,0.071064,0.071523,1789.6327,183.3657,1764.0,1287.0684,1764.0
1145,custom,resnet34,15,5136,128,4,4,0.868979,73.4375,96.875,0.001128,0.069004,0.070132,1825.125,183.3657,1764.0,1287.0684,1764.0
1145,custom,resnet34,15,5137,128,4,4,1.120144,67.96875,91.40625,0.000285,0.069313,0.069598,1839.1226,183.3657,1764.0,1287.0684,1764.0
1145,custom,resnet34,15,5138,128,4,4,0.890833,73.4375,92.96875,0.000268,0.069097,0.069364,1845.3307,183.3657,1764.0,1287.0684,1764.0
1145,custom,resnet34,15,5139,128,4,4,1.009184,63.28125,93.75,0.000408,0.074753,0.075161,1703.0087,183.3657,1764.0,1287.0684,1764.0
1145,custom,resnet34,15,5140,128,4,4,1.080507,65.625,94.53125,0.000398,0.069786,0.070184,1823.7726,183.3657,1764.0,1287.0684,1764.0
1145,custom,resnet34,15,5141,128,4,4,0.97964,70.3125,92.96875,0.000245,0.068761,0.069006,1854.9015,183.3657,1764.0,1287.0684,1764.0
1145,custom,resnet34,15,5142,128,4,4,0.983615,71.875,94.53125,0.000254,0.068915,0.06917,1850.5176,183.3657,1764.0,1287.0684,1764.0
1145,custom,resnet34,15,5143,128,4,4,0.927232,70.3125,94.53125,0.000422,0.069327,0.069749,1835.1513,183.3657,1764.0,1287.0684,1764.0
1145,custom,resnet34,15,5144,128,4,4,0.882617,77.34375,91.40625,0.000412,0.075424,0.075835,1687.8658,183.3657,1764.0,1287.0684,1764.0
1145,custom,resnet34,15,5145,128,4,4,1.019328,70.3125,94.53125,0.00024,0.068983,0.069223,1849.0897,183.3657,1764.0,1287.0684,1764.0
1145,custom,resnet34,15,5146,128,4,4,0.986583,71.09375,91.40625,0.000234,0.069056,0.06929,1847.3084,183.3657,1764.0,1287.0684,1764.0
1145,custom,resnet34,15,5147,128,4,4,1.129898,67.1875,92.96875,0.000467,0.0736,0.074067,1728.1668,183.3657,1764.0,1287.0684,1764.0
1145,custom,resnet34,15,5148,128,4,4,0.857237,75.78125,96.875,0.00016,0.069129,0.069288,1847.3508,183.3657,1764.0,1287.0684,1764.0
1145,custom,resnet34,15,5149,128,4,4,1.025594,67.96875,92.96875,0.00028,0.068838,0.069118,1851.9039,183.3657,1764.0,1287.0684,1764.0
1145,custom,resnet34,15,5150,128,4,4,1.019277,67.1875,91.40625,0.000266,0.06926,0.069526,1841.049,183.3657,1764.0,1287.0684,1764.0
1145,custom,resnet34,15,5151,128,4,4,1.01308,68.75,92.96875,0.000471,0.069432,0.069903,1831.117,183.3657,1764.0,1287.0684,1764.0
1145,custom,resnet34,15,5152,128,4,4,0.824704,73.4375,96.09375,0.000262,0.068843,0.069106,1852.2402,183.3657,1764.0,1287.0684,1764.0
1145,custom,resnet34,15,5153,128,4,4,1.188975,69.53125,85.9375,0.000285,0.069001,0.069286,1847.4222,183.3657,1764.0,1287.0684,1764.0
1145,custom,resnet34,15,5154,128,4,4,0.956554,71.875,92.96875,0.000379,0.069067,0.069445,1843.1773,183.3657,1764.0,1287.0684,1764.0
1145,custom,resnet34,15,5155,128,4,4,1.03845,70.3125,94.53125,0.00024,0.069467,0.069706,1836.275,183.3657,1764.0,1287.0684,1764.0
1145,custom,resnet34,15,5156,128,4,4,1.065669,73.4375,89.84375,0.000255,0.068911,0.069166,1850.6149,183.3657,1764.0,1287.0684,1764.0
1145,custom,resnet34,15,5157,128,4,4,0.98452,73.4375,92.1875,0.000282,0.069117,0.069399,1844.4125,183.3657,1764.0,1287.0684,1764.0
1145,custom,resnet34,15,5158,128,4,4,0.985651,74.21875,93.75,0.000252,0.069115,0.069368,1845.2343,183.3657,1764.0,1287.0684,1764.0
1145,custom,resnet34,15,5159,128,4,4,0.995818,71.09375,92.96875,0.000248,0.069386,0.069634,1838.1838,183.3657,1764.0,1287.0684,1764.0
1145,custom,resnet34,15,5160,128,4,4,1.021716,72.65625,93.75,0.000236,0.068983,0.069219,1849.2106,183.3657,1764.0,1287.0684,1764.0
1145,custom,resnet34,15,5161,128,4,4,1.120286,69.53125,92.96875,0.000265,0.069194,0.069459,1842.8205,183.3657,1764.0,1287.0684,1764.0
1145,custom,resnet34,15,5162,128,4,4,1.255419,64.84375,86.71875,0.000393,0.069063,0.069456,1842.8846,183.3657,1764.0,1287.0684,1764.0
1145,custom,resnet34,15,5163,128,4,4,0.89815,69.53125,94.53125,0.000243,0.069342,0.069585,1839.4832,183.3657,1764.0,1287.0684,1764.0
1145,custom,resnet34,15,5164,128,4,4,0.842461,72.65625,96.875,0.000241,0.068903,0.069144,1851.2029,183.3657,1764.0,1287.0684,1764.0
1145,custom,resnet34,15,5165,128,4,4,0.773158,76.5625,98.4375,0.000276,0.069224,0.069499,1841.7406,183.3657,1764.0,1287.0684,1764.0
1145,custom,resnet34,15,5166,128,4,4,0.949952,70.3125,94.53125,0.000254,0.069009,0.069263,1848.031,183.3657,1764.0,1287.0684,1764.0
1145,custom,resnet34,15,5167,128,4,4,1.107494,68.75,92.1875,0.000244,0.069222,0.069466,1842.6211,183.3657,1764.0,1287.0684,1764.0
1145,custom,resnet34,15,5168,128,4,4,0.802255,75.0,96.875,0.000249,0.069161,0.06941,1844.109,183.3657,1764.0,1287.0684,1764.0
1145,custom,resnet34,15,5169,128,4,4,0.860918,75.0,96.09375,0.000263,0.068875,0.069138,1851.3567,183.3657,1764.0,1287.0684,1764.0
1145,custom,resnet34,15,5170,128,4,4,1.006041,73.4375,92.96875,0.000259,0.06898,0.069239,1848.6668,183.3657,1764.0,1287.0684,1764.0
1145,custom,resnet34,15,5171,128,4,4,0.998415,69.53125,94.53125,0.000658,0.069331,0.069989,1828.8683,183.3657,1764.0,1287.0684,1764.0
1145,custom,resnet34,15,5172,128,4,4,0.938815,70.3125,94.53125,0.000176,0.068959,0.069135,1851.4441,183.3657,1764.0,1287.0684,1764.0
1145,custom,resnet34,15,5173,128,4,4,1.183295,66.40625,92.1875,0.000281,0.068915,0.069197,1849.8034,183.3657,1764.0,1287.0684,1764.0
1145,custom,resnet34,15,5174,128,4,4,0.834637,78.125,95.3125,0.000257,0.069134,0.069391,1844.6283,183.3657,1764.0,1287.0684,1764.0
1145,custom,resnet34,15,5175,128,4,4,1.02832,72.65625,89.0625,0.000387,0.069261,0.069648,1837.8149,183.3657,1764.0,1287.0684,1764.0
1145,custom,resnet34,15,5176,128,4,4,1.009756,72.65625,92.96875,0.000163,0.068979,0.069142,1851.268,183.3657,1764.0,1287.0684,1764.0
1145,custom,resnet34,15,5177,128,4,4,0.893796,72.65625,92.96875,0.0003,0.068986,0.069286,1847.4139,183.3657,1764.0,1287.0684,1764.0
1145,custom,resnet34,15,5178,128,4,4,1.126469,64.84375,90.625,0.00016,0.068885,0.069046,1853.8443,183.3657,1764.0,1287.0684,1764.0
1145,custom,resnet34,15,5179,128,4,4,0.84737,71.09375,92.1875,0.000277,0.069134,0.069411,1844.0811,183.3657,1764.0,1287.0684,1764.0
1145,custom,resnet34,15,5180,128,4,4,0.859033,73.4375,98.4375,0.000165,0.069168,0.069333,1846.1563,183.3657,1764.0,1287.0684,1764.0
1145,custom,resnet34,15,5181,128,4,4,0.963257,72.65625,94.53125,0.000262,0.068861,0.069123,1851.7639,183.3657,1764.0,1287.0684,1764.0
1145,custom,resnet34,15,5182,128,4,4,0.959633,66.40625,97.65625,0.000289,0.068973,0.069262,1848.059,183.3657,1764.0,1287.0684,1764.0
1145,custom,resnet34,15,5183,128,4,4,0.984528,70.3125,94.53125,0.000263,0.069504,0.069766,1834.6988,183.3657,1764.0,1287.0684,1764.0
1145,custom,resnet34,15,5184,128,4,4,0.917785,74.21875,95.3125,0.000393,0.068929,0.069322,1846.462,183.3657,1764.0,1287.0684,1764.0
1145,custom,resnet34,15,5185,128,4,4,0.836917,75.0,96.875,0.000248,0.068834,0.069082,1852.8722,183.3657,1764.0,1287.0684,1764.0
1145,custom,resnet34,15,5186,128,4,4,0.994969,72.65625,92.96875,0.000169,0.069049,0.069218,1849.231,183.3657,1764.0,1287.0684,1764.0
1145,custom,resnet34,15,5187,128,4,4,1.015489,70.3125,92.1875,0.000256,0.069375,0.069631,1838.2672,183.3657,1764.0,1287.0684,1764.0
1145,custom,resnet34,15,5188,128,4,4,1.013377,71.875,91.40625,0.000242,0.069013,0.069256,1848.2261,183.3657,1764.0,1287.0684,1764.0
1145,custom,resnet34,15,5189,128,4,4,0.910375,71.875,96.09375,0.000277,0.068841,0.069118,1851.8994,183.3657,1764.0,1287.0684,1764.0
1145,custom,resnet34,15,5190,128,4,4,1.297101,66.40625,85.9375,0.000505,0.06938,0.069885,1831.582,183.3657,1764.0,1287.0684,1764.0
1145,custom,resnet34,15,5191,128,4,4,0.887049,71.875,96.09375,0.000268,0.069563,0.069831,1833.0016,183.3657,1764.0,1287.0684,1764.0
1145,custom,resnet34,15,5192,128,4,4,0.947952,68.75,94.53125,0.000175,0.06908,0.069255,1848.2397,183.3657,1764.0,1287.0684,1764.0
1145,custom,resnet34,15,5193,128,4,4,0.615063,85.15625,96.875,0.000243,0.069087,0.06933,1846.2432,183.3657,1764.0,1287.0684,1764.0
1145,custom,resnet34,15,5194,128,4,4,1.174185,69.53125,91.40625,0.000157,0.069202,0.069358,1845.4915,183.3657,1764.0,1287.0684,1764.0
1145,custom,resnet34,15,5195,128,4,4,0.927941,69.53125,96.09375,0.000583,0.069212,0.069795,1833.9462,183.3657,1764.0,1287.0684,1764.0
1145,custom,resnet34,15,5196,128,4,4,0.952714,71.875,92.96875,0.000275,0.068489,0.068764,1861.4272,183.3657,1764.0,1287.0684,1764.0
1145,custom,resnet34,15,5197,128,4,4,1.014036,68.75,90.625,0.000268,0.06855,0.068819,1859.9639,183.3657,1764.0,1287.0684,1764.0
1145,custom,resnet34,15,5198,128,4,4,0.943391,71.09375,92.96875,0.000261,0.068568,0.068829,1859.6764,183.3657,1764.0,1287.0684,1764.0
1145,custom,resnet34,15,5199,128,4,4,0.946936,72.65625,92.96875,0.000283,0.068764,0.069048,1853.7919,183.3657,1764.0,1287.0684,1764.0
1145,custom,resnet34,15,5200,128,4,4,0.982655,67.96875,92.96875,0.000312,0.068512,0.068824,1859.8164,183.3657,1764.0,1287.0684,1764.0
1145,custom,resnet34,15,5201,128,4,4,1.111379,68.75,91.40625,0.000394,0.068909,0.069303,1846.9554,183.3657,1764.0,1287.0684,1764.0
1145,custom,resnet34,15,5202,128,4,4,1.176411,69.53125,89.84375,0.000268,0.068778,0.069046,1853.8369,183.3657,1764.0,1287.0684,1764.0
1145,custom,resnet34,15,5203,128,4,4,0.914546,68.75,95.3125,0.000272,0.06889,0.069162,1850.7344,183.3657,1764.0,1287.0684,1764.0
1145,custom,resnet34,15,5204,128,4,4,1.049797,64.0625,93.75,0.000264,0.068643,0.068907,1857.5835,183.3657,1764.0,1287.0684,1764.0
1145,custom,resnet34,15,5205,128,4,4,0.962293,69.53125,95.3125,0.000721,0.068586,0.069306,1846.8692,183.3657,1764.0,1287.0684,1764.0
1145,custom,resnet34,15,5206,128,4,4,1.109879,61.71875,92.96875,0.000438,0.069515,0.069953,1829.7914,183.3657,1764.0,1287.0684,1764.0
1145,custom,resnet34,15,5207,128,4,4,1.202903,63.28125,91.40625,0.000253,0.06901,0.069263,1848.0262,183.3657,1764.0,1287.0684,1764.0
1145,custom,resnet34,15,5208,128,4,4,1.037997,69.53125,92.1875,0.000252,0.068997,0.069248,1848.4178,183.3657,1764.0,1287.0684,1764.0
1145,custom,resnet34,15,5209,128,4,4,0.878579,73.4375,96.09375,0.000454,0.07478,0.075233,1701.3793,183.3657,1764.0,1287.0684,1764.0
1145,custom,resnet34,15,5210,128,4,4,0.867154,71.875,96.09375,0.000462,0.068593,0.069055,1853.6078,183.3657,1764.0,1287.0684,1764.0
1145,custom,resnet34,15,5211,128,4,4,1.044195,66.40625,94.53125,0.000294,0.068954,0.069248,1848.4322,183.3657,1764.0,1287.0684,1764.0
1145,custom,resnet34,15,5212,128,4,4,0.881703,78.90625,95.3125,0.000576,0.06857,0.069146,1851.1595,183.3657,1764.0,1287.0684,1764.0
1145,custom,resnet34,15,5213,128,4,4,1.065129,65.625,92.96875,0.000319,0.06857,0.068889,1858.0651,183.3657,1764.0,1287.0684,1764.0
1145,custom,resnet34,15,5214,128,4,4,0.968622,69.53125,92.1875,0.000299,0.068673,0.068971,1855.8425,183.3657,1764.0,1287.0684,1764.0
1145,custom,resnet34,15,5215,128,4,4,1.062704,66.40625,94.53125,0.000312,0.068831,0.069144,1851.2141,183.3657,1764.0,1287.0684,1764.0
1145,custom,resnet34,15,5216,128,4,4,0.931626,71.875,93.75,0.000403,0.068348,0.068751,1861.7874,183.3657,1764.0,1287.0684,1764.0
1145,custom,resnet34,15,5217,128,4,4,0.963455,71.09375,93.75,0.000453,0.068323,0.068776,1861.1041,183.3657,1764.0,1287.0684,1764.0
1145,custom,resnet34,15,5218,128,4,4,1.067451,71.09375,92.1875,0.000366,0.069513,0.069879,1831.7329,183.3657,1764.0,1287.0684,1764.0
1145,custom,resnet34,15,5219,128,4,4,1.038676,69.53125,92.1875,0.000334,0.068955,0.069289,1847.3389,183.3657,1764.0,1287.0684,1764.0
1145,custom,resnet34,15,5220,128,4,4,0.890851,71.09375,95.3125,0.000328,0.068865,0.069193,1849.8907,183.3657,1764.0,1287.0684,1764.0
1145,custom,resnet34,15,5221,128,4,4,0.923938,66.40625,96.875,0.000878,0.06871,0.069588,1839.3927,183.3657,1764.0,1287.0684,1764.0
1145,custom,resnet34,15,5222,128,4,4,0.85698,77.34375,94.53125,0.000341,0.068843,0.069184,1850.1466,183.3657,1764.0,1287.0684,1764.0
1145,custom,resnet34,15,5223,128,4,4,1.073426,67.1875,95.3125,0.00034,0.069222,0.069562,1840.0926,183.3657,1764.0,1287.0684,1764.0
1145,custom,resnet34,15,5224,128,4,4,0.815034,75.0,96.875,0.000346,0.068882,0.069228,1848.9732,183.3657,1764.0,1287.0684,1764.0
1145,custom,resnet34,15,5225,128,4,4,0.961645,69.53125,94.53125,0.000448,0.068855,0.069304,1846.9475,183.3657,1764.0,1287.0684,1764.0
1145,custom,resnet34,15,5226,128,4,4,0.916018,74.21875,93.75,0.000272,0.068945,0.069216,1849.2814,183.3657,1764.0,1287.0684,1764.0
1145,custom,resnet34,15,5227,128,4,4,1.038114,70.3125,90.625,0.000313,0.06939,0.069704,1836.3468,183.3657,1764.0,1287.0684,1764.0
1145,custom,resnet34,15,5228,128,4,4,0.896594,73.4375,94.53125,0.000298,0.068958,0.069256,1848.2063,183.3657,1764.0,1287.0684,1764.0
1145,custom,resnet34,15,5229,128,4,4,0.881518,74.21875,90.625,0.000321,0.068795,0.069116,1851.9639,183.3657,1764.0,1287.0684,1764.0
1145,custom,resnet34,15,5230,128,4,4,0.925091,71.09375,93.75,0.000308,0.068986,0.069294,1847.2045,183.3657,1764.0,1287.0684,1764.0
1145,custom,resnet34,15,5231,128,4,4,0.971369,73.4375,92.96875,0.000467,0.069334,0.069801,1833.7813,183.3657,1764.0,1287.0684,1764.0
1145,custom,resnet34,15,5232,128,4,4,1.057822,67.96875,91.40625,0.00077,0.069003,0.069774,1834.5057,183.3657,1764.0,1287.0684,1764.0
1145,custom,resnet34,15,5233,128,4,4,0.907383,65.625,95.3125,0.000261,0.069142,0.069403,1844.3112,183.3657,1764.0,1287.0684,1764.0
1145,custom,resnet34,15,5234,128,4,4,1.116073,64.0625,94.53125,0.000192,0.069088,0.069281,1847.5568,183.3657,1764.0,1287.0684,1764.0
1145,custom,resnet34,15,5235,128,4,4,0.999684,69.53125,92.1875,0.000787,0.069334,0.07012,1825.4371,183.3657,1764.0,1287.0684,1764.0
1145,custom,resnet34,15,5236,128,4,4,0.788639,81.25,96.875,0.000168,0.068949,0.069117,1851.9371,183.3657,1764.0,1287.0684,1764.0
1145,custom,resnet34,15,5237,128,4,4,1.045329,66.40625,91.40625,0.000278,0.068876,0.069154,1850.9359,183.3657,1764.0,1287.0684,1764.0
1145,custom,resnet34,15,5238,128,4,4,0.770768,75.0,95.3125,0.000253,0.069117,0.06937,1845.1713,183.3657,1764.0,1287.0684,1764.0
1145,custom,resnet34,15,5239,128,4,4,0.87768,72.65625,93.75,0.000453,0.069338,0.069791,1834.0429,183.3657,1764.0,1287.0684,1764.0
1145,custom,resnet34,15,5240,128,4,4,1.085034,67.96875,92.96875,0.000459,0.068951,0.069409,1844.137,183.3657,1764.0,1287.0684,1764.0
1145,custom,resnet34,15,5241,128,4,4,0.950025,75.0,93.75,0.000731,0.069061,0.069791,1834.0362,183.3657,1764.0,1287.0684,1764.0
1145,custom,resnet34,15,5242,128,4,4,0.901209,72.65625,93.75,0.000467,0.076123,0.076591,1671.2209,183.3657,1764.0,1287.0684,1764.0
1145,custom,resnet34,15,5243,128,4,4,1.099006,67.1875,88.28125,0.000318,0.069366,0.069684,1836.8579,183.3657,1764.0,1287.0684,1764.0
1145,custom,resnet34,15,5244,128,4,4,0.917458,71.09375,95.3125,0.000254,0.068881,0.069134,1851.4645,183.3657,1764.0,1287.0684,1764.0
1145,custom,resnet34,15,5245,128,4,4,1.007674,71.09375,95.3125,0.000277,0.069145,0.069421,1843.8155,183.3657,1764.0,1287.0684,1764.0
1145,custom,resnet34,15,5246,128,4,4,0.82936,74.21875,94.53125,0.000273,0.069104,0.069378,1844.966,183.3657,1764.0,1287.0684,1764.0
1145,custom,resnet34,15,5247,128,4,4,0.897915,75.0,92.96875,0.00027,0.069307,0.069577,1839.6888,183.3657,1764.0,1287.0684,1764.0
1145,custom,resnet34,15,5248,128,4,4,1.034178,68.75,92.96875,0.000261,0.068958,0.069219,1849.2157,183.3657,1764.0,1287.0684,1764.0
1145,custom,resnet34,15,5249,128,4,4,1.01481,69.53125,94.53125,0.000273,0.069132,0.069405,1844.2403,183.3657,1764.0,1287.0684,1764.0
1145,custom,resnet34,15,5250,128,4,4,1.041258,72.65625,92.96875,0.000395,0.069011,0.069406,1844.2084,183.3657,1764.0,1287.0684,1764.0
1145,custom,resnet34,15,5251,128,4,4,1.156156,64.84375,94.53125,0.000751,0.069382,0.070133,1825.1045,183.3657,1764.0,1287.0684,1764.0
1145,custom,resnet34,15,5252,128,4,4,0.902143,68.75,99.21875,0.000255,0.069139,0.069394,1844.5455,183.3657,1764.0,1287.0684,1764.0
1145,custom,resnet34,15,5253,128,4,4,0.974472,71.09375,92.1875,0.000288,0.069169,0.069457,1842.8785,183.3657,1764.0,1287.0684,1764.0
1145,custom,resnet34,15,5254,128,4,4,1.040844,67.96875,91.40625,0.000285,0.068925,0.06921,1849.4498,183.3657,1764.0,1287.0684,1764.0
1145,custom,resnet34,15,5255,128,4,4,1.063432,62.5,95.3125,0.000308,0.06888,0.069188,1850.0292,183.3657,1764.0,1287.0684,1764.0
1145,custom,resnet34,15,5256,128,4,4,0.902047,75.78125,94.53125,0.000158,0.069222,0.069381,1844.8931,183.3657,1764.0,1287.0684,1764.0
1145,custom,resnet34,15,5257,128,4,4,0.970708,71.09375,94.53125,0.000235,0.068976,0.069212,1849.4032,183.3657,1764.0,1287.0684,1764.0
1145,custom,resnet34,15,5258,128,4,4,1.131009,64.0625,93.75,0.000245,0.068973,0.069218,1849.219,183.3657,1764.0,1287.0684,1764.0
1145,custom,resnet34,15,5259,128,4,4,1.171192,70.3125,88.28125,0.000809,0.068939,0.069747,1835.1923,183.3657,1764.0,1287.0684,1764.0
1145,custom,resnet34,15,5260,128,4,4,0.97283,69.53125,94.53125,0.000437,0.068904,0.06934,1845.9668,183.3657,1764.0,1287.0684,1764.0
1145,custom,resnet34,15,5261,128,4,4,1.022778,70.3125,94.53125,0.000323,0.069029,0.069352,1845.6586,183.3657,1764.0,1287.0684,1764.0
1145,custom,resnet34,15,5262,128,4,4,1.199183,67.1875,89.84375,0.000284,0.068843,0.069127,1851.6701,183.3657,1764.0,1287.0684,1764.0
1145,custom,resnet34,15,5263,128,4,4,1.283465,64.84375,90.625,0.000258,0.069445,0.069704,1836.3423,183.3657,1764.0,1287.0684,1764.0
1145,custom,resnet34,15,5264,128,4,4,1.06955,71.09375,89.84375,0.000363,0.069161,0.069524,1841.0813,183.3657,1764.0,1287.0684,1764.0
1145,custom,resnet34,15,5265,128,4,4,0.886498,70.3125,95.3125,0.000259,0.06914,0.069399,1844.4076,183.3657,1764.0,1287.0684,1764.0
1145,custom,resnet34,15,5266,128,4,4,0.952601,75.0,92.1875,0.000263,0.069004,0.069267,1847.9178,183.3657,1764.0,1287.0684,1764.0
1145,custom,resnet34,15,5267,128,4,4,1.188016,62.5,92.96875,0.000266,0.069388,0.069654,1837.6544,183.3657,1764.0,1287.0684,1764.0
1145,custom,resnet34,15,5268,128,4,4,1.160365,73.4375,87.5,0.000278,0.069197,0.069475,1842.3919,183.3657,1764.0,1287.0684,1764.0
1145,custom,resnet34,15,5269,128,4,4,0.862026,75.0,95.3125,0.000267,0.068935,0.069202,1849.6631,183.3657,1764.0,1287.0684,1764.0
1145,custom,resnet34,15,5270,128,4,4,1.034476,66.40625,94.53125,0.000734,0.068907,0.069641,1837.999,183.3657,1764.0,1287.0684,1764.0
1145,custom,resnet34,15,5271,128,4,4,1.08349,72.65625,90.625,0.000237,0.069365,0.069602,1839.0166,183.3657,1764.0,1287.0684,1764.0
1145,custom,resnet34,15,5272,128,4,4,1.072413,65.625,93.75,0.003446,0.069098,0.072544,1764.4434,183.3657,1764.0,1287.0684,1764.0
1145,custom,resnet34,15,5273,128,4,4,0.968355,76.5625,92.1875,0.000242,0.068836,0.069079,1852.9621,183.3657,1764.0,1287.0684,1764.0
1145,custom,resnet34,15,5274,128,4,4,1.147099,67.96875,89.84375,0.000134,0.068972,0.069106,1852.2301,183.3657,1764.0,1287.0684,1764.0
1145,custom,resnet34,15,5275,128,4,4,0.931695,73.4375,92.1875,0.000131,0.069411,0.069542,1840.6275,183.3657,1764.0,1287.0684,1764.0
1145,custom,resnet34,15,5276,128,4,4,1.175731,65.625,92.96875,0.000125,0.069004,0.069129,1851.5994,183.3657,1764.0,1287.0684,1764.0
1145,custom,resnet34,15,5277,128,4,4,1.019961,66.40625,93.75,0.000131,0.069021,0.069152,1850.9856,183.3657,1764.0,1287.0684,1764.0
1145,custom,resnet34,15,5278,128,4,4,1.113188,67.96875,91.40625,0.000132,0.068916,0.069048,1853.779,183.3657,1764.0,1287.0684,1764.0
1145,custom,resnet34,15,5279,128,4,4,1.056964,66.40625,92.1875,0.000117,0.069349,0.069466,1842.6197,183.3657,1764.0,1287.0684,1764.0
1145,custom,resnet34,15,5280,128,4,4,0.902081,75.0,93.055556,0.000122,0.038686,0.038809,1855.2577,182.1885,1764.0,1287.0684,1764.0
1145,custom,resnet34,16,5281,128,4,4,0.874302,75.0,94.53125,0.087972,0.068983,0.156955,815.5223,183.3657,1764.0,1287.0684,1764.0
1145,custom,resnet34,16,5282,128,4,4,0.792023,72.65625,97.65625,0.000756,0.069031,0.069787,1834.1523,183.3657,1764.0,1287.0684,1764.0
1145,custom,resnet34,16,5283,128,4,4,0.739541,78.125,96.09375,0.000284,0.069137,0.069421,1843.823,183.3657,1764.0,1287.0684,1764.0
1145,custom,resnet34,16,5284,128,4,4,0.784434,78.125,94.53125,0.000223,0.069203,0.069426,1843.6854,183.3657,1764.0,1287.0684,1764.0
1145,custom,resnet34,16,5285,128,4,4,0.968005,70.3125,94.53125,0.000627,0.068797,0.069424,1843.7349,183.3657,1764.0,1287.0684,1764.0
1145,custom,resnet34,16,5286,128,4,4,0.883172,71.09375,94.53125,0.000179,0.069066,0.069245,1848.5123,183.3657,1764.0,1287.0684,1764.0
1145,custom,resnet34,16,5287,128,4,4,0.963036,74.21875,93.75,0.000235,0.068971,0.069206,1849.551,183.3657,1764.0,1287.0684,1764.0
1145,custom,resnet34,16,5288,128,4,4,0.827665,76.5625,96.09375,0.000247,0.069185,0.069432,1843.5193,183.3657,1764.0,1287.0684,1764.0
1145,custom,resnet34,16,5289,128,4,4,0.935327,70.3125,93.75,0.000295,0.068809,0.069103,1852.2967,183.3657,1764.0,1287.0684,1764.0
1145,custom,resnet34,16,5290,128,4,4,0.783481,75.78125,96.875,0.000261,0.068884,0.069145,1851.1709,183.3657,1764.0,1287.0684,1764.0
1145,custom,resnet34,16,5291,128,4,4,0.640467,80.46875,97.65625,0.000283,0.069003,0.069285,1847.4336,183.3657,1764.0,1287.0684,1764.0
1145,custom,resnet34,16,5292,128,4,4,0.986639,73.4375,92.96875,0.000403,0.069194,0.069598,1839.1462,183.3657,1764.0,1287.0684,1764.0
1145,custom,resnet34,16,5293,128,4,4,0.945741,72.65625,92.96875,0.000255,0.068878,0.069133,1851.5043,183.3657,1764.0,1287.0684,1764.0
1145,custom,resnet34,16,5294,128,4,4,0.864889,73.4375,95.3125,0.00017,0.069145,0.069315,1846.6513,183.3657,1764.0,1287.0684,1764.0
1145,custom,resnet34,16,5295,128,4,4,0.873211,66.40625,95.3125,0.000515,0.069081,0.069596,1839.1911,183.3657,1764.0,1287.0684,1764.0
1145,custom,resnet34,16,5296,128,4,4,0.907857,71.875,92.96875,0.000253,0.069028,0.069281,1847.543,183.3657,1764.0,1287.0684,1764.0
1145,custom,resnet34,16,5297,128,4,4,0.842931,75.78125,93.75,0.000274,0.069073,0.069347,1845.7933,183.3657,1764.0,1287.0684,1764.0
1145,custom,resnet34,16,5298,128,4,4,0.845715,74.21875,94.53125,0.000168,0.068945,0.069114,1852.0196,183.3657,1764.0,1287.0684,1764.0
1145,custom,resnet34,16,5299,128,4,4,0.748115,81.25,97.65625,0.000253,0.068966,0.069219,1849.2102,183.3657,1764.0,1287.0684,1764.0
1145,custom,resnet34,16,5300,128,4,4,0.885839,73.4375,93.75,0.000237,0.069329,0.069566,1839.9755,183.3657,1764.0,1287.0684,1764.0
1145,custom,resnet34,16,5301,128,4,4,0.733432,80.46875,94.53125,0.000259,0.069128,0.069387,1844.7206,183.3657,1764.0,1287.0684,1764.0
1145,custom,resnet34,16,5302,128,4,4,0.890505,72.65625,95.3125,0.00064,0.068559,0.069199,1849.7407,183.3657,1764.0,1287.0684,1764.0
1145,custom,resnet34,16,5303,128,4,4,0.83777,76.5625,92.1875,0.000808,0.068946,0.069754,1835.0078,183.3657,1764.0,1287.0684,1764.0
1145,custom,resnet34,16,5304,128,4,4,0.653843,82.8125,96.875,0.000277,0.06912,0.069397,1844.4716,183.3657,1764.0,1287.0684,1764.0
1145,custom,resnet34,16,5305,128,4,4,0.844571,71.875,96.09375,0.000296,0.06885,0.069146,1851.1496,183.3657,1764.0,1287.0684,1764.0
1145,custom,resnet34,16,5306,128,4,4,0.802286,77.34375,96.875,0.000635,0.069232,0.069867,1832.0568,183.3657,1764.0,1287.0684,1764.0
1145,custom,resnet34,16,5307,128,4,4,0.926721,72.65625,93.75,0.000258,0.068977,0.069235,1848.7702,183.3657,1764.0,1287.0684,1764.0
1145,custom,resnet34,16,5308,128,4,4,0.836004,72.65625,96.875,0.000216,0.069255,0.069471,1842.4831,183.3657,1764.0,1287.0684,1764.0
1145,custom,resnet34,16,5309,128,4,4,0.749763,79.6875,96.09375,0.000735,0.069155,0.06989,1831.457,183.3657,1764.0,1287.0684,1764.0
1145,custom,resnet34,16,5310,128,4,4,0.966693,71.875,93.75,0.000247,0.068885,0.069133,1851.5117,183.3657,1764.0,1287.0684,1764.0
1145,custom,resnet34,16,5311,128,4,4,0.832177,73.4375,96.09375,0.000249,0.068626,0.068876,1858.4195,183.3657,1764.0,1287.0684,1764.0
1145,custom,resnet34,16,5312,128,4,4,0.771145,81.25,95.3125,0.000248,0.069147,0.069395,1844.5076,183.3657,1764.0,1287.0684,1764.0
1145,custom,resnet34,16,5313,128,4,4,0.770043,78.90625,96.09375,0.000242,0.069003,0.069245,1848.5087,183.3657,1764.0,1287.0684,1764.0
1145,custom,resnet34,16,5314,128,4,4,0.756807,75.78125,95.3125,0.000395,0.068867,0.069261,1848.0765,183.3657,1764.0,1287.0684,1764.0
1145,custom,resnet34,16,5315,128,4,4,0.772642,78.90625,94.53125,0.00017,0.069019,0.069189,1849.9994,183.3657,1764.0,1287.0684,1764.0
1145,custom,resnet34,16,5316,128,4,4,0.812861,75.78125,94.53125,0.000236,0.069372,0.069608,1838.8807,183.3657,1764.0,1287.0684,1764.0
1145,custom,resnet34,16,5317,128,4,4,0.74279,75.0,97.65625,0.000251,0.068844,0.069095,1852.5345,183.3657,1764.0,1287.0684,1764.0
1145,custom,resnet34,16,5318,128,4,4,0.851134,73.4375,96.875,0.000516,0.06958,0.070096,1826.0681,183.3657,1764.0,1287.0684,1764.0
1145,custom,resnet34,16,5319,128,4,4,0.789565,73.4375,96.875,0.000495,0.070287,0.070781,1808.3909,183.3657,1764.0,1287.0684,1764.0
1145,custom,resnet34,16,5320,128,4,4,0.716089,74.21875,97.65625,0.000676,0.069407,0.070083,1826.4049,183.3657,1764.0,1287.0684,1764.0
1145,custom,resnet34,16,5321,128,4,4,0.754196,75.78125,97.65625,0.000293,0.068971,0.069264,1848.0015,183.3657,1764.0,1287.0684,1764.0
1145,custom,resnet34,16,5322,128,4,4,0.699246,80.46875,96.875,0.000175,0.068796,0.068972,1855.8344,183.3657,1764.0,1287.0684,1764.0
1145,custom,resnet34,16,5323,128,4,4,0.902373,71.875,92.96875,0.000281,0.069104,0.069385,1844.7823,183.3657,1764.0,1287.0684,1764.0
1145,custom,resnet34,16,5324,128,4,4,0.671025,75.78125,97.65625,0.000534,0.069315,0.069849,1832.5225,183.3657,1764.0,1287.0684,1764.0
1145,custom,resnet34,16,5325,128,4,4,0.732525,78.125,96.875,0.000786,0.068956,0.069742,1835.3316,183.3657,1764.0,1287.0684,1764.0
1145,custom,resnet34,16,5326,128,4,4,1.116163,68.75,92.1875,0.000288,0.068807,0.069094,1852.538,183.3657,1764.0,1287.0684,1764.0
1145,custom,resnet34,16,5327,128,4,4,0.665629,80.46875,96.09375,0.000295,0.068902,0.069197,1849.7875,183.3657,1764.0,1287.0684,1764.0
1145,custom,resnet34,16,5328,128,4,4,0.859327,75.0,95.3125,0.000265,0.069275,0.06954,1840.6663,183.3657,1764.0,1287.0684,1764.0
1145,custom,resnet34,16,5329,128,4,4,0.662513,77.34375,98.4375,0.000268,0.069696,0.069964,1829.5213,183.3657,1764.0,1287.0684,1764.0
1145,custom,resnet34,16,5330,128,4,4,0.662953,81.25,96.09375,0.00074,0.069445,0.070186,1823.7379,183.3657,1764.0,1287.0684,1764.0
1145,custom,resnet34,16,5331,128,4,4,0.832991,77.34375,95.3125,0.000372,0.068761,0.069133,1851.5116,183.3657,1764.0,1287.0684,1764.0
1145,custom,resnet34,16,5332,128,4,4,0.897015,72.65625,95.3125,0.000341,0.069051,0.069393,1844.5784,183.3657,1764.0,1287.0684,1764.0
1145,custom,resnet34,16,5333,128,4,4,0.64462,82.03125,98.4375,0.000503,0.06874,0.069243,1848.5736,183.3657,1764.0,1287.0684,1764.0
1145,custom,resnet34,16,5334,128,4,4,0.888725,72.65625,93.75,0.000503,0.069614,0.070117,1825.5213,183.3657,1764.0,1287.0684,1764.0
1145,custom,resnet34,16,5335,128,4,4,0.932465,73.4375,94.53125,0.00026,0.06903,0.06929,1847.3091,183.3657,1764.0,1287.0684,1764.0
1145,custom,resnet34,16,5336,128,4,4,0.727002,81.25,93.75,0.000225,0.069347,0.069572,1839.8092,183.3657,1764.0,1287.0684,1764.0
1145,custom,resnet34,16,5337,128,4,4,0.971727,71.875,93.75,0.000301,0.06885,0.069151,1851.0211,183.3657,1764.0,1287.0684,1764.0
1145,custom,resnet34,16,5338,128,4,4,0.964368,68.75,94.53125,0.000283,0.068966,0.069249,1848.4124,183.3657,1764.0,1287.0684,1764.0
1145,custom,resnet34,16,5339,128,4,4,0.669894,77.34375,96.875,0.00028,0.069138,0.069418,1843.9107,183.3657,1764.0,1287.0684,1764.0
1145,custom,resnet34,16,5340,128,4,4,0.818497,70.3125,100.0,0.000719,0.069309,0.070029,1827.8257,183.3657,1764.0,1287.0684,1764.0
1145,custom,resnet34,16,5341,128,4,4,1.005085,72.65625,93.75,0.000267,0.068847,0.069114,1852.0067,183.3657,1764.0,1287.0684,1764.0
1145,custom,resnet34,16,5342,128,4,4,0.826377,72.65625,93.75,0.000339,0.069076,0.069415,1843.975,183.3657,1764.0,1287.0684,1764.0
1145,custom,resnet34,16,5343,128,4,4,0.676813,80.46875,97.65625,0.000418,0.069014,0.069432,1843.5409,183.3657,1764.0,1287.0684,1764.0
1145,custom,resnet34,16,5344,128,4,4,0.768241,77.34375,96.09375,0.000474,0.069543,0.070017,1828.1379,183.3657,1764.0,1287.0684,1764.0
1145,custom,resnet34,16,5345,128,4,4,0.663967,84.375,95.3125,0.00024,0.068971,0.069211,1849.4136,183.3657,1764.0,1287.0684,1764.0
1145,custom,resnet34,16,5346,128,4,4,0.718358,78.90625,95.3125,0.000281,0.068907,0.069188,1850.0364,183.3657,1764.0,1287.0684,1764.0
1145,custom,resnet34,16,5347,128,4,4,0.910196,73.4375,95.3125,0.000273,0.069024,0.069297,1847.1142,183.3657,1764.0,1287.0684,1764.0
1145,custom,resnet34,16,5348,128,4,4,0.717726,84.375,93.75,0.000294,0.06927,0.069564,1840.0286,183.3657,1764.0,1287.0684,1764.0
1145,custom,resnet34,16,5349,128,4,4,0.855477,75.78125,93.75,0.000288,0.069069,0.069357,1845.5246,183.3657,1764.0,1287.0684,1764.0
1145,custom,resnet34,16,5350,128,4,4,0.775538,75.78125,94.53125,0.000606,0.0687,0.069306,1846.8728,183.3657,1764.0,1287.0684,1764.0
1145,custom,resnet34,16,5351,128,4,4,0.865943,76.5625,96.09375,0.000264,0.068979,0.069243,1848.5498,183.3657,1764.0,1287.0684,1764.0
1145,custom,resnet34,16,5352,128,4,4,0.75828,74.21875,96.875,0.000289,0.069425,0.069714,1836.0756,183.3657,1764.0,1287.0684,1764.0
1145,custom,resnet34,16,5353,128,4,4,0.853389,77.34375,92.96875,0.000365,0.068499,0.068864,1858.7257,183.3657,1764.0,1287.0684,1764.0
1145,custom,resnet34,16,5354,128,4,4,0.72623,80.46875,96.09375,0.00031,0.068805,0.069114,1852.0026,183.3657,1764.0,1287.0684,1764.0
1145,custom,resnet34,16,5355,128,4,4,1.05087,71.09375,91.40625,0.000338,0.069225,0.069563,1840.0614,183.3657,1764.0,1287.0684,1764.0
1145,custom,resnet34,16,5356,128,4,4,0.760638,79.6875,96.09375,0.001411,0.069698,0.071109,1800.0487,183.3657,1764.0,1287.0684,1764.0
1145,custom,resnet34,16,5357,128,4,4,0.860394,75.78125,95.3125,0.0004,0.068882,0.069282,1847.5206,183.3657,1764.0,1287.0684,1764.0
1145,custom,resnet34,16,5358,128,4,4,0.837358,76.5625,96.875,0.000356,0.068994,0.06935,1845.719,183.3657,1764.0,1287.0684,1764.0
1145,custom,resnet34,16,5359,128,4,4,1.053728,67.96875,91.40625,0.000484,0.069125,0.06961,1838.8217,183.3657,1764.0,1287.0684,1764.0
1145,custom,resnet34,16,5360,128,4,4,0.887236,69.53125,93.75,0.000666,0.069389,0.070055,1827.1255,183.3657,1764.0,1287.0684,1764.0
1145,custom,resnet34,16,5361,128,4,4,0.899694,75.0,96.09375,0.000458,0.068762,0.06922,1849.1669,183.3657,1764.0,1287.0684,1764.0
1145,custom,resnet34,16,5362,128,4,4,0.704608,75.0,98.4375,0.000342,0.068817,0.069158,1850.826,183.3657,1764.0,1287.0684,1764.0
1145,custom,resnet34,16,5363,128,4,4,0.802456,74.21875,96.875,0.000438,0.068818,0.069256,1848.2089,183.3657,1764.0,1287.0684,1764.0
1145,custom,resnet34,16,5364,128,4,4,0.753914,77.34375,96.875,0.000267,0.06928,0.069546,1840.5019,183.3657,1764.0,1287.0684,1764.0
1145,custom,resnet34,16,5365,128,4,4,0.780586,71.875,96.09375,0.000324,0.069016,0.069339,1845.9917,183.3657,1764.0,1287.0684,1764.0
1145,custom,resnet34,16,5366,128,4,4,0.955992,71.875,95.3125,0.001267,0.069928,0.071195,1797.8723,183.3657,1764.0,1287.0684,1764.0
1145,custom,resnet34,16,5367,128,4,4,0.768199,77.34375,97.65625,0.00031,0.068624,0.068934,1856.8554,183.3657,1764.0,1287.0684,1764.0
1145,custom,resnet34,16,5368,128,4,4,0.88259,73.4375,93.75,0.000308,0.069124,0.069432,1843.5431,183.3657,1764.0,1287.0684,1764.0
1145,custom,resnet34,16,5369,128,4,4,0.843638,73.4375,96.875,0.000319,0.068889,0.069208,1849.5016,183.3657,1764.0,1287.0684,1764.0
1145,custom,resnet34,16,5370,128,4,4,0.949432,71.875,92.1875,0.000322,0.068812,0.069134,1851.4819,183.3657,1764.0,1287.0684,1764.0
1145,custom,resnet34,16,5371,128,4,4,0.823048,75.0,95.3125,0.000318,0.068835,0.069153,1850.9627,183.3657,1764.0,1287.0684,1764.0
1145,custom,resnet34,16,5372,128,4,4,0.656937,78.125,96.875,0.000265,0.069167,0.069432,1843.52,183.3657,1764.0,1287.0684,1764.0
1145,custom,resnet34,16,5373,128,4,4,0.87588,73.4375,94.53125,0.000334,0.068394,0.068728,1862.4038,183.3657,1764.0,1287.0684,1764.0
1145,custom,resnet34,16,5374,128,4,4,0.726532,81.25,96.09375,0.00036,0.068788,0.069148,1851.0919,183.3657,1764.0,1287.0684,1764.0
1145,custom,resnet34,16,5375,128,4,4,0.673098,81.25,98.4375,0.000464,0.068691,0.069156,1850.8927,183.3657,1764.0,1287.0684,1764.0
1145,custom,resnet34,16,5376,128,4,4,0.88194,78.90625,92.96875,0.000308,0.069222,0.069529,1840.9498,183.3657,1764.0,1287.0684,1764.0
1145,custom,resnet34,16,5377,128,4,4,0.704627,77.34375,96.875,0.000443,0.068952,0.069395,1844.5226,183.3657,1764.0,1287.0684,1764.0
1145,custom,resnet34,16,5378,128,4,4,0.675302,82.8125,96.09375,0.000302,0.0688,0.069102,1852.3367,183.3657,1764.0,1287.0684,1764.0
1145,custom,resnet34,16,5379,128,4,4,0.761227,77.34375,94.53125,0.000169,0.068751,0.06892,1857.2176,183.3657,1764.0,1287.0684,1764.0
1145,custom,resnet34,16,5380,128,4,4,1.00721,71.09375,93.75,0.000174,0.06914,0.069315,1846.6548,183.3657,1764.0,1287.0684,1764.0
1145,custom,resnet34,16,5381,128,4,4,0.945495,71.875,96.09375,0.000472,0.068743,0.069215,1849.3215,183.3657,1764.0,1287.0684,1764.0
1145,custom,resnet34,16,5382,128,4,4,0.902952,78.125,92.1875,0.000288,0.068828,0.069116,1851.9546,183.3657,1764.0,1287.0684,1764.0
1145,custom,resnet34,16,5383,128,4,4,0.72936,82.03125,96.09375,0.000286,0.06882,0.069106,1852.2243,183.3657,1764.0,1287.0684,1764.0
1145,custom,resnet34,16,5384,128,4,4,0.79986,77.34375,95.3125,0.00029,0.069095,0.069385,1844.7753,183.3657,1764.0,1287.0684,1764.0
1145,custom,resnet34,16,5385,128,4,4,0.630846,80.46875,97.65625,0.00046,0.069024,0.069484,1842.1402,183.3657,1764.0,1287.0684,1764.0
1145,custom,resnet34,16,5386,128,4,4,0.742615,76.5625,96.09375,0.000175,0.068846,0.06902,1854.5222,183.3657,1764.0,1287.0684,1764.0
1145,custom,resnet34,16,5387,128,4,4,0.913912,67.96875,94.53125,0.000454,0.068834,0.069288,1847.3718,183.3657,1764.0,1287.0684,1764.0
1145,custom,resnet34,16,5388,128,4,4,0.786687,78.125,96.09375,0.000308,0.06941,0.069718,1835.9642,183.3657,1764.0,1287.0684,1764.0
1145,custom,resnet34,16,5389,128,4,4,0.741794,79.6875,96.875,0.000319,0.068809,0.069128,1851.6441,183.3657,1764.0,1287.0684,1764.0
1145,custom,resnet34,16,5390,128,4,4,0.785122,70.3125,97.65625,0.000161,0.06889,0.069052,1853.6828,183.3657,1764.0,1287.0684,1764.0
1145,custom,resnet34,16,5391,128,4,4,0.789077,78.90625,97.65625,0.000165,0.06893,0.069095,1852.5202,183.3657,1764.0,1287.0684,1764.0
1145,custom,resnet34,16,5392,128,4,4,0.763244,75.78125,96.875,0.000206,0.06946,0.069666,1837.3397,183.3657,1764.0,1287.0684,1764.0
1145,custom,resnet34,16,5393,128,4,4,0.825647,73.4375,96.09375,0.000314,0.068888,0.069202,1849.6447,183.3657,1764.0,1287.0684,1764.0
1145,custom,resnet34,16,5394,128,4,4,0.736226,79.6875,95.3125,0.000702,0.068918,0.06962,1838.5647,183.3657,1764.0,1287.0684,1764.0
1145,custom,resnet34,16,5395,128,4,4,0.69049,80.46875,96.875,0.000271,0.069133,0.069405,1844.2584,183.3657,1764.0,1287.0684,1764.0
1145,custom,resnet34,16,5396,128,4,4,0.99264,75.0,93.75,0.000379,0.06941,0.069788,1834.12,183.3657,1764.0,1287.0684,1764.0
1145,custom,resnet34,16,5397,128,4,4,0.781502,73.4375,95.3125,0.000478,0.068446,0.068924,1857.1154,183.3657,1764.0,1287.0684,1764.0
1145,custom,resnet34,16,5398,128,4,4,0.949313,71.875,94.53125,0.000486,0.068346,0.068832,1859.5931,183.3657,1764.0,1287.0684,1764.0
1145,custom,resnet34,16,5399,128,4,4,1.076779,65.625,92.96875,0.001757,0.068354,0.070111,1825.6674,183.3657,1764.0,1287.0684,1764.0
1145,custom,resnet34,16,5400,128,4,4,0.820824,71.875,98.4375,0.000314,0.068651,0.068966,1855.993,183.3657,1764.0,1287.0684,1764.0
1145,custom,resnet34,16,5401,128,4,4,0.813079,74.21875,96.09375,0.000344,0.068503,0.068846,1859.2189,183.3657,1764.0,1287.0684,1764.0
1145,custom,resnet34,16,5402,128,4,4,0.854825,76.5625,92.96875,0.00046,0.068486,0.068945,1856.5436,183.3657,1764.0,1287.0684,1764.0
1145,custom,resnet34,16,5403,128,4,4,0.716152,77.34375,95.3125,0.000303,0.068498,0.068801,1860.4358,183.3657,1764.0,1287.0684,1764.0
1145,custom,resnet34,16,5404,128,4,4,0.718251,77.34375,93.75,0.000188,0.068749,0.068937,1856.7669,183.3657,1764.0,1287.0684,1764.0
1145,custom,resnet34,16,5405,128,4,4,0.825382,76.5625,96.09375,0.000303,0.068394,0.068697,1863.2573,183.3657,1764.0,1287.0684,1764.0
1145,custom,resnet34,16,5406,128,4,4,0.882881,75.0,92.1875,0.000271,0.068595,0.068866,1858.6872,183.3657,1764.0,1287.0684,1764.0
1145,custom,resnet34,16,5407,128,4,4,0.82079,76.5625,95.3125,0.000634,0.06956,0.070194,1823.5138,183.3657,1764.0,1287.0684,1764.0
1145,custom,resnet34,16,5408,128,4,4,1.062649,66.40625,95.3125,0.000198,0.068786,0.068984,1855.5079,183.3657,1764.0,1287.0684,1764.0
1145,custom,resnet34,16,5409,128,4,4,0.67966,80.46875,96.875,0.000529,0.068449,0.068978,1855.6654,183.3657,1764.0,1287.0684,1764.0
1145,custom,resnet34,16,5410,128,4,4,0.844653,74.21875,96.09375,0.00019,0.068549,0.068739,1862.1224,183.3657,1764.0,1287.0684,1764.0
1145,custom,resnet34,16,5411,128,4,4,0.885972,70.3125,96.09375,0.000525,0.068438,0.068963,1856.057,183.3657,1764.0,1287.0684,1764.0
1145,custom,resnet34,16,5412,128,4,4,0.670766,82.03125,97.65625,0.000166,0.068754,0.06892,1857.2326,183.3657,1764.0,1287.0684,1764.0
1145,custom,resnet34,16,5413,128,4,4,0.899893,78.125,91.40625,0.000268,0.068543,0.068811,1860.1597,183.3657,1764.0,1287.0684,1764.0
1145,custom,resnet34,16,5414,128,4,4,0.664186,81.25,96.09375,0.00083,0.068822,0.069652,1837.7065,183.3657,1764.0,1287.0684,1764.0
1145,custom,resnet34,16,5415,128,4,4,0.624292,83.59375,96.09375,0.000475,0.068468,0.068943,1856.593,183.3657,1764.0,1287.0684,1764.0
1145,custom,resnet34,16,5416,128,4,4,0.846619,75.78125,93.75,0.000185,0.069683,0.069869,1832.006,183.3657,1764.0,1287.0684,1764.0
1145,custom,resnet34,16,5417,128,4,4,0.891225,73.4375,96.875,0.000958,0.068632,0.06959,1839.3515,183.3657,1764.0,1287.0684,1764.0
1145,custom,resnet34,16,5418,128,4,4,0.780009,72.65625,96.875,0.000309,0.069039,0.069348,1845.7703,183.3657,1764.0,1287.0684,1764.0
1145,custom,resnet34,16,5419,128,4,4,0.781959,79.6875,92.96875,0.000287,0.068932,0.069219,1849.1928,183.3657,1764.0,1287.0684,1764.0
1145,custom,resnet34,16,5420,128,4,4,0.670351,79.6875,97.65625,0.000445,0.068955,0.0694,1844.3821,183.3657,1764.0,1287.0684,1764.0
1145,custom,resnet34,16,5421,128,4,4,0.758631,77.34375,97.65625,0.000295,0.06869,0.068986,1855.4589,183.3657,1764.0,1287.0684,1764.0
1145,custom,resnet34,16,5422,128,4,4,0.933985,70.3125,92.96875,0.000184,0.06911,0.069294,1847.2037,183.3657,1764.0,1287.0684,1764.0
1145,custom,resnet34,16,5423,128,4,4,0.888063,75.0,94.53125,0.000766,0.077655,0.078421,1632.2159,183.3657,1764.0,1287.0684,1764.0
1145,custom,resnet34,16,5424,128,4,4,0.806172,77.34375,92.96875,0.000182,0.069716,0.069897,1831.2544,183.3657,1764.0,1287.0684,1764.0
1145,custom,resnet34,16,5425,128,4,4,0.822195,75.0,97.65625,0.00026,0.068888,0.069148,1851.1043,183.3657,1764.0,1287.0684,1764.0
1145,custom,resnet34,16,5426,128,4,4,0.714887,78.125,94.53125,0.00035,0.068935,0.069285,1847.449,183.3657,1764.0,1287.0684,1764.0
1145,custom,resnet34,16,5427,128,4,4,0.805851,78.125,95.3125,0.000183,0.068796,0.068979,1855.6425,183.3657,1764.0,1287.0684,1764.0
1145,custom,resnet34,16,5428,128,4,4,0.907958,70.3125,96.09375,0.000298,0.069148,0.069445,1843.1756,183.3657,1764.0,1287.0684,1764.0
1145,custom,resnet34,16,5429,128,4,4,0.83675,78.125,96.09375,0.000163,0.068785,0.068948,1856.4598,183.3657,1764.0,1287.0684,1764.0
1145,custom,resnet34,16,5430,128,4,4,0.906538,71.09375,94.53125,0.001011,0.069087,0.070098,1826.0123,183.3657,1764.0,1287.0684,1764.0
1145,custom,resnet34,16,5431,128,4,4,0.861876,74.21875,92.96875,0.000345,0.068861,0.069206,1849.5548,183.3657,1764.0,1287.0684,1764.0
1145,custom,resnet34,16,5432,128,4,4,0.755482,77.34375,96.875,0.000315,0.069397,0.069712,1836.1353,183.3657,1764.0,1287.0684,1764.0
1145,custom,resnet34,16,5433,128,4,4,0.957928,71.09375,91.40625,0.000678,0.069132,0.06981,1833.561,183.3657,1764.0,1287.0684,1764.0
1145,custom,resnet34,16,5434,128,4,4,0.732437,76.5625,95.3125,0.00019,0.068995,0.069185,1850.1116,183.3657,1764.0,1287.0684,1764.0
1145,custom,resnet34,16,5435,128,4,4,0.963656,72.65625,92.1875,0.000282,0.068896,0.069178,1850.2987,183.3657,1764.0,1287.0684,1764.0
1145,custom,resnet34,16,5436,128,4,4,0.704578,78.90625,96.09375,0.000308,0.0691,0.069408,1844.1617,183.3657,1764.0,1287.0684,1764.0
1145,custom,resnet34,16,5437,128,4,4,0.921342,74.21875,92.96875,0.00033,0.069054,0.069384,1844.8054,183.3657,1764.0,1287.0684,1764.0
1145,custom,resnet34,16,5438,128,4,4,0.637466,78.90625,98.4375,0.000193,0.069077,0.069271,1847.8254,183.3657,1764.0,1287.0684,1764.0
1145,custom,resnet34,16,5439,128,4,4,0.757579,81.25,94.53125,0.000474,0.068676,0.06915,1851.0474,183.3657,1764.0,1287.0684,1764.0
1145,custom,resnet34,16,5440,128,4,4,0.612006,82.8125,96.09375,0.000175,0.069388,0.069563,1840.0614,183.3657,1764.0,1287.0684,1764.0
1145,custom,resnet34,16,5441,128,4,4,0.952594,72.65625,92.96875,0.000203,0.069024,0.069226,1849.0103,183.3657,1764.0,1287.0684,1764.0
1145,custom,resnet34,16,5442,128,4,4,1.0333,71.09375,90.625,0.000222,0.068894,0.069116,1851.9693,183.3657,1764.0,1287.0684,1764.0
1145,custom,resnet34,16,5443,128,4,4,0.750425,79.6875,94.53125,0.000423,0.068869,0.069292,1847.2474,183.3657,1764.0,1287.0684,1764.0
1145,custom,resnet34,16,5444,128,4,4,0.72621,75.0,98.4375,0.000301,0.069146,0.069447,1843.1255,183.3657,1764.0,1287.0684,1764.0
1145,custom,resnet34,16,5445,128,4,4,0.847228,77.34375,95.3125,0.000262,0.068924,0.069186,1850.084,183.3657,1764.0,1287.0684,1764.0
1145,custom,resnet34,16,5446,128,4,4,1.008731,72.65625,91.40625,0.000308,0.069098,0.069406,1844.2173,183.3657,1764.0,1287.0684,1764.0
1145,custom,resnet34,16,5447,128,4,4,0.773109,75.0,96.09375,0.000263,0.068883,0.069147,1851.1406,183.3657,1764.0,1287.0684,1764.0
1145,custom,resnet34,16,5448,128,4,4,0.949119,70.3125,92.96875,0.000311,0.068768,0.069079,1852.9525,183.3657,1764.0,1287.0684,1764.0
1145,custom,resnet34,16,5449,128,4,4,0.943966,70.3125,90.625,0.000508,0.06887,0.069378,1844.971,183.3657,1764.0,1287.0684,1764.0
1145,custom,resnet34,16,5450,128,4,4,0.779547,78.125,96.875,0.000301,0.068731,0.069032,1854.2114,183.3657,1764.0,1287.0684,1764.0
1145,custom,resnet34,16,5451,128,4,4,1.117196,67.1875,91.40625,0.000364,0.068928,0.069292,1847.2646,183.3657,1764.0,1287.0684,1764.0
1145,custom,resnet34,16,5452,128,4,4,0.957315,71.09375,93.75,0.000448,0.069322,0.06977,1834.5962,183.3657,1764.0,1287.0684,1764.0
1145,custom,resnet34,16,5453,128,4,4,1.029273,67.1875,93.75,0.000173,0.069106,0.069279,1847.6059,183.3657,1764.0,1287.0684,1764.0
1145,custom,resnet34,16,5454,128,4,4,0.796942,72.65625,96.09375,0.00029,0.068529,0.068819,1859.9466,183.3657,1764.0,1287.0684,1764.0
1145,custom,resnet34,16,5455,128,4,4,1.117393,67.96875,90.625,0.000347,0.069048,0.069395,1844.5238,183.3657,1764.0,1287.0684,1764.0
1145,custom,resnet34,16,5456,128,4,4,0.851279,76.5625,97.65625,0.000201,0.069519,0.06972,1835.9199,183.3657,1764.0,1287.0684,1764.0
1145,custom,resnet34,16,5457,128,4,4,0.821944,74.21875,95.3125,0.001198,0.071091,0.072289,1770.6664,183.3657,1764.0,1287.0684,1764.0
1145,custom,resnet34,16,5458,128,4,4,0.802884,74.21875,94.53125,0.000443,0.068899,0.069342,1845.9253,183.3657,1764.0,1287.0684,1764.0
1145,custom,resnet34,16,5459,128,4,4,0.766908,74.21875,95.3125,0.000169,0.068981,0.06915,1851.0567,183.3657,1764.0,1287.0684,1764.0
1145,custom,resnet34,16,5460,128,4,4,0.822878,75.0,96.875,0.000184,0.069417,0.069601,1839.0634,183.3657,1764.0,1287.0684,1764.0
1145,custom,resnet34,16,5461,128,4,4,0.762407,73.4375,98.4375,0.000289,0.068704,0.068994,1855.2429,183.3657,1764.0,1287.0684,1764.0
1145,custom,resnet34,16,5462,128,4,4,0.873906,71.09375,92.96875,0.000292,0.068985,0.069278,1847.6383,183.3657,1764.0,1287.0684,1764.0
1145,custom,resnet34,16,5463,128,4,4,0.861123,73.4375,94.53125,0.00029,0.068876,0.069166,1850.6262,183.3657,1764.0,1287.0684,1764.0
1145,custom,resnet34,16,5464,128,4,4,0.893274,70.3125,96.875,0.000171,0.06928,0.069452,1843.0112,183.3657,1764.0,1287.0684,1764.0
1145,custom,resnet34,16,5465,128,4,4,1.155071,67.96875,89.84375,0.000168,0.068859,0.069027,1854.3347,183.3657,1764.0,1287.0684,1764.0
1145,custom,resnet34,16,5466,128,4,4,0.941665,70.3125,93.75,0.000629,0.069175,0.069804,1833.7069,183.3657,1764.0,1287.0684,1764.0
1145,custom,resnet34,16,5467,128,4,4,0.785642,73.4375,96.875,0.000347,0.069029,0.069376,1845.0266,183.3657,1764.0,1287.0684,1764.0
1145,custom,resnet34,16,5468,128,4,4,0.721356,77.34375,96.09375,0.000167,0.069208,0.069375,1845.0418,183.3657,1764.0,1287.0684,1764.0
1145,custom,resnet34,16,5469,128,4,4,0.859462,75.0,94.53125,0.000291,0.068883,0.069174,1850.4013,183.3657,1764.0,1287.0684,1764.0
1145,custom,resnet34,16,5470,128,4,4,0.697524,82.8125,94.53125,0.000391,0.069091,0.069482,1842.199,183.3657,1764.0,1287.0684,1764.0
1145,custom,resnet34,16,5471,128,4,4,0.673169,80.46875,96.875,0.000308,0.068745,0.069053,1853.6481,183.3657,1764.0,1287.0684,1764.0
1145,custom,resnet34,16,5472,128,4,4,0.612493,86.71875,97.65625,0.000184,0.069204,0.069388,1844.7094,183.3657,1764.0,1287.0684,1764.0
1145,custom,resnet34,16,5473,128,4,4,0.79065,75.78125,95.3125,0.000249,0.068888,0.069137,1851.3955,183.3657,1764.0,1287.0684,1764.0
1145,custom,resnet34,16,5474,128,4,4,0.774777,79.6875,95.3125,0.000293,0.068992,0.069284,1847.4578,183.3657,1764.0,1287.0684,1764.0
1145,custom,resnet34,16,5475,128,4,4,0.788301,75.0,96.875,0.00018,0.069105,0.069285,1847.4438,183.3657,1764.0,1287.0684,1764.0
1145,custom,resnet34,16,5476,128,4,4,0.845901,73.4375,97.65625,0.00029,0.069061,0.06935,1845.6997,183.3657,1764.0,1287.0684,1764.0
1145,custom,resnet34,16,5477,128,4,4,0.949291,74.21875,92.1875,0.000304,0.06872,0.069024,1854.4368,183.3657,1764.0,1287.0684,1764.0
1145,custom,resnet34,16,5478,128,4,4,0.733226,79.6875,94.53125,0.000173,0.069713,0.069886,1831.5513,183.3657,1764.0,1287.0684,1764.0
1145,custom,resnet34,16,5479,128,4,4,0.696829,78.125,97.65625,0.000827,0.071174,0.072001,1777.7635,183.3657,1764.0,1287.0684,1764.0
1145,custom,resnet34,16,5480,128,4,4,0.756383,78.90625,93.75,0.000175,0.069016,0.069191,1849.9594,183.3657,1764.0,1287.0684,1764.0
1145,custom,resnet34,16,5481,128,4,4,0.615376,83.59375,95.3125,0.000258,0.068861,0.069119,1851.873,183.3657,1764.0,1287.0684,1764.0
1145,custom,resnet34,16,5482,128,4,4,0.813667,73.4375,95.3125,0.000292,0.068746,0.069038,1854.0505,183.3657,1764.0,1287.0684,1764.0
1145,custom,resnet34,16,5483,128,4,4,0.929057,71.875,92.1875,0.000284,0.068872,0.069156,1850.8773,183.3657,1764.0,1287.0684,1764.0
1145,custom,resnet34,16,5484,128,4,4,0.854647,75.78125,96.09375,0.000197,0.069399,0.069596,1839.1743,183.3657,1764.0,1287.0684,1764.0
1145,custom,resnet34,16,5485,128,4,4,0.778007,76.5625,96.09375,0.000275,0.069,0.069274,1847.7319,183.3657,1764.0,1287.0684,1764.0
1145,custom,resnet34,16,5486,128,4,4,0.978591,67.96875,96.09375,0.00016,0.069041,0.069201,1849.6976,183.3657,1764.0,1287.0684,1764.0
1145,custom,resnet34,16,5487,128,4,4,0.886457,73.4375,95.3125,0.000858,0.068982,0.069839,1832.7799,183.3657,1764.0,1287.0684,1764.0
1145,custom,resnet34,16,5488,128,4,4,0.820696,72.65625,96.09375,0.000165,0.069393,0.069558,1840.1933,183.3657,1764.0,1287.0684,1764.0
1145,custom,resnet34,16,5489,128,4,4,0.771803,75.78125,96.875,0.000283,0.068961,0.069244,1848.5265,183.3657,1764.0,1287.0684,1764.0
1145,custom,resnet34,16,5490,128,4,4,0.738893,78.125,96.875,0.000171,0.069062,0.069233,1848.8189,183.3657,1764.0,1287.0684,1764.0
1145,custom,resnet34,16,5491,128,4,4,0.902,73.4375,93.75,0.000165,0.068891,0.069057,1853.5426,183.3657,1764.0,1287.0684,1764.0
1145,custom,resnet34,16,5492,128,4,4,0.781797,77.34375,96.09375,0.000165,0.069496,0.069661,1837.4748,183.3657,1764.0,1287.0684,1764.0
1145,custom,resnet34,16,5493,128,4,4,0.737227,77.34375,96.09375,0.00027,0.069019,0.069289,1847.3337,183.3657,1764.0,1287.0684,1764.0
1145,custom,resnet34,16,5494,128,4,4,0.755247,75.0,96.09375,0.000425,0.068729,0.069154,1850.9373,183.3657,1764.0,1287.0684,1764.0
1145,custom,resnet34,16,5495,128,4,4,0.891589,74.21875,94.53125,0.000261,0.069016,0.069278,1847.6409,183.3657,1764.0,1287.0684,1764.0
1145,custom,resnet34,16,5496,128,4,4,1.016966,70.3125,93.75,0.000381,0.069545,0.069925,1830.5199,183.3657,1764.0,1287.0684,1764.0
1145,custom,resnet34,16,5497,128,4,4,0.721811,77.34375,94.53125,0.00026,0.069033,0.069292,1847.2501,183.3657,1764.0,1287.0684,1764.0
1145,custom,resnet34,16,5498,128,4,4,0.759373,77.34375,96.875,0.000168,0.068759,0.068927,1857.0384,183.3657,1764.0,1287.0684,1764.0
1145,custom,resnet34,16,5499,128,4,4,0.922128,73.4375,95.3125,0.000288,0.068866,0.069154,1850.9509,183.3657,1764.0,1287.0684,1764.0
1145,custom,resnet34,16,5500,128,4,4,0.874147,71.875,93.75,0.0002,0.069149,0.069349,1845.7372,183.3657,1764.0,1287.0684,1764.0
1145,custom,resnet34,16,5501,128,4,4,0.918897,70.3125,94.53125,0.000263,0.069157,0.06942,1843.8585,183.3657,1764.0,1287.0684,1764.0
1145,custom,resnet34,16,5502,128,4,4,0.946395,68.75,95.3125,0.000619,0.0686,0.069219,1849.2153,183.3657,1764.0,1287.0684,1764.0
1145,custom,resnet34,16,5503,128,4,4,0.794486,75.78125,98.4375,0.000282,0.069132,0.069415,1843.9881,183.3657,1764.0,1287.0684,1764.0
1145,custom,resnet34,16,5504,128,4,4,0.933721,71.09375,92.1875,0.000237,0.069738,0.069975,1829.2198,183.3657,1764.0,1287.0684,1764.0
1145,custom,resnet34,16,5505,128,4,4,0.920429,74.21875,92.96875,0.000259,0.068989,0.069248,1848.4385,183.3657,1764.0,1287.0684,1764.0
1145,custom,resnet34,16,5506,128,4,4,0.793528,78.90625,93.75,0.00043,0.068748,0.069178,1850.3016,183.3657,1764.0,1287.0684,1764.0
1145,custom,resnet34,16,5507,128,4,4,0.817041,80.46875,96.875,0.000277,0.068976,0.069253,1848.2913,183.3657,1764.0,1287.0684,1764.0
1145,custom,resnet34,16,5508,128,4,4,0.838878,78.125,96.875,0.000152,0.069245,0.069398,1844.4433,183.3657,1764.0,1287.0684,1764.0
1145,custom,resnet34,16,5509,128,4,4,0.905788,75.0,94.53125,0.000288,0.068762,0.06905,1853.7419,183.3657,1764.0,1287.0684,1764.0
1145,custom,resnet34,16,5510,128,4,4,0.659356,88.28125,96.09375,0.000153,0.068832,0.068984,1855.4913,183.3657,1764.0,1287.0684,1764.0
1145,custom,resnet34,16,5511,128,4,4,0.820031,77.34375,94.53125,0.000156,0.069171,0.069326,1846.3428,183.3657,1764.0,1287.0684,1764.0
1145,custom,resnet34,16,5512,128,4,4,0.863267,75.0,91.40625,0.000165,0.069568,0.069733,1835.5665,183.3657,1764.0,1287.0684,1764.0
1145,custom,resnet34,16,5513,128,4,4,0.749011,75.78125,96.875,0.000237,0.069068,0.069305,1846.8997,183.3657,1764.0,1287.0684,1764.0
1145,custom,resnet34,16,5514,128,4,4,0.735874,75.0,95.3125,0.000169,0.068938,0.069108,1852.1809,183.3657,1764.0,1287.0684,1764.0
1145,custom,resnet34,16,5515,128,4,4,0.768282,78.125,96.875,0.000147,0.069087,0.069233,1848.8183,183.3657,1764.0,1287.0684,1764.0
1145,custom,resnet34,16,5516,128,4,4,0.759684,78.90625,96.09375,0.000188,0.069348,0.069535,1840.7919,183.3657,1764.0,1287.0684,1764.0
1145,custom,resnet34,16,5517,128,4,4,0.797161,78.90625,92.96875,0.000238,0.068982,0.06922,1849.1652,183.3657,1764.0,1287.0684,1764.0
1145,custom,resnet34,16,5518,128,4,4,0.771581,79.6875,95.3125,0.000186,0.068881,0.069068,1853.2565,183.3657,1764.0,1287.0684,1764.0
1145,custom,resnet34,16,5519,128,4,4,0.840503,75.0,96.09375,0.000155,0.068851,0.069007,1854.8859,183.3657,1764.0,1287.0684,1764.0
1145,custom,resnet34,16,5520,128,4,4,0.847249,74.21875,95.3125,0.000162,0.069023,0.069185,1850.1126,183.3657,1764.0,1287.0684,1764.0
1145,custom,resnet34,16,5521,128,4,4,0.852037,71.875,96.09375,0.000291,0.069046,0.069337,1846.0505,183.3657,1764.0,1287.0684,1764.0
1145,custom,resnet34,16,5522,128,4,4,0.839915,74.21875,96.875,0.000201,0.069003,0.069204,1849.6138,183.3657,1764.0,1287.0684,1764.0
1145,custom,resnet34,16,5523,128,4,4,0.80239,78.125,96.875,0.000151,0.068878,0.069029,1854.2978,183.3657,1764.0,1287.0684,1764.0
1145,custom,resnet34,16,5524,128,4,4,0.875041,71.875,96.875,0.000156,0.069201,0.069357,1845.5264,183.3657,1764.0,1287.0684,1764.0
1145,custom,resnet34,16,5525,128,4,4,0.821868,75.0,96.875,0.000253,0.068947,0.0692,1849.7013,183.3657,1764.0,1287.0684,1764.0
1145,custom,resnet34,16,5526,128,4,4,0.756037,76.5625,94.53125,0.000195,0.069202,0.069397,1844.4593,183.3657,1764.0,1287.0684,1764.0
1145,custom,resnet34,16,5527,128,4,4,0.815565,80.46875,93.75,0.000262,0.069005,0.069267,1847.9176,183.3657,1764.0,1287.0684,1764.0
1145,custom,resnet34,16,5528,128,4,4,0.636213,82.8125,96.09375,0.000434,0.069134,0.069568,1839.9353,183.3657,1764.0,1287.0684,1764.0
1145,custom,resnet34,16,5529,128,4,4,0.779434,75.78125,97.65625,0.00017,0.069076,0.069247,1848.4652,183.3657,1764.0,1287.0684,1764.0
1145,custom,resnet34,16,5530,128,4,4,0.706998,75.78125,97.65625,0.000428,0.071765,0.072193,1773.0272,183.3657,1764.0,1287.0684,1764.0
1145,custom,resnet34,16,5531,128,4,4,0.696586,76.5625,95.3125,0.000246,0.068871,0.069117,1851.943,183.3657,1764.0,1287.0684,1764.0
1145,custom,resnet34,16,5532,128,4,4,0.703031,76.5625,96.875,0.0003,0.069213,0.069512,1841.4035,183.3657,1764.0,1287.0684,1764.0
1145,custom,resnet34,16,5533,128,4,4,0.765393,78.125,97.65625,0.000166,0.069018,0.069184,1850.1465,183.3657,1764.0,1287.0684,1764.0
1145,custom,resnet34,16,5534,128,4,4,0.884655,71.09375,94.53125,0.000428,0.0689,0.069328,1846.304,183.3657,1764.0,1287.0684,1764.0
1145,custom,resnet34,16,5535,128,4,4,0.907297,72.65625,92.96875,0.000278,0.069084,0.069362,1845.3879,183.3657,1764.0,1287.0684,1764.0
1145,custom,resnet34,16,5536,128,4,4,0.933683,75.78125,94.53125,0.000157,0.069477,0.069634,1838.1877,183.3657,1764.0,1287.0684,1764.0
1145,custom,resnet34,16,5537,128,4,4,0.833278,74.21875,94.53125,0.000244,0.069055,0.069299,1847.0663,183.3657,1764.0,1287.0684,1764.0
1145,custom,resnet34,16,5538,128,4,4,0.845909,78.125,95.3125,0.000454,0.074732,0.075186,1702.4442,183.3657,1764.0,1287.0684,1764.0
1145,custom,resnet34,16,5539,128,4,4,0.779463,74.21875,93.75,0.000163,0.069112,0.069275,1847.7111,183.3657,1764.0,1287.0684,1764.0
1145,custom,resnet34,16,5540,128,4,4,0.995926,71.09375,92.96875,0.000173,0.069499,0.069672,1837.169,183.3657,1764.0,1287.0684,1764.0
1145,custom,resnet34,16,5541,128,4,4,0.694708,76.5625,94.53125,0.000243,0.069179,0.069422,1843.7885,183.3657,1764.0,1287.0684,1764.0
1145,custom,resnet34,16,5542,128,4,4,0.880985,70.3125,97.65625,0.000273,0.068889,0.069162,1850.7252,183.3657,1764.0,1287.0684,1764.0
1145,custom,resnet34,16,5543,128,4,4,0.738913,77.34375,96.09375,0.000164,0.069649,0.069813,1833.4638,183.3657,1764.0,1287.0684,1764.0
1145,custom,resnet34,16,5544,128,4,4,0.869293,71.875,94.53125,0.000177,0.069306,0.069482,1842.1932,183.3657,1764.0,1287.0684,1764.0
1145,custom,resnet34,16,5545,128,4,4,0.790812,75.78125,95.3125,0.000248,0.069375,0.069623,1838.4803,183.3657,1764.0,1287.0684,1764.0
1145,custom,resnet34,16,5546,128,4,4,0.935111,74.21875,93.75,0.000182,0.068779,0.068961,1856.1286,183.3657,1764.0,1287.0684,1764.0
1145,custom,resnet34,16,5547,128,4,4,0.848047,74.21875,95.3125,0.000309,0.068834,0.069143,1851.2254,183.3657,1764.0,1287.0684,1764.0
1145,custom,resnet34,16,5548,128,4,4,0.867993,71.09375,95.3125,0.000174,0.069136,0.06931,1846.7741,183.3657,1764.0,1287.0684,1764.0
1145,custom,resnet34,16,5549,128,4,4,0.829216,74.21875,93.75,0.000158,0.068799,0.068958,1856.2045,183.3657,1764.0,1287.0684,1764.0
1145,custom,resnet34,16,5550,128,4,4,0.507338,85.9375,98.4375,0.000171,0.068795,0.068965,1856.0084,183.3657,1764.0,1287.0684,1764.0
1145,custom,resnet34,16,5551,128,4,4,1.036805,64.84375,93.75,0.000328,0.068957,0.069284,1847.4585,183.3657,1764.0,1287.0684,1764.0
1145,custom,resnet34,16,5552,128,4,4,0.785663,78.90625,97.65625,0.000154,0.069418,0.069571,1839.8387,183.3657,1764.0,1287.0684,1764.0
1145,custom,resnet34,16,5553,128,4,4,0.903563,73.4375,92.96875,0.000235,0.068714,0.06895,1856.4287,183.3657,1764.0,1287.0684,1764.0
1145,custom,resnet34,16,5554,128,4,4,0.833934,78.125,95.3125,0.000444,0.068957,0.069402,1844.3331,183.3657,1764.0,1287.0684,1764.0
1145,custom,resnet34,16,5555,128,4,4,0.683104,81.25,96.875,0.000177,0.068875,0.069053,1853.6578,183.3657,1764.0,1287.0684,1764.0
1145,custom,resnet34,16,5556,128,4,4,0.763068,77.34375,95.3125,0.000164,0.069211,0.069375,1845.0471,183.3657,1764.0,1287.0684,1764.0
1145,custom,resnet34,16,5557,128,4,4,0.695935,78.125,96.09375,0.000813,0.068748,0.069561,1840.1158,183.3657,1764.0,1287.0684,1764.0
1145,custom,resnet34,16,5558,128,4,4,0.794472,77.34375,96.09375,0.0002,0.069077,0.069277,1847.6543,183.3657,1764.0,1287.0684,1764.0
1145,custom,resnet34,16,5559,128,4,4,0.784271,78.125,93.75,0.00019,0.069131,0.069321,1846.489,183.3657,1764.0,1287.0684,1764.0
1145,custom,resnet34,16,5560,128,4,4,0.770377,78.125,94.53125,0.000284,0.069066,0.06935,1845.7224,183.3657,1764.0,1287.0684,1764.0
1145,custom,resnet34,16,5561,128,4,4,0.88029,74.21875,92.1875,0.000166,0.068681,0.068847,1859.1927,183.3657,1764.0,1287.0684,1764.0
1145,custom,resnet34,16,5562,128,4,4,0.715045,76.5625,96.875,0.000203,0.069085,0.069288,1847.3652,183.3657,1764.0,1287.0684,1764.0
1145,custom,resnet34,16,5563,128,4,4,0.794487,71.875,97.65625,0.000298,0.068787,0.069085,1852.7993,183.3657,1764.0,1287.0684,1764.0
1145,custom,resnet34,16,5564,128,4,4,0.857649,73.4375,94.53125,0.000162,0.069043,0.069205,1849.5734,183.3657,1764.0,1287.0684,1764.0
1145,custom,resnet34,16,5565,128,4,4,0.643631,82.03125,95.3125,0.00028,0.068718,0.068998,1855.1155,183.3657,1764.0,1287.0684,1764.0
1145,custom,resnet34,16,5566,128,4,4,0.865205,72.65625,96.875,0.000176,0.0689,0.069076,1853.0438,183.3657,1764.0,1287.0684,1764.0
1145,custom,resnet34,16,5567,128,4,4,0.901852,70.3125,93.75,0.00029,0.068825,0.069114,1852.005,183.3657,1764.0,1287.0684,1764.0
1145,custom,resnet34,16,5568,128,4,4,0.98187,72.65625,93.75,0.000153,0.068911,0.069063,1853.3703,183.3657,1764.0,1287.0684,1764.0
1145,custom,resnet34,16,5569,128,4,4,0.762541,75.0,96.09375,0.000165,0.068817,0.068982,1855.5611,183.3657,1764.0,1287.0684,1764.0
1145,custom,resnet34,16,5570,128,4,4,0.799356,75.78125,96.09375,0.000258,0.068849,0.069108,1852.1846,183.3657,1764.0,1287.0684,1764.0
1145,custom,resnet34,16,5571,128,4,4,0.863988,72.65625,95.3125,0.000251,0.068829,0.06908,1852.9336,183.3657,1764.0,1287.0684,1764.0
1145,custom,resnet34,16,5572,128,4,4,0.926941,71.875,90.625,0.000169,0.069374,0.069543,1840.5928,183.3657,1764.0,1287.0684,1764.0
1145,custom,resnet34,16,5573,128,4,4,0.797796,78.125,96.09375,0.000402,0.069149,0.069551,1840.3747,183.3657,1764.0,1287.0684,1764.0
1145,custom,resnet34,16,5574,128,4,4,0.830675,72.65625,97.65625,0.000257,0.069045,0.069302,1846.9939,183.3657,1764.0,1287.0684,1764.0
1145,custom,resnet34,16,5575,128,4,4,0.705998,76.5625,98.4375,0.000259,0.068869,0.069128,1851.6414,183.3657,1764.0,1287.0684,1764.0
1145,custom,resnet34,16,5576,128,4,4,0.796219,71.875,97.65625,0.000161,0.069247,0.069408,1844.1798,183.3657,1764.0,1287.0684,1764.0
1145,custom,resnet34,16,5577,128,4,4,0.967702,74.21875,92.1875,0.000253,0.068808,0.069061,1853.4301,183.3657,1764.0,1287.0684,1764.0
1145,custom,resnet34,16,5578,128,4,4,0.788382,75.78125,94.53125,0.00042,0.076243,0.076664,1669.6339,183.3657,1764.0,1287.0684,1764.0
1145,custom,resnet34,16,5579,128,4,4,0.824194,79.6875,92.96875,0.000297,0.068772,0.069069,1853.2229,183.3657,1764.0,1287.0684,1764.0
1145,custom,resnet34,16,5580,128,4,4,0.753124,80.46875,95.3125,0.000258,0.069035,0.069293,1847.2402,183.3657,1764.0,1287.0684,1764.0
1145,custom,resnet34,16,5581,128,4,4,0.731525,78.90625,97.65625,0.000292,0.06897,0.069263,1848.0366,183.3657,1764.0,1287.0684,1764.0
1145,custom,resnet34,16,5582,128,4,4,0.783804,76.5625,96.875,0.00049,0.070437,0.070926,1804.6886,183.3657,1764.0,1287.0684,1764.0
1145,custom,resnet34,16,5583,128,4,4,0.92267,67.96875,95.3125,0.00032,0.068951,0.06927,1847.8291,183.3657,1764.0,1287.0684,1764.0
1145,custom,resnet34,16,5584,128,4,4,0.705621,78.90625,97.65625,0.000262,0.069251,0.069513,1841.3886,183.3657,1764.0,1287.0684,1764.0
1145,custom,resnet34,16,5585,128,4,4,0.795684,75.78125,96.09375,0.000745,0.068977,0.069722,1835.8696,183.3657,1764.0,1287.0684,1764.0
1145,custom,resnet34,16,5586,128,4,4,1.020767,73.4375,91.40625,0.000267,0.069003,0.069271,1847.8231,183.3657,1764.0,1287.0684,1764.0
1145,custom,resnet34,16,5587,128,4,4,0.860983,78.125,92.96875,0.000304,0.068722,0.069025,1854.3919,183.3657,1764.0,1287.0684,1764.0
1145,custom,resnet34,16,5588,128,4,4,0.738348,82.03125,94.53125,0.000267,0.06914,0.069407,1844.1898,183.3657,1764.0,1287.0684,1764.0
1145,custom,resnet34,16,5589,128,4,4,0.823158,76.5625,96.09375,0.000431,0.069767,0.070199,1823.3904,183.3657,1764.0,1287.0684,1764.0
1145,custom,resnet34,16,5590,128,4,4,0.870091,72.65625,96.09375,0.000814,0.068784,0.069598,1839.1418,183.3657,1764.0,1287.0684,1764.0
1145,custom,resnet34,16,5591,128,4,4,0.851597,73.4375,95.3125,0.00034,0.068794,0.069134,1851.483,183.3657,1764.0,1287.0684,1764.0
1145,custom,resnet34,16,5592,128,4,4,0.953851,68.75,96.09375,0.000253,0.069181,0.069434,1843.4703,183.3657,1764.0,1287.0684,1764.0
1145,custom,resnet34,16,5593,128,4,4,0.760616,78.125,95.3125,0.000177,0.069064,0.069241,1848.6187,183.3657,1764.0,1287.0684,1764.0
1145,custom,resnet34,16,5594,128,4,4,0.657016,80.46875,96.875,0.000259,0.068919,0.069178,1850.3066,183.3657,1764.0,1287.0684,1764.0
1145,custom,resnet34,16,5595,128,4,4,0.692623,81.25,96.875,0.000312,0.069015,0.069327,1846.3226,183.3657,1764.0,1287.0684,1764.0
1145,custom,resnet34,16,5596,128,4,4,0.872347,72.65625,95.3125,0.000266,0.069172,0.069437,1843.3912,183.3657,1764.0,1287.0684,1764.0
1145,custom,resnet34,16,5597,128,4,4,0.782847,77.34375,95.3125,0.00018,0.069048,0.069228,1848.9553,183.3657,1764.0,1287.0684,1764.0
1145,custom,resnet34,16,5598,128,4,4,0.789905,78.90625,93.75,0.000271,0.068744,0.069015,1854.6683,183.3657,1764.0,1287.0684,1764.0
1145,custom,resnet34,16,5599,128,4,4,0.859015,75.78125,93.75,0.000484,0.068805,0.06929,1847.32,183.3657,1764.0,1287.0684,1764.0
1145,custom,resnet34,16,5600,128,4,4,0.79192,77.34375,92.96875,0.00027,0.069303,0.069574,1839.7745,183.3657,1764.0,1287.0684,1764.0
1145,custom,resnet34,16,5601,128,4,4,0.909469,72.65625,96.09375,0.000281,0.068831,0.069113,1852.0478,183.3657,1764.0,1287.0684,1764.0
1145,custom,resnet34,16,5602,128,4,4,0.838264,75.0,95.3125,0.000262,0.06871,0.068972,1855.8294,183.3657,1764.0,1287.0684,1764.0
1145,custom,resnet34,16,5603,128,4,4,0.956198,69.53125,93.75,0.000297,0.068966,0.069263,1848.028,183.3657,1764.0,1287.0684,1764.0
1145,custom,resnet34,16,5604,128,4,4,0.878764,75.78125,95.3125,0.000163,0.069234,0.069396,1844.4743,183.3657,1764.0,1287.0684,1764.0
1145,custom,resnet34,16,5605,128,4,4,0.710218,78.90625,96.875,0.000383,0.072658,0.073041,1752.4447,183.3657,1764.0,1287.0684,1764.0
1145,custom,resnet34,16,5606,128,4,4,0.884034,72.65625,95.3125,0.000272,0.069002,0.069274,1847.7229,183.3657,1764.0,1287.0684,1764.0
1145,custom,resnet34,16,5607,128,4,4,0.788032,73.4375,95.3125,0.001123,0.069093,0.070216,1822.9524,183.3657,1764.0,1287.0684,1764.0
1145,custom,resnet34,16,5608,128,4,4,0.850933,67.96875,97.65625,0.000283,0.069178,0.069462,1842.7428,183.3657,1764.0,1287.0684,1764.0
1145,custom,resnet34,16,5609,128,4,4,0.693859,74.21875,98.4375,0.000495,0.068914,0.06941,1844.1221,183.3657,1764.0,1287.0684,1764.0
1145,custom,resnet34,16,5610,128,4,4,0.79178,75.0,96.09375,0.000607,0.068858,0.069466,1842.6407,183.3657,1764.0,1287.0684,1764.0
1145,custom,resnet34,16,5611,128,4,4,0.839579,81.25,92.1875,0.000591,0.069351,0.069942,1830.0906,183.3657,1764.0,1287.0684,1764.0
1145,custom,resnet34,16,5612,128,4,4,0.768954,80.46875,93.75,0.000277,0.069017,0.069294,1847.208,183.3657,1764.0,1287.0684,1764.0
1145,custom,resnet34,16,5613,128,4,4,0.773834,81.25,95.3125,0.000277,0.068534,0.068811,1860.1661,183.3657,1764.0,1287.0684,1764.0
1145,custom,resnet34,16,5614,128,4,4,0.77164,72.65625,97.65625,0.000302,0.068788,0.06909,1852.6561,183.3657,1764.0,1287.0684,1764.0
1145,custom,resnet34,16,5615,128,4,4,0.907329,71.09375,93.75,0.00047,0.06865,0.06912,1851.8515,183.3657,1764.0,1287.0684,1764.0
1145,custom,resnet34,16,5616,128,4,4,0.814001,78.125,96.09375,0.000435,0.069208,0.069643,1837.9535,183.3657,1764.0,1287.0684,1764.0
1145,custom,resnet34,16,5617,128,4,4,0.873909,74.21875,94.53125,0.000673,0.068954,0.069627,1838.3668,183.3657,1764.0,1287.0684,1764.0
1145,custom,resnet34,16,5618,128,4,4,0.960289,71.875,93.75,0.000252,0.068933,0.069185,1850.1053,183.3657,1764.0,1287.0684,1764.0
1145,custom,resnet34,16,5619,128,4,4,0.768006,79.6875,94.53125,0.000305,0.068569,0.068875,1858.451,183.3657,1764.0,1287.0684,1764.0
1145,custom,resnet34,16,5620,128,4,4,0.613912,82.03125,98.4375,0.000239,0.068834,0.069072,1853.1344,183.3657,1764.0,1287.0684,1764.0
1145,custom,resnet34,16,5621,128,4,4,0.877649,68.75,96.09375,0.000415,0.068499,0.068914,1857.3984,183.3657,1764.0,1287.0684,1764.0
1145,custom,resnet34,16,5622,128,4,4,0.851361,75.0,96.875,0.000154,0.068696,0.06885,1859.1219,183.3657,1764.0,1287.0684,1764.0
1145,custom,resnet34,16,5623,128,4,4,0.914327,74.21875,93.75,0.000148,0.068657,0.068805,1860.3234,183.3657,1764.0,1287.0684,1764.0
1145,custom,resnet34,16,5624,128,4,4,1.14685,66.40625,93.75,0.003452,0.068846,0.072298,1770.4604,183.3657,1764.0,1287.0684,1764.0
1145,custom,resnet34,16,5625,128,4,4,0.843766,75.0,96.875,0.000151,0.068546,0.068697,1863.2594,183.3657,1764.0,1287.0684,1764.0
1145,custom,resnet34,16,5626,128,4,4,0.724358,78.90625,97.65625,0.000144,0.068382,0.068526,1867.8961,183.3657,1764.0,1287.0684,1764.0
1145,custom,resnet34,16,5627,128,4,4,0.747215,74.21875,95.3125,0.00011,0.068466,0.068576,1866.5481,183.3657,1764.0,1287.0684,1764.0
1145,custom,resnet34,16,5628,128,4,4,0.805427,75.0,95.3125,0.000116,0.068858,0.068974,1855.7596,183.3657,1764.0,1287.0684,1764.0
1145,custom,resnet34,16,5629,128,4,4,0.868854,76.5625,92.1875,0.000108,0.068493,0.068601,1865.8703,183.3657,1764.0,1287.0684,1764.0
1145,custom,resnet34,16,5630,128,4,4,0.97241,70.3125,96.875,0.000111,0.06852,0.068631,1865.0546,183.3657,1764.0,1287.0684,1764.0
1145,custom,resnet34,16,5631,128,4,4,0.671183,76.5625,98.4375,0.000111,0.068434,0.068545,1867.3738,183.3657,1764.0,1287.0684,1764.0
1145,custom,resnet34,16,5632,128,4,4,0.828164,75.0,94.444444,0.000146,0.038511,0.038658,1862.5016,182.1885,1764.0,1287.0684,1764.0
1145,custom,resnet34,17,5633,128,4,4,0.757112,75.78125,95.3125,0.087901,0.069247,0.157148,814.5211,183.3657,1764.0,1287.0684,1764.0
1145,custom,resnet34,17,5634,128,4,4,0.830491,75.0,94.53125,0.000258,0.068927,0.069185,1850.1011,183.3657,1764.0,1287.0684,1764.0
1145,custom,resnet34,17,5635,128,4,4,0.774066,76.5625,96.875,0.000222,0.069117,0.069339,1846.0053,183.3657,1764.0,1287.0684,1764.0
1145,custom,resnet34,17,5636,128,4,4,0.620481,80.46875,97.65625,0.000228,0.068845,0.069073,1853.1214,183.3657,1764.0,1287.0684,1764.0
1145,custom,resnet34,17,5637,128,4,4,0.61751,83.59375,96.09375,0.000165,0.069414,0.06958,1839.618,183.3657,1764.0,1287.0684,1764.0
1145,custom,resnet34,17,5638,128,4,4,0.735639,78.125,96.09375,0.000167,0.069043,0.06921,1849.4533,183.3657,1764.0,1287.0684,1764.0
1145,custom,resnet34,17,5639,128,4,4,0.610315,82.03125,96.875,0.000314,0.068956,0.06927,1847.8546,183.3657,1764.0,1287.0684,1764.0
1145,custom,resnet34,17,5640,128,4,4,0.714266,79.6875,98.4375,0.000152,0.068806,0.068957,1856.2225,183.3657,1764.0,1287.0684,1764.0
1145,custom,resnet34,17,5641,128,4,4,0.614876,80.46875,95.3125,0.000297,0.069252,0.06955,1840.4121,183.3657,1764.0,1287.0684,1764.0
1145,custom,resnet34,17,5642,128,4,4,0.609154,80.46875,99.21875,0.000563,0.068844,0.069406,1844.2121,183.3657,1764.0,1287.0684,1764.0
1145,custom,resnet34,17,5643,128,4,4,0.550247,85.9375,97.65625,0.000306,0.068542,0.068848,1859.1625,183.3657,1764.0,1287.0684,1764.0
1145,custom,resnet34,17,5644,128,4,4,0.625074,83.59375,95.3125,0.000276,0.068605,0.068881,1858.2731,183.3657,1764.0,1287.0684,1764.0
1145,custom,resnet34,17,5645,128,4,4,0.581245,86.71875,97.65625,0.000327,0.069149,0.069476,1842.3565,183.3657,1764.0,1287.0684,1764.0
1145,custom,resnet34,17,5646,128,4,4,0.669657,77.34375,98.4375,0.000258,0.069064,0.069322,1846.4576,183.3657,1764.0,1287.0684,1764.0
1145,custom,resnet34,17,5647,128,4,4,0.614423,79.6875,98.4375,0.000155,0.068884,0.069039,1854.02,183.3657,1764.0,1287.0684,1764.0
1145,custom,resnet34,17,5648,128,4,4,0.778321,74.21875,95.3125,0.000152,0.069067,0.069219,1849.1999,183.3657,1764.0,1287.0684,1764.0
1145,custom,resnet34,17,5649,128,4,4,0.614935,82.8125,97.65625,0.000156,0.069314,0.069471,1842.5039,183.3657,1764.0,1287.0684,1764.0
1145,custom,resnet34,17,5650,128,4,4,0.562235,83.59375,97.65625,0.000248,0.068953,0.069201,1849.677,183.3657,1764.0,1287.0684,1764.0
1145,custom,resnet34,17,5651,128,4,4,0.693567,78.90625,96.09375,0.000306,0.068974,0.069279,1847.5913,183.3657,1764.0,1287.0684,1764.0
1145,custom,resnet34,17,5652,128,4,4,0.680708,78.125,98.4375,0.000416,0.06911,0.069526,1841.0447,183.3657,1764.0,1287.0684,1764.0
1145,custom,resnet34,17,5653,128,4,4,0.721396,79.6875,97.65625,0.000283,0.069182,0.069465,1842.6615,183.3657,1764.0,1287.0684,1764.0
1145,custom,resnet34,17,5654,128,4,4,0.712157,78.125,96.875,0.000266,0.068848,0.069114,1851.9996,183.3657,1764.0,1287.0684,1764.0
1145,custom,resnet34,17,5655,128,4,4,0.685838,77.34375,97.65625,0.000295,0.068537,0.068832,1859.6011,183.3657,1764.0,1287.0684,1764.0
1145,custom,resnet34,17,5656,128,4,4,0.694046,76.5625,97.65625,0.000294,0.06853,0.068825,1859.802,183.3657,1764.0,1287.0684,1764.0
1145,custom,resnet34,17,5657,128,4,4,0.529426,86.71875,96.875,0.000257,0.069247,0.069503,1841.6407,183.3657,1764.0,1287.0684,1764.0
1145,custom,resnet34,17,5658,128,4,4,0.608571,82.03125,96.875,0.000298,0.068867,0.069164,1850.6637,183.3657,1764.0,1287.0684,1764.0
1145,custom,resnet34,17,5659,128,4,4,0.519698,84.375,99.21875,0.000303,0.068384,0.068688,1863.507,183.3657,1764.0,1287.0684,1764.0
1145,custom,resnet34,17,5660,128,4,4,0.870337,79.6875,92.1875,0.000353,0.068952,0.069305,1846.9194,183.3657,1764.0,1287.0684,1764.0
1145,custom,resnet34,17,5661,128,4,4,0.630168,81.25,96.875,0.000296,0.069077,0.069373,1845.0906,183.3657,1764.0,1287.0684,1764.0
1145,custom,resnet34,17,5662,128,4,4,0.662805,78.125,96.09375,0.00028,0.068849,0.069129,1851.6108,183.3657,1764.0,1287.0684,1764.0
1145,custom,resnet34,17,5663,128,4,4,0.716791,77.34375,94.53125,0.000649,0.068662,0.069312,1846.7354,183.3657,1764.0,1287.0684,1764.0
1145,custom,resnet34,17,5664,128,4,4,0.585862,83.59375,96.875,0.000756,0.069125,0.069881,1831.6731,183.3657,1764.0,1287.0684,1764.0
1145,custom,resnet34,17,5665,128,4,4,0.789436,81.25,97.65625,0.000404,0.069115,0.069519,1841.2242,183.3657,1764.0,1287.0684,1764.0
1145,custom,resnet34,17,5666,128,4,4,0.65763,82.8125,96.875,0.000252,0.068804,0.069056,1853.5623,183.3657,1764.0,1287.0684,1764.0
1145,custom,resnet34,17,5667,128,4,4,0.781254,75.78125,95.3125,0.000258,0.068906,0.069164,1850.6827,183.3657,1764.0,1287.0684,1764.0
1145,custom,resnet34,17,5668,128,4,4,0.613964,82.03125,98.4375,0.000241,0.069062,0.069303,1846.9689,183.3657,1764.0,1287.0684,1764.0
1145,custom,resnet34,17,5669,128,4,4,0.575464,81.25,99.21875,0.000134,0.069321,0.069455,1842.917,183.3657,1764.0,1287.0684,1764.0
1145,custom,resnet34,17,5670,128,4,4,0.742336,78.125,97.65625,0.000828,0.068743,0.069571,1839.8575,183.3657,1764.0,1287.0684,1764.0
1145,custom,resnet34,17,5671,128,4,4,0.51567,83.59375,98.4375,0.000261,0.068937,0.069199,1849.7498,183.3657,1764.0,1287.0684,1764.0
1145,custom,resnet34,17,5672,128,4,4,0.725629,78.90625,95.3125,0.000329,0.068717,0.069046,1853.8378,183.3657,1764.0,1287.0684,1764.0
1145,custom,resnet34,17,5673,128,4,4,0.749479,75.78125,97.65625,0.00019,0.069185,0.069375,1845.0506,183.3657,1764.0,1287.0684,1764.0
1145,custom,resnet34,17,5674,128,4,4,0.501363,87.5,97.65625,0.000211,0.068836,0.069047,1853.8117,183.3657,1764.0,1287.0684,1764.0
1145,custom,resnet34,17,5675,128,4,4,0.631556,82.03125,96.875,0.00028,0.068772,0.069052,1853.6811,183.3657,1764.0,1287.0684,1764.0
1145,custom,resnet34,17,5676,128,4,4,0.725384,78.90625,96.875,0.000293,0.068711,0.069004,1854.9606,183.3657,1764.0,1287.0684,1764.0
1145,custom,resnet34,17,5677,128,4,4,0.649038,80.46875,95.3125,0.000324,0.069009,0.069333,1846.1592,183.3657,1764.0,1287.0684,1764.0
1145,custom,resnet34,17,5678,128,4,4,0.850683,72.65625,93.75,0.000306,0.068893,0.069199,1849.7483,183.3657,1764.0,1287.0684,1764.0
1145,custom,resnet34,17,5679,128,4,4,0.601101,79.6875,96.875,0.000309,0.069068,0.069377,1844.9985,183.3657,1764.0,1287.0684,1764.0
1145,custom,resnet34,17,5680,128,4,4,0.640679,84.375,97.65625,0.000209,0.069015,0.069224,1849.0712,183.3657,1764.0,1287.0684,1764.0
1145,custom,resnet34,17,5681,128,4,4,0.591567,80.46875,96.09375,0.000211,0.069116,0.069327,1846.3328,183.3657,1764.0,1287.0684,1764.0
1145,custom,resnet34,17,5682,128,4,4,0.692985,78.125,97.65625,0.000863,0.068884,0.069747,1835.1995,183.3657,1764.0,1287.0684,1764.0
1145,custom,resnet34,17,5683,128,4,4,0.583757,82.8125,96.875,0.00031,0.068817,0.069127,1851.6685,183.3657,1764.0,1287.0684,1764.0
1145,custom,resnet34,17,5684,128,4,4,0.586461,85.15625,96.09375,0.000151,0.068789,0.06894,1856.6813,183.3657,1764.0,1287.0684,1764.0
1145,custom,resnet34,17,5685,128,4,4,0.689407,80.46875,95.3125,0.000133,0.069385,0.069519,1841.2298,183.3657,1764.0,1287.0684,1764.0
1145,custom,resnet34,17,5686,128,4,4,0.700598,80.46875,97.65625,0.000267,0.068896,0.069163,1850.6952,183.3657,1764.0,1287.0684,1764.0
1145,custom,resnet34,17,5687,128,4,4,0.706378,79.6875,96.875,0.000255,0.068714,0.06897,1855.8902,183.3657,1764.0,1287.0684,1764.0
1145,custom,resnet34,17,5688,128,4,4,0.706391,74.21875,97.65625,0.000151,0.068828,0.068979,1855.6385,183.3657,1764.0,1287.0684,1764.0
1145,custom,resnet34,17,5689,128,4,4,0.493241,86.71875,98.4375,0.000754,0.069307,0.070061,1826.9731,183.3657,1764.0,1287.0684,1764.0
1145,custom,resnet34,17,5690,128,4,4,0.732477,82.03125,96.09375,0.000254,0.068768,0.069022,1854.4789,183.3657,1764.0,1287.0684,1764.0
1145,custom,resnet34,17,5691,128,4,4,0.63776,78.90625,96.875,0.000272,0.068967,0.069239,1848.6745,183.3657,1764.0,1287.0684,1764.0
1145,custom,resnet34,17,5692,128,4,4,0.635791,82.03125,95.3125,0.000176,0.06889,0.069065,1853.3149,183.3657,1764.0,1287.0684,1764.0
1145,custom,resnet34,17,5693,128,4,4,0.570237,82.8125,98.4375,0.00023,0.069056,0.069286,1847.4076,183.3657,1764.0,1287.0684,1764.0
1145,custom,resnet34,17,5694,128,4,4,0.569474,82.03125,98.4375,0.000212,0.068641,0.068853,1859.0324,183.3657,1764.0,1287.0684,1764.0
1145,custom,resnet34,17,5695,128,4,4,0.574401,85.15625,98.4375,0.000299,0.068922,0.069221,1849.1491,183.3657,1764.0,1287.0684,1764.0
1145,custom,resnet34,17,5696,128,4,4,0.625909,81.25,98.4375,0.00064,0.068744,0.069384,1844.7983,183.3657,1764.0,1287.0684,1764.0
1145,custom,resnet34,17,5697,128,4,4,0.620336,81.25,96.875,0.000864,0.069135,0.069999,1828.6102,183.3657,1764.0,1287.0684,1764.0
1145,custom,resnet34,17,5698,128,4,4,0.767757,78.125,97.65625,0.00033,0.069094,0.069424,1843.7407,183.3657,1764.0,1287.0684,1764.0
1145,custom,resnet34,17,5699,128,4,4,0.668484,82.8125,94.53125,0.00056,0.068935,0.069495,1841.8648,183.3657,1764.0,1287.0684,1764.0
1145,custom,resnet34,17,5700,128,4,4,0.593178,79.6875,97.65625,0.000304,0.06887,0.069174,1850.4102,183.3657,1764.0,1287.0684,1764.0
1145,custom,resnet34,17,5701,128,4,4,0.719516,80.46875,95.3125,0.000163,0.069079,0.069243,1848.5694,183.3657,1764.0,1287.0684,1764.0
1145,custom,resnet34,17,5702,128,4,4,0.782933,77.34375,93.75,0.000297,0.06907,0.069367,1845.256,183.3657,1764.0,1287.0684,1764.0
1145,custom,resnet34,17,5703,128,4,4,0.509229,82.03125,99.21875,0.000307,0.068824,0.069131,1851.5627,183.3657,1764.0,1287.0684,1764.0
1145,custom,resnet34,17,5704,128,4,4,0.510512,84.375,98.4375,0.00029,0.06901,0.0693,1847.0415,183.3657,1764.0,1287.0684,1764.0
1145,custom,resnet34,17,5705,128,4,4,0.734274,81.25,97.65625,0.000164,0.069512,0.069676,1837.0865,183.3657,1764.0,1287.0684,1764.0
1145,custom,resnet34,17,5706,128,4,4,0.650536,79.6875,94.53125,0.000459,0.069059,0.069519,1841.2291,183.3657,1764.0,1287.0684,1764.0
1145,custom,resnet34,17,5707,128,4,4,0.866061,74.21875,93.75,0.000261,0.068744,0.069005,1854.9357,183.3657,1764.0,1287.0684,1764.0
1145,custom,resnet34,17,5708,128,4,4,0.692932,82.8125,95.3125,0.000169,0.06885,0.069019,1854.5609,183.3657,1764.0,1287.0684,1764.0
1145,custom,resnet34,17,5709,128,4,4,0.699046,72.65625,97.65625,0.000211,0.069224,0.069435,1843.4523,183.3657,1764.0,1287.0684,1764.0
1145,custom,resnet34,17,5710,128,4,4,0.642791,77.34375,97.65625,0.000291,0.068914,0.069205,1849.5858,183.3657,1764.0,1287.0684,1764.0
1145,custom,resnet34,17,5711,128,4,4,0.600436,83.59375,97.65625,0.000452,0.068761,0.069213,1849.3602,183.3657,1764.0,1287.0684,1764.0
1145,custom,resnet34,17,5712,128,4,4,0.575959,82.8125,96.875,0.000178,0.068831,0.069009,1854.8228,183.3657,1764.0,1287.0684,1764.0
1145,custom,resnet34,17,5713,128,4,4,0.74814,78.90625,92.96875,0.000265,0.069377,0.069642,1837.9722,183.3657,1764.0,1287.0684,1764.0
1145,custom,resnet34,17,5714,128,4,4,0.650021,80.46875,96.09375,0.000808,0.068624,0.069433,1843.5161,183.3657,1764.0,1287.0684,1764.0
1145,custom,resnet34,17,5715,128,4,4,0.689543,81.25,97.65625,0.000435,0.068864,0.069299,1847.0708,183.3657,1764.0,1287.0684,1764.0
1145,custom,resnet34,17,5716,128,4,4,0.590703,83.59375,96.875,0.00018,0.069052,0.069233,1848.8359,183.3657,1764.0,1287.0684,1764.0
1145,custom,resnet34,17,5717,128,4,4,0.594204,82.8125,98.4375,0.000857,0.06931,0.070166,1824.2331,183.3657,1764.0,1287.0684,1764.0
1145,custom,resnet34,17,5718,128,4,4,0.730768,81.25,92.1875,0.000183,0.068747,0.06893,1856.9595,183.3657,1764.0,1287.0684,1764.0
1145,custom,resnet34,17,5719,128,4,4,0.568277,84.375,98.4375,0.000264,0.06885,0.069114,1851.9995,183.3657,1764.0,1287.0684,1764.0
1145,custom,resnet34,17,5720,128,4,4,0.799232,73.4375,96.09375,0.000247,0.06892,0.069167,1850.5989,183.3657,1764.0,1287.0684,1764.0
1145,custom,resnet34,17,5721,128,4,4,0.674458,78.125,96.875,0.000254,0.069116,0.06937,1845.1675,183.3657,1764.0,1287.0684,1764.0
1145,custom,resnet34,17,5722,128,4,4,0.493763,86.71875,98.4375,0.000165,0.069032,0.069197,1849.7962,183.3657,1764.0,1287.0684,1764.0
1145,custom,resnet34,17,5723,128,4,4,0.460306,89.84375,97.65625,0.000277,0.068878,0.069156,1850.8994,183.3657,1764.0,1287.0684,1764.0
1145,custom,resnet34,17,5724,128,4,4,0.731522,76.5625,96.875,0.000202,0.069033,0.069235,1848.7832,183.3657,1764.0,1287.0684,1764.0
1145,custom,resnet34,17,5725,128,4,4,0.58992,85.15625,95.3125,0.000171,0.069064,0.069236,1848.7576,183.3657,1764.0,1287.0684,1764.0
1145,custom,resnet34,17,5726,128,4,4,0.644965,78.90625,96.875,0.000164,0.068918,0.069083,1852.8545,183.3657,1764.0,1287.0684,1764.0
1145,custom,resnet34,17,5727,128,4,4,0.624718,82.03125,98.4375,0.000647,0.069043,0.06969,1836.6956,183.3657,1764.0,1287.0684,1764.0
1145,custom,resnet34,17,5728,128,4,4,0.589379,79.6875,98.4375,0.00029,0.068777,0.069067,1853.2625,183.3657,1764.0,1287.0684,1764.0
1145,custom,resnet34,17,5729,128,4,4,0.653338,81.25,96.875,0.000275,0.069003,0.069278,1847.6199,183.3657,1764.0,1287.0684,1764.0
1145,custom,resnet34,17,5730,128,4,4,0.571956,85.9375,99.21875,0.000322,0.069037,0.069359,1845.4712,183.3657,1764.0,1287.0684,1764.0
1145,custom,resnet34,17,5731,128,4,4,0.671532,79.6875,96.875,0.000267,0.069005,0.069272,1847.7993,183.3657,1764.0,1287.0684,1764.0
1145,custom,resnet34,17,5732,128,4,4,0.686019,79.6875,96.875,0.000167,0.068746,0.068913,1857.4095,183.3657,1764.0,1287.0684,1764.0
1145,custom,resnet34,17,5733,128,4,4,0.656812,82.03125,96.875,0.000165,0.06945,0.069615,1838.6852,183.3657,1764.0,1287.0684,1764.0
1145,custom,resnet34,17,5734,128,4,4,0.562405,82.03125,99.21875,0.000259,0.068981,0.06924,1848.6453,183.3657,1764.0,1287.0684,1764.0
1145,custom,resnet34,17,5735,128,4,4,0.596578,82.03125,98.4375,0.000281,0.068837,0.069118,1851.9077,183.3657,1764.0,1287.0684,1764.0
1145,custom,resnet34,17,5736,128,4,4,0.62637,82.8125,98.4375,0.000912,0.068953,0.069866,1832.0904,183.3657,1764.0,1287.0684,1764.0
1145,custom,resnet34,17,5737,128,4,4,0.748597,78.90625,96.875,0.000183,0.06935,0.069533,1840.8593,183.3657,1764.0,1287.0684,1764.0
1145,custom,resnet34,17,5738,128,4,4,0.733817,78.90625,91.40625,0.000166,0.068884,0.06905,1853.7293,183.3657,1764.0,1287.0684,1764.0
1145,custom,resnet34,17,5739,128,4,4,0.824826,77.34375,92.96875,0.000308,0.068845,0.069153,1850.9702,183.3657,1764.0,1287.0684,1764.0
1145,custom,resnet34,17,5740,128,4,4,0.62339,84.375,96.875,0.000194,0.068979,0.069174,1850.4095,183.3657,1764.0,1287.0684,1764.0
1145,custom,resnet34,17,5741,128,4,4,0.626464,85.15625,97.65625,0.000164,0.06937,0.069534,1840.8182,183.3657,1764.0,1287.0684,1764.0
1145,custom,resnet34,17,5742,128,4,4,0.742874,75.0,96.875,0.000155,0.068863,0.069018,1854.5953,183.3657,1764.0,1287.0684,1764.0
1145,custom,resnet34,17,5743,128,4,4,0.715995,78.90625,97.65625,0.000165,0.068794,0.068958,1856.197,183.3657,1764.0,1287.0684,1764.0
1145,custom,resnet34,17,5744,128,4,4,0.660248,78.125,96.875,0.000199,0.068947,0.069146,1851.1677,183.3657,1764.0,1287.0684,1764.0
1145,custom,resnet34,17,5745,128,4,4,0.622053,82.8125,97.65625,0.000308,0.069649,0.069957,1829.7045,183.3657,1764.0,1287.0684,1764.0
1145,custom,resnet34,17,5746,128,4,4,0.648394,82.03125,96.09375,0.000612,0.068798,0.069411,1844.0986,183.3657,1764.0,1287.0684,1764.0
1145,custom,resnet34,17,5747,128,4,4,0.753951,77.34375,96.09375,0.000315,0.068726,0.069041,1853.9785,183.3657,1764.0,1287.0684,1764.0
1145,custom,resnet34,17,5748,128,4,4,0.719265,82.8125,98.4375,0.000189,0.068916,0.069105,1852.2648,183.3657,1764.0,1287.0684,1764.0
1145,custom,resnet34,17,5749,128,4,4,0.513827,86.71875,98.4375,0.0003,0.069217,0.069517,1841.2795,183.3657,1764.0,1287.0684,1764.0
1145,custom,resnet34,17,5750,128,4,4,0.698034,80.46875,95.3125,0.000178,0.068862,0.06904,1853.9919,183.3657,1764.0,1287.0684,1764.0
1145,custom,resnet34,17,5751,128,4,4,0.554433,85.15625,98.4375,0.000308,0.068857,0.069166,1850.6227,183.3657,1764.0,1287.0684,1764.0
1145,custom,resnet34,17,5752,128,4,4,0.697484,83.59375,97.65625,0.000159,0.069037,0.069196,1849.8233,183.3657,1764.0,1287.0684,1764.0
1145,custom,resnet34,17,5753,128,4,4,0.506835,85.15625,98.4375,0.000263,0.069316,0.06958,1839.6206,183.3657,1764.0,1287.0684,1764.0
1145,custom,resnet34,17,5754,128,4,4,0.665691,78.125,96.875,0.000611,0.068666,0.069277,1847.6585,183.3657,1764.0,1287.0684,1764.0
1145,custom,resnet34,17,5755,128,4,4,0.711929,75.78125,96.09375,0.000297,0.069041,0.069338,1846.0252,183.3657,1764.0,1287.0684,1764.0
1145,custom,resnet34,17,5756,128,4,4,0.578694,82.8125,97.65625,0.000196,0.06889,0.069085,1852.7808,183.3657,1764.0,1287.0684,1764.0
1145,custom,resnet34,17,5757,128,4,4,0.601403,84.375,96.875,0.0002,0.069201,0.069401,1844.3592,183.3657,1764.0,1287.0684,1764.0
1145,custom,resnet34,17,5758,128,4,4,0.675215,81.25,96.09375,0.00017,0.068966,0.069136,1851.4291,183.3657,1764.0,1287.0684,1764.0
1145,custom,resnet34,17,5759,128,4,4,0.681634,82.8125,96.875,0.000287,0.068956,0.069243,1848.5584,183.3657,1764.0,1287.0684,1764.0
1145,custom,resnet34,17,5760,128,4,4,0.563212,83.59375,96.875,0.000159,0.06885,0.069009,1854.8274,183.3657,1764.0,1287.0684,1764.0
1145,custom,resnet34,17,5761,128,4,4,0.758124,78.125,93.75,0.00015,0.069217,0.069366,1845.2731,183.3657,1764.0,1287.0684,1764.0
1145,custom,resnet34,17,5762,128,4,4,0.639122,82.03125,100.0,0.000831,0.068919,0.06975,1835.1269,183.3657,1764.0,1287.0684,1764.0
1145,custom,resnet34,17,5763,128,4,4,0.649944,82.8125,96.875,0.000494,0.068927,0.069421,1843.8265,183.3657,1764.0,1287.0684,1764.0
1145,custom,resnet34,17,5764,128,4,4,0.525514,82.8125,99.21875,0.000167,0.068896,0.069063,1853.3737,183.3657,1764.0,1287.0684,1764.0
1145,custom,resnet34,17,5765,128,4,4,0.715229,78.90625,96.09375,0.000152,0.069313,0.069465,1842.6508,183.3657,1764.0,1287.0684,1764.0
1145,custom,resnet34,17,5766,128,4,4,0.593849,83.59375,96.875,0.000461,0.06895,0.069411,1844.0855,183.3657,1764.0,1287.0684,1764.0
1145,custom,resnet34,17,5767,128,4,4,0.48987,85.9375,97.65625,0.000292,0.068877,0.069169,1850.5455,183.3657,1764.0,1287.0684,1764.0
1145,custom,resnet34,17,5768,128,4,4,0.699444,84.375,96.09375,0.000254,0.068881,0.069134,1851.4673,183.3657,1764.0,1287.0684,1764.0
1145,custom,resnet34,17,5769,128,4,4,0.599357,85.15625,96.875,0.000204,0.069575,0.069779,1834.3657,183.3657,1764.0,1287.0684,1764.0
1145,custom,resnet34,17,5770,128,4,4,0.616907,82.03125,97.65625,0.000255,0.069064,0.06932,1846.5182,183.3657,1764.0,1287.0684,1764.0
1145,custom,resnet34,17,5771,128,4,4,0.688017,78.125,96.875,0.000315,0.068671,0.068986,1855.4466,183.3657,1764.0,1287.0684,1764.0
1145,custom,resnet34,17,5772,128,4,4,0.675214,80.46875,97.65625,0.000276,0.068835,0.069111,1852.1002,183.3657,1764.0,1287.0684,1764.0
1145,custom,resnet34,17,5773,128,4,4,0.544859,85.9375,97.65625,0.000231,0.069224,0.069455,1842.9092,183.3657,1764.0,1287.0684,1764.0
1145,custom,resnet34,17,5774,128,4,4,0.567085,82.8125,98.4375,0.000306,0.068918,0.069224,1849.0653,183.3657,1764.0,1287.0684,1764.0
1145,custom,resnet34,17,5775,128,4,4,0.697197,78.90625,98.4375,0.000467,0.068886,0.069353,1845.631,183.3657,1764.0,1287.0684,1764.0
1145,custom,resnet34,17,5776,128,4,4,0.575823,85.9375,97.65625,0.000181,0.068919,0.0691,1852.3985,183.3657,1764.0,1287.0684,1764.0
1145,custom,resnet34,17,5777,128,4,4,0.772183,79.6875,96.875,0.000252,0.069308,0.069561,1840.1212,183.3657,1764.0,1287.0684,1764.0
1145,custom,resnet34,17,5778,128,4,4,0.624176,85.15625,97.65625,0.000713,0.069,0.069713,1836.1067,183.3657,1764.0,1287.0684,1764.0
1145,custom,resnet34,17,5779,128,4,4,0.691561,82.8125,96.09375,0.000284,0.068836,0.069119,1851.8693,183.3657,1764.0,1287.0684,1764.0
1145,custom,resnet34,17,5780,128,4,4,0.742423,78.125,96.09375,0.000179,0.069012,0.06919,1849.9726,183.3657,1764.0,1287.0684,1764.0
1145,custom,resnet34,17,5781,128,4,4,0.735221,78.90625,96.875,0.00015,0.069421,0.069571,1839.8449,183.3657,1764.0,1287.0684,1764.0
1145,custom,resnet34,17,5782,128,4,4,0.650672,82.03125,94.53125,0.000247,0.068824,0.069072,1853.1513,183.3657,1764.0,1287.0684,1764.0
1145,custom,resnet34,17,5783,128,4,4,0.945127,70.3125,94.53125,0.00045,0.068967,0.069417,1843.9287,183.3657,1764.0,1287.0684,1764.0
1145,custom,resnet34,17,5784,128,4,4,0.784098,76.5625,96.875,0.000157,0.068967,0.069124,1851.7538,183.3657,1764.0,1287.0684,1764.0
1145,custom,resnet34,17,5785,128,4,4,0.711862,76.5625,93.75,0.000146,0.069472,0.069617,1838.6197,183.3657,1764.0,1287.0684,1764.0
1145,custom,resnet34,17,5786,128,4,4,0.815441,76.5625,91.40625,0.000376,0.068711,0.069086,1852.754,183.3657,1764.0,1287.0684,1764.0
1145,custom,resnet34,17,5787,128,4,4,0.566701,83.59375,99.21875,0.000344,0.068896,0.06924,1848.6469,183.3657,1764.0,1287.0684,1764.0
1145,custom,resnet34,17,5788,128,4,4,0.674338,78.90625,98.4375,0.00018,0.068987,0.069168,1850.5734,183.3657,1764.0,1287.0684,1764.0
1145,custom,resnet34,17,5789,128,4,4,0.622396,80.46875,97.65625,0.000198,0.069062,0.06926,1848.103,183.3657,1764.0,1287.0684,1764.0
1145,custom,resnet34,17,5790,128,4,4,0.786707,75.78125,96.09375,0.000294,0.068864,0.069158,1850.8321,183.3657,1764.0,1287.0684,1764.0
1145,custom,resnet34,17,5791,128,4,4,0.570133,85.9375,99.21875,0.000505,0.068923,0.069427,1843.6583,183.3657,1764.0,1287.0684,1764.0
1145,custom,resnet34,17,5792,128,4,4,0.621844,79.6875,99.21875,0.000169,0.068956,0.069125,1851.7206,183.3657,1764.0,1287.0684,1764.0
1145,custom,resnet34,17,5793,128,4,4,0.687753,78.125,96.09375,0.000459,0.06927,0.069728,1835.6983,183.3657,1764.0,1287.0684,1764.0
1145,custom,resnet34,17,5794,128,4,4,0.690925,75.78125,96.875,0.000777,0.068811,0.069588,1839.4013,183.3657,1764.0,1287.0684,1764.0
1145,custom,resnet34,17,5795,128,4,4,0.607445,85.15625,96.09375,0.00049,0.068834,0.069324,1846.4017,183.3657,1764.0,1287.0684,1764.0
1145,custom,resnet34,17,5796,128,4,4,0.679802,80.46875,97.65625,0.00016,0.068898,0.069058,1853.5162,183.3657,1764.0,1287.0684,1764.0
1145,custom,resnet34,17,5797,128,4,4,0.755306,78.90625,95.3125,0.000295,0.069145,0.069441,1843.3023,183.3657,1764.0,1287.0684,1764.0
1145,custom,resnet34,17,5798,128,4,4,0.57092,83.59375,97.65625,0.000322,0.069027,0.069348,1845.7582,183.3657,1764.0,1287.0684,1764.0
1145,custom,resnet34,17,5799,128,4,4,0.774314,77.34375,96.875,0.000277,0.06902,0.069296,1847.1365,183.3657,1764.0,1287.0684,1764.0
1145,custom,resnet34,17,5800,128,4,4,0.711924,78.90625,94.53125,0.000169,0.068747,0.068916,1857.3466,183.3657,1764.0,1287.0684,1764.0
1145,custom,resnet34,17,5801,128,4,4,0.684388,82.8125,93.75,0.000845,0.069108,0.069953,1829.7967,183.3657,1764.0,1287.0684,1764.0
1145,custom,resnet34,17,5802,128,4,4,0.780413,78.125,92.96875,0.000845,0.069063,0.069909,1830.9619,183.3657,1764.0,1287.0684,1764.0
1145,custom,resnet34,17,5803,128,4,4,0.646238,82.03125,96.09375,0.000296,0.069085,0.069382,1844.8637,183.3657,1764.0,1287.0684,1764.0
1145,custom,resnet34,17,5804,128,4,4,0.700777,77.34375,96.875,0.000412,0.068794,0.069206,1849.5421,183.3657,1764.0,1287.0684,1764.0
1145,custom,resnet34,17,5805,128,4,4,0.766167,75.78125,97.65625,0.000157,0.069305,0.069462,1842.7416,183.3657,1764.0,1287.0684,1764.0
1145,custom,resnet34,17,5806,128,4,4,0.667384,78.90625,97.65625,0.000161,0.068893,0.069053,1853.6407,183.3657,1764.0,1287.0684,1764.0
1145,custom,resnet34,17,5807,128,4,4,0.560053,82.8125,98.4375,0.000156,0.068883,0.069039,1854.0158,183.3657,1764.0,1287.0684,1764.0
1145,custom,resnet34,17,5808,128,4,4,0.735009,77.34375,96.09375,0.00027,0.068823,0.069093,1852.5759,183.3657,1764.0,1287.0684,1764.0
1145,custom,resnet34,17,5809,128,4,4,0.714301,79.6875,97.65625,0.000279,0.069291,0.06957,1839.8772,183.3657,1764.0,1287.0684,1764.0
1145,custom,resnet34,17,5810,128,4,4,0.701605,78.90625,96.875,0.000248,0.068896,0.069143,1851.2307,183.3657,1764.0,1287.0684,1764.0
1145,custom,resnet34,17,5811,128,4,4,0.665388,83.59375,95.3125,0.000441,0.068789,0.06923,1848.9174,183.3657,1764.0,1287.0684,1764.0
1145,custom,resnet34,17,5812,128,4,4,0.817674,78.125,92.96875,0.000174,0.068955,0.069129,1851.6041,183.3657,1764.0,1287.0684,1764.0
1145,custom,resnet34,17,5813,128,4,4,0.704688,81.25,96.09375,0.000887,0.069227,0.070114,1825.6052,183.3657,1764.0,1287.0684,1764.0
1145,custom,resnet34,17,5814,128,4,4,0.713829,78.125,97.65625,0.000636,0.069055,0.069691,1836.6795,183.3657,1764.0,1287.0684,1764.0
1145,custom,resnet34,17,5815,128,4,4,0.732144,78.90625,96.875,0.000163,0.068943,0.069105,1852.2509,183.3657,1764.0,1287.0684,1764.0
1145,custom,resnet34,17,5816,128,4,4,0.885031,75.78125,92.96875,0.000206,0.068956,0.069162,1850.7325,183.3657,1764.0,1287.0684,1764.0
1145,custom,resnet34,17,5817,128,4,4,0.728846,75.78125,98.4375,0.000805,0.069313,0.070119,1825.4717,183.3657,1764.0,1287.0684,1764.0
1145,custom,resnet34,17,5818,128,4,4,0.646166,82.03125,97.65625,0.00018,0.06901,0.06919,1849.9653,183.3657,1764.0,1287.0684,1764.0
1145,custom,resnet34,17,5819,128,4,4,0.76397,71.875,97.65625,0.000281,0.068721,0.069003,1854.9927,183.3657,1764.0,1287.0684,1764.0
1145,custom,resnet34,17,5820,128,4,4,0.602149,81.25,98.4375,0.000176,0.069337,0.069513,1841.373,183.3657,1764.0,1287.0684,1764.0
1145,custom,resnet34,17,5821,128,4,4,0.734955,75.0,95.3125,0.000259,0.069427,0.069686,1836.8062,183.3657,1764.0,1287.0684,1764.0
1145,custom,resnet34,17,5822,128,4,4,0.690928,79.6875,94.53125,0.000266,0.06879,0.069056,1853.5607,183.3657,1764.0,1287.0684,1764.0
1145,custom,resnet34,17,5823,128,4,4,0.770158,75.78125,94.53125,0.000258,0.06914,0.069398,1844.4404,183.3657,1764.0,1287.0684,1764.0
1145,custom,resnet34,17,5824,128,4,4,0.692716,78.125,98.4375,0.000593,0.07014,0.070733,1809.6272,183.3657,1764.0,1287.0684,1764.0
1145,custom,resnet34,17,5825,128,4,4,0.531333,80.46875,98.4375,0.000297,0.069299,0.069597,1839.1698,183.3657,1764.0,1287.0684,1764.0
1145,custom,resnet34,17,5826,128,4,4,0.641262,82.8125,95.3125,0.000277,0.068664,0.068941,1856.6526,183.3657,1764.0,1287.0684,1764.0
1145,custom,resnet34,17,5827,128,4,4,0.646718,80.46875,96.09375,0.000269,0.068501,0.068769,1861.2954,183.3657,1764.0,1287.0684,1764.0
1145,custom,resnet34,17,5828,128,4,4,0.664272,79.6875,97.65625,0.000374,0.068312,0.068686,1863.5561,183.3657,1764.0,1287.0684,1764.0
1145,custom,resnet34,17,5829,128,4,4,0.686418,79.6875,96.875,0.000191,0.068688,0.068879,1858.344,183.3657,1764.0,1287.0684,1764.0
1145,custom,resnet34,17,5830,128,4,4,0.571299,82.03125,98.4375,0.000332,0.068448,0.06878,1861.0066,183.3657,1764.0,1287.0684,1764.0
1145,custom,resnet34,17,5831,128,4,4,0.762508,78.90625,95.3125,0.00123,0.074288,0.075518,1694.9579,183.3657,1764.0,1287.0684,1764.0
1145,custom,resnet34,17,5832,128,4,4,0.684143,77.34375,98.4375,0.000898,0.068732,0.06963,1838.2828,183.3657,1764.0,1287.0684,1764.0
1145,custom,resnet34,17,5833,128,4,4,0.835023,74.21875,97.65625,0.000586,0.068681,0.069267,1847.9238,183.3657,1764.0,1287.0684,1764.0
1145,custom,resnet34,17,5834,128,4,4,0.576909,82.8125,97.65625,0.001232,0.069251,0.070483,1816.0314,183.3657,1764.0,1287.0684,1764.0
1145,custom,resnet34,17,5835,128,4,4,0.706943,79.6875,96.875,0.000481,0.072602,0.073083,1751.4357,183.3657,1764.0,1287.0684,1764.0
1145,custom,resnet34,17,5836,128,4,4,0.473204,86.71875,100.0,0.000273,0.068587,0.06886,1858.8427,183.3657,1764.0,1287.0684,1764.0
1145,custom,resnet34,17,5837,128,4,4,0.799854,77.34375,95.3125,0.000343,0.069017,0.06936,1845.4365,183.3657,1764.0,1287.0684,1764.0
1145,custom,resnet34,17,5838,128,4,4,0.897527,73.4375,94.53125,0.000533,0.068511,0.069044,1853.8802,183.3657,1764.0,1287.0684,1764.0
1145,custom,resnet34,17,5839,128,4,4,0.729937,81.25,95.3125,0.000434,0.068366,0.0688,1860.4659,183.3657,1764.0,1287.0684,1764.0
1145,custom,resnet34,17,5840,128,4,4,0.682348,76.5625,97.65625,0.000181,0.068598,0.06878,1861.0109,183.3657,1764.0,1287.0684,1764.0
1145,custom,resnet34,17,5841,128,4,4,0.715905,77.34375,96.09375,0.000167,0.068654,0.06882,1859.9151,183.3657,1764.0,1287.0684,1764.0
1145,custom,resnet34,17,5842,128,4,4,0.776655,77.34375,95.3125,0.000261,0.068424,0.068685,1863.5786,183.3657,1764.0,1287.0684,1764.0
1145,custom,resnet34,17,5843,128,4,4,0.656604,82.03125,96.875,0.000297,0.068741,0.069038,1854.0597,183.3657,1764.0,1287.0684,1764.0
1145,custom,resnet34,17,5844,128,4,4,0.722526,79.6875,95.3125,0.000396,0.068882,0.069279,1847.6081,183.3657,1764.0,1287.0684,1764.0
1145,custom,resnet34,17,5845,128,4,4,0.546068,85.9375,97.65625,0.00028,0.069183,0.069463,1842.7125,183.3657,1764.0,1287.0684,1764.0
1145,custom,resnet34,17,5846,128,4,4,0.590806,82.8125,97.65625,0.00022,0.068975,0.069195,1849.8462,183.3657,1764.0,1287.0684,1764.0
1145,custom,resnet34,17,5847,128,4,4,0.733404,78.90625,96.09375,0.000531,0.068732,0.069263,1848.0212,183.3657,1764.0,1287.0684,1764.0
1145,custom,resnet34,17,5848,128,4,4,0.735038,78.125,96.09375,0.000246,0.068809,0.069056,1853.5725,183.3657,1764.0,1287.0684,1764.0
1145,custom,resnet34,17,5849,128,4,4,0.72488,77.34375,96.09375,0.000251,0.069126,0.069376,1845.0121,183.3657,1764.0,1287.0684,1764.0
1145,custom,resnet34,17,5850,128,4,4,0.63942,78.125,99.21875,0.000683,0.068682,0.069365,1845.3029,183.3657,1764.0,1287.0684,1764.0
1145,custom,resnet34,17,5851,128,4,4,0.77116,75.78125,97.65625,0.00046,0.068997,0.069457,1842.8748,183.3657,1764.0,1287.0684,1764.0
1145,custom,resnet34,17,5852,128,4,4,0.658373,83.59375,95.3125,0.000158,0.06873,0.068888,1858.0988,183.3657,1764.0,1287.0684,1764.0
1145,custom,resnet34,17,5853,128,4,4,0.605646,82.8125,96.875,0.000165,0.069335,0.069501,1841.7123,183.3657,1764.0,1287.0684,1764.0
1145,custom,resnet34,17,5854,128,4,4,0.778078,75.0,94.53125,0.000318,0.068726,0.069043,1853.9043,183.3657,1764.0,1287.0684,1764.0
1145,custom,resnet34,17,5855,128,4,4,0.757007,79.6875,94.53125,0.000274,0.068884,0.069158,1850.8382,183.3657,1764.0,1287.0684,1764.0
1145,custom,resnet34,17,5856,128,4,4,0.591946,82.03125,98.4375,0.000167,0.068804,0.068972,1855.8288,183.3657,1764.0,1287.0684,1764.0
1145,custom,resnet34,17,5857,128,4,4,0.693539,79.6875,97.65625,0.000426,0.074512,0.074938,1708.0793,183.3657,1764.0,1287.0684,1764.0
1145,custom,resnet34,17,5858,128,4,4,0.736225,82.03125,95.3125,0.000251,0.068893,0.069144,1851.1962,183.3657,1764.0,1287.0684,1764.0
1145,custom,resnet34,17,5859,128,4,4,0.761522,77.34375,95.3125,0.000275,0.069182,0.069456,1842.8826,183.3657,1764.0,1287.0684,1764.0
1145,custom,resnet34,17,5860,128,4,4,0.739637,79.6875,94.53125,0.000503,0.070515,0.071018,1802.354,183.3657,1764.0,1287.0684,1764.0
1145,custom,resnet34,17,5861,128,4,4,0.63125,78.125,96.875,0.000161,0.069233,0.069394,1844.5302,183.3657,1764.0,1287.0684,1764.0
1145,custom,resnet34,17,5862,128,4,4,0.756153,77.34375,96.875,0.000267,0.068803,0.06907,1853.1871,183.3657,1764.0,1287.0684,1764.0
1145,custom,resnet34,17,5863,128,4,4,0.649724,82.03125,96.09375,0.000286,0.068875,0.069161,1850.7485,183.3657,1764.0,1287.0684,1764.0
1145,custom,resnet34,17,5864,128,4,4,0.582979,82.8125,96.875,0.000278,0.068674,0.068953,1856.3493,183.3657,1764.0,1287.0684,1764.0
1145,custom,resnet34,17,5865,128,4,4,0.696216,78.90625,95.3125,0.000167,0.069263,0.06943,1843.5889,183.3657,1764.0,1287.0684,1764.0
1145,custom,resnet34,17,5866,128,4,4,0.658273,81.25,96.09375,0.000245,0.068963,0.069209,1849.4821,183.3657,1764.0,1287.0684,1764.0
1145,custom,resnet34,17,5867,128,4,4,0.670407,78.90625,96.09375,0.00016,0.068779,0.068939,1856.7082,183.3657,1764.0,1287.0684,1764.0
1145,custom,resnet34,17,5868,128,4,4,0.526538,85.9375,98.4375,0.001114,0.068477,0.069592,1839.2936,183.3657,1764.0,1287.0684,1764.0
1145,custom,resnet34,17,5869,128,4,4,0.709213,78.90625,96.09375,0.000319,0.069291,0.06961,1838.8196,183.3657,1764.0,1287.0684,1764.0
1145,custom,resnet34,17,5870,128,4,4,0.540853,85.9375,97.65625,0.000742,0.068923,0.069665,1837.3696,183.3657,1764.0,1287.0684,1764.0
1145,custom,resnet34,17,5871,128,4,4,0.552065,83.59375,99.21875,0.000315,0.068768,0.069083,1852.8397,183.3657,1764.0,1287.0684,1764.0
1145,custom,resnet34,17,5872,128,4,4,0.825839,73.4375,93.75,0.000171,0.069072,0.069243,1848.5698,183.3657,1764.0,1287.0684,1764.0
1145,custom,resnet34,17,5873,128,4,4,0.568419,85.9375,97.65625,0.000161,0.069373,0.069534,1840.8155,183.3657,1764.0,1287.0684,1764.0
1145,custom,resnet34,17,5874,128,4,4,0.520762,86.71875,96.875,0.000223,0.068894,0.069117,1851.937,183.3657,1764.0,1287.0684,1764.0
1145,custom,resnet34,17,5875,128,4,4,0.59057,80.46875,97.65625,0.000258,0.068754,0.069012,1854.7458,183.3657,1764.0,1287.0684,1764.0
1145,custom,resnet34,17,5876,128,4,4,0.699563,76.5625,96.09375,0.00015,0.068683,0.068832,1859.5913,183.3657,1764.0,1287.0684,1764.0
1145,custom,resnet34,17,5877,128,4,4,0.72699,77.34375,97.65625,0.000267,0.069254,0.069521,1841.1783,183.3657,1764.0,1287.0684,1764.0
1145,custom,resnet34,17,5878,128,4,4,0.769021,76.5625,97.65625,0.000246,0.068788,0.069034,1854.1562,183.3657,1764.0,1287.0684,1764.0
1145,custom,resnet34,17,5879,128,4,4,0.700246,80.46875,97.65625,0.000616,0.068544,0.069159,1850.8017,183.3657,1764.0,1287.0684,1764.0
1145,custom,resnet34,17,5880,128,4,4,0.796703,76.5625,96.09375,0.000159,0.069135,0.069294,1847.1939,183.3657,1764.0,1287.0684,1764.0
1145,custom,resnet34,17,5881,128,4,4,0.774911,75.78125,96.875,0.000148,0.069192,0.06934,1845.9662,183.3657,1764.0,1287.0684,1764.0
1145,custom,resnet34,17,5882,128,4,4,0.690951,82.8125,95.3125,0.000269,0.068833,0.069101,1852.3515,183.3657,1764.0,1287.0684,1764.0
1145,custom,resnet34,17,5883,128,4,4,0.781327,77.34375,96.09375,0.000273,0.068936,0.069209,1849.4622,183.3657,1764.0,1287.0684,1764.0
1145,custom,resnet34,17,5884,128,4,4,0.724628,79.6875,93.75,0.000244,0.068974,0.069218,1849.234,183.3657,1764.0,1287.0684,1764.0
1145,custom,resnet34,17,5885,128,4,4,0.752535,76.5625,93.75,0.000153,0.069142,0.069294,1847.1944,183.3657,1764.0,1287.0684,1764.0
1145,custom,resnet34,17,5886,128,4,4,0.564709,80.46875,98.4375,0.000227,0.068957,0.069184,1850.15,183.3657,1764.0,1287.0684,1764.0
1145,custom,resnet34,17,5887,128,4,4,0.661474,80.46875,96.875,0.000283,0.068968,0.069251,1848.3466,183.3657,1764.0,1287.0684,1764.0
1145,custom,resnet34,17,5888,128,4,4,0.560105,84.375,98.4375,0.000641,0.068964,0.069605,1838.9454,183.3657,1764.0,1287.0684,1764.0
1145,custom,resnet34,17,5889,128,4,4,0.738536,78.125,92.1875,0.000178,0.069111,0.069289,1847.3346,183.3657,1764.0,1287.0684,1764.0
1145,custom,resnet34,17,5890,128,4,4,0.573262,80.46875,99.21875,0.000309,0.068924,0.069233,1848.8426,183.3657,1764.0,1287.0684,1764.0
1145,custom,resnet34,17,5891,128,4,4,0.747273,76.5625,94.53125,0.000321,0.068815,0.069136,1851.4217,183.3657,1764.0,1287.0684,1764.0
1145,custom,resnet34,17,5892,128,4,4,0.642378,79.6875,97.65625,0.000198,0.068871,0.069069,1853.2152,183.3657,1764.0,1287.0684,1764.0
1145,custom,resnet34,17,5893,128,4,4,0.53869,85.9375,97.65625,0.000287,0.069076,0.069363,1845.3512,183.3657,1764.0,1287.0684,1764.0
1145,custom,resnet34,17,5894,128,4,4,0.680506,81.25,96.875,0.000274,0.068835,0.069109,1852.1565,183.3657,1764.0,1287.0684,1764.0
1145,custom,resnet34,17,5895,128,4,4,0.591912,85.15625,96.875,0.000481,0.068921,0.069403,1844.3079,183.3657,1764.0,1287.0684,1764.0
1145,custom,resnet34,17,5896,128,4,4,0.633089,79.6875,97.65625,0.000256,0.069296,0.069552,1840.3556,183.3657,1764.0,1287.0684,1764.0
1145,custom,resnet34,17,5897,128,4,4,0.743286,74.21875,95.3125,0.000172,0.069185,0.069357,1845.5136,183.3657,1764.0,1287.0684,1764.0
1145,custom,resnet34,17,5898,128,4,4,0.582431,85.9375,96.875,0.000259,0.068966,0.069225,1849.0351,183.3657,1764.0,1287.0684,1764.0
1145,custom,resnet34,17,5899,128,4,4,0.605007,81.25,96.875,0.000447,0.068872,0.069319,1846.5467,183.3657,1764.0,1287.0684,1764.0
1145,custom,resnet34,17,5900,128,4,4,0.627215,80.46875,96.875,0.000161,0.06891,0.069071,1853.1752,183.3657,1764.0,1287.0684,1764.0
1145,custom,resnet34,17,5901,128,4,4,0.661794,80.46875,98.4375,0.0002,0.069214,0.069413,1844.031,183.3657,1764.0,1287.0684,1764.0
1145,custom,resnet34,17,5902,128,4,4,0.885553,72.65625,94.53125,0.000608,0.068743,0.069351,1845.6854,183.3657,1764.0,1287.0684,1764.0
1145,custom,resnet34,17,5903,128,4,4,0.560217,81.25,98.4375,0.000279,0.068884,0.069163,1850.6977,183.3657,1764.0,1287.0684,1764.0
1145,custom,resnet34,17,5904,128,4,4,0.559179,85.9375,96.875,0.000152,0.068852,0.069004,1854.9605,183.3657,1764.0,1287.0684,1764.0
1145,custom,resnet34,17,5905,128,4,4,0.74072,78.90625,95.3125,0.000166,0.069333,0.069499,1841.7468,183.3657,1764.0,1287.0684,1764.0
1145,custom,resnet34,17,5906,128,4,4,0.911781,73.4375,96.09375,0.000262,0.06897,0.069232,1848.86,183.3657,1764.0,1287.0684,1764.0
1145,custom,resnet34,17,5907,128,4,4,0.735217,75.78125,96.875,0.000267,0.06873,0.068997,1855.1614,183.3657,1764.0,1287.0684,1764.0
1145,custom,resnet34,17,5908,128,4,4,0.607787,78.125,99.21875,0.000242,0.069051,0.069293,1847.2301,183.3657,1764.0,1287.0684,1764.0
1145,custom,resnet34,17,5909,128,4,4,0.645684,80.46875,97.65625,0.000193,0.069256,0.069449,1843.0721,183.3657,1764.0,1287.0684,1764.0
1145,custom,resnet34,17,5910,128,4,4,0.793679,77.34375,94.53125,0.00084,0.068719,0.069559,1840.1585,183.3657,1764.0,1287.0684,1764.0
1145,custom,resnet34,17,5911,128,4,4,0.739477,78.125,95.3125,0.000276,0.068677,0.068953,1856.3342,183.3657,1764.0,1287.0684,1764.0
1145,custom,resnet34,17,5912,128,4,4,0.535626,85.15625,97.65625,0.000242,0.068853,0.069094,1852.5419,183.3657,1764.0,1287.0684,1764.0
1145,custom,resnet34,17,5913,128,4,4,0.587358,85.15625,95.3125,0.000656,0.068828,0.069484,1842.1403,183.3657,1764.0,1287.0684,1764.0
1145,custom,resnet34,17,5914,128,4,4,0.7394,80.46875,95.3125,0.000274,0.068647,0.068921,1857.1871,183.3657,1764.0,1287.0684,1764.0
1145,custom,resnet34,17,5915,128,4,4,0.659363,81.25,98.4375,0.000495,0.068893,0.069388,1844.7048,183.3657,1764.0,1287.0684,1764.0
1145,custom,resnet34,17,5916,128,4,4,0.60256,78.90625,96.875,0.00017,0.068959,0.069129,1851.6182,183.3657,1764.0,1287.0684,1764.0
1145,custom,resnet34,17,5917,128,4,4,0.80585,74.21875,97.65625,0.000166,0.069562,0.069728,1835.7082,183.3657,1764.0,1287.0684,1764.0
1145,custom,resnet34,17,5918,128,4,4,0.66054,78.90625,96.875,0.000246,0.068825,0.069071,1853.1676,183.3657,1764.0,1287.0684,1764.0
1145,custom,resnet34,17,5919,128,4,4,0.650449,75.78125,96.875,0.000349,0.068866,0.069215,1849.3141,183.3657,1764.0,1287.0684,1764.0
1145,custom,resnet34,17,5920,128,4,4,0.62622,79.6875,96.875,0.000137,0.068863,0.069,1855.0714,183.3657,1764.0,1287.0684,1764.0
1145,custom,resnet34,17,5921,128,4,4,0.600895,83.59375,97.65625,0.000172,0.069292,0.069465,1842.6567,183.3657,1764.0,1287.0684,1764.0
1145,custom,resnet34,17,5922,128,4,4,0.691432,79.6875,97.65625,0.00025,0.068783,0.069033,1854.1815,183.3657,1764.0,1287.0684,1764.0
1145,custom,resnet34,17,5923,128,4,4,0.600755,79.6875,98.4375,0.000273,0.068866,0.069138,1851.3589,183.3657,1764.0,1287.0684,1764.0
1145,custom,resnet34,17,5924,128,4,4,0.845749,72.65625,96.875,0.000164,0.068865,0.069029,1854.294,183.3657,1764.0,1287.0684,1764.0
1145,custom,resnet34,17,5925,128,4,4,0.59083,82.8125,97.65625,0.00028,0.069157,0.069437,1843.3967,183.3657,1764.0,1287.0684,1764.0
1145,custom,resnet34,17,5926,128,4,4,0.695541,79.6875,96.875,0.000291,0.068948,0.069239,1848.6775,183.3657,1764.0,1287.0684,1764.0
1145,custom,resnet34,17,5927,128,4,4,0.883991,75.0,94.53125,0.001025,0.06917,0.070195,1823.4827,183.3657,1764.0,1287.0684,1764.0
1145,custom,resnet34,17,5928,128,4,4,0.823211,75.0,95.3125,0.000292,0.068914,0.069206,1849.5381,183.3657,1764.0,1287.0684,1764.0
1145,custom,resnet34,17,5929,128,4,4,0.649281,82.03125,96.875,0.000264,0.069052,0.069316,1846.6163,183.3657,1764.0,1287.0684,1764.0
1145,custom,resnet34,17,5930,128,4,4,0.729732,77.34375,96.09375,0.000297,0.069105,0.069403,1844.3105,183.3657,1764.0,1287.0684,1764.0
1145,custom,resnet34,17,5931,128,4,4,0.620867,82.03125,96.875,0.000887,0.06907,0.069957,1829.6934,183.3657,1764.0,1287.0684,1764.0
1145,custom,resnet34,17,5932,128,4,4,0.688552,78.90625,97.65625,0.000271,0.068854,0.069125,1851.7158,183.3657,1764.0,1287.0684,1764.0
1145,custom,resnet34,17,5933,128,4,4,0.767389,80.46875,92.96875,0.000226,0.069345,0.069572,1839.8321,183.3657,1764.0,1287.0684,1764.0
1145,custom,resnet34,17,5934,128,4,4,0.510584,85.9375,99.21875,0.00021,0.069161,0.069371,1845.151,183.3657,1764.0,1287.0684,1764.0
1145,custom,resnet34,17,5935,128,4,4,0.460895,89.84375,96.875,0.000371,0.068588,0.068959,1856.1828,183.3657,1764.0,1287.0684,1764.0
1145,custom,resnet34,17,5936,128,4,4,0.626115,82.03125,96.09375,0.000297,0.068771,0.069068,1853.2483,183.3657,1764.0,1287.0684,1764.0
1145,custom,resnet34,17,5937,128,4,4,0.725336,81.25,95.3125,0.000324,0.069073,0.069397,1844.4672,183.3657,1764.0,1287.0684,1764.0
1145,custom,resnet34,17,5938,128,4,4,0.76498,73.4375,96.875,0.00033,0.068759,0.069088,1852.6963,183.3657,1764.0,1287.0684,1764.0
1145,custom,resnet34,17,5939,128,4,4,0.733773,75.78125,94.53125,0.000306,0.068917,0.069223,1849.0857,183.3657,1764.0,1287.0684,1764.0
1145,custom,resnet34,17,5940,128,4,4,0.785132,77.34375,96.09375,0.000321,0.069058,0.069379,1844.9505,183.3657,1764.0,1287.0684,1764.0
1145,custom,resnet34,17,5941,128,4,4,0.587956,81.25,99.21875,0.001474,0.069675,0.071149,1799.047,183.3657,1764.0,1287.0684,1764.0
1145,custom,resnet34,17,5942,128,4,4,0.696185,80.46875,95.3125,0.000356,0.068445,0.068802,1860.419,183.3657,1764.0,1287.0684,1764.0
1145,custom,resnet34,17,5943,128,4,4,0.512946,85.15625,98.4375,0.000472,0.068898,0.06937,1845.1701,183.3657,1764.0,1287.0684,1764.0
1145,custom,resnet34,17,5944,128,4,4,0.634583,79.6875,97.65625,0.000306,0.06903,0.069336,1846.0771,183.3657,1764.0,1287.0684,1764.0
1145,custom,resnet34,17,5945,128,4,4,0.782513,78.125,94.53125,0.000204,0.069269,0.069473,1842.4464,183.3657,1764.0,1287.0684,1764.0
1145,custom,resnet34,17,5946,128,4,4,0.569836,82.03125,96.875,0.000194,0.069024,0.069218,1849.2382,183.3657,1764.0,1287.0684,1764.0
1145,custom,resnet34,17,5947,128,4,4,0.687958,73.4375,98.4375,0.000211,0.069025,0.069236,1848.7619,183.3657,1764.0,1287.0684,1764.0
1145,custom,resnet34,17,5948,128,4,4,0.529178,86.71875,98.4375,0.000166,0.069056,0.069222,1849.134,183.3657,1764.0,1287.0684,1764.0
1145,custom,resnet34,17,5949,128,4,4,0.782553,75.0,94.53125,0.000192,0.069327,0.069518,1841.2426,183.3657,1764.0,1287.0684,1764.0
1145,custom,resnet34,17,5950,128,4,4,0.640561,81.25,99.21875,0.000181,0.06923,0.069411,1844.0901,183.3657,1764.0,1287.0684,1764.0
1145,custom,resnet34,17,5951,128,4,4,0.621852,85.15625,96.875,0.000648,0.068851,0.069499,1841.7516,183.3657,1764.0,1287.0684,1764.0
1145,custom,resnet34,17,5952,128,4,4,0.628865,80.46875,96.09375,0.000267,0.068941,0.069208,1849.5062,183.3657,1764.0,1287.0684,1764.0
1145,custom,resnet34,17,5953,128,4,4,0.655511,78.125,97.65625,0.000438,0.069471,0.069909,1830.9551,183.3657,1764.0,1287.0684,1764.0
1145,custom,resnet34,17,5954,128,4,4,0.617682,82.8125,96.09375,0.000486,0.069087,0.069574,1839.7774,183.3657,1764.0,1287.0684,1764.0
1145,custom,resnet34,17,5955,128,4,4,0.685818,78.125,96.09375,0.000329,0.068778,0.069107,1852.1892,183.3657,1764.0,1287.0684,1764.0
1145,custom,resnet34,17,5956,128,4,4,0.880024,73.4375,94.53125,0.00016,0.068766,0.068926,1857.0575,183.3657,1764.0,1287.0684,1764.0
1145,custom,resnet34,17,5957,128,4,4,0.65228,79.6875,96.875,0.000267,0.069114,0.069381,1844.8929,183.3657,1764.0,1287.0684,1764.0
1145,custom,resnet34,17,5958,128,4,4,0.67794,82.8125,96.09375,0.000158,0.068413,0.068571,1866.6662,183.3657,1764.0,1287.0684,1764.0
1145,custom,resnet34,17,5959,128,4,4,0.67186,75.78125,97.65625,0.000503,0.068721,0.069223,1849.0844,183.3657,1764.0,1287.0684,1764.0
1145,custom,resnet34,17,5960,128,4,4,0.717499,77.34375,98.4375,0.000166,0.069027,0.069193,1849.8908,183.3657,1764.0,1287.0684,1764.0
1145,custom,resnet34,17,5961,128,4,4,0.664648,78.90625,96.09375,0.000303,0.069448,0.069751,1835.0937,183.3657,1764.0,1287.0684,1764.0
1145,custom,resnet34,17,5962,128,4,4,0.608975,82.8125,97.65625,0.000309,0.068978,0.069288,1847.3744,183.3657,1764.0,1287.0684,1764.0
1145,custom,resnet34,17,5963,128,4,4,0.753681,80.46875,95.3125,0.000561,0.068999,0.06956,1840.1304,183.3657,1764.0,1287.0684,1764.0
1145,custom,resnet34,17,5964,128,4,4,0.855927,73.4375,95.3125,0.000148,0.068782,0.06893,1856.9503,183.3657,1764.0,1287.0684,1764.0
1145,custom,resnet34,17,5965,128,4,4,0.520312,88.28125,96.875,0.000157,0.069131,0.069288,1847.3508,183.3657,1764.0,1287.0684,1764.0
1145,custom,resnet34,17,5966,128,4,4,0.770393,75.78125,96.875,0.000289,0.068805,0.069094,1852.5535,183.3657,1764.0,1287.0684,1764.0
1145,custom,resnet34,17,5967,128,4,4,0.710238,78.125,96.09375,0.000262,0.068845,0.069107,1852.1968,183.3657,1764.0,1287.0684,1764.0
1145,custom,resnet34,17,5968,128,4,4,0.730182,76.5625,99.21875,0.000187,0.068986,0.069173,1850.4366,183.3657,1764.0,1287.0684,1764.0
1145,custom,resnet34,17,5969,128,4,4,0.576696,82.03125,99.21875,0.000248,0.069136,0.069384,1844.8,183.3657,1764.0,1287.0684,1764.0
1145,custom,resnet34,17,5970,128,4,4,0.524794,84.375,99.21875,0.000253,0.068733,0.068987,1855.4338,183.3657,1764.0,1287.0684,1764.0
1145,custom,resnet34,17,5971,128,4,4,0.608127,81.25,96.875,0.000313,0.068988,0.069301,1847.0131,183.3657,1764.0,1287.0684,1764.0
1145,custom,resnet34,17,5972,128,4,4,0.748696,79.6875,96.875,0.000177,0.068839,0.069017,1854.6283,183.3657,1764.0,1287.0684,1764.0
1145,custom,resnet34,17,5973,128,4,4,0.6865,80.46875,97.65625,0.000442,0.072907,0.073349,1745.0713,183.3657,1764.0,1287.0684,1764.0
1145,custom,resnet34,17,5974,128,4,4,0.750571,75.0,98.4375,0.000262,0.068776,0.069038,1854.0581,183.3657,1764.0,1287.0684,1764.0
1145,custom,resnet34,17,5975,128,4,4,0.736401,79.6875,96.09375,0.000279,0.068693,0.068973,1855.8054,183.3657,1764.0,1287.0684,1764.0
1145,custom,resnet34,17,5976,128,4,4,0.653118,81.25,96.875,0.004021,0.068881,0.072902,1755.7766,183.3657,1764.0,1287.0684,1764.0
1145,custom,resnet34,17,5977,128,4,4,0.8774,73.4375,96.09375,0.000151,0.069308,0.069459,1842.8172,183.3657,1764.0,1287.0684,1764.0
1145,custom,resnet34,17,5978,128,4,4,0.583726,82.03125,95.3125,0.000116,0.068936,0.069052,1853.682,183.3657,1764.0,1287.0684,1764.0
1145,custom,resnet34,17,5979,128,4,4,0.684185,80.46875,96.09375,0.000122,0.069984,0.070106,1825.799,183.3657,1764.0,1287.0684,1764.0
1145,custom,resnet34,17,5980,128,4,4,0.735998,75.0,96.875,0.000387,0.069012,0.069399,1844.419,183.3657,1764.0,1287.0684,1764.0
1145,custom,resnet34,17,5981,128,4,4,0.733687,78.90625,96.09375,0.000111,0.069278,0.069389,1844.6707,183.3657,1764.0,1287.0684,1764.0
1145,custom,resnet34,17,5982,128,4,4,0.575442,84.375,97.65625,0.000119,0.068845,0.068965,1856.0267,183.3657,1764.0,1287.0684,1764.0
1145,custom,resnet34,17,5983,128,4,4,0.602463,81.25,96.875,0.000122,0.06892,0.069042,1853.9547,183.3657,1764.0,1287.0684,1764.0
1145,custom,resnet34,17,5984,128,4,4,0.620592,86.111111,95.833333,0.00012,0.039014,0.039134,1839.8117,182.1885,1764.0,1287.0684,1764.0
1145,custom,resnet34,18,5985,128,4,4,0.550636,79.6875,98.4375,0.093841,0.068723,0.162563,787.3851,183.3657,1764.0,1287.0684,1764.0
1145,custom,resnet34,18,5986,128,4,4,0.647883,83.59375,97.65625,0.000248,0.068911,0.069159,1850.8064,183.3657,1764.0,1287.0684,1764.0
1145,custom,resnet34,18,5987,128,4,4,0.532267,83.59375,98.4375,0.000461,0.068827,0.069288,1847.3585,183.3657,1764.0,1287.0684,1764.0
1145,custom,resnet34,18,5988,128,4,4,0.655618,78.125,95.3125,0.000244,0.06861,0.068855,1858.9893,183.3657,1764.0,1287.0684,1764.0
1145,custom,resnet34,18,5989,128,4,4,0.562775,85.15625,97.65625,0.000188,0.069031,0.06922,1849.1886,183.3657,1764.0,1287.0684,1764.0
1145,custom,resnet34,18,5990,128,4,4,0.666421,78.90625,97.65625,0.000323,0.070363,0.070685,1810.8414,183.3657,1764.0,1287.0684,1764.0
1145,custom,resnet34,18,5991,128,4,4,0.654951,78.90625,96.09375,0.000317,0.068911,0.069228,1848.9688,183.3657,1764.0,1287.0684,1764.0
1145,custom,resnet34,18,5992,128,4,4,0.651128,81.25,96.09375,0.000288,0.068837,0.069125,1851.7225,183.3657,1764.0,1287.0684,1764.0
1145,custom,resnet34,18,5993,128,4,4,0.419205,89.0625,99.21875,0.000243,0.068858,0.0691,1852.3833,183.3657,1764.0,1287.0684,1764.0
1145,custom,resnet34,18,5994,128,4,4,0.516415,84.375,98.4375,0.000476,0.069434,0.069909,1830.9456,183.3657,1764.0,1287.0684,1764.0
1145,custom,resnet34,18,5995,128,4,4,0.68463,83.59375,96.09375,0.000285,0.068824,0.069109,1852.1378,183.3657,1764.0,1287.0684,1764.0
1145,custom,resnet34,18,5996,128,4,4,0.511942,87.5,97.65625,0.000316,0.068705,0.069021,1854.5089,183.3657,1764.0,1287.0684,1764.0
1145,custom,resnet34,18,5997,128,4,4,0.573424,82.8125,96.09375,0.000182,0.06894,0.069122,1851.793,183.3657,1764.0,1287.0684,1764.0
1145,custom,resnet34,18,5998,128,4,4,0.534715,82.03125,97.65625,0.000363,0.068996,0.069359,1845.4763,183.3657,1764.0,1287.0684,1764.0
1145,custom,resnet34,18,5999,128,4,4,0.559824,88.28125,96.875,0.00046,0.070584,0.071043,1801.7202,183.3657,1764.0,1287.0684,1764.0
1145,custom,resnet34,18,6000,128,4,4,0.614219,78.90625,97.65625,0.000479,0.069323,0.069801,1833.7796,183.3657,1764.0,1287.0684,1764.0
1145,custom,resnet34,18,6001,128,4,4,0.505094,82.8125,100.0,0.000352,0.068916,0.069268,1847.8958,183.3657,1764.0,1287.0684,1764.0
1145,custom,resnet34,18,6002,128,4,4,0.547327,83.59375,98.4375,0.000226,0.069064,0.06929,1847.3199,183.3657,1764.0,1287.0684,1764.0
1145,custom,resnet34,18,6003,128,4,4,0.479644,88.28125,97.65625,0.000172,0.069048,0.06922,1849.1727,183.3657,1764.0,1287.0684,1764.0
1145,custom,resnet34,18,6004,128,4,4,0.607377,82.8125,96.875,0.00065,0.069253,0.069903,1831.1055,183.3657,1764.0,1287.0684,1764.0
1145,custom,resnet34,18,6005,128,4,4,0.52528,81.25,100.0,0.000349,0.068804,0.069153,1850.9636,183.3657,1764.0,1287.0684,1764.0
1145,custom,resnet34,18,6006,128,4,4,0.564397,82.8125,96.875,0.000322,0.069151,0.069473,1842.4399,183.3657,1764.0,1287.0684,1764.0
1145,custom,resnet34,18,6007,128,4,4,0.496649,85.15625,97.65625,0.000745,0.068919,0.069664,1837.3952,183.3657,1764.0,1287.0684,1764.0
1145,custom,resnet34,18,6008,128,4,4,0.551692,84.375,97.65625,0.000215,0.069017,0.069233,1848.8357,183.3657,1764.0,1287.0684,1764.0
1145,custom,resnet34,18,6009,128,4,4,0.611567,78.90625,97.65625,0.000308,0.069038,0.069345,1845.8334,183.3657,1764.0,1287.0684,1764.0
1145,custom,resnet34,18,6010,128,4,4,0.519031,87.5,97.65625,0.000188,0.0688,0.068989,1855.3815,183.3657,1764.0,1287.0684,1764.0
1145,custom,resnet34,18,6011,128,4,4,0.530075,87.5,96.875,0.000438,0.069015,0.069453,1842.9738,183.3657,1764.0,1287.0684,1764.0
1145,custom,resnet34,18,6012,128,4,4,0.431767,89.0625,98.4375,0.00017,0.068902,0.069071,1853.1602,183.3657,1764.0,1287.0684,1764.0
1145,custom,resnet34,18,6013,128,4,4,0.566113,83.59375,99.21875,0.000182,0.069141,0.069324,1846.4133,183.3657,1764.0,1287.0684,1764.0
1145,custom,resnet34,18,6014,128,4,4,0.540069,84.375,98.4375,0.000927,0.07045,0.071377,1793.2922,183.3657,1764.0,1287.0684,1764.0
1145,custom,resnet34,18,6015,128,4,4,0.644532,80.46875,96.875,0.000318,0.06871,0.069028,1854.3112,183.3657,1764.0,1287.0684,1764.0
1145,custom,resnet34,18,6016,128,4,4,0.513928,84.375,99.21875,0.000288,0.068723,0.069011,1854.7687,183.3657,1764.0,1287.0684,1764.0
1145,custom,resnet34,18,6017,128,4,4,0.51943,84.375,97.65625,0.000316,0.068979,0.069295,1847.1823,183.3657,1764.0,1287.0684,1764.0
1145,custom,resnet34,18,6018,128,4,4,0.471914,89.84375,97.65625,0.000438,0.075442,0.07588,1686.8844,183.3657,1764.0,1287.0684,1764.0
1145,custom,resnet34,18,6019,128,4,4,0.618012,80.46875,96.09375,0.000163,0.068857,0.069021,1854.5098,183.3657,1764.0,1287.0684,1764.0
1145,custom,resnet34,18,6020,128,4,4,0.552539,82.03125,98.4375,0.000603,0.068839,0.069442,1843.2649,183.3657,1764.0,1287.0684,1764.0
1145,custom,resnet34,18,6021,128,4,4,0.627845,82.03125,96.09375,0.000128,0.06897,0.069098,1852.441,183.3657,1764.0,1287.0684,1764.0
1145,custom,resnet34,18,6022,128,4,4,0.555733,84.375,97.65625,0.000385,0.07019,0.070575,1813.6739,183.3657,1764.0,1287.0684,1764.0
1145,custom,resnet34,18,6023,128,4,4,0.494697,84.375,98.4375,0.000321,0.068455,0.068776,1861.1059,183.3657,1764.0,1287.0684,1764.0
1145,custom,resnet34,18,6024,128,4,4,0.524164,85.15625,99.21875,0.000452,0.068649,0.069102,1852.3352,183.3657,1764.0,1287.0684,1764.0
1145,custom,resnet34,18,6025,128,4,4,0.518571,88.28125,98.4375,0.000244,0.068504,0.068748,1861.8603,183.3657,1764.0,1287.0684,1764.0
1145,custom,resnet34,18,6026,128,4,4,0.613461,80.46875,96.875,0.000329,0.068986,0.069316,1846.6264,183.3657,1764.0,1287.0684,1764.0
1145,custom,resnet34,18,6027,128,4,4,0.513664,84.375,97.65625,0.00045,0.068483,0.068932,1856.8996,183.3657,1764.0,1287.0684,1764.0
1145,custom,resnet34,18,6028,128,4,4,0.464504,89.0625,98.4375,0.00031,0.068678,0.068988,1855.3845,183.3657,1764.0,1287.0684,1764.0
1145,custom,resnet34,18,6029,128,4,4,0.569919,85.9375,98.4375,0.000289,0.068853,0.069142,1851.2629,183.3657,1764.0,1287.0684,1764.0
1145,custom,resnet34,18,6030,128,4,4,0.401886,87.5,100.0,0.000707,0.069409,0.070117,1825.5312,183.3657,1764.0,1287.0684,1764.0
1145,custom,resnet34,18,6031,128,4,4,0.464732,86.71875,99.21875,0.00034,0.068416,0.068756,1861.6574,183.3657,1764.0,1287.0684,1764.0
1145,custom,resnet34,18,6032,128,4,4,0.556663,88.28125,96.09375,0.000314,0.068461,0.068775,1861.1333,183.3657,1764.0,1287.0684,1764.0
1145,custom,resnet34,18,6033,128,4,4,0.499117,84.375,96.875,0.000311,0.068349,0.06866,1864.2646,183.3657,1764.0,1287.0684,1764.0
1145,custom,resnet34,18,6034,128,4,4,0.477738,84.375,99.21875,0.000335,0.069144,0.069479,1842.2908,183.3657,1764.0,1287.0684,1764.0
1145,custom,resnet34,18,6035,128,4,4,0.548971,86.71875,98.4375,0.000324,0.068376,0.0687,1863.1708,183.3657,1764.0,1287.0684,1764.0
1145,custom,resnet34,18,6036,128,4,4,0.658209,80.46875,96.875,0.000243,0.06836,0.068603,1865.8001,183.3657,1764.0,1287.0684,1764.0
1145,custom,resnet34,18,6037,128,4,4,0.38455,89.84375,100.0,0.00028,0.067772,0.068052,1880.9029,183.3657,1764.0,1287.0684,1764.0
1145,custom,resnet34,18,6038,128,4,4,0.581588,84.375,98.4375,0.000488,0.068753,0.06924,1848.6342,183.3657,1764.0,1287.0684,1764.0
1145,custom,resnet34,18,6039,128,4,4,0.606887,79.6875,98.4375,0.000502,0.068638,0.069141,1851.2917,183.3657,1764.0,1287.0684,1764.0
1145,custom,resnet34,18,6040,128,4,4,0.528502,86.71875,97.65625,0.000634,0.068739,0.069373,1845.0994,183.3657,1764.0,1287.0684,1764.0
1145,custom,resnet34,18,6041,128,4,4,0.495696,86.71875,95.3125,0.000578,0.069132,0.06971,1836.1725,183.3657,1764.0,1287.0684,1764.0
1145,custom,resnet34,18,6042,128,4,4,0.648918,83.59375,96.875,0.000489,0.069555,0.070044,1827.4271,183.3657,1764.0,1287.0684,1764.0
1145,custom,resnet34,18,6043,128,4,4,0.543333,88.28125,96.875,0.000499,0.06881,0.069309,1846.8107,183.3657,1764.0,1287.0684,1764.0
1145,custom,resnet34,18,6044,128,4,4,0.382449,92.1875,98.4375,0.000208,0.068769,0.068977,1855.6797,183.3657,1764.0,1287.0684,1764.0
1145,custom,resnet34,18,6045,128,4,4,0.544802,82.03125,100.0,0.000473,0.06922,0.069693,1836.6207,183.3657,1764.0,1287.0684,1764.0
1145,custom,resnet34,18,6046,128,4,4,0.581053,81.25,96.875,0.000312,0.069279,0.069591,1839.309,183.3657,1764.0,1287.0684,1764.0
1145,custom,resnet34,18,6047,128,4,4,0.523809,85.9375,96.875,0.000262,0.068823,0.069085,1852.7882,183.3657,1764.0,1287.0684,1764.0
1145,custom,resnet34,18,6048,128,4,4,0.450542,87.5,100.0,0.00062,0.070075,0.070696,1810.5798,183.3657,1764.0,1287.0684,1764.0
1145,custom,resnet34,18,6049,128,4,4,0.619916,84.375,96.875,0.000451,0.068783,0.069234,1848.802,183.3657,1764.0,1287.0684,1764.0
1145,custom,resnet34,18,6050,128,4,4,0.479433,83.59375,99.21875,0.000275,0.068863,0.069138,1851.3572,183.3657,1764.0,1287.0684,1764.0
1145,custom,resnet34,18,6051,128,4,4,0.52569,89.0625,96.875,0.000349,0.068841,0.069191,1849.9622,183.3657,1764.0,1287.0684,1764.0
1145,custom,resnet34,18,6052,128,4,4,0.505006,88.28125,98.4375,0.000285,0.06885,0.069135,1851.455,183.3657,1764.0,1287.0684,1764.0
1145,custom,resnet34,18,6053,128,4,4,0.578112,80.46875,96.875,0.000283,0.068797,0.06908,1852.9219,183.3657,1764.0,1287.0684,1764.0
1145,custom,resnet34,18,6054,128,4,4,0.595452,82.03125,97.65625,0.000291,0.069185,0.069476,1842.3525,183.3657,1764.0,1287.0684,1764.0
1145,custom,resnet34,18,6055,128,4,4,0.502407,84.375,96.875,0.000832,0.068757,0.06959,1839.3574,183.3657,1764.0,1287.0684,1764.0
1145,custom,resnet34,18,6056,128,4,4,0.418383,90.625,98.4375,0.000259,0.069023,0.069281,1847.5391,183.3657,1764.0,1287.0684,1764.0
1145,custom,resnet34,18,6057,128,4,4,0.420802,89.0625,98.4375,0.000343,0.068829,0.069173,1850.4387,183.3657,1764.0,1287.0684,1764.0
1145,custom,resnet34,18,6058,128,4,4,0.484802,84.375,99.21875,0.000618,0.069062,0.069679,1836.9858,183.3657,1764.0,1287.0684,1764.0
1145,custom,resnet34,18,6059,128,4,4,0.547842,83.59375,96.09375,0.000293,0.068811,0.069103,1852.3003,183.3657,1764.0,1287.0684,1764.0
1145,custom,resnet34,18,6060,128,4,4,0.460135,84.375,99.21875,0.000146,0.068925,0.069071,1853.1662,183.3657,1764.0,1287.0684,1764.0
1145,custom,resnet34,18,6061,128,4,4,0.52828,82.8125,97.65625,0.000317,0.068755,0.069072,1853.1359,183.3657,1764.0,1287.0684,1764.0
1145,custom,resnet34,18,6062,128,4,4,0.487599,85.9375,97.65625,0.000557,0.06911,0.069667,1837.3145,183.3657,1764.0,1287.0684,1764.0
1145,custom,resnet34,18,6063,128,4,4,0.532702,83.59375,98.4375,0.000814,0.069421,0.070235,1822.4554,183.3657,1764.0,1287.0684,1764.0
1145,custom,resnet34,18,6064,128,4,4,0.457463,89.0625,99.21875,0.000532,0.068683,0.069215,1849.3105,183.3657,1764.0,1287.0684,1764.0
1145,custom,resnet34,18,6065,128,4,4,0.601032,78.90625,96.875,0.000182,0.068693,0.068875,1858.4467,183.3657,1764.0,1287.0684,1764.0
1145,custom,resnet34,18,6066,128,4,4,0.587336,82.03125,96.875,0.00021,0.070091,0.070301,1820.7456,183.3657,1764.0,1287.0684,1764.0
1145,custom,resnet34,18,6067,128,4,4,0.551392,86.71875,95.3125,0.000455,0.072797,0.073252,1747.3852,183.3657,1764.0,1287.0684,1764.0
1145,custom,resnet34,18,6068,128,4,4,0.572442,84.375,97.65625,0.0003,0.068694,0.068995,1855.2148,183.3657,1764.0,1287.0684,1764.0
1145,custom,resnet34,18,6069,128,4,4,0.549387,82.8125,100.0,0.000474,0.068953,0.069427,1843.6718,183.3657,1764.0,1287.0684,1764.0
1145,custom,resnet34,18,6070,128,4,4,0.59172,81.25,97.65625,0.00021,0.069292,0.069501,1841.6888,183.3657,1764.0,1287.0684,1764.0
1145,custom,resnet34,18,6071,128,4,4,0.573288,85.9375,96.875,0.000274,0.069038,0.069312,1846.7102,183.3657,1764.0,1287.0684,1764.0
1145,custom,resnet34,18,6072,128,4,4,0.517488,87.5,97.65625,0.000926,0.068735,0.069661,1837.4684,183.3657,1764.0,1287.0684,1764.0
1145,custom,resnet34,18,6073,128,4,4,0.432247,89.84375,99.21875,0.000338,0.068519,0.068857,1858.9226,183.3657,1764.0,1287.0684,1764.0
1145,custom,resnet34,18,6074,128,4,4,0.487102,89.0625,97.65625,0.000328,0.069047,0.069375,1845.0453,183.3657,1764.0,1287.0684,1764.0
1145,custom,resnet34,18,6075,128,4,4,0.744648,80.46875,95.3125,0.000272,0.069052,0.069324,1846.4112,183.3657,1764.0,1287.0684,1764.0
1145,custom,resnet34,18,6076,128,4,4,0.389555,92.1875,99.21875,0.00042,0.068813,0.069233,1848.8417,183.3657,1764.0,1287.0684,1764.0
1145,custom,resnet34,18,6077,128,4,4,0.543362,82.8125,97.65625,0.000268,0.068511,0.068779,1861.0438,183.3657,1764.0,1287.0684,1764.0
1145,custom,resnet34,18,6078,128,4,4,0.513824,85.9375,96.875,0.000484,0.06934,0.069824,1833.1727,183.3657,1764.0,1287.0684,1764.0
1145,custom,resnet34,18,6079,128,4,4,0.582068,82.8125,96.09375,0.000279,0.06877,0.069049,1853.7462,183.3657,1764.0,1287.0684,1764.0
1145,custom,resnet34,18,6080,128,4,4,0.528843,86.71875,97.65625,0.000165,0.068631,0.068796,1860.5757,183.3657,1764.0,1287.0684,1764.0
1145,custom,resnet34,18,6081,128,4,4,0.529902,82.8125,98.4375,0.000258,0.068889,0.069147,1851.1199,183.3657,1764.0,1287.0684,1764.0
1145,custom,resnet34,18,6082,128,4,4,0.516737,85.15625,97.65625,0.000299,0.069305,0.069603,1838.9894,183.3657,1764.0,1287.0684,1764.0
1145,custom,resnet34,18,6083,128,4,4,0.493363,87.5,98.4375,0.00028,0.068951,0.06923,1848.8987,183.3657,1764.0,1287.0684,1764.0
1145,custom,resnet34,18,6084,128,4,4,0.636299,80.46875,97.65625,0.000806,0.070511,0.071317,1794.7935,183.3657,1764.0,1287.0684,1764.0
1145,custom,resnet34,18,6085,128,4,4,0.512843,84.375,99.21875,0.000193,0.068837,0.06903,1854.2638,183.3657,1764.0,1287.0684,1764.0
1145,custom,resnet34,18,6086,128,4,4,0.647162,82.03125,96.875,0.000335,0.069396,0.069731,1835.6211,183.3657,1764.0,1287.0684,1764.0
1145,custom,resnet34,18,6087,128,4,4,0.517621,85.9375,98.4375,0.000248,0.068825,0.069073,1853.1039,183.3657,1764.0,1287.0684,1764.0
1145,custom,resnet34,18,6088,128,4,4,0.555579,85.15625,96.875,0.000203,0.068926,0.069129,1851.607,183.3657,1764.0,1287.0684,1764.0
1145,custom,resnet34,18,6089,128,4,4,0.48405,85.9375,96.875,0.000558,0.069122,0.06968,1836.9765,183.3657,1764.0,1287.0684,1764.0
1145,custom,resnet34,18,6090,128,4,4,0.578064,79.6875,99.21875,0.000317,0.06936,0.069678,1837.0339,183.3657,1764.0,1287.0684,1764.0
1145,custom,resnet34,18,6091,128,4,4,0.577293,80.46875,100.0,0.000302,0.068841,0.069143,1851.2272,183.3657,1764.0,1287.0684,1764.0
1145,custom,resnet34,18,6092,128,4,4,0.403047,90.625,99.21875,0.000288,0.068945,0.069234,1848.813,183.3657,1764.0,1287.0684,1764.0
1145,custom,resnet34,18,6093,128,4,4,0.394029,89.84375,99.21875,0.001419,0.069424,0.070843,1806.8021,183.3657,1764.0,1287.0684,1764.0
1145,custom,resnet34,18,6094,128,4,4,0.595394,82.03125,98.4375,0.000235,0.069435,0.06967,1837.234,183.3657,1764.0,1287.0684,1764.0
1145,custom,resnet34,18,6095,128,4,4,0.633157,80.46875,100.0,0.00044,0.076366,0.076805,1666.5483,183.3657,1764.0,1287.0684,1764.0
1145,custom,resnet34,18,6096,128,4,4,0.724342,82.8125,96.09375,0.000192,0.068845,0.069037,1854.0743,183.3657,1764.0,1287.0684,1764.0
1145,custom,resnet34,18,6097,128,4,4,0.554733,82.8125,98.4375,0.000499,0.068848,0.069346,1845.8061,183.3657,1764.0,1287.0684,1764.0
1145,custom,resnet34,18,6098,128,4,4,0.470616,86.71875,100.0,0.000184,0.071059,0.071243,1796.661,183.3657,1764.0,1287.0684,1764.0
1145,custom,resnet34,18,6099,128,4,4,0.602647,82.8125,96.09375,0.000438,0.073252,0.07369,1737.0004,183.3657,1764.0,1287.0684,1764.0
1145,custom,resnet34,18,6100,128,4,4,0.474487,86.71875,96.09375,0.00063,0.068956,0.069587,1839.4348,183.3657,1764.0,1287.0684,1764.0
1145,custom,resnet34,18,6101,128,4,4,0.533527,82.8125,98.4375,0.000464,0.069109,0.069573,1839.7904,183.3657,1764.0,1287.0684,1764.0
1145,custom,resnet34,18,6102,128,4,4,0.556481,84.375,99.21875,0.000178,0.069569,0.069747,1835.2168,183.3657,1764.0,1287.0684,1764.0
1145,custom,resnet34,18,6103,128,4,4,0.741598,79.6875,92.96875,0.000256,0.068869,0.069125,1851.7047,183.3657,1764.0,1287.0684,1764.0
1145,custom,resnet34,18,6104,128,4,4,0.506291,85.9375,96.09375,0.000204,0.06885,0.069054,1853.6148,183.3657,1764.0,1287.0684,1764.0
1145,custom,resnet34,18,6105,128,4,4,0.46352,87.5,99.21875,0.000262,0.068962,0.069224,1849.0721,183.3657,1764.0,1287.0684,1764.0
1145,custom,resnet34,18,6106,128,4,4,0.513071,82.8125,98.4375,0.000327,0.069384,0.069711,1836.1527,183.3657,1764.0,1287.0684,1764.0
1145,custom,resnet34,18,6107,128,4,4,0.565335,80.46875,96.09375,0.000749,0.068767,0.069516,1841.3131,183.3657,1764.0,1287.0684,1764.0
1145,custom,resnet34,18,6108,128,4,4,0.595729,84.375,96.875,0.000199,0.06911,0.069309,1846.7902,183.3657,1764.0,1287.0684,1764.0
1145,custom,resnet34,18,6109,128,4,4,0.565889,82.03125,96.09375,0.00029,0.069128,0.069418,1843.8982,183.3657,1764.0,1287.0684,1764.0
1145,custom,resnet34,18,6110,128,4,4,0.711103,81.25,96.09375,0.000274,0.069302,0.069576,1839.707,183.3657,1764.0,1287.0684,1764.0
1145,custom,resnet34,18,6111,128,4,4,0.426839,87.5,99.21875,0.000431,0.073814,0.074245,1724.0113,183.3657,1764.0,1287.0684,1764.0
1145,custom,resnet34,18,6112,128,4,4,0.481758,85.15625,98.4375,0.000209,0.069272,0.069481,1842.2225,183.3657,1764.0,1287.0684,1764.0
1145,custom,resnet34,18,6113,128,4,4,0.697642,76.5625,98.4375,0.000252,0.069176,0.069428,1843.6344,183.3657,1764.0,1287.0684,1764.0
1145,custom,resnet34,18,6114,128,4,4,0.509392,82.8125,98.4375,0.000639,0.06895,0.069589,1839.3692,183.3657,1764.0,1287.0684,1764.0
1145,custom,resnet34,18,6115,128,4,4,0.666263,82.03125,95.3125,0.000462,0.071912,0.072374,1768.5985,183.3657,1764.0,1287.0684,1764.0
1145,custom,resnet34,18,6116,128,4,4,0.559524,84.375,96.09375,0.00021,0.069014,0.069224,1849.0687,183.3657,1764.0,1287.0684,1764.0
1145,custom,resnet34,18,6117,128,4,4,0.577517,84.375,96.875,0.000303,0.068981,0.069284,1847.4609,183.3657,1764.0,1287.0684,1764.0
1145,custom,resnet34,18,6118,128,4,4,0.649041,82.03125,96.09375,0.000391,0.069415,0.069806,1833.6443,183.3657,1764.0,1287.0684,1764.0
1145,custom,resnet34,18,6119,128,4,4,0.698991,78.90625,95.3125,0.00044,0.073706,0.074146,1726.3269,183.3657,1764.0,1287.0684,1764.0
1145,custom,resnet34,18,6120,128,4,4,0.543139,84.375,97.65625,0.000314,0.068692,0.069006,1854.9032,183.3657,1764.0,1287.0684,1764.0
1145,custom,resnet34,18,6121,128,4,4,0.462048,85.15625,98.4375,0.00029,0.068905,0.069195,1849.834,183.3657,1764.0,1287.0684,1764.0
1145,custom,resnet34,18,6122,128,4,4,0.486281,84.375,99.21875,0.000251,0.06948,0.06973,1835.6433,183.3657,1764.0,1287.0684,1764.0
1145,custom,resnet34,18,6123,128,4,4,0.48882,88.28125,99.21875,0.000791,0.068841,0.069633,1838.2176,183.3657,1764.0,1287.0684,1764.0
1145,custom,resnet34,18,6124,128,4,4,0.546485,85.15625,97.65625,0.000171,0.06898,0.069151,1851.0224,183.3657,1764.0,1287.0684,1764.0
1145,custom,resnet34,18,6125,128,4,4,0.668981,80.46875,96.875,0.00026,0.06908,0.06934,1845.9895,183.3657,1764.0,1287.0684,1764.0
1145,custom,resnet34,18,6126,128,4,4,0.579378,84.375,97.65625,0.000676,0.069044,0.069721,1835.9013,183.3657,1764.0,1287.0684,1764.0
1145,custom,resnet34,18,6127,128,4,4,0.517619,85.15625,98.4375,0.000258,0.068731,0.068989,1855.3787,183.3657,1764.0,1287.0684,1764.0
1145,custom,resnet34,18,6128,128,4,4,0.449572,86.71875,99.21875,0.000174,0.068877,0.069051,1853.7129,183.3657,1764.0,1287.0684,1764.0
1145,custom,resnet34,18,6129,128,4,4,0.720906,78.125,95.3125,0.000236,0.068484,0.06872,1862.6362,183.3657,1764.0,1287.0684,1764.0
1145,custom,resnet34,18,6130,128,4,4,0.530315,85.9375,97.65625,0.000247,0.069154,0.069401,1844.3624,183.3657,1764.0,1287.0684,1764.0
1145,custom,resnet34,18,6131,128,4,4,0.546466,85.15625,99.21875,0.000263,0.068812,0.069075,1853.047,183.3657,1764.0,1287.0684,1764.0
1145,custom,resnet34,18,6132,128,4,4,0.50473,86.71875,98.4375,0.000169,0.06899,0.069159,1850.8158,183.3657,1764.0,1287.0684,1764.0
1145,custom,resnet34,18,6133,128,4,4,0.714689,79.6875,97.65625,0.000237,0.069054,0.069291,1847.2918,183.3657,1764.0,1287.0684,1764.0
1145,custom,resnet34,18,6134,128,4,4,0.619531,80.46875,96.875,0.000255,0.069226,0.069481,1842.2317,183.3657,1764.0,1287.0684,1764.0
1145,custom,resnet34,18,6135,128,4,4,0.360916,89.84375,99.21875,0.000829,0.068801,0.06963,1838.2952,183.3657,1764.0,1287.0684,1764.0
1145,custom,resnet34,18,6136,128,4,4,0.523741,85.9375,96.875,0.000171,0.068991,0.069162,1850.7268,183.3657,1764.0,1287.0684,1764.0
1145,custom,resnet34,18,6137,128,4,4,0.398625,89.84375,99.21875,0.00026,0.06857,0.06883,1859.6616,183.3657,1764.0,1287.0684,1764.0
1145,custom,resnet34,18,6138,128,4,4,0.46482,85.9375,99.21875,0.000287,0.068933,0.06922,1849.1895,183.3657,1764.0,1287.0684,1764.0
1145,custom,resnet34,18,6139,128,4,4,0.509206,85.15625,99.21875,0.000306,0.068914,0.06922,1849.1893,183.3657,1764.0,1287.0684,1764.0
1145,custom,resnet34,18,6140,128,4,4,0.55146,85.9375,97.65625,0.000205,0.069073,0.069278,1847.6165,183.3657,1764.0,1287.0684,1764.0
1145,custom,resnet34,18,6141,128,4,4,0.561028,79.6875,97.65625,0.000238,0.0689,0.069138,1851.3796,183.3657,1764.0,1287.0684,1764.0
1145,custom,resnet34,18,6142,128,4,4,0.625506,81.25,94.53125,0.000234,0.069117,0.069351,1845.6835,183.3657,1764.0,1287.0684,1764.0
1145,custom,resnet34,18,6143,128,4,4,0.451286,87.5,100.0,0.000263,0.068928,0.069192,1849.9344,183.3657,1764.0,1287.0684,1764.0
1145,custom,resnet34,18,6144,128,4,4,0.505569,85.9375,98.4375,0.000505,0.069114,0.06962,1838.5616,183.3657,1764.0,1287.0684,1764.0
1145,custom,resnet34,18,6145,128,4,4,0.609204,82.8125,97.65625,0.000308,0.068766,0.069074,1853.0927,183.3657,1764.0,1287.0684,1764.0
1145,custom,resnet34,18,6146,128,4,4,0.541401,82.03125,99.21875,0.000448,0.070454,0.070902,1805.3081,183.3657,1764.0,1287.0684,1764.0
1145,custom,resnet34,18,6147,128,4,4,0.632101,82.03125,95.3125,0.000294,0.068628,0.068922,1857.1812,183.3657,1764.0,1287.0684,1764.0
1145,custom,resnet34,18,6148,128,4,4,0.637064,80.46875,98.4375,0.000193,0.068781,0.068974,1855.7695,183.3657,1764.0,1287.0684,1764.0
1145,custom,resnet34,18,6149,128,4,4,0.495606,88.28125,99.21875,0.000594,0.068827,0.069421,1843.8129,183.3657,1764.0,1287.0684,1764.0
1145,custom,resnet34,18,6150,128,4,4,0.526739,83.59375,98.4375,0.000447,0.071704,0.072152,1774.0409,183.3657,1764.0,1287.0684,1764.0
1145,custom,resnet34,18,6151,128,4,4,0.513667,85.15625,98.4375,0.000268,0.069095,0.069363,1845.3637,183.3657,1764.0,1287.0684,1764.0
1145,custom,resnet34,18,6152,128,4,4,0.479221,85.15625,99.21875,0.000263,0.068958,0.06922,1849.1645,183.3657,1764.0,1287.0684,1764.0
1145,custom,resnet34,18,6153,128,4,4,0.490934,89.0625,96.875,0.00046,0.068908,0.069368,1845.2196,183.3657,1764.0,1287.0684,1764.0
1145,custom,resnet34,18,6154,128,4,4,0.510915,87.5,96.875,0.000496,0.073724,0.07422,1724.6008,183.3657,1764.0,1287.0684,1764.0
1145,custom,resnet34,18,6155,128,4,4,0.554239,82.03125,98.4375,0.000286,0.069043,0.069329,1846.2726,183.3657,1764.0,1287.0684,1764.0
1145,custom,resnet34,18,6156,128,4,4,0.370827,85.9375,100.0,0.000215,0.069033,0.069248,1848.4197,183.3657,1764.0,1287.0684,1764.0
1145,custom,resnet34,18,6157,128,4,4,0.454161,86.71875,98.4375,0.000244,0.068908,0.069152,1850.9932,183.3657,1764.0,1287.0684,1764.0
1145,custom,resnet34,18,6158,128,4,4,0.53158,82.8125,98.4375,0.000475,0.070794,0.071268,1796.026,183.3657,1764.0,1287.0684,1764.0
1145,custom,resnet34,18,6159,128,4,4,0.613878,82.8125,97.65625,0.000282,0.069149,0.069431,1843.5578,183.3657,1764.0,1287.0684,1764.0
1145,custom,resnet34,18,6160,128,4,4,0.541115,85.15625,96.875,0.000483,0.069025,0.069508,1841.5057,183.3657,1764.0,1287.0684,1764.0
1145,custom,resnet34,18,6161,128,4,4,0.506411,89.84375,97.65625,0.000277,0.06881,0.069087,1852.7291,183.3657,1764.0,1287.0684,1764.0
1145,custom,resnet34,18,6162,128,4,4,0.525559,87.5,98.4375,0.000295,0.069458,0.069753,1835.0526,183.3657,1764.0,1287.0684,1764.0
1145,custom,resnet34,18,6163,128,4,4,0.643682,82.03125,95.3125,0.000265,0.069121,0.069385,1844.7678,183.3657,1764.0,1287.0684,1764.0
1145,custom,resnet34,18,6164,128,4,4,0.368791,92.1875,98.4375,0.000443,0.068804,0.069247,1848.46,183.3657,1764.0,1287.0684,1764.0
1145,custom,resnet34,18,6165,128,4,4,0.70047,78.90625,96.09375,0.000434,0.069006,0.06944,1843.3309,183.3657,1764.0,1287.0684,1764.0
1145,custom,resnet34,18,6166,128,4,4,0.549909,83.59375,99.21875,0.000275,0.069296,0.069571,1839.8428,183.3657,1764.0,1287.0684,1764.0
1145,custom,resnet34,18,6167,128,4,4,0.349351,92.96875,100.0,0.000256,0.069016,0.069273,1847.7715,183.3657,1764.0,1287.0684,1764.0
1145,custom,resnet34,18,6168,128,4,4,0.643844,80.46875,98.4375,0.000185,0.06883,0.069015,1854.6634,183.3657,1764.0,1287.0684,1764.0
1145,custom,resnet34,18,6169,128,4,4,0.513928,85.9375,96.875,0.000456,0.06892,0.069376,1845.0301,183.3657,1764.0,1287.0684,1764.0
1145,custom,resnet34,18,6170,128,4,4,0.44252,88.28125,98.4375,0.000263,0.06917,0.069432,1843.5173,183.3657,1764.0,1287.0684,1764.0
1145,custom,resnet34,18,6171,128,4,4,0.416144,89.0625,98.4375,0.001125,0.068817,0.069942,1830.0944,183.3657,1764.0,1287.0684,1764.0
1145,custom,resnet34,18,6172,128,4,4,0.415296,88.28125,99.21875,0.000171,0.069007,0.069178,1850.2924,183.3657,1764.0,1287.0684,1764.0
1145,custom,resnet34,18,6173,128,4,4,0.427669,88.28125,99.21875,0.000289,0.06903,0.069319,1846.5235,183.3657,1764.0,1287.0684,1764.0
1145,custom,resnet34,18,6174,128,4,4,0.548676,82.8125,96.09375,0.000467,0.070177,0.070644,1811.9108,183.3657,1764.0,1287.0684,1764.0
1145,custom,resnet34,18,6175,128,4,4,0.545909,79.6875,99.21875,0.000423,0.075401,0.075823,1688.137,183.3657,1764.0,1287.0684,1764.0
1145,custom,resnet34,18,6176,128,4,4,0.595419,82.8125,98.4375,0.000316,0.068836,0.069152,1850.9934,183.3657,1764.0,1287.0684,1764.0
1145,custom,resnet34,18,6177,128,4,4,0.514898,86.71875,97.65625,0.00028,0.068988,0.069268,1847.8943,183.3657,1764.0,1287.0684,1764.0
1145,custom,resnet34,18,6178,128,4,4,0.584196,82.03125,97.65625,0.000265,0.06945,0.069715,1836.0439,183.3657,1764.0,1287.0684,1764.0
1145,custom,resnet34,18,6179,128,4,4,0.507221,89.0625,96.875,0.000274,0.068861,0.069134,1851.4672,183.3657,1764.0,1287.0684,1764.0
1145,custom,resnet34,18,6180,128,4,4,0.611805,82.03125,97.65625,0.000302,0.069027,0.069329,1846.2581,183.3657,1764.0,1287.0684,1764.0
1145,custom,resnet34,18,6181,128,4,4,0.608069,78.90625,95.3125,0.000272,0.068864,0.069136,1851.433,183.3657,1764.0,1287.0684,1764.0
1145,custom,resnet34,18,6182,128,4,4,0.405312,89.0625,99.21875,0.000474,0.069465,0.069939,1830.1584,183.3657,1764.0,1287.0684,1764.0
1145,custom,resnet34,18,6183,128,4,4,0.628566,82.03125,95.3125,0.000269,0.06893,0.069199,1849.7382,183.3657,1764.0,1287.0684,1764.0
1145,custom,resnet34,18,6184,128,4,4,0.460349,86.71875,99.21875,0.000444,0.069014,0.069458,1842.8483,183.3657,1764.0,1287.0684,1764.0
1145,custom,resnet34,18,6185,128,4,4,0.542624,83.59375,98.4375,0.000471,0.069117,0.069588,1839.3932,183.3657,1764.0,1287.0684,1764.0
1145,custom,resnet34,18,6186,128,4,4,0.589689,83.59375,97.65625,0.00028,0.069153,0.069433,1843.4937,183.3657,1764.0,1287.0684,1764.0
1145,custom,resnet34,18,6187,128,4,4,0.500031,85.15625,97.65625,0.000252,0.069005,0.069257,1848.1992,183.3657,1764.0,1287.0684,1764.0
1145,custom,resnet34,18,6188,128,4,4,0.462523,86.71875,99.21875,0.000177,0.068981,0.069158,1850.8437,183.3657,1764.0,1287.0684,1764.0
1145,custom,resnet34,18,6189,128,4,4,0.431816,87.5,99.21875,0.000272,0.068729,0.069001,1855.0337,183.3657,1764.0,1287.0684,1764.0
1145,custom,resnet34,18,6190,128,4,4,0.505213,83.59375,100.0,0.000431,0.06958,0.070011,1828.2844,183.3657,1764.0,1287.0684,1764.0
1145,custom,resnet34,18,6191,128,4,4,0.622368,86.71875,96.09375,0.000418,0.076823,0.077241,1657.1495,183.3657,1764.0,1287.0684,1764.0
1145,custom,resnet34,18,6192,128,4,4,0.617178,78.125,96.875,0.000275,0.068962,0.069237,1848.7281,183.3657,1764.0,1287.0684,1764.0
1145,custom,resnet34,18,6193,128,4,4,0.523326,84.375,98.4375,0.000268,0.06902,0.069288,1847.366,183.3657,1764.0,1287.0684,1764.0
1145,custom,resnet34,18,6194,128,4,4,0.529953,82.03125,99.21875,0.000279,0.069537,0.069816,1833.3951,183.3657,1764.0,1287.0684,1764.0
1145,custom,resnet34,18,6195,128,4,4,0.598809,81.25,96.09375,0.000396,0.071479,0.071875,1780.8688,183.3657,1764.0,1287.0684,1764.0
1145,custom,resnet34,18,6196,128,4,4,0.53066,84.375,96.875,0.000161,0.068883,0.069044,1853.8964,183.3657,1764.0,1287.0684,1764.0
1145,custom,resnet34,18,6197,128,4,4,0.707957,78.90625,94.53125,0.000169,0.068951,0.06912,1851.8496,183.3657,1764.0,1287.0684,1764.0
1145,custom,resnet34,18,6198,128,4,4,0.429215,92.1875,100.0,0.00042,0.070006,0.070426,1817.5099,183.3657,1764.0,1287.0684,1764.0
1145,custom,resnet34,18,6199,128,4,4,0.528385,81.25,100.0,0.00038,0.075917,0.076297,1677.6564,183.3657,1764.0,1287.0684,1764.0
1145,custom,resnet34,18,6200,128,4,4,0.453205,85.9375,98.4375,0.000296,0.069006,0.069302,1847.0015,183.3657,1764.0,1287.0684,1764.0
1145,custom,resnet34,18,6201,128,4,4,0.510584,85.9375,98.4375,0.000243,0.069066,0.069308,1846.8225,183.3657,1764.0,1287.0684,1764.0
1145,custom,resnet34,18,6202,128,4,4,0.556755,85.9375,97.65625,0.000405,0.070178,0.070583,1813.4623,183.3657,1764.0,1287.0684,1764.0
1145,custom,resnet34,18,6203,128,4,4,0.34124,91.40625,97.65625,0.000312,0.068901,0.069213,1849.3725,183.3657,1764.0,1287.0684,1764.0
1145,custom,resnet34,18,6204,128,4,4,0.805022,77.34375,96.09375,0.000309,0.069044,0.069353,1845.6423,183.3657,1764.0,1287.0684,1764.0
1145,custom,resnet34,18,6205,128,4,4,0.524111,88.28125,95.3125,0.000487,0.06912,0.069607,1838.8913,183.3657,1764.0,1287.0684,1764.0
1145,custom,resnet34,18,6206,128,4,4,0.51033,85.9375,97.65625,0.000403,0.071121,0.071524,1789.6166,183.3657,1764.0,1287.0684,1764.0
1145,custom,resnet34,18,6207,128,4,4,0.646154,80.46875,97.65625,0.001108,0.069977,0.071085,1800.6582,183.3657,1764.0,1287.0684,1764.0
1145,custom,resnet34,18,6208,128,4,4,0.568326,83.59375,98.4375,0.000313,0.069054,0.069367,1845.2604,183.3657,1764.0,1287.0684,1764.0
1145,custom,resnet34,18,6209,128,4,4,0.485617,83.59375,97.65625,0.000514,0.069022,0.069536,1840.769,183.3657,1764.0,1287.0684,1764.0
1145,custom,resnet34,18,6210,128,4,4,0.390835,90.625,97.65625,0.000283,0.068984,0.069268,1847.9078,183.3657,1764.0,1287.0684,1764.0
1145,custom,resnet34,18,6211,128,4,4,0.696162,77.34375,96.875,0.00036,0.069034,0.069394,1844.5389,183.3657,1764.0,1287.0684,1764.0
1145,custom,resnet34,18,6212,128,4,4,0.628377,82.03125,97.65625,0.000159,0.069097,0.069256,1848.2105,183.3657,1764.0,1287.0684,1764.0
1145,custom,resnet34,18,6213,128,4,4,0.525018,85.9375,97.65625,0.000237,0.069019,0.069256,1848.206,183.3657,1764.0,1287.0684,1764.0
1145,custom,resnet34,18,6214,128,4,4,0.579048,85.15625,96.875,0.000288,0.069594,0.069882,1831.6669,183.3657,1764.0,1287.0684,1764.0
1145,custom,resnet34,18,6215,128,4,4,0.464976,87.5,98.4375,0.000281,0.069339,0.069619,1838.5699,183.3657,1764.0,1287.0684,1764.0
1145,custom,resnet34,18,6216,128,4,4,0.58336,83.59375,96.09375,0.00029,0.068943,0.069233,1848.8357,183.3657,1764.0,1287.0684,1764.0
1145,custom,resnet34,18,6217,128,4,4,0.530007,83.59375,97.65625,0.000322,0.068744,0.069066,1853.2931,183.3657,1764.0,1287.0684,1764.0
1145,custom,resnet34,18,6218,128,4,4,0.518365,82.8125,100.0,0.000311,0.069156,0.069467,1842.6006,183.3657,1764.0,1287.0684,1764.0
1145,custom,resnet34,18,6219,128,4,4,0.479292,86.71875,97.65625,0.000305,0.068965,0.06927,1847.8386,183.3657,1764.0,1287.0684,1764.0
1145,custom,resnet34,18,6220,128,4,4,0.522348,85.9375,99.21875,0.000266,0.068923,0.069189,1850.0142,183.3657,1764.0,1287.0684,1764.0
1145,custom,resnet34,18,6221,128,4,4,0.69438,77.34375,96.09375,0.000177,0.068827,0.069004,1854.9582,183.3657,1764.0,1287.0684,1764.0
1145,custom,resnet34,18,6222,128,4,4,0.540197,83.59375,100.0,0.000312,0.069165,0.069477,1842.34,183.3657,1764.0,1287.0684,1764.0
1145,custom,resnet34,18,6223,128,4,4,0.521173,85.9375,96.09375,0.000304,0.068919,0.069223,1849.0964,183.3657,1764.0,1287.0684,1764.0
1145,custom,resnet34,18,6224,128,4,4,0.679221,75.78125,96.875,0.000238,0.068734,0.068972,1855.821,183.3657,1764.0,1287.0684,1764.0
1145,custom,resnet34,18,6225,128,4,4,0.460713,86.71875,99.21875,0.000303,0.068738,0.069041,1853.9669,183.3657,1764.0,1287.0684,1764.0
1145,custom,resnet34,18,6226,128,4,4,0.495191,85.9375,98.4375,0.000511,0.069128,0.069639,1838.0496,183.3657,1764.0,1287.0684,1764.0
1145,custom,resnet34,18,6227,128,4,4,0.667527,78.90625,96.875,0.000303,0.068799,0.069102,1852.3371,183.3657,1764.0,1287.0684,1764.0
1145,custom,resnet34,18,6228,128,4,4,0.500144,86.71875,99.21875,0.000284,0.068744,0.069028,1854.3071,183.3657,1764.0,1287.0684,1764.0
1145,custom,resnet34,18,6229,128,4,4,0.655243,78.125,98.4375,0.000343,0.068993,0.069336,1846.0932,183.3657,1764.0,1287.0684,1764.0
1145,custom,resnet34,18,6230,128,4,4,0.559978,82.03125,98.4375,0.000279,0.069342,0.069621,1838.5303,183.3657,1764.0,1287.0684,1764.0
1145,custom,resnet34,18,6231,128,4,4,0.520273,82.8125,98.4375,0.000478,0.06894,0.069418,1843.8915,183.3657,1764.0,1287.0684,1764.0
1145,custom,resnet34,18,6232,128,4,4,0.442146,87.5,98.4375,0.000279,0.068822,0.069102,1852.3462,183.3657,1764.0,1287.0684,1764.0
1145,custom,resnet34,18,6233,128,4,4,0.512265,84.375,97.65625,0.000293,0.068844,0.069137,1851.3922,183.3657,1764.0,1287.0684,1764.0
1145,custom,resnet34,18,6234,128,4,4,0.546785,84.375,96.875,0.000274,0.069468,0.069742,1835.3396,183.3657,1764.0,1287.0684,1764.0
1145,custom,resnet34,18,6235,128,4,4,0.512128,86.71875,97.65625,0.00031,0.068855,0.069166,1850.6251,183.3657,1764.0,1287.0684,1764.0
1145,custom,resnet34,18,6236,128,4,4,0.587415,84.375,95.3125,0.000258,0.068889,0.069147,1851.141,183.3657,1764.0,1287.0684,1764.0
1145,custom,resnet34,18,6237,128,4,4,0.570487,82.03125,97.65625,0.00033,0.069025,0.069355,1845.5902,183.3657,1764.0,1287.0684,1764.0
1145,custom,resnet34,18,6238,128,4,4,0.492255,85.9375,96.875,0.000279,0.069289,0.069568,1839.918,183.3657,1764.0,1287.0684,1764.0
1145,custom,resnet34,18,6239,128,4,4,0.486924,87.5,99.21875,0.000296,0.068917,0.069213,1849.3643,183.3657,1764.0,1287.0684,1764.0
1145,custom,resnet34,18,6240,128,4,4,0.580508,82.03125,98.4375,0.000165,0.068877,0.069042,1853.948,183.3657,1764.0,1287.0684,1764.0
1145,custom,resnet34,18,6241,128,4,4,0.445599,88.28125,100.0,0.000295,0.068998,0.069293,1847.2213,183.3657,1764.0,1287.0684,1764.0
1145,custom,resnet34,18,6242,128,4,4,0.535665,84.375,98.4375,0.000272,0.069137,0.069409,1844.1348,183.3657,1764.0,1287.0684,1764.0
1145,custom,resnet34,18,6243,128,4,4,0.578758,83.59375,96.09375,0.000161,0.068843,0.069003,1854.9799,183.3657,1764.0,1287.0684,1764.0
1145,custom,resnet34,18,6244,128,4,4,0.576759,83.59375,96.875,0.000162,0.068959,0.06912,1851.8397,183.3657,1764.0,1287.0684,1764.0
1145,custom,resnet34,18,6245,128,4,4,0.621142,82.03125,96.09375,0.000461,0.068697,0.069157,1850.8541,183.3657,1764.0,1287.0684,1764.0
1145,custom,resnet34,18,6246,128,4,4,0.616255,78.125,99.21875,0.000206,0.068864,0.06907,1853.1935,183.3657,1764.0,1287.0684,1764.0
1145,custom,resnet34,18,6247,128,4,4,0.57741,82.8125,96.09375,0.000325,0.068489,0.068815,1860.0682,183.3657,1764.0,1287.0684,1764.0
1145,custom,resnet34,18,6248,128,4,4,0.54675,85.9375,97.65625,0.000195,0.068717,0.068911,1857.4598,183.3657,1764.0,1287.0684,1764.0
1145,custom,resnet34,18,6249,128,4,4,0.548142,84.375,98.4375,0.000325,0.068464,0.068789,1860.7752,183.3657,1764.0,1287.0684,1764.0
1145,custom,resnet34,18,6250,128,4,4,0.460803,89.0625,99.21875,0.00048,0.068865,0.069346,1845.8191,183.3657,1764.0,1287.0684,1764.0
1145,custom,resnet34,18,6251,128,4,4,0.633657,78.125,97.65625,0.000304,0.068521,0.068826,1859.7695,183.3657,1764.0,1287.0684,1764.0
1145,custom,resnet34,18,6252,128,4,4,0.634178,75.78125,97.65625,0.000477,0.068408,0.068885,1858.1644,183.3657,1764.0,1287.0684,1764.0
1145,custom,resnet34,18,6253,128,4,4,0.517354,86.71875,96.875,0.000321,0.068537,0.068857,1858.9151,183.3657,1764.0,1287.0684,1764.0
1145,custom,resnet34,18,6254,128,4,4,0.439626,89.0625,98.4375,0.00024,0.068926,0.069166,1850.6238,183.3657,1764.0,1287.0684,1764.0
1145,custom,resnet34,18,6255,128,4,4,0.640285,83.59375,95.3125,0.00032,0.068286,0.068606,1865.7347,183.3657,1764.0,1287.0684,1764.0
1145,custom,resnet34,18,6256,128,4,4,0.59289,82.8125,98.4375,0.000302,0.0683,0.068602,1865.8348,183.3657,1764.0,1287.0684,1764.0
1145,custom,resnet34,18,6257,128,4,4,0.490312,82.8125,100.0,0.000318,0.068308,0.068626,1865.1822,183.3657,1764.0,1287.0684,1764.0
1145,custom,resnet34,18,6258,128,4,4,0.498318,88.28125,96.09375,0.00033,0.068645,0.068975,1855.7404,183.3657,1764.0,1287.0684,1764.0
1145,custom,resnet34,18,6259,128,4,4,0.549847,85.15625,96.09375,0.000489,0.068593,0.069082,1852.8773,183.3657,1764.0,1287.0684,1764.0
1145,custom,resnet34,18,6260,128,4,4,0.514676,82.03125,100.0,0.000205,0.068458,0.068663,1864.1691,183.3657,1764.0,1287.0684,1764.0
1145,custom,resnet34,18,6261,128,4,4,0.521823,86.71875,96.09375,0.000292,0.068313,0.068605,1865.7543,183.3657,1764.0,1287.0684,1764.0
1145,custom,resnet34,18,6262,128,4,4,0.578779,85.15625,96.09375,0.000187,0.068742,0.068929,1856.9806,183.3657,1764.0,1287.0684,1764.0
1145,custom,resnet34,18,6263,128,4,4,0.556488,84.375,97.65625,0.00033,0.068591,0.068921,1857.1953,183.3657,1764.0,1287.0684,1764.0
1145,custom,resnet34,18,6264,128,4,4,0.382923,90.625,99.21875,0.000154,0.068643,0.068798,1860.5282,183.3657,1764.0,1287.0684,1764.0
1145,custom,resnet34,18,6265,128,4,4,0.516724,85.15625,98.4375,0.000317,0.068677,0.068994,1855.2441,183.3657,1764.0,1287.0684,1764.0
1145,custom,resnet34,18,6266,128,4,4,0.468663,88.28125,98.4375,0.000317,0.068834,0.069152,1851.004,183.3657,1764.0,1287.0684,1764.0
1145,custom,resnet34,18,6267,128,4,4,0.527808,84.375,98.4375,0.000305,0.069008,0.069314,1846.6816,183.3657,1764.0,1287.0684,1764.0
1145,custom,resnet34,18,6268,128,4,4,0.48728,83.59375,99.21875,0.000313,0.068729,0.069042,1853.9453,183.3657,1764.0,1287.0684,1764.0
1145,custom,resnet34,18,6269,128,4,4,0.527848,83.59375,99.21875,0.000296,0.068598,0.068894,1857.9134,183.3657,1764.0,1287.0684,1764.0
1145,custom,resnet34,18,6270,128,4,4,0.540943,80.46875,98.4375,0.000283,0.069101,0.069383,1844.8206,183.3657,1764.0,1287.0684,1764.0
1145,custom,resnet34,18,6271,128,4,4,0.553702,85.15625,98.4375,0.000318,0.068727,0.069045,1853.8629,183.3657,1764.0,1287.0684,1764.0
1145,custom,resnet34,18,6272,128,4,4,0.483137,82.03125,99.21875,0.000175,0.06898,0.069155,1850.9233,183.3657,1764.0,1287.0684,1764.0
1145,custom,resnet34,18,6273,128,4,4,0.646284,80.46875,97.65625,0.000317,0.068908,0.069225,1849.0381,183.3657,1764.0,1287.0684,1764.0
1145,custom,resnet34,18,6274,128,4,4,0.546053,84.375,97.65625,0.000316,0.069323,0.069639,1838.0496,183.3657,1764.0,1287.0684,1764.0
1145,custom,resnet34,18,6275,128,4,4,0.587433,82.8125,96.09375,0.000283,0.068833,0.069116,1851.952,183.3657,1764.0,1287.0684,1764.0
1145,custom,resnet34,18,6276,128,4,4,0.646607,82.8125,96.09375,0.000181,0.068939,0.06912,1851.8594,183.3657,1764.0,1287.0684,1764.0
1145,custom,resnet34,18,6277,128,4,4,0.690177,81.25,96.09375,0.0002,0.068995,0.069195,1849.8419,183.3657,1764.0,1287.0684,1764.0
1145,custom,resnet34,18,6278,128,4,4,0.510047,85.9375,96.875,0.000294,0.069181,0.069475,1842.3841,183.3657,1764.0,1287.0684,1764.0
1145,custom,resnet34,18,6279,128,4,4,0.586473,79.6875,99.21875,0.000313,0.068763,0.069076,1853.0405,183.3657,1764.0,1287.0684,1764.0
1145,custom,resnet34,18,6280,128,4,4,0.367957,89.84375,98.4375,0.000289,0.068817,0.069105,1852.2458,183.3657,1764.0,1287.0684,1764.0
1145,custom,resnet34,18,6281,128,4,4,0.536205,83.59375,97.65625,0.000319,0.069033,0.069352,1845.6473,183.3657,1764.0,1287.0684,1764.0
1145,custom,resnet34,18,6282,128,4,4,0.673186,81.25,96.875,0.000198,0.069134,0.069331,1846.2125,183.3657,1764.0,1287.0684,1764.0
1145,custom,resnet34,18,6283,128,4,4,0.513533,83.59375,97.65625,0.000291,0.069003,0.069294,1847.2088,183.3657,1764.0,1287.0684,1764.0
1145,custom,resnet34,18,6284,128,4,4,0.500472,85.9375,99.21875,0.000188,0.068876,0.069064,1853.3439,183.3657,1764.0,1287.0684,1764.0
1145,custom,resnet34,18,6285,128,4,4,0.594856,84.375,96.875,0.000209,0.069038,0.069247,1848.445,183.3657,1764.0,1287.0684,1764.0
1145,custom,resnet34,18,6286,128,4,4,0.517631,85.15625,97.65625,0.000206,0.069034,0.06924,1848.6325,183.3657,1764.0,1287.0684,1764.0
1145,custom,resnet34,18,6287,128,4,4,0.723035,80.46875,94.53125,0.000484,0.068797,0.069281,1847.5371,183.3657,1764.0,1287.0684,1764.0
1145,custom,resnet34,18,6288,128,4,4,0.415832,89.0625,99.21875,0.000477,0.07557,0.076047,1683.1777,183.3657,1764.0,1287.0684,1764.0
1145,custom,resnet34,18,6289,128,4,4,0.52022,83.59375,98.4375,0.00031,0.069044,0.069354,1845.6162,183.3657,1764.0,1287.0684,1764.0
1145,custom,resnet34,18,6290,128,4,4,0.562448,84.375,98.4375,0.000301,0.068955,0.069256,1848.2133,183.3657,1764.0,1287.0684,1764.0
1145,custom,resnet34,18,6291,128,4,4,0.581113,83.59375,98.4375,0.00029,0.068934,0.069224,1849.0724,183.3657,1764.0,1287.0684,1764.0
1145,custom,resnet34,18,6292,128,4,4,0.563359,78.90625,99.21875,0.000511,0.06895,0.069461,1842.7511,183.3657,1764.0,1287.0684,1764.0
1145,custom,resnet34,18,6293,128,4,4,0.442877,87.5,99.21875,0.000306,0.06865,0.068956,1856.2637,183.3657,1764.0,1287.0684,1764.0
1145,custom,resnet34,18,6294,128,4,4,0.514556,83.59375,96.09375,0.000307,0.068974,0.069281,1847.544,183.3657,1764.0,1287.0684,1764.0
1145,custom,resnet34,18,6295,128,4,4,0.499377,82.8125,97.65625,0.000314,0.069088,0.069401,1844.347,183.3657,1764.0,1287.0684,1764.0
1145,custom,resnet34,18,6296,128,4,4,0.489214,86.71875,98.4375,0.000202,0.068766,0.068968,1855.9396,183.3657,1764.0,1287.0684,1764.0
1145,custom,resnet34,18,6297,128,4,4,0.529757,82.03125,98.4375,0.000326,0.068896,0.069222,1849.1234,183.3657,1764.0,1287.0684,1764.0
1145,custom,resnet34,18,6298,128,4,4,0.517007,85.15625,97.65625,0.000295,0.069237,0.069532,1840.8844,183.3657,1764.0,1287.0684,1764.0
1145,custom,resnet34,18,6299,128,4,4,0.430234,88.28125,98.4375,0.000486,0.068823,0.06931,1846.781,183.3657,1764.0,1287.0684,1764.0
1145,custom,resnet34,18,6300,128,4,4,0.457941,90.625,98.4375,0.000458,0.069814,0.070272,1821.4985,183.3657,1764.0,1287.0684,1764.0
1145,custom,resnet34,18,6301,128,4,4,0.501405,85.15625,98.4375,0.000186,0.06884,0.069026,1854.3694,183.3657,1764.0,1287.0684,1764.0
1145,custom,resnet34,18,6302,128,4,4,0.520808,85.15625,97.65625,0.000303,0.06941,0.069713,1836.0868,183.3657,1764.0,1287.0684,1764.0
1145,custom,resnet34,18,6303,128,4,4,0.489549,89.84375,98.4375,0.00018,0.068918,0.069098,1852.4356,183.3657,1764.0,1287.0684,1764.0
1145,custom,resnet34,18,6304,128,4,4,0.474974,87.5,100.0,0.000184,0.069449,0.069633,1838.2085,183.3657,1764.0,1287.0684,1764.0
1145,custom,resnet34,18,6305,128,4,4,0.648578,85.15625,96.875,0.000191,0.068804,0.068995,1855.2167,183.3657,1764.0,1287.0684,1764.0
1145,custom,resnet34,18,6306,128,4,4,0.684504,80.46875,96.09375,0.000288,0.06929,0.069578,1839.6607,183.3657,1764.0,1287.0684,1764.0
1145,custom,resnet34,18,6307,128,4,4,0.427318,86.71875,99.21875,0.000289,0.069034,0.069324,1846.4134,183.3657,1764.0,1287.0684,1764.0
1145,custom,resnet34,18,6308,128,4,4,0.345425,89.0625,100.0,0.000189,0.068794,0.068983,1855.5296,183.3657,1764.0,1287.0684,1764.0
1145,custom,resnet34,18,6309,128,4,4,0.427912,90.625,97.65625,0.00032,0.0689,0.06922,1849.1833,183.3657,1764.0,1287.0684,1764.0
1145,custom,resnet34,18,6310,128,4,4,0.597761,81.25,98.4375,0.000186,0.068918,0.069104,1852.2744,183.3657,1764.0,1287.0684,1764.0
1145,custom,resnet34,18,6311,128,4,4,0.586379,84.375,96.09375,0.000286,0.068703,0.06899,1855.3545,183.3657,1764.0,1287.0684,1764.0
1145,custom,resnet34,18,6312,128,4,4,0.40977,88.28125,100.0,0.000169,0.068805,0.068974,1855.7637,183.3657,1764.0,1287.0684,1764.0
1145,custom,resnet34,18,6313,128,4,4,0.554688,80.46875,99.21875,0.000215,0.069098,0.069314,1846.6716,183.3657,1764.0,1287.0684,1764.0
1145,custom,resnet34,18,6314,128,4,4,0.49908,85.15625,99.21875,0.000212,0.069254,0.069466,1842.6272,183.3657,1764.0,1287.0684,1764.0
1145,custom,resnet34,18,6315,128,4,4,0.568889,78.125,98.4375,0.000289,0.068604,0.068894,1857.9395,183.3657,1764.0,1287.0684,1764.0
1145,custom,resnet34,18,6316,128,4,4,0.409025,89.84375,98.4375,0.000185,0.069056,0.069241,1848.6169,183.3657,1764.0,1287.0684,1764.0
1145,custom,resnet34,18,6317,128,4,4,0.494893,85.9375,95.3125,0.000188,0.069714,0.069902,1831.1368,183.3657,1764.0,1287.0684,1764.0
1145,custom,resnet34,18,6318,128,4,4,0.547125,82.8125,99.21875,0.002907,0.069876,0.072783,1758.6554,183.3657,1764.0,1287.0684,1764.0
1145,custom,resnet34,18,6319,128,4,4,0.610861,83.59375,97.65625,0.000304,0.068808,0.069112,1852.068,183.3657,1764.0,1287.0684,1764.0
1145,custom,resnet34,18,6320,128,4,4,0.489005,84.375,99.21875,0.00053,0.068782,0.069312,1846.7117,183.3657,1764.0,1287.0684,1764.0
1145,custom,resnet34,18,6321,128,4,4,0.424517,89.0625,98.4375,0.00035,0.068717,0.069067,1853.2653,183.3657,1764.0,1287.0684,1764.0
1145,custom,resnet34,18,6322,128,4,4,0.612861,82.8125,96.09375,0.000313,0.068903,0.069215,1849.2968,183.3657,1764.0,1287.0684,1764.0
1145,custom,resnet34,18,6323,128,4,4,0.532078,84.375,96.875,0.000288,0.068808,0.069096,1852.4837,183.3657,1764.0,1287.0684,1764.0
1145,custom,resnet34,18,6324,128,4,4,0.585971,79.6875,98.4375,0.000465,0.069326,0.069791,1834.0373,183.3657,1764.0,1287.0684,1764.0
1145,custom,resnet34,18,6325,128,4,4,0.548588,83.59375,97.65625,0.000446,0.073263,0.073708,1736.5707,183.3657,1764.0,1287.0684,1764.0
1145,custom,resnet34,18,6326,128,4,4,0.492044,87.5,98.4375,0.000294,0.069507,0.069801,1833.7874,183.3657,1764.0,1287.0684,1764.0
1145,custom,resnet34,18,6327,128,4,4,0.441787,87.5,97.65625,0.000162,0.068877,0.069039,1854.0207,183.3657,1764.0,1287.0684,1764.0
1145,custom,resnet34,18,6328,128,4,4,0.632404,77.34375,96.09375,0.004363,0.068779,0.073142,1750.0235,183.3657,1764.0,1287.0684,1764.0
1145,custom,resnet34,18,6329,128,4,4,0.62776,82.8125,96.09375,0.000139,0.069008,0.069147,1851.1252,183.3657,1764.0,1287.0684,1764.0
1145,custom,resnet34,18,6330,128,4,4,0.628537,79.6875,97.65625,0.000243,0.069395,0.069637,1838.0991,183.3657,1764.0,1287.0684,1764.0
1145,custom,resnet34,18,6331,128,4,4,0.494625,81.25,98.4375,0.00011,0.068904,0.069015,1854.6822,183.3657,1764.0,1287.0684,1764.0
1145,custom,resnet34,18,6332,128,4,4,0.601526,77.34375,97.65625,0.000122,0.06887,0.068992,1855.2908,183.3657,1764.0,1287.0684,1764.0
1145,custom,resnet34,18,6333,128,4,4,0.461442,89.0625,98.4375,0.000107,0.068962,0.069069,1853.2224,183.3657,1764.0,1287.0684,1764.0
1145,custom,resnet34,18,6334,128,4,4,0.441441,88.28125,99.21875,0.000138,0.069463,0.069601,1839.0667,183.3657,1764.0,1287.0684,1764.0
1145,custom,resnet34,18,6335,128,4,4,0.560361,82.8125,97.65625,0.000143,0.068848,0.06899,1855.3281,183.3657,1764.0,1287.0684,1764.0
1145,custom,resnet34,18,6336,128,4,4,0.273526,93.055556,100.0,0.000116,0.038837,0.038953,1848.389,182.1885,1764.0,1287.0684,1764.0
1145,custom,resnet34,19,6337,128,4,4,0.520477,82.8125,98.4375,0.086368,0.06875,0.155118,825.177,183.3657,1764.0,1287.0684,1764.0
1145,custom,resnet34,19,6338,128,4,4,0.403121,87.5,100.0,0.000301,0.06892,0.069221,1849.1378,183.3657,1764.0,1287.0684,1764.0
1145,custom,resnet34,19,6339,128,4,4,0.502951,81.25,98.4375,0.000349,0.069435,0.069784,1834.2304,183.3657,1764.0,1287.0684,1764.0
1145,custom,resnet34,19,6340,128,4,4,0.500672,84.375,98.4375,0.000232,0.06894,0.069171,1850.4799,183.3657,1764.0,1287.0684,1764.0
1145,custom,resnet34,19,6341,128,4,4,0.384519,89.84375,99.21875,0.000156,0.06903,0.069186,1850.0896,183.3657,1764.0,1287.0684,1764.0
1145,custom,resnet34,19,6342,128,4,4,0.498432,85.15625,97.65625,0.000432,0.070095,0.070527,1814.9058,183.3657,1764.0,1287.0684,1764.0
1145,custom,resnet34,19,6343,128,4,4,0.50541,87.5,97.65625,0.000171,0.06922,0.069391,1844.6067,183.3657,1764.0,1287.0684,1764.0
1145,custom,resnet34,19,6344,128,4,4,0.436496,87.5,98.4375,0.000146,0.068905,0.069051,1853.7052,183.3657,1764.0,1287.0684,1764.0
1145,custom,resnet34,19,6345,128,4,4,0.601462,78.90625,98.4375,0.000178,0.069066,0.069244,1848.5348,183.3657,1764.0,1287.0684,1764.0
1145,custom,resnet34,19,6346,128,4,4,0.45552,85.15625,97.65625,0.00014,0.069088,0.069228,1848.9652,183.3657,1764.0,1287.0684,1764.0
1145,custom,resnet34,19,6347,128,4,4,0.390361,89.0625,99.21875,0.000182,0.069125,0.069307,1846.8679,183.3657,1764.0,1287.0684,1764.0
1145,custom,resnet34,19,6348,128,4,4,0.366212,89.84375,100.0,0.000148,0.068684,0.068832,1859.5943,183.3657,1764.0,1287.0684,1764.0
1145,custom,resnet34,19,6349,128,4,4,0.431411,89.84375,99.21875,0.000172,0.069276,0.069449,1843.0825,183.3657,1764.0,1287.0684,1764.0
1145,custom,resnet34,19,6350,128,4,4,0.466288,86.71875,98.4375,0.000444,0.068891,0.069334,1846.1255,183.3657,1764.0,1287.0684,1764.0
1145,custom,resnet34,19,6351,128,4,4,0.451596,86.71875,99.21875,0.000153,0.069069,0.069222,1849.1151,183.3657,1764.0,1287.0684,1764.0
1145,custom,resnet34,19,6352,128,4,4,0.506124,85.15625,97.65625,0.000273,0.068536,0.068809,1860.2253,183.3657,1764.0,1287.0684,1764.0
1145,custom,resnet34,19,6353,128,4,4,0.395814,87.5,99.21875,0.000162,0.069029,0.069191,1849.9435,183.3657,1764.0,1287.0684,1764.0
1145,custom,resnet34,19,6354,128,4,4,0.508873,85.9375,97.65625,0.000158,0.068834,0.068991,1855.3051,183.3657,1764.0,1287.0684,1764.0
1145,custom,resnet34,19,6355,128,4,4,0.459053,86.71875,99.21875,0.000161,0.069086,0.069247,1848.4646,183.3657,1764.0,1287.0684,1764.0
1145,custom,resnet34,19,6356,128,4,4,0.366907,91.40625,99.21875,0.000857,0.068789,0.069647,1837.8513,183.3657,1764.0,1287.0684,1764.0
1145,custom,resnet34,19,6357,128,4,4,0.38484,92.1875,98.4375,0.0003,0.069101,0.069401,1844.3641,183.3657,1764.0,1287.0684,1764.0
1145,custom,resnet34,19,6358,128,4,4,0.471008,85.15625,100.0,0.000273,0.068869,0.069142,1851.2636,183.3657,1764.0,1287.0684,1764.0
1145,custom,resnet34,19,6359,128,4,4,0.463222,85.15625,98.4375,0.00016,0.069223,0.069383,1844.8335,183.3657,1764.0,1287.0684,1764.0
1145,custom,resnet34,19,6360,128,4,4,0.39768,86.71875,100.0,0.000251,0.068879,0.06913,1851.5871,183.3657,1764.0,1287.0684,1764.0
1145,custom,resnet34,19,6361,128,4,4,0.505785,85.9375,97.65625,0.000186,0.069092,0.069279,1847.6133,183.3657,1764.0,1287.0684,1764.0
1145,custom,resnet34,19,6362,128,4,4,0.449499,85.9375,98.4375,0.000173,0.068641,0.068814,1860.0855,183.3657,1764.0,1287.0684,1764.0
1145,custom,resnet34,19,6363,128,4,4,0.547991,78.125,99.21875,0.000254,0.069081,0.069335,1846.105,183.3657,1764.0,1287.0684,1764.0
1145,custom,resnet34,19,6364,128,4,4,0.450201,85.9375,100.0,0.000258,0.068793,0.06905,1853.7194,183.3657,1764.0,1287.0684,1764.0
1145,custom,resnet34,19,6365,128,4,4,0.348876,94.53125,100.0,0.000263,0.068907,0.06917,1850.5109,183.3657,1764.0,1287.0684,1764.0
1145,custom,resnet34,19,6366,128,4,4,0.362615,89.84375,99.21875,0.000268,0.068969,0.069237,1848.7252,183.3657,1764.0,1287.0684,1764.0
1145,custom,resnet34,19,6367,128,4,4,0.30475,92.96875,99.21875,0.000276,0.069175,0.069451,1843.0392,183.3657,1764.0,1287.0684,1764.0
1145,custom,resnet34,19,6368,128,4,4,0.481386,85.15625,98.4375,0.000746,0.071056,0.071802,1782.6744,183.3657,1764.0,1287.0684,1764.0
1145,custom,resnet34,19,6369,128,4,4,0.357226,89.84375,99.21875,0.000255,0.068695,0.06895,1856.4152,183.3657,1764.0,1287.0684,1764.0
1145,custom,resnet34,19,6370,128,4,4,0.319797,92.1875,98.4375,0.000463,0.068816,0.069279,1847.611,183.3657,1764.0,1287.0684,1764.0
1145,custom,resnet34,19,6371,128,4,4,0.429164,85.9375,98.4375,0.000285,0.069084,0.069368,1845.2278,183.3657,1764.0,1287.0684,1764.0
1145,custom,resnet34,19,6372,128,4,4,0.54268,86.71875,96.09375,0.000151,0.068823,0.068974,1855.7649,183.3657,1764.0,1287.0684,1764.0
1145,custom,resnet34,19,6373,128,4,4,0.487744,88.28125,96.875,0.000245,0.068888,0.069132,1851.5171,183.3657,1764.0,1287.0684,1764.0
1145,custom,resnet34,19,6374,128,4,4,0.484836,86.71875,98.4375,0.000399,0.069861,0.07026,1821.8079,183.3657,1764.0,1287.0684,1764.0
1145,custom,resnet34,19,6375,128,4,4,0.412751,89.84375,99.21875,0.000271,0.069294,0.069565,1840.0141,183.3657,1764.0,1287.0684,1764.0
1145,custom,resnet34,19,6376,128,4,4,0.43896,89.0625,98.4375,0.000289,0.068672,0.06896,1856.1354,183.3657,1764.0,1287.0684,1764.0
1145,custom,resnet34,19,6377,128,4,4,0.473948,86.71875,99.21875,0.000651,0.068822,0.069473,1842.4491,183.3657,1764.0,1287.0684,1764.0
1145,custom,resnet34,19,6378,128,4,4,0.400352,85.9375,100.0,0.000301,0.068681,0.068982,1855.553,183.3657,1764.0,1287.0684,1764.0
1145,custom,resnet34,19,6379,128,4,4,0.489401,85.9375,96.09375,0.000299,0.069137,0.069435,1843.4382,183.3657,1764.0,1287.0684,1764.0
1145,custom,resnet34,19,6380,128,4,4,0.465874,85.9375,97.65625,0.000324,0.068945,0.069269,1847.8684,183.3657,1764.0,1287.0684,1764.0
1145,custom,resnet34,19,6381,128,4,4,0.421593,86.71875,99.21875,0.000169,0.069156,0.069325,1846.3815,183.3657,1764.0,1287.0684,1764.0
1145,custom,resnet34,19,6382,128,4,4,0.423802,87.5,100.0,0.000506,0.068968,0.069474,1842.4127,183.3657,1764.0,1287.0684,1764.0
1145,custom,resnet34,19,6383,128,4,4,0.392311,91.40625,100.0,0.000178,0.069467,0.069645,1837.8995,183.3657,1764.0,1287.0684,1764.0
1145,custom,resnet34,19,6384,128,4,4,0.387478,89.84375,100.0,0.000476,0.068938,0.069414,1844.0061,183.3657,1764.0,1287.0684,1764.0
1145,custom,resnet34,19,6385,128,4,4,0.480837,86.71875,99.21875,0.000287,0.06875,0.069037,1854.0726,183.3657,1764.0,1287.0684,1764.0
1145,custom,resnet34,19,6386,128,4,4,0.507263,85.9375,97.65625,0.000268,0.068976,0.069244,1848.5353,183.3657,1764.0,1287.0684,1764.0
1145,custom,resnet34,19,6387,128,4,4,0.40334,89.0625,97.65625,0.000165,0.06949,0.069655,1837.6182,183.3657,1764.0,1287.0684,1764.0
1145,custom,resnet34,19,6388,128,4,4,0.403444,87.5,99.21875,0.000281,0.068819,0.0691,1852.3953,183.3657,1764.0,1287.0684,1764.0
1145,custom,resnet34,19,6389,128,4,4,0.481709,82.8125,99.21875,0.000273,0.06874,0.069013,1854.7338,183.3657,1764.0,1287.0684,1764.0
1145,custom,resnet34,19,6390,128,4,4,0.448112,87.5,99.21875,0.000271,0.068649,0.06892,1857.2328,183.3657,1764.0,1287.0684,1764.0
1145,custom,resnet34,19,6391,128,4,4,0.478853,82.8125,100.0,0.000237,0.069452,0.069688,1836.75,183.3657,1764.0,1287.0684,1764.0
1145,custom,resnet34,19,6392,128,4,4,0.455196,85.15625,98.4375,0.000396,0.069072,0.069467,1842.5893,183.3657,1764.0,1287.0684,1764.0
1145,custom,resnet34,19,6393,128,4,4,0.469221,88.28125,98.4375,0.000224,0.069273,0.069497,1841.8167,183.3657,1764.0,1287.0684,1764.0
1145,custom,resnet34,19,6394,128,4,4,0.437079,85.9375,99.21875,0.000276,0.068757,0.069033,1854.1857,183.3657,1764.0,1287.0684,1764.0
1145,custom,resnet34,19,6395,128,4,4,0.543867,85.9375,98.4375,0.000468,0.069386,0.069854,1832.399,183.3657,1764.0,1287.0684,1764.0
1145,custom,resnet34,19,6396,128,4,4,0.473982,84.375,96.875,0.00031,0.068233,0.068544,1867.4226,183.3657,1764.0,1287.0684,1764.0
1145,custom,resnet34,19,6397,128,4,4,0.331294,89.84375,100.0,0.000282,0.068706,0.068987,1855.4096,183.3657,1764.0,1287.0684,1764.0
1145,custom,resnet34,19,6398,128,4,4,0.518073,87.5,94.53125,0.000156,0.068898,0.069053,1853.6361,183.3657,1764.0,1287.0684,1764.0
1145,custom,resnet34,19,6399,128,4,4,0.43632,88.28125,97.65625,0.000487,0.069545,0.070032,1827.7467,183.3657,1764.0,1287.0684,1764.0
1145,custom,resnet34,19,6400,128,4,4,0.571736,82.8125,96.09375,0.000133,0.068955,0.069088,1852.7109,183.3657,1764.0,1287.0684,1764.0
1145,custom,resnet34,19,6401,128,4,4,0.51816,85.9375,97.65625,0.000269,0.06901,0.069279,1847.5988,183.3657,1764.0,1287.0684,1764.0
1145,custom,resnet34,19,6402,128,4,4,0.426518,88.28125,99.21875,0.000337,0.06868,0.069017,1854.6103,183.3657,1764.0,1287.0684,1764.0
1145,custom,resnet34,19,6403,128,4,4,0.393508,89.84375,98.4375,0.000642,0.068892,0.069534,1840.832,183.3657,1764.0,1287.0684,1764.0
1145,custom,resnet34,19,6404,128,4,4,0.373528,91.40625,99.21875,0.000316,0.068829,0.069145,1851.1908,183.3657,1764.0,1287.0684,1764.0
1145,custom,resnet34,19,6405,128,4,4,0.424777,88.28125,97.65625,0.000322,0.068725,0.069048,1853.7913,183.3657,1764.0,1287.0684,1764.0
1145,custom,resnet34,19,6406,128,4,4,0.278059,96.09375,100.0,0.000488,0.068902,0.06939,1844.6471,183.3657,1764.0,1287.0684,1764.0
1145,custom,resnet34,19,6407,128,4,4,0.506444,84.375,98.4375,0.000292,0.068894,0.069186,1850.0724,183.3657,1764.0,1287.0684,1764.0
1145,custom,resnet34,19,6408,128,4,4,0.377893,89.0625,98.4375,0.000283,0.068515,0.068798,1860.5154,183.3657,1764.0,1287.0684,1764.0
1145,custom,resnet34,19,6409,128,4,4,0.456007,85.9375,97.65625,0.000318,0.0687,0.069018,1854.576,183.3657,1764.0,1287.0684,1764.0
1145,custom,resnet34,19,6410,128,4,4,0.471212,88.28125,98.4375,0.000208,0.068711,0.068919,1857.2548,183.3657,1764.0,1287.0684,1764.0
1145,custom,resnet34,19,6411,128,4,4,0.472165,86.71875,99.21875,0.000271,0.068784,0.069055,1853.6078,183.3657,1764.0,1287.0684,1764.0
1145,custom,resnet34,19,6412,128,4,4,0.495256,85.15625,96.875,0.000278,0.069039,0.069317,1846.5803,183.3657,1764.0,1287.0684,1764.0
1145,custom,resnet34,19,6413,128,4,4,0.353118,91.40625,99.21875,0.000181,0.068802,0.068983,1855.5171,183.3657,1764.0,1287.0684,1764.0
1145,custom,resnet34,19,6414,128,4,4,0.48263,82.8125,98.4375,0.000251,0.068913,0.069164,1850.677,183.3657,1764.0,1287.0684,1764.0
1145,custom,resnet34,19,6415,128,4,4,0.480049,84.375,99.21875,0.000474,0.069387,0.069861,1832.2076,183.3657,1764.0,1287.0684,1764.0
1145,custom,resnet34,19,6416,128,4,4,0.400268,86.71875,99.21875,0.000287,0.068906,0.069193,1849.9001,183.3657,1764.0,1287.0684,1764.0
1145,custom,resnet34,19,6417,128,4,4,0.415117,89.84375,98.4375,0.000258,0.068746,0.069004,1854.9619,183.3657,1764.0,1287.0684,1764.0
1145,custom,resnet34,19,6418,128,4,4,0.467217,88.28125,96.875,0.000442,0.068904,0.069346,1845.8218,183.3657,1764.0,1287.0684,1764.0
1145,custom,resnet34,19,6419,128,4,4,0.502331,82.03125,100.0,0.00026,0.068952,0.069213,1849.3702,183.3657,1764.0,1287.0684,1764.0
1145,custom,resnet34,19,6420,128,4,4,0.453824,87.5,99.21875,0.000288,0.068963,0.069251,1848.3534,183.3657,1764.0,1287.0684,1764.0
1145,custom,resnet34,19,6421,128,4,4,0.525674,85.15625,97.65625,0.00017,0.068632,0.068802,1860.4205,183.3657,1764.0,1287.0684,1764.0
1145,custom,resnet34,19,6422,128,4,4,0.340336,91.40625,99.21875,0.000193,0.069243,0.069436,1843.4243,183.3657,1764.0,1287.0684,1764.0
1145,custom,resnet34,19,6423,128,4,4,0.429352,88.28125,99.21875,0.000258,0.069332,0.06959,1839.3374,183.3657,1764.0,1287.0684,1764.0
1145,custom,resnet34,19,6424,128,4,4,0.432142,86.71875,98.4375,0.000441,0.068856,0.069298,1847.1075,183.3657,1764.0,1287.0684,1764.0
1145,custom,resnet34,19,6425,128,4,4,0.41639,87.5,100.0,0.00045,0.072885,0.073334,1745.4277,183.3657,1764.0,1287.0684,1764.0
1145,custom,resnet34,19,6426,128,4,4,0.364917,89.0625,99.21875,0.00018,0.068982,0.069162,1850.7347,183.3657,1764.0,1287.0684,1764.0
1145,custom,resnet34,19,6427,128,4,4,0.479555,87.5,98.4375,0.000284,0.069301,0.069585,1839.4838,183.3657,1764.0,1287.0684,1764.0
1145,custom,resnet34,19,6428,128,4,4,0.552706,82.8125,96.875,0.000293,0.068726,0.069019,1854.5723,183.3657,1764.0,1287.0684,1764.0
1145,custom,resnet34,19,6429,128,4,4,0.538769,83.59375,98.4375,0.000178,0.068914,0.069092,1852.5921,183.3657,1764.0,1287.0684,1764.0
1145,custom,resnet34,19,6430,128,4,4,0.390808,88.28125,99.21875,0.000269,0.068746,0.069015,1854.6826,183.3657,1764.0,1287.0684,1764.0
1145,custom,resnet34,19,6431,128,4,4,0.398819,89.84375,97.65625,0.000171,0.069235,0.069406,1844.2271,183.3657,1764.0,1287.0684,1764.0
1145,custom,resnet34,19,6432,128,4,4,0.438194,87.5,98.4375,0.00016,0.068561,0.068721,1862.6017,183.3657,1764.0,1287.0684,1764.0
1145,custom,resnet34,19,6433,128,4,4,0.406503,87.5,98.4375,0.000429,0.069258,0.069687,1836.7967,183.3657,1764.0,1287.0684,1764.0
1145,custom,resnet34,19,6434,128,4,4,0.394794,90.625,100.0,0.000255,0.069162,0.069416,1843.9477,183.3657,1764.0,1287.0684,1764.0
1145,custom,resnet34,19,6435,128,4,4,0.4747,85.9375,98.4375,0.000331,0.068987,0.069318,1846.552,183.3657,1764.0,1287.0684,1764.0
1145,custom,resnet34,19,6436,128,4,4,0.36884,89.0625,99.21875,0.000455,0.068986,0.069441,1843.2877,183.3657,1764.0,1287.0684,1764.0
1145,custom,resnet34,19,6437,128,4,4,0.380979,88.28125,97.65625,0.000429,0.069063,0.069492,1841.9457,183.3657,1764.0,1287.0684,1764.0
1145,custom,resnet34,19,6438,128,4,4,0.489207,85.9375,96.875,0.000269,0.069041,0.06931,1846.78,183.3657,1764.0,1287.0684,1764.0
1145,custom,resnet34,19,6439,128,4,4,0.394928,89.0625,98.4375,0.000311,0.069073,0.069384,1844.8066,183.3657,1764.0,1287.0684,1764.0
1145,custom,resnet34,19,6440,128,4,4,0.364254,91.40625,100.0,0.000469,0.069715,0.070184,1823.7652,183.3657,1764.0,1287.0684,1764.0
1145,custom,resnet34,19,6441,128,4,4,0.518747,87.5,98.4375,0.000448,0.069709,0.070157,1824.4811,183.3657,1764.0,1287.0684,1764.0
1145,custom,resnet34,19,6442,128,4,4,0.557817,81.25,96.875,0.000173,0.068798,0.068971,1855.8523,183.3657,1764.0,1287.0684,1764.0
1145,custom,resnet34,19,6443,128,4,4,0.519269,89.0625,98.4375,0.000267,0.069155,0.069422,1843.8039,183.3657,1764.0,1287.0684,1764.0
1145,custom,resnet34,19,6444,128,4,4,0.536814,85.9375,94.53125,0.000258,0.068942,0.0692,1849.7079,183.3657,1764.0,1287.0684,1764.0
1145,custom,resnet34,19,6445,128,4,4,0.440163,88.28125,98.4375,0.000397,0.068888,0.069285,1847.4398,183.3657,1764.0,1287.0684,1764.0
1145,custom,resnet34,19,6446,128,4,4,0.484435,85.9375,99.21875,0.000154,0.06851,0.068664,1864.1377,183.3657,1764.0,1287.0684,1764.0
1145,custom,resnet34,19,6447,128,4,4,0.459689,89.0625,97.65625,0.000169,0.068662,0.068831,1859.6383,183.3657,1764.0,1287.0684,1764.0
1145,custom,resnet34,19,6448,128,4,4,0.419144,89.84375,99.21875,0.000268,0.06836,0.068628,1865.135,183.3657,1764.0,1287.0684,1764.0
1145,custom,resnet34,19,6449,128,4,4,0.426418,89.0625,97.65625,0.000166,0.068551,0.068717,1862.7087,183.3657,1764.0,1287.0684,1764.0
1145,custom,resnet34,19,6450,128,4,4,0.328222,92.1875,99.21875,0.000145,0.068727,0.068872,1858.5148,183.3657,1764.0,1287.0684,1764.0
1145,custom,resnet34,19,6451,128,4,4,0.400313,87.5,96.875,0.000374,0.068932,0.069306,1846.8815,183.3657,1764.0,1287.0684,1764.0
1145,custom,resnet34,19,6452,128,4,4,0.437775,89.84375,97.65625,0.000439,0.068546,0.068984,1855.4895,183.3657,1764.0,1287.0684,1764.0
1145,custom,resnet34,19,6453,128,4,4,0.510461,86.71875,95.3125,0.000211,0.068537,0.068748,1861.8638,183.3657,1764.0,1287.0684,1764.0
1145,custom,resnet34,19,6454,128,4,4,0.341067,87.5,99.21875,0.000195,0.068684,0.068879,1858.3388,183.3657,1764.0,1287.0684,1764.0
1145,custom,resnet34,19,6455,128,4,4,0.510589,81.25,98.4375,0.001163,0.069663,0.070826,1807.2517,183.3657,1764.0,1287.0684,1764.0
1145,custom,resnet34,19,6456,128,4,4,0.479832,88.28125,97.65625,0.000455,0.069177,0.069632,1838.232,183.3657,1764.0,1287.0684,1764.0
1145,custom,resnet34,19,6457,128,4,4,0.418521,89.0625,99.21875,0.000308,0.0684,0.068708,1862.9508,183.3657,1764.0,1287.0684,1764.0
1145,custom,resnet34,19,6458,128,4,4,0.438663,89.84375,97.65625,0.000175,0.068614,0.068789,1860.7596,183.3657,1764.0,1287.0684,1764.0
1145,custom,resnet34,19,6459,128,4,4,0.489644,86.71875,98.4375,0.000479,0.074322,0.0748,1711.2213,183.3657,1764.0,1287.0684,1764.0
1145,custom,resnet34,19,6460,128,4,4,0.33524,92.96875,100.0,0.000302,0.068486,0.068789,1860.775,183.3657,1764.0,1287.0684,1764.0
1145,custom,resnet34,19,6461,128,4,4,0.532129,84.375,97.65625,0.000379,0.068429,0.068808,1860.238,183.3657,1764.0,1287.0684,1764.0
1145,custom,resnet34,19,6462,128,4,4,0.382586,88.28125,98.4375,0.00045,0.069284,0.069733,1835.5628,183.3657,1764.0,1287.0684,1764.0
1145,custom,resnet34,19,6463,128,4,4,0.43499,88.28125,99.21875,0.000483,0.069836,0.070319,1820.2718,183.3657,1764.0,1287.0684,1764.0
1145,custom,resnet34,19,6464,128,4,4,0.379938,92.96875,98.4375,0.000293,0.068943,0.069236,1848.756,183.3657,1764.0,1287.0684,1764.0
1145,custom,resnet34,19,6465,128,4,4,0.470358,89.0625,98.4375,0.000323,0.068986,0.069309,1846.7953,183.3657,1764.0,1287.0684,1764.0
1145,custom,resnet34,19,6466,128,4,4,0.473725,84.375,99.21875,0.000295,0.068706,0.069001,1855.0399,183.3657,1764.0,1287.0684,1764.0
1145,custom,resnet34,19,6467,128,4,4,0.346691,89.84375,99.21875,0.000802,0.069069,0.069871,1831.9546,183.3657,1764.0,1287.0684,1764.0
1145,custom,resnet34,19,6468,128,4,4,0.440657,85.9375,99.21875,0.000275,0.068829,0.069104,1852.285,183.3657,1764.0,1287.0684,1764.0
1145,custom,resnet34,19,6469,128,4,4,0.530213,84.375,97.65625,0.000196,0.068882,0.069079,1852.9609,183.3657,1764.0,1287.0684,1764.0
1145,custom,resnet34,19,6470,128,4,4,0.426021,86.71875,99.21875,0.000277,0.069015,0.069291,1847.2685,183.3657,1764.0,1287.0684,1764.0
1145,custom,resnet34,19,6471,128,4,4,0.387165,87.5,99.21875,0.000796,0.069329,0.070125,1825.3148,183.3657,1764.0,1287.0684,1764.0
1145,custom,resnet34,19,6472,128,4,4,0.472104,86.71875,99.21875,0.000429,0.073689,0.074118,1726.9658,183.3657,1764.0,1287.0684,1764.0
1145,custom,resnet34,19,6473,128,4,4,0.371241,89.0625,98.4375,0.000312,0.068544,0.068856,1858.945,183.3657,1764.0,1287.0684,1764.0
1145,custom,resnet34,19,6474,128,4,4,0.461995,83.59375,98.4375,0.000445,0.06886,0.069305,1846.9024,183.3657,1764.0,1287.0684,1764.0
1145,custom,resnet34,19,6475,128,4,4,0.498996,83.59375,97.65625,0.000282,0.069176,0.069459,1842.8215,183.3657,1764.0,1287.0684,1764.0
1145,custom,resnet34,19,6476,128,4,4,0.30978,93.75,99.21875,0.000439,0.068908,0.069347,1845.793,183.3657,1764.0,1287.0684,1764.0
1145,custom,resnet34,19,6477,128,4,4,0.44102,87.5,99.21875,0.000292,0.068692,0.068985,1855.4863,183.3657,1764.0,1287.0684,1764.0
1145,custom,resnet34,19,6478,128,4,4,0.391463,88.28125,98.4375,0.000294,0.068613,0.068906,1857.5965,183.3657,1764.0,1287.0684,1764.0
1145,custom,resnet34,19,6479,128,4,4,0.484974,82.03125,97.65625,0.000403,0.069779,0.070182,1823.8295,183.3657,1764.0,1287.0684,1764.0
1145,custom,resnet34,19,6480,128,4,4,0.285792,92.1875,100.0,0.000287,0.068977,0.069263,1848.0173,183.3657,1764.0,1287.0684,1764.0
1145,custom,resnet34,19,6481,128,4,4,0.446512,85.9375,99.21875,0.000318,0.068674,0.068992,1855.286,183.3657,1764.0,1287.0684,1764.0
1145,custom,resnet34,19,6482,128,4,4,0.459571,85.9375,96.09375,0.000299,0.069095,0.069394,1844.5274,183.3657,1764.0,1287.0684,1764.0
1145,custom,resnet34,19,6483,128,4,4,0.387845,89.0625,99.21875,0.001132,0.07384,0.074972,1707.2947,183.3657,1764.0,1287.0684,1764.0
1145,custom,resnet34,19,6484,128,4,4,0.472112,85.9375,96.875,0.00045,0.06985,0.0703,1820.7606,183.3657,1764.0,1287.0684,1764.0
1145,custom,resnet34,19,6485,128,4,4,0.454796,88.28125,98.4375,0.000184,0.068857,0.06904,1853.9876,183.3657,1764.0,1287.0684,1764.0
1145,custom,resnet34,19,6486,128,4,4,0.449509,85.15625,98.4375,0.000461,0.068931,0.069392,1844.6008,183.3657,1764.0,1287.0684,1764.0
1145,custom,resnet34,19,6487,128,4,4,0.432761,84.375,99.21875,0.000268,0.069359,0.069627,1838.3761,183.3657,1764.0,1287.0684,1764.0
1145,custom,resnet34,19,6488,128,4,4,0.493402,86.71875,99.21875,0.000453,0.071071,0.071524,1789.6059,183.3657,1764.0,1287.0684,1764.0
1145,custom,resnet34,19,6489,128,4,4,0.401329,88.28125,99.21875,0.000291,0.06866,0.068951,1856.3912,183.3657,1764.0,1287.0684,1764.0
1145,custom,resnet34,19,6490,128,4,4,0.367634,87.5,100.0,0.000196,0.069066,0.069262,1848.0551,183.3657,1764.0,1287.0684,1764.0
1145,custom,resnet34,19,6491,128,4,4,0.459237,86.71875,99.21875,0.000425,0.074331,0.074756,1712.2363,183.3657,1764.0,1287.0684,1764.0
1145,custom,resnet34,19,6492,128,4,4,0.410326,85.9375,98.4375,0.000456,0.069752,0.070208,1823.1629,183.3657,1764.0,1287.0684,1764.0
1145,custom,resnet34,19,6493,128,4,4,0.455561,83.59375,99.21875,0.0002,0.068732,0.068933,1856.8856,183.3657,1764.0,1287.0684,1764.0
1145,custom,resnet34,19,6494,128,4,4,0.556798,83.59375,97.65625,0.000306,0.068852,0.069158,1850.8405,183.3657,1764.0,1287.0684,1764.0
1145,custom,resnet34,19,6495,128,4,4,0.488336,86.71875,97.65625,0.000474,0.074625,0.075099,1704.4183,183.3657,1764.0,1287.0684,1764.0
1145,custom,resnet34,19,6496,128,4,4,0.635914,82.8125,96.875,0.000457,0.070148,0.070605,1812.903,183.3657,1764.0,1287.0684,1764.0
1145,custom,resnet34,19,6497,128,4,4,0.477834,85.15625,98.4375,0.000276,0.068653,0.068929,1856.979,183.3657,1764.0,1287.0684,1764.0
1145,custom,resnet34,19,6498,128,4,4,0.48086,85.15625,97.65625,0.000283,0.06871,0.068993,1855.2562,183.3657,1764.0,1287.0684,1764.0
1145,custom,resnet34,19,6499,128,4,4,0.377304,89.84375,99.21875,0.000436,0.075105,0.075541,1694.4379,183.3657,1764.0,1287.0684,1764.0
1145,custom,resnet34,19,6500,128,4,4,0.475022,83.59375,100.0,0.000296,0.068937,0.069234,1848.8129,183.3657,1764.0,1287.0684,1764.0
1145,custom,resnet34,19,6501,128,4,4,0.448366,85.15625,99.21875,0.000166,0.068835,0.069002,1855.0274,183.3657,1764.0,1287.0684,1764.0
1145,custom,resnet34,19,6502,128,4,4,0.30165,94.53125,99.21875,0.00017,0.069078,0.069248,1848.4221,183.3657,1764.0,1287.0684,1764.0
1145,custom,resnet34,19,6503,128,4,4,0.583887,86.71875,96.875,0.000159,0.069405,0.069564,1840.0449,183.3657,1764.0,1287.0684,1764.0
1145,custom,resnet34,19,6504,128,4,4,0.617535,82.03125,94.53125,0.000465,0.068725,0.069191,1849.9603,183.3657,1764.0,1287.0684,1764.0
1145,custom,resnet34,19,6505,128,4,4,0.436209,87.5,100.0,0.000298,0.068916,0.069214,1849.3404,183.3657,1764.0,1287.0684,1764.0
1145,custom,resnet34,19,6506,128,4,4,0.422579,90.625,97.65625,0.000258,0.069071,0.069329,1846.2736,183.3657,1764.0,1287.0684,1764.0
1145,custom,resnet34,19,6507,128,4,4,0.494411,89.0625,96.09375,0.000255,0.069385,0.06964,1838.0183,183.3657,1764.0,1287.0684,1764.0
1145,custom,resnet34,19,6508,128,4,4,0.555609,85.15625,97.65625,0.000259,0.068768,0.069027,1854.3531,183.3657,1764.0,1287.0684,1764.0
1145,custom,resnet34,19,6509,128,4,4,0.368059,89.84375,99.21875,0.000251,0.068949,0.0692,1849.7157,183.3657,1764.0,1287.0684,1764.0
1145,custom,resnet34,19,6510,128,4,4,0.482816,89.0625,98.4375,0.000285,0.068908,0.069193,1849.9065,183.3657,1764.0,1287.0684,1764.0
1145,custom,resnet34,19,6511,128,4,4,0.383377,86.71875,99.21875,0.000274,0.069062,0.069336,1846.0788,183.3657,1764.0,1287.0684,1764.0
1145,custom,resnet34,19,6512,128,4,4,0.468699,86.71875,98.4375,0.000457,0.068835,0.069292,1847.2463,183.3657,1764.0,1287.0684,1764.0
1145,custom,resnet34,19,6513,128,4,4,0.484355,87.5,99.21875,0.000428,0.075281,0.075709,1690.6797,183.3657,1764.0,1287.0684,1764.0
1145,custom,resnet34,19,6514,128,4,4,0.373586,90.625,99.21875,0.00031,0.068863,0.069173,1850.4237,183.3657,1764.0,1287.0684,1764.0
1145,custom,resnet34,19,6515,128,4,4,0.358445,89.84375,100.0,0.000485,0.069209,0.069694,1836.6021,183.3657,1764.0,1287.0684,1764.0
1145,custom,resnet34,19,6516,128,4,4,0.385474,89.84375,99.21875,0.000173,0.068605,0.068778,1861.0644,183.3657,1764.0,1287.0684,1764.0
1145,custom,resnet34,19,6517,128,4,4,0.380311,89.84375,98.4375,0.000173,0.068949,0.069122,1851.8039,183.3657,1764.0,1287.0684,1764.0
1145,custom,resnet34,19,6518,128,4,4,0.457793,86.71875,98.4375,0.000163,0.069014,0.069177,1850.3297,183.3657,1764.0,1287.0684,1764.0
1145,custom,resnet34,19,6519,128,4,4,0.477777,84.375,97.65625,0.000153,0.069291,0.069444,1843.2226,183.3657,1764.0,1287.0684,1764.0
1145,custom,resnet34,19,6520,128,4,4,0.434236,88.28125,96.875,0.000157,0.069264,0.06942,1843.8364,183.3657,1764.0,1287.0684,1764.0
1145,custom,resnet34,19,6521,128,4,4,0.387136,92.1875,99.21875,0.000167,0.068958,0.069126,1851.6995,183.3657,1764.0,1287.0684,1764.0
1145,custom,resnet34,19,6522,128,4,4,0.485175,89.0625,98.4375,0.000325,0.068918,0.069243,1848.5543,183.3657,1764.0,1287.0684,1764.0
1145,custom,resnet34,19,6523,128,4,4,0.392008,89.84375,98.4375,0.000293,0.069072,0.069365,1845.3191,183.3657,1764.0,1287.0684,1764.0
1145,custom,resnet34,19,6524,128,4,4,0.390103,88.28125,99.21875,0.000167,0.068821,0.068988,1855.3887,183.3657,1764.0,1287.0684,1764.0
1145,custom,resnet34,19,6525,128,4,4,0.457425,87.5,99.21875,0.00028,0.068873,0.069153,1850.9741,183.3657,1764.0,1287.0684,1764.0
1145,custom,resnet34,19,6526,128,4,4,0.46052,86.71875,98.4375,0.000167,0.068781,0.068948,1856.4605,183.3657,1764.0,1287.0684,1764.0
1145,custom,resnet34,19,6527,128,4,4,0.437495,89.0625,99.21875,0.000244,0.068991,0.069235,1848.7843,183.3657,1764.0,1287.0684,1764.0
1145,custom,resnet34,19,6528,128,4,4,0.440606,86.71875,99.21875,0.000303,0.068905,0.069208,1849.5089,183.3657,1764.0,1287.0684,1764.0
1145,custom,resnet34,19,6529,128,4,4,0.398751,89.84375,99.21875,0.000179,0.069005,0.069184,1850.1397,183.3657,1764.0,1287.0684,1764.0
1145,custom,resnet34,19,6530,128,4,4,0.589006,80.46875,99.21875,0.000291,0.068729,0.06902,1854.5394,183.3657,1764.0,1287.0684,1764.0
1145,custom,resnet34,19,6531,128,4,4,0.466026,87.5,99.21875,0.000267,0.069231,0.069498,1841.7835,183.3657,1764.0,1287.0684,1764.0
1145,custom,resnet34,19,6532,128,4,4,0.395975,88.28125,99.21875,0.000272,0.068958,0.06923,1848.8986,183.3657,1764.0,1287.0684,1764.0
1145,custom,resnet34,19,6533,128,4,4,0.446705,84.375,100.0,0.000149,0.068946,0.069095,1852.5092,183.3657,1764.0,1287.0684,1764.0
1145,custom,resnet34,19,6534,128,4,4,0.446804,89.0625,97.65625,0.000265,0.068512,0.068778,1861.0735,183.3657,1764.0,1287.0684,1764.0
1145,custom,resnet34,19,6535,128,4,4,0.396482,87.5,99.21875,0.000249,0.069094,0.069343,1845.8969,183.3657,1764.0,1287.0684,1764.0
1145,custom,resnet34,19,6536,128,4,4,0.466898,88.28125,98.4375,0.000286,0.068989,0.069275,1847.7194,183.3657,1764.0,1287.0684,1764.0
1145,custom,resnet34,19,6537,128,4,4,0.445513,87.5,98.4375,0.000159,0.068858,0.069017,1854.62,183.3657,1764.0,1287.0684,1764.0
1145,custom,resnet34,19,6538,128,4,4,0.468654,85.9375,98.4375,0.000157,0.068796,0.068953,1856.3315,183.3657,1764.0,1287.0684,1764.0
1145,custom,resnet34,19,6539,128,4,4,0.305595,92.96875,100.0,0.000482,0.069261,0.069743,1835.3134,183.3657,1764.0,1287.0684,1764.0
1145,custom,resnet34,19,6540,128,4,4,0.483604,86.71875,97.65625,0.000256,0.068864,0.06912,1851.8569,183.3657,1764.0,1287.0684,1764.0
1145,custom,resnet34,19,6541,128,4,4,0.423532,85.9375,99.21875,0.000155,0.068672,0.068827,1859.7468,183.3657,1764.0,1287.0684,1764.0
1145,custom,resnet34,19,6542,128,4,4,0.468347,86.71875,97.65625,0.000264,0.068785,0.069049,1853.7613,183.3657,1764.0,1287.0684,1764.0
1145,custom,resnet34,19,6543,128,4,4,0.531662,82.8125,97.65625,0.000254,0.069055,0.069309,1846.7977,183.3657,1764.0,1287.0684,1764.0
1145,custom,resnet34,19,6544,128,4,4,0.41485,88.28125,98.4375,0.0003,0.068721,0.069022,1854.4943,183.3657,1764.0,1287.0684,1764.0
1145,custom,resnet34,19,6545,128,4,4,0.522613,87.5,97.65625,0.000174,0.068699,0.068873,1858.5022,183.3657,1764.0,1287.0684,1764.0
1145,custom,resnet34,19,6546,128,4,4,0.52587,86.71875,97.65625,0.00016,0.068782,0.068943,1856.6128,183.3657,1764.0,1287.0684,1764.0
1145,custom,resnet34,19,6547,128,4,4,0.431692,85.15625,98.4375,0.00026,0.06902,0.069281,1847.5593,183.3657,1764.0,1287.0684,1764.0
1145,custom,resnet34,19,6548,128,4,4,0.56893,83.59375,96.09375,0.000254,0.068813,0.069067,1853.2758,183.3657,1764.0,1287.0684,1764.0
1145,custom,resnet34,19,6549,128,4,4,0.499916,84.375,98.4375,0.000157,0.068787,0.068945,1856.5637,183.3657,1764.0,1287.0684,1764.0
1145,custom,resnet34,19,6550,128,4,4,0.417444,90.625,98.4375,0.000295,0.068941,0.069236,1848.7376,183.3657,1764.0,1287.0684,1764.0
1145,custom,resnet34,19,6551,128,4,4,0.465365,85.9375,96.875,0.000258,0.069012,0.06927,1847.8323,183.3657,1764.0,1287.0684,1764.0
1145,custom,resnet34,19,6552,128,4,4,0.584494,81.25,96.09375,0.000336,0.068703,0.069039,1854.026,183.3657,1764.0,1287.0684,1764.0
1145,custom,resnet34,19,6553,128,4,4,0.431423,89.0625,100.0,0.000272,0.068852,0.069124,1851.7448,183.3657,1764.0,1287.0684,1764.0
1145,custom,resnet34,19,6554,128,4,4,0.394852,89.84375,99.21875,0.000263,0.068939,0.069202,1849.6478,183.3657,1764.0,1287.0684,1764.0
1145,custom,resnet34,19,6555,128,4,4,0.381623,90.625,98.4375,0.000166,0.069186,0.069352,1845.6565,183.3657,1764.0,1287.0684,1764.0
1145,custom,resnet34,19,6556,128,4,4,0.473073,88.28125,100.0,0.000157,0.068891,0.069048,1853.7917,183.3657,1764.0,1287.0684,1764.0
1145,custom,resnet34,19,6557,128,4,4,0.559805,82.8125,97.65625,0.000178,0.069036,0.069214,1849.3484,183.3657,1764.0,1287.0684,1764.0
1145,custom,resnet34,19,6558,128,4,4,0.459503,88.28125,100.0,0.000169,0.069078,0.069247,1848.4564,183.3657,1764.0,1287.0684,1764.0
1145,custom,resnet34,19,6559,128,4,4,0.415121,91.40625,98.4375,0.000263,0.069082,0.069345,1845.8435,183.3657,1764.0,1287.0684,1764.0
1145,custom,resnet34,19,6560,128,4,4,0.432841,87.5,99.21875,0.000288,0.068709,0.068997,1855.1501,183.3657,1764.0,1287.0684,1764.0
1145,custom,resnet34,19,6561,128,4,4,0.499917,87.5,99.21875,0.000149,0.069041,0.06919,1849.9705,183.3657,1764.0,1287.0684,1764.0
1145,custom,resnet34,19,6562,128,4,4,0.413782,88.28125,99.21875,0.000284,0.068976,0.06926,1848.1102,183.3657,1764.0,1287.0684,1764.0
1145,custom,resnet34,19,6563,128,4,4,0.35132,89.84375,99.21875,0.000247,0.069206,0.069453,1842.9666,183.3657,1764.0,1287.0684,1764.0
1145,custom,resnet34,19,6564,128,4,4,0.405766,86.71875,100.0,0.000244,0.068859,0.069102,1852.3256,183.3657,1764.0,1287.0684,1764.0
1145,custom,resnet34,19,6565,128,4,4,0.250444,95.3125,100.0,0.000191,0.068906,0.069096,1852.4916,183.3657,1764.0,1287.0684,1764.0
1145,custom,resnet34,19,6566,128,4,4,0.599259,85.15625,95.3125,0.000163,0.068866,0.069029,1854.2889,183.3657,1764.0,1287.0684,1764.0
1145,custom,resnet34,19,6567,128,4,4,0.410551,88.28125,99.21875,0.000258,0.06911,0.069368,1845.2217,183.3657,1764.0,1287.0684,1764.0
1145,custom,resnet34,19,6568,128,4,4,0.447555,88.28125,98.4375,0.000249,0.068857,0.069106,1852.2228,183.3657,1764.0,1287.0684,1764.0
1145,custom,resnet34,19,6569,128,4,4,0.386861,89.84375,97.65625,0.000155,0.068902,0.069057,1853.5464,183.3657,1764.0,1287.0684,1764.0
1145,custom,resnet34,19,6570,128,4,4,0.48771,85.15625,99.21875,0.000253,0.069048,0.069301,1847.0053,183.3657,1764.0,1287.0684,1764.0
1145,custom,resnet34,19,6571,128,4,4,0.417495,86.71875,96.875,0.000169,0.069401,0.06957,1839.8842,183.3657,1764.0,1287.0684,1764.0
1145,custom,resnet34,19,6572,128,4,4,0.382949,89.84375,100.0,0.000305,0.068725,0.06903,1854.2772,183.3657,1764.0,1287.0684,1764.0
1145,custom,resnet34,19,6573,128,4,4,0.332709,91.40625,100.0,0.000154,0.068883,0.069037,1854.0777,183.3657,1764.0,1287.0684,1764.0
1145,custom,resnet34,19,6574,128,4,4,0.488883,89.0625,97.65625,0.000156,0.068884,0.06904,1853.9953,183.3657,1764.0,1287.0684,1764.0
1145,custom,resnet34,19,6575,128,4,4,0.411425,85.9375,99.21875,0.00044,0.069419,0.069859,1832.2511,183.3657,1764.0,1287.0684,1764.0
1145,custom,resnet34,19,6576,128,4,4,0.374519,89.84375,99.21875,0.000259,0.06898,0.069239,1848.6724,183.3657,1764.0,1287.0684,1764.0
1145,custom,resnet34,19,6577,128,4,4,0.429929,86.71875,100.0,0.000148,0.06883,0.068979,1855.6503,183.3657,1764.0,1287.0684,1764.0
1145,custom,resnet34,19,6578,128,4,4,0.45384,87.5,99.21875,0.000265,0.06877,0.069035,1854.1323,183.3657,1764.0,1287.0684,1764.0
1145,custom,resnet34,19,6579,128,4,4,0.568521,83.59375,97.65625,0.000242,0.069375,0.069617,1838.6396,183.3657,1764.0,1287.0684,1764.0
1145,custom,resnet34,19,6580,128,4,4,0.475621,88.28125,97.65625,0.000235,0.068802,0.069037,1854.0765,183.3657,1764.0,1287.0684,1764.0
1145,custom,resnet34,19,6581,128,4,4,0.361269,92.1875,97.65625,0.000149,0.069059,0.069208,1849.4985,183.3657,1764.0,1287.0684,1764.0
1145,custom,resnet34,19,6582,128,4,4,0.443267,86.71875,98.4375,0.000144,0.068987,0.06913,1851.5713,183.3657,1764.0,1287.0684,1764.0
1145,custom,resnet34,19,6583,128,4,4,0.401259,89.84375,99.21875,0.00045,0.069157,0.069607,1838.9053,183.3657,1764.0,1287.0684,1764.0
1145,custom,resnet34,19,6584,128,4,4,0.473033,88.28125,98.4375,0.000308,0.068731,0.069039,1854.0228,183.3657,1764.0,1287.0684,1764.0
1145,custom,resnet34,19,6585,128,4,4,0.394809,89.84375,98.4375,0.000265,0.068955,0.06922,1849.1669,183.3657,1764.0,1287.0684,1764.0
1145,custom,resnet34,19,6586,128,4,4,0.326876,92.1875,99.21875,0.000489,0.068726,0.069216,1849.2967,183.3657,1764.0,1287.0684,1764.0
1145,custom,resnet34,19,6587,128,4,4,0.48162,85.9375,99.21875,0.000248,0.06897,0.069218,1849.2398,183.3657,1764.0,1287.0684,1764.0
1145,custom,resnet34,19,6588,128,4,4,0.537667,81.25,98.4375,0.000442,0.068712,0.069154,1850.9289,183.3657,1764.0,1287.0684,1764.0
1145,custom,resnet34,19,6589,128,4,4,0.40184,87.5,98.4375,0.000518,0.068813,0.069331,1846.2151,183.3657,1764.0,1287.0684,1764.0
1145,custom,resnet34,19,6590,128,4,4,0.430169,88.28125,97.65625,0.000271,0.06883,0.069101,1852.3572,183.3657,1764.0,1287.0684,1764.0
1145,custom,resnet34,19,6591,128,4,4,0.434966,89.0625,97.65625,0.000472,0.068903,0.069375,1845.0545,183.3657,1764.0,1287.0684,1764.0
1145,custom,resnet34,19,6592,128,4,4,0.437641,87.5,98.4375,0.000219,0.069354,0.069573,1839.7819,183.3657,1764.0,1287.0684,1764.0
1145,custom,resnet34,19,6593,128,4,4,0.377953,88.28125,100.0,0.000167,0.069058,0.069225,1849.044,183.3657,1764.0,1287.0684,1764.0
1145,custom,resnet34,19,6594,128,4,4,0.352725,89.84375,100.0,0.000297,0.068772,0.069069,1853.2198,183.3657,1764.0,1287.0684,1764.0
1145,custom,resnet34,19,6595,128,4,4,0.385622,85.9375,99.21875,0.000248,0.069064,0.069312,1846.7275,183.3657,1764.0,1287.0684,1764.0
1145,custom,resnet34,19,6596,128,4,4,0.416696,87.5,99.21875,0.000246,0.069036,0.069282,1847.5301,183.3657,1764.0,1287.0684,1764.0
1145,custom,resnet34,19,6597,128,4,4,0.432173,85.9375,97.65625,0.000182,0.068949,0.069131,1851.5648,183.3657,1764.0,1287.0684,1764.0
1145,custom,resnet34,19,6598,128,4,4,0.661267,82.03125,95.3125,0.000267,0.068695,0.068963,1856.0779,183.3657,1764.0,1287.0684,1764.0
1145,custom,resnet34,19,6599,128,4,4,0.361558,92.96875,99.21875,0.00026,0.069051,0.069312,1846.7292,183.3657,1764.0,1287.0684,1764.0
1145,custom,resnet34,19,6600,128,4,4,0.600402,77.34375,98.4375,0.000237,0.0688,0.069037,1854.0913,183.3657,1764.0,1287.0684,1764.0
1145,custom,resnet34,19,6601,128,4,4,0.471901,87.5,100.0,0.000204,0.068759,0.068962,1856.092,183.3657,1764.0,1287.0684,1764.0
1145,custom,resnet34,19,6602,128,4,4,0.499623,85.9375,97.65625,0.000259,0.06875,0.069009,1854.8379,183.3657,1764.0,1287.0684,1764.0
1145,custom,resnet34,19,6603,128,4,4,0.393243,90.625,100.0,0.000253,0.069103,0.069356,1845.5611,183.3657,1764.0,1287.0684,1764.0
1145,custom,resnet34,19,6604,128,4,4,0.462601,87.5,97.65625,0.000256,0.06881,0.069066,1853.2981,183.3657,1764.0,1287.0684,1764.0
1145,custom,resnet34,19,6605,128,4,4,0.290751,92.96875,99.21875,0.000177,0.068728,0.068905,1857.6289,183.3657,1764.0,1287.0684,1764.0
1145,custom,resnet34,19,6606,128,4,4,0.620867,79.6875,97.65625,0.000176,0.068889,0.069066,1853.3069,183.3657,1764.0,1287.0684,1764.0
1145,custom,resnet34,19,6607,128,4,4,0.315201,91.40625,99.21875,0.000761,0.069166,0.069927,1830.4777,183.3657,1764.0,1287.0684,1764.0
1145,custom,resnet34,19,6608,128,4,4,0.433344,87.5,98.4375,0.000722,0.068713,0.069434,1843.464,183.3657,1764.0,1287.0684,1764.0
1145,custom,resnet34,19,6609,128,4,4,0.445493,84.375,99.21875,0.000193,0.068674,0.068867,1858.6663,183.3657,1764.0,1287.0684,1764.0
1145,custom,resnet34,19,6610,128,4,4,0.457464,85.9375,98.4375,0.000176,0.068946,0.069122,1851.7872,183.3657,1764.0,1287.0684,1764.0
1145,custom,resnet34,19,6611,128,4,4,0.562397,82.03125,97.65625,0.000804,0.069333,0.070137,1824.999,183.3657,1764.0,1287.0684,1764.0
1145,custom,resnet34,19,6612,128,4,4,0.386396,87.5,99.21875,0.000447,0.072233,0.07268,1761.1561,183.3657,1764.0,1287.0684,1764.0
1145,custom,resnet34,19,6613,128,4,4,0.487975,85.9375,96.875,0.000174,0.068946,0.06912,1851.8466,183.3657,1764.0,1287.0684,1764.0
1145,custom,resnet34,19,6614,128,4,4,0.432894,90.625,98.4375,0.000264,0.068815,0.069079,1852.9487,183.3657,1764.0,1287.0684,1764.0
1145,custom,resnet34,19,6615,128,4,4,0.537442,82.8125,97.65625,0.000242,0.069327,0.069569,1839.908,183.3657,1764.0,1287.0684,1764.0
1145,custom,resnet34,19,6616,128,4,4,0.504095,81.25,99.21875,0.000432,0.071174,0.071607,1787.5409,183.3657,1764.0,1287.0684,1764.0
1145,custom,resnet34,19,6617,128,4,4,0.469931,86.71875,97.65625,0.000325,0.068876,0.0692,1849.701,183.3657,1764.0,1287.0684,1764.0
1145,custom,resnet34,19,6618,128,4,4,0.452948,88.28125,98.4375,0.000423,0.069026,0.069449,1843.0819,183.3657,1764.0,1287.0684,1764.0
1145,custom,resnet34,19,6619,128,4,4,0.488437,84.375,96.875,0.000417,0.069185,0.069601,1839.0413,183.3657,1764.0,1287.0684,1764.0
1145,custom,resnet34,19,6620,128,4,4,0.331595,92.1875,99.21875,0.000475,0.075235,0.075709,1690.676,183.3657,1764.0,1287.0684,1764.0
1145,custom,resnet34,19,6621,128,4,4,0.437196,89.0625,98.4375,0.000289,0.06876,0.069049,1853.756,183.3657,1764.0,1287.0684,1764.0
1145,custom,resnet34,19,6622,128,4,4,0.400447,88.28125,98.4375,0.000255,0.068769,0.069023,1854.4433,183.3657,1764.0,1287.0684,1764.0
1145,custom,resnet34,19,6623,128,4,4,0.461736,86.71875,98.4375,0.000416,0.070017,0.070434,1817.3134,183.3657,1764.0,1287.0684,1764.0
1145,custom,resnet34,19,6624,128,4,4,0.389189,91.40625,98.4375,0.000488,0.068706,0.069194,1849.8755,183.3657,1764.0,1287.0684,1764.0
1145,custom,resnet34,19,6625,128,4,4,0.475574,84.375,97.65625,0.000436,0.07653,0.076967,1663.0611,183.3657,1764.0,1287.0684,1764.0
1145,custom,resnet34,19,6626,128,4,4,0.38064,91.40625,99.21875,0.000159,0.069033,0.069193,1849.9093,183.3657,1764.0,1287.0684,1764.0
1145,custom,resnet34,19,6627,128,4,4,0.560915,81.25,96.875,0.000469,0.069172,0.069641,1837.9885,183.3657,1764.0,1287.0684,1764.0
1145,custom,resnet34,19,6628,128,4,4,0.435011,87.5,97.65625,0.00015,0.069002,0.069152,1850.9879,183.3657,1764.0,1287.0684,1764.0
1145,custom,resnet34,19,6629,128,4,4,0.42358,84.375,99.21875,0.000455,0.068731,0.069187,1850.0715,183.3657,1764.0,1287.0684,1764.0
1145,custom,resnet34,19,6630,128,4,4,0.46856,89.0625,98.4375,0.000277,0.068958,0.069235,1848.7857,183.3657,1764.0,1287.0684,1764.0
1145,custom,resnet34,19,6631,128,4,4,0.375876,90.625,98.4375,0.000292,0.069243,0.069535,1840.805,183.3657,1764.0,1287.0684,1764.0
1145,custom,resnet34,19,6632,128,4,4,0.359412,91.40625,98.4375,0.000286,0.068757,0.069043,1853.9176,183.3657,1764.0,1287.0684,1764.0
1145,custom,resnet34,19,6633,128,4,4,0.324272,93.75,100.0,0.000254,0.068811,0.069065,1853.3268,183.3657,1764.0,1287.0684,1764.0
1145,custom,resnet34,19,6634,128,4,4,0.399181,88.28125,97.65625,0.000425,0.069043,0.069468,1842.5702,183.3657,1764.0,1287.0684,1764.0
1145,custom,resnet34,19,6635,128,4,4,0.444738,87.5,97.65625,0.000457,0.069426,0.069883,1831.6388,183.3657,1764.0,1287.0684,1764.0
1145,custom,resnet34,19,6636,128,4,4,0.372453,89.0625,99.21875,0.000286,0.068932,0.069219,1849.2102,183.3657,1764.0,1287.0684,1764.0
1145,custom,resnet34,19,6637,128,4,4,0.396261,86.71875,99.21875,0.001264,0.069485,0.070749,1809.225,183.3657,1764.0,1287.0684,1764.0
1145,custom,resnet34,19,6638,128,4,4,0.416236,89.0625,100.0,0.000174,0.069146,0.069321,1846.4845,183.3657,1764.0,1287.0684,1764.0
1145,custom,resnet34,19,6639,128,4,4,0.485839,86.71875,96.875,0.000157,0.069468,0.069625,1838.4222,183.3657,1764.0,1287.0684,1764.0
1145,custom,resnet34,19,6640,128,4,4,0.463288,88.28125,97.65625,0.000459,0.068693,0.069153,1850.9792,183.3657,1764.0,1287.0684,1764.0
1145,custom,resnet34,19,6641,128,4,4,0.461686,85.15625,99.21875,0.000468,0.070946,0.071414,1792.365,183.3657,1764.0,1287.0684,1764.0
1145,custom,resnet34,19,6642,128,4,4,0.454455,85.15625,99.21875,0.000261,0.068849,0.06911,1852.1298,183.3657,1764.0,1287.0684,1764.0
1145,custom,resnet34,19,6643,128,4,4,0.392576,89.0625,99.21875,0.000175,0.069357,0.069532,1840.8835,183.3657,1764.0,1287.0684,1764.0
1145,custom,resnet34,19,6644,128,4,4,0.435103,88.28125,98.4375,0.000155,0.068834,0.068989,1855.3663,183.3657,1764.0,1287.0684,1764.0
1145,custom,resnet34,19,6645,128,4,4,0.430472,89.0625,100.0,0.000469,0.071881,0.07235,1769.172,183.3657,1764.0,1287.0684,1764.0
1145,custom,resnet34,19,6646,128,4,4,0.386589,88.28125,100.0,0.000178,0.068966,0.069144,1851.2026,183.3657,1764.0,1287.0684,1764.0
1145,custom,resnet34,19,6647,128,4,4,0.488022,85.15625,98.4375,0.000288,0.069047,0.069335,1846.1145,183.3657,1764.0,1287.0684,1764.0
1145,custom,resnet34,19,6648,128,4,4,0.538323,85.15625,98.4375,0.000269,0.068694,0.068962,1856.0814,183.3657,1764.0,1287.0684,1764.0
1145,custom,resnet34,19,6649,128,4,4,0.573572,82.03125,96.09375,0.000277,0.068713,0.06899,1855.3545,183.3657,1764.0,1287.0684,1764.0
1145,custom,resnet34,19,6650,128,4,4,0.35616,93.75,98.4375,0.00089,0.069056,0.069946,1829.992,183.3657,1764.0,1287.0684,1764.0
1145,custom,resnet34,19,6651,128,4,4,0.45387,85.15625,98.4375,0.000256,0.068929,0.069186,1850.0922,183.3657,1764.0,1287.0684,1764.0
1145,custom,resnet34,19,6652,128,4,4,0.516906,86.71875,97.65625,0.000286,0.068943,0.069229,1848.9309,183.3657,1764.0,1287.0684,1764.0
1145,custom,resnet34,19,6653,128,4,4,0.411177,88.28125,98.4375,0.000263,0.068992,0.069255,1848.2425,183.3657,1764.0,1287.0684,1764.0
1145,custom,resnet34,19,6654,128,4,4,0.379829,89.84375,100.0,0.000259,0.068856,0.069115,1851.9937,183.3657,1764.0,1287.0684,1764.0
1145,custom,resnet34,19,6655,128,4,4,0.341735,89.84375,99.21875,0.000277,0.069087,0.069363,1845.354,183.3657,1764.0,1287.0684,1764.0
1145,custom,resnet34,19,6656,128,4,4,0.566364,84.375,96.875,0.000272,0.068805,0.069077,1852.9924,183.3657,1764.0,1287.0684,1764.0
1145,custom,resnet34,19,6657,128,4,4,0.455179,89.0625,99.21875,0.000257,0.068794,0.069051,1853.7111,183.3657,1764.0,1287.0684,1764.0
1145,custom,resnet34,19,6658,128,4,4,0.361908,91.40625,97.65625,0.000271,0.068642,0.068913,1857.4061,183.3657,1764.0,1287.0684,1764.0
1145,custom,resnet34,19,6659,128,4,4,0.49735,83.59375,98.4375,0.000266,0.069053,0.06932,1846.5172,183.3657,1764.0,1287.0684,1764.0
1145,custom,resnet34,19,6660,128,4,4,0.324759,93.75,99.21875,0.000173,0.069113,0.069286,1847.414,183.3657,1764.0,1287.0684,1764.0
1145,custom,resnet34,19,6661,128,4,4,0.533066,86.71875,96.875,0.000249,0.068927,0.069177,1850.3386,183.3657,1764.0,1287.0684,1764.0
1145,custom,resnet34,19,6662,128,4,4,0.447978,85.9375,99.21875,0.000253,0.068941,0.069194,1849.8703,183.3657,1764.0,1287.0684,1764.0
1145,custom,resnet34,19,6663,128,4,4,0.42353,86.71875,99.21875,0.000249,0.06933,0.06958,1839.6207,183.3657,1764.0,1287.0684,1764.0
1145,custom,resnet34,19,6664,128,4,4,0.452719,85.9375,99.21875,0.000228,0.069059,0.069287,1847.3992,183.3657,1764.0,1287.0684,1764.0
1145,custom,resnet34,19,6665,128,4,4,0.523678,80.46875,95.3125,0.00024,0.069066,0.069306,1846.8764,183.3657,1764.0,1287.0684,1764.0
1145,custom,resnet34,19,6666,128,4,4,0.386902,90.625,99.21875,0.000226,0.068646,0.068872,1858.5219,183.3657,1764.0,1287.0684,1764.0
1145,custom,resnet34,19,6667,128,4,4,0.40787,89.84375,98.4375,0.000255,0.068734,0.068989,1855.361,183.3657,1764.0,1287.0684,1764.0
1145,custom,resnet34,19,6668,128,4,4,0.443282,87.5,100.0,0.00025,0.068533,0.068783,1860.9342,183.3657,1764.0,1287.0684,1764.0
1145,custom,resnet34,19,6669,128,4,4,0.593787,81.25,96.09375,0.000254,0.068516,0.068771,1861.2573,183.3657,1764.0,1287.0684,1764.0
1145,custom,resnet34,19,6670,128,4,4,0.450231,86.71875,99.21875,0.000417,0.068515,0.068932,1856.9079,183.3657,1764.0,1287.0684,1764.0
1145,custom,resnet34,19,6671,128,4,4,0.398978,87.5,99.21875,0.001144,0.074145,0.075289,1700.1171,183.3657,1764.0,1287.0684,1764.0
1145,custom,resnet34,19,6672,128,4,4,0.391719,89.0625,98.4375,0.001584,0.069177,0.070761,1808.9136,183.3657,1764.0,1287.0684,1764.0
1145,custom,resnet34,19,6673,128,4,4,0.375164,87.5,99.21875,0.000331,0.068333,0.068664,1864.1482,183.3657,1764.0,1287.0684,1764.0
1145,custom,resnet34,19,6674,128,4,4,0.500696,84.375,98.4375,0.000413,0.075051,0.075464,1696.1695,183.3657,1764.0,1287.0684,1764.0
1145,custom,resnet34,19,6675,128,4,4,0.485005,85.9375,97.65625,0.000425,0.074673,0.075098,1704.4323,183.3657,1764.0,1287.0684,1764.0
1145,custom,resnet34,19,6676,128,4,4,0.595279,83.59375,97.65625,0.000497,0.069189,0.069686,1836.8175,183.3657,1764.0,1287.0684,1764.0
1145,custom,resnet34,19,6677,128,4,4,0.423858,86.71875,100.0,0.000298,0.068245,0.068544,1867.4216,183.3657,1764.0,1287.0684,1764.0
1145,custom,resnet34,19,6678,128,4,4,0.471146,85.15625,99.21875,0.000408,0.068383,0.068791,1860.7162,183.3657,1764.0,1287.0684,1764.0
1145,custom,resnet34,19,6679,128,4,4,0.328765,92.1875,99.21875,0.000459,0.068705,0.069164,1850.6851,183.3657,1764.0,1287.0684,1764.0
1145,custom,resnet34,19,6680,128,4,4,0.509797,85.9375,97.65625,0.00386,0.068724,0.072585,1763.4568,183.3657,1764.0,1287.0684,1764.0
1145,custom,resnet34,19,6681,128,4,4,0.482154,84.375,98.4375,0.000285,0.068465,0.06875,1861.8061,183.3657,1764.0,1287.0684,1764.0
1145,custom,resnet34,19,6682,128,4,4,0.47168,85.15625,99.21875,0.000121,0.068473,0.068593,1866.0726,183.3657,1764.0,1287.0684,1764.0
1145,custom,resnet34,19,6683,128,4,4,0.468696,85.9375,97.65625,0.000258,0.06888,0.069137,1851.395,183.3657,1764.0,1287.0684,1764.0
1145,custom,resnet34,19,6684,128,4,4,0.485251,84.375,100.0,0.000208,0.068509,0.068717,1862.7014,183.3657,1764.0,1287.0684,1764.0
1145,custom,resnet34,19,6685,128,4,4,0.3997,89.84375,98.4375,0.000121,0.068438,0.068559,1867.0061,183.3657,1764.0,1287.0684,1764.0
1145,custom,resnet34,19,6686,128,4,4,0.481688,84.375,98.4375,0.000138,0.068791,0.068929,1856.9771,183.3657,1764.0,1287.0684,1764.0
1145,custom,resnet34,19,6687,128,4,4,0.419318,88.28125,98.4375,0.00016,0.069299,0.069459,1842.8088,183.3657,1764.0,1287.0684,1764.0
1145,custom,resnet34,19,6688,128,4,4,0.359431,90.277778,98.611111,9.6e-05,0.038938,0.039034,1844.5356,182.1885,1764.0,1287.0684,1764.0
1145,custom,resnet34,20,6689,128,4,4,0.429666,88.28125,99.21875,0.09336,0.068943,0.162304,788.6452,183.3657,1764.0,1287.0684,1764.0
1145,custom,resnet34,20,6690,128,4,4,0.447322,86.71875,98.4375,0.000712,0.069181,0.069893,1831.358,183.3657,1764.0,1287.0684,1764.0
1145,custom,resnet34,20,6691,128,4,4,0.291152,92.96875,100.0,0.000239,0.068789,0.069029,1854.2998,183.3657,1764.0,1287.0684,1764.0
1145,custom,resnet34,20,6692,128,4,4,0.416422,89.0625,98.4375,0.000481,0.069274,0.069755,1834.9974,183.3657,1764.0,1287.0684,1764.0
1145,custom,resnet34,20,6693,128,4,4,0.33375,92.96875,99.21875,0.000211,0.06879,0.069001,1855.0492,183.3657,1764.0,1287.0684,1764.0
1145,custom,resnet34,20,6694,128,4,4,0.395049,89.84375,98.4375,0.000167,0.070116,0.070283,1821.2164,183.3657,1764.0,1287.0684,1764.0
1145,custom,resnet34,20,6695,128,4,4,0.268515,92.1875,99.21875,0.000299,0.068643,0.068941,1856.6556,183.3657,1764.0,1287.0684,1764.0
1145,custom,resnet34,20,6696,128,4,4,0.397201,89.0625,99.21875,0.000158,0.069064,0.069222,1849.11,183.3657,1764.0,1287.0684,1764.0
1145,custom,resnet34,20,6697,128,4,4,0.37639,88.28125,100.0,0.000295,0.068652,0.068947,1856.5022,183.3657,1764.0,1287.0684,1764.0
1145,custom,resnet34,20,6698,128,4,4,0.477851,86.71875,99.21875,0.000173,0.06886,0.069032,1854.2026,183.3657,1764.0,1287.0684,1764.0
1145,custom,resnet34,20,6699,128,4,4,0.528027,85.15625,98.4375,0.000314,0.068919,0.069233,1848.8226,183.3657,1764.0,1287.0684,1764.0
1145,custom,resnet34,20,6700,128,4,4,0.387638,89.0625,98.4375,0.000286,0.069183,0.069469,1842.5537,183.3657,1764.0,1287.0684,1764.0
1145,custom,resnet34,20,6701,128,4,4,0.424456,86.71875,98.4375,0.000254,0.068796,0.06905,1853.728,183.3657,1764.0,1287.0684,1764.0
1145,custom,resnet34,20,6702,128,4,4,0.370568,89.84375,100.0,0.000284,0.068838,0.069123,1851.7845,183.3657,1764.0,1287.0684,1764.0
1145,custom,resnet34,20,6703,128,4,4,0.447561,85.9375,99.21875,0.000299,0.068928,0.069228,1848.9744,183.3657,1764.0,1287.0684,1764.0
1145,custom,resnet34,20,6704,128,4,4,0.379317,89.84375,98.4375,0.000177,0.069284,0.069461,1842.7699,183.3657,1764.0,1287.0684,1764.0
1145,custom,resnet34,20,6705,128,4,4,0.270987,93.75,99.21875,0.000279,0.068923,0.069202,1849.6642,183.3657,1764.0,1287.0684,1764.0
1145,custom,resnet34,20,6706,128,4,4,0.497084,85.15625,96.875,0.000173,0.069082,0.069255,1848.2338,183.3657,1764.0,1287.0684,1764.0
1145,custom,resnet34,20,6707,128,4,4,0.416037,86.71875,98.4375,0.000302,0.069169,0.069472,1842.4805,183.3657,1764.0,1287.0684,1764.0
1145,custom,resnet34,20,6708,128,4,4,0.453553,88.28125,97.65625,0.000257,0.069198,0.069455,1842.9219,183.3657,1764.0,1287.0684,1764.0
1145,custom,resnet34,20,6709,128,4,4,0.355931,89.0625,100.0,0.000443,0.068985,0.069428,1843.6395,183.3657,1764.0,1287.0684,1764.0
1145,custom,resnet34,20,6710,128,4,4,0.415336,88.28125,99.21875,0.000209,0.069217,0.069426,1843.688,183.3657,1764.0,1287.0684,1764.0
1145,custom,resnet34,20,6711,128,4,4,0.407835,87.5,98.4375,0.000267,0.068978,0.069244,1848.5336,183.3657,1764.0,1287.0684,1764.0
1145,custom,resnet34,20,6712,128,4,4,0.342587,93.75,99.21875,0.000185,0.0691,0.069285,1847.4353,183.3657,1764.0,1287.0684,1764.0
1145,custom,resnet34,20,6713,128,4,4,0.454092,90.625,97.65625,0.000319,0.068842,0.069161,1850.7545,183.3657,1764.0,1287.0684,1764.0
1145,custom,resnet34,20,6714,128,4,4,0.363227,88.28125,98.4375,0.000182,0.068887,0.069069,1853.216,183.3657,1764.0,1287.0684,1764.0
1145,custom,resnet34,20,6715,128,4,4,0.402166,89.84375,99.21875,0.000443,0.069309,0.069753,1835.0593,183.3657,1764.0,1287.0684,1764.0
1145,custom,resnet34,20,6716,128,4,4,0.416711,90.625,99.21875,0.000188,0.069147,0.069335,1846.0987,183.3657,1764.0,1287.0684,1764.0
1145,custom,resnet34,20,6717,128,4,4,0.500437,86.71875,98.4375,0.000263,0.068917,0.06918,1850.2548,183.3657,1764.0,1287.0684,1764.0
1145,custom,resnet34,20,6718,128,4,4,0.392643,89.0625,99.21875,0.000178,0.068759,0.068938,1856.7524,183.3657,1764.0,1287.0684,1764.0
1145,custom,resnet34,20,6719,128,4,4,0.506057,86.71875,97.65625,0.000165,0.069016,0.069181,1850.2281,183.3657,1764.0,1287.0684,1764.0
1145,custom,resnet34,20,6720,128,4,4,0.356819,92.1875,100.0,0.000181,0.06948,0.069661,1837.4734,183.3657,1764.0,1287.0684,1764.0
1145,custom,resnet34,20,6721,128,4,4,0.380352,90.625,100.0,0.000276,0.068923,0.069199,1849.7381,183.3657,1764.0,1287.0684,1764.0
1145,custom,resnet34,20,6722,128,4,4,0.328894,91.40625,97.65625,0.000169,0.068874,0.069043,1853.9206,183.3657,1764.0,1287.0684,1764.0
1145,custom,resnet34,20,6723,128,4,4,0.420447,91.40625,98.4375,0.000159,0.068935,0.069094,1852.5388,183.3657,1764.0,1287.0684,1764.0
1145,custom,resnet34,20,6724,128,4,4,0.319386,92.1875,100.0,0.000162,0.069089,0.069252,1848.3351,183.3657,1764.0,1287.0684,1764.0
1145,custom,resnet34,20,6725,128,4,4,0.383281,91.40625,99.21875,0.000459,0.068813,0.069272,1847.7889,183.3657,1764.0,1287.0684,1764.0
1145,custom,resnet34,20,6726,128,4,4,0.370009,87.5,100.0,0.000336,0.068848,0.069184,1850.1479,183.3657,1764.0,1287.0684,1764.0
1145,custom,resnet34,20,6727,128,4,4,0.361338,92.1875,99.21875,0.000446,0.068938,0.069384,1844.8173,183.3657,1764.0,1287.0684,1764.0
1145,custom,resnet34,20,6728,128,4,4,0.318505,91.40625,100.0,0.00018,0.069175,0.069355,1845.5829,183.3657,1764.0,1287.0684,1764.0
1145,custom,resnet34,20,6729,128,4,4,0.440521,88.28125,97.65625,0.000268,0.068986,0.069254,1848.2812,183.3657,1764.0,1287.0684,1764.0
1145,custom,resnet34,20,6730,128,4,4,0.346202,89.84375,100.0,0.000309,0.069068,0.069378,1844.9679,183.3657,1764.0,1287.0684,1764.0
1145,custom,resnet34,20,6731,128,4,4,0.404138,88.28125,98.4375,0.00035,0.068967,0.069318,1846.5695,183.3657,1764.0,1287.0684,1764.0
1145,custom,resnet34,20,6732,128,4,4,0.463193,87.5,98.4375,0.000166,0.069164,0.069331,1846.2285,183.3657,1764.0,1287.0684,1764.0
1145,custom,resnet34,20,6733,128,4,4,0.437949,88.28125,98.4375,0.000283,0.06874,0.069023,1854.4546,183.3657,1764.0,1287.0684,1764.0
1145,custom,resnet34,20,6734,128,4,4,0.450809,89.84375,98.4375,0.000268,0.068657,0.068925,1857.1019,183.3657,1764.0,1287.0684,1764.0
1145,custom,resnet34,20,6735,128,4,4,0.481435,86.71875,98.4375,0.000312,0.068966,0.069279,1847.6088,183.3657,1764.0,1287.0684,1764.0
1145,custom,resnet34,20,6736,128,4,4,0.271518,95.3125,100.0,0.000205,0.069197,0.069402,1844.3165,183.3657,1764.0,1287.0684,1764.0
1145,custom,resnet34,20,6737,128,4,4,0.287514,93.75,100.0,0.000316,0.068595,0.068911,1857.4613,183.3657,1764.0,1287.0684,1764.0
1145,custom,resnet34,20,6738,128,4,4,0.372734,91.40625,98.4375,0.00032,0.068925,0.069245,1848.5099,183.3657,1764.0,1287.0684,1764.0
1145,custom,resnet34,20,6739,128,4,4,0.412862,87.5,100.0,0.000152,0.068922,0.069074,1853.0727,183.3657,1764.0,1287.0684,1764.0
1145,custom,resnet34,20,6740,128,4,4,0.423288,88.28125,98.4375,0.00028,0.069178,0.069459,1842.8155,183.3657,1764.0,1287.0684,1764.0
1145,custom,resnet34,20,6741,128,4,4,0.352118,89.84375,99.21875,0.000174,0.069121,0.069295,1847.1637,183.3657,1764.0,1287.0684,1764.0
1145,custom,resnet34,20,6742,128,4,4,0.349592,92.1875,99.21875,0.000309,0.068762,0.06907,1853.1821,183.3657,1764.0,1287.0684,1764.0
1145,custom,resnet34,20,6743,128,4,4,0.45083,89.84375,99.21875,0.000412,0.0691,0.069512,1841.4155,183.3657,1764.0,1287.0684,1764.0
1145,custom,resnet34,20,6744,128,4,4,0.414651,86.71875,99.21875,0.000546,0.069287,0.069833,1832.9469,183.3657,1764.0,1287.0684,1764.0
1145,custom,resnet34,20,6745,128,4,4,0.42755,88.28125,98.4375,0.000155,0.068999,0.069154,1850.9333,183.3657,1764.0,1287.0684,1764.0
1145,custom,resnet34,20,6746,128,4,4,0.541165,85.15625,98.4375,0.000154,0.068832,0.068986,1855.4546,183.3657,1764.0,1287.0684,1764.0
1145,custom,resnet34,20,6747,128,4,4,0.395436,87.5,99.21875,0.000461,0.068994,0.069455,1842.9087,183.3657,1764.0,1287.0684,1764.0
1145,custom,resnet34,20,6748,128,4,4,0.407809,85.9375,98.4375,0.000271,0.069213,0.069484,1842.1403,183.3657,1764.0,1287.0684,1764.0
1145,custom,resnet34,20,6749,128,4,4,0.460097,84.375,98.4375,0.000408,0.06883,0.069238,1848.6984,183.3657,1764.0,1287.0684,1764.0
1145,custom,resnet34,20,6750,128,4,4,0.321341,92.1875,100.0,0.000652,0.068891,0.069543,1840.583,183.3657,1764.0,1287.0684,1764.0
1145,custom,resnet34,20,6751,128,4,4,0.418985,87.5,97.65625,0.000273,0.068941,0.069214,1849.3403,183.3657,1764.0,1287.0684,1764.0
1145,custom,resnet34,20,6752,128,4,4,0.420273,88.28125,99.21875,0.002762,0.069959,0.072722,1760.1374,183.3657,1764.0,1287.0684,1764.0
1145,custom,resnet34,20,6753,128,4,4,0.420169,88.28125,98.4375,0.000216,0.06886,0.069076,1853.0362,183.3657,1764.0,1287.0684,1764.0
1145,custom,resnet34,20,6754,128,4,4,0.425736,87.5,100.0,0.000291,0.068983,0.069273,1847.7492,183.3657,1764.0,1287.0684,1764.0
1145,custom,resnet34,20,6755,128,4,4,0.364571,91.40625,98.4375,0.000266,0.068825,0.069091,1852.623,183.3657,1764.0,1287.0684,1764.0
1145,custom,resnet34,20,6756,128,4,4,0.31018,93.75,100.0,0.000185,0.069164,0.069349,1845.7307,183.3657,1764.0,1287.0684,1764.0
1145,custom,resnet34,20,6757,128,4,4,0.386387,90.625,98.4375,0.000176,0.068841,0.069017,1854.6079,183.3657,1764.0,1287.0684,1764.0
1145,custom,resnet34,20,6758,128,4,4,0.375478,91.40625,99.21875,0.000177,0.068876,0.069052,1853.6635,183.3657,1764.0,1287.0684,1764.0
1145,custom,resnet34,20,6759,128,4,4,0.431719,89.84375,99.21875,0.000273,0.068881,0.069154,1850.9458,183.3657,1764.0,1287.0684,1764.0
1145,custom,resnet34,20,6760,128,4,4,0.342237,92.1875,99.21875,0.000408,0.068979,0.069387,1844.7157,183.3657,1764.0,1287.0684,1764.0
1145,custom,resnet34,20,6761,128,4,4,0.306594,92.96875,100.0,0.000166,0.068933,0.069099,1852.4074,183.3657,1764.0,1287.0684,1764.0
1145,custom,resnet34,20,6762,128,4,4,0.418723,88.28125,98.4375,0.000188,0.06895,0.069138,1851.3756,183.3657,1764.0,1287.0684,1764.0
1145,custom,resnet34,20,6763,128,4,4,0.399001,87.5,100.0,0.000265,0.068801,0.069066,1853.3065,183.3657,1764.0,1287.0684,1764.0
1145,custom,resnet34,20,6764,128,4,4,0.49075,86.71875,97.65625,0.000156,0.069168,0.069324,1846.4077,183.3657,1764.0,1287.0684,1764.0
1145,custom,resnet34,20,6765,128,4,4,0.558722,85.15625,96.875,0.000155,0.069106,0.06926,1848.1042,183.3657,1764.0,1287.0684,1764.0
1145,custom,resnet34,20,6766,128,4,4,0.417842,89.0625,100.0,0.000237,0.068981,0.069217,1849.2437,183.3657,1764.0,1287.0684,1764.0
1145,custom,resnet34,20,6767,128,4,4,0.454929,85.15625,99.21875,0.000246,0.068906,0.069152,1850.986,183.3657,1764.0,1287.0684,1764.0
1145,custom,resnet34,20,6768,128,4,4,0.57291,82.8125,96.09375,0.000148,0.069217,0.069365,1845.3122,183.3657,1764.0,1287.0684,1764.0
1145,custom,resnet34,20,6769,128,4,4,0.333496,92.96875,100.0,0.000413,0.068848,0.069262,1848.0656,183.3657,1764.0,1287.0684,1764.0
1145,custom,resnet34,20,6770,128,4,4,0.349715,93.75,99.21875,0.000193,0.068638,0.068831,1859.6165,183.3657,1764.0,1287.0684,1764.0
1145,custom,resnet34,20,6771,128,4,4,0.293748,92.96875,100.0,0.000216,0.069001,0.069217,1849.2539,183.3657,1764.0,1287.0684,1764.0
1145,custom,resnet34,20,6772,128,4,4,0.409509,89.84375,98.4375,0.000144,0.06949,0.069634,1838.1723,183.3657,1764.0,1287.0684,1764.0
1145,custom,resnet34,20,6773,128,4,4,0.305286,91.40625,98.4375,0.000238,0.06899,0.069228,1848.9678,183.3657,1764.0,1287.0684,1764.0
1145,custom,resnet34,20,6774,128,4,4,0.448005,88.28125,99.21875,0.000167,0.069019,0.069186,1850.0885,183.3657,1764.0,1287.0684,1764.0
1145,custom,resnet34,20,6775,128,4,4,0.40287,89.84375,100.0,0.000277,0.068966,0.069243,1848.5672,183.3657,1764.0,1287.0684,1764.0
1145,custom,resnet34,20,6776,128,4,4,0.391502,92.1875,97.65625,0.00017,0.069477,0.069647,1837.8516,183.3657,1764.0,1287.0684,1764.0
1145,custom,resnet34,20,6777,128,4,4,0.358468,89.0625,99.21875,0.000274,0.06862,0.068893,1857.9499,183.3657,1764.0,1287.0684,1764.0
1145,custom,resnet34,20,6778,128,4,4,0.524789,85.9375,97.65625,0.000207,0.068885,0.069092,1852.6123,183.3657,1764.0,1287.0684,1764.0
1145,custom,resnet34,20,6779,128,4,4,0.415315,89.0625,96.875,0.000295,0.068841,0.069135,1851.4371,183.3657,1764.0,1287.0684,1764.0
1145,custom,resnet34,20,6780,128,4,4,0.4473,88.28125,98.4375,0.000168,0.069228,0.069396,1844.4805,183.3657,1764.0,1287.0684,1764.0
1145,custom,resnet34,20,6781,128,4,4,0.416692,86.71875,98.4375,0.000278,0.068736,0.069014,1854.7044,183.3657,1764.0,1287.0684,1764.0
1145,custom,resnet34,20,6782,128,4,4,0.344196,92.96875,99.21875,0.000289,0.06881,0.069099,1852.4272,183.3657,1764.0,1287.0684,1764.0
1145,custom,resnet34,20,6783,128,4,4,0.334484,91.40625,98.4375,0.000268,0.068855,0.069123,1851.7698,183.3657,1764.0,1287.0684,1764.0
1145,custom,resnet34,20,6784,128,4,4,0.403192,86.71875,98.4375,0.000247,0.069075,0.069322,1846.467,183.3657,1764.0,1287.0684,1764.0
1145,custom,resnet34,20,6785,128,4,4,0.360413,89.0625,100.0,0.000276,0.068967,0.069244,1848.5478,183.3657,1764.0,1287.0684,1764.0
1145,custom,resnet34,20,6786,128,4,4,0.273597,92.96875,100.0,0.000262,0.068916,0.069178,1850.2935,183.3657,1764.0,1287.0684,1764.0
1145,custom,resnet34,20,6787,128,4,4,0.507471,87.5,97.65625,0.000271,0.068865,0.069136,1851.426,183.3657,1764.0,1287.0684,1764.0
1145,custom,resnet34,20,6788,128,4,4,0.36049,92.1875,100.0,0.000162,0.069055,0.069217,1849.2638,183.3657,1764.0,1287.0684,1764.0
1145,custom,resnet34,20,6789,128,4,4,0.319267,92.1875,99.21875,0.000255,0.068828,0.069083,1852.8526,183.3657,1764.0,1287.0684,1764.0
1145,custom,resnet34,20,6790,128,4,4,0.366727,88.28125,99.21875,0.000181,0.068988,0.069169,1850.5426,183.3657,1764.0,1287.0684,1764.0
1145,custom,resnet34,20,6791,128,4,4,0.412386,89.84375,99.21875,0.000171,0.068581,0.068753,1861.7434,183.3657,1764.0,1287.0684,1764.0
1145,custom,resnet34,20,6792,128,4,4,0.485923,86.71875,97.65625,0.000157,0.069133,0.069291,1847.2832,183.3657,1764.0,1287.0684,1764.0
1145,custom,resnet34,20,6793,128,4,4,0.384379,90.625,98.4375,0.000237,0.068894,0.069131,1851.5499,183.3657,1764.0,1287.0684,1764.0
1145,custom,resnet34,20,6794,128,4,4,0.326097,92.1875,99.21875,0.00025,0.068883,0.069134,1851.4883,183.3657,1764.0,1287.0684,1764.0
1145,custom,resnet34,20,6795,128,4,4,0.324337,92.96875,100.0,0.000432,0.068872,0.069304,1846.9291,183.3657,1764.0,1287.0684,1764.0
1145,custom,resnet34,20,6796,128,4,4,0.442328,89.84375,99.21875,0.000425,0.070352,0.070777,1808.4941,183.3657,1764.0,1287.0684,1764.0
1145,custom,resnet34,20,6797,128,4,4,0.395326,89.0625,99.21875,0.000773,0.069292,0.070065,1826.8794,183.3657,1764.0,1287.0684,1764.0
1145,custom,resnet34,20,6798,128,4,4,0.350296,91.40625,98.4375,0.0003,0.068824,0.069124,1851.7547,183.3657,1764.0,1287.0684,1764.0
1145,custom,resnet34,20,6799,128,4,4,0.479985,85.9375,98.4375,0.000245,0.068922,0.069168,1850.5797,183.3657,1764.0,1287.0684,1764.0
1145,custom,resnet34,20,6800,128,4,4,0.323869,91.40625,99.21875,0.000282,0.069301,0.069583,1839.539,183.3657,1764.0,1287.0684,1764.0
1145,custom,resnet34,20,6801,128,4,4,0.545341,82.03125,97.65625,0.000622,0.069082,0.069704,1836.3238,183.3657,1764.0,1287.0684,1764.0
1145,custom,resnet34,20,6802,128,4,4,0.388102,91.40625,97.65625,0.000217,0.069007,0.069224,1849.0716,183.3657,1764.0,1287.0684,1764.0
1145,custom,resnet34,20,6803,128,4,4,0.302836,91.40625,99.21875,0.000547,0.069335,0.069882,1831.6602,183.3657,1764.0,1287.0684,1764.0
1145,custom,resnet34,20,6804,128,4,4,0.424654,87.5,99.21875,0.000158,0.069174,0.069332,1846.1822,183.3657,1764.0,1287.0684,1764.0
1145,custom,resnet34,20,6805,128,4,4,0.486436,84.375,100.0,0.000268,0.068893,0.069161,1850.7451,183.3657,1764.0,1287.0684,1764.0
1145,custom,resnet34,20,6806,128,4,4,0.414264,87.5,98.4375,0.000198,0.068965,0.069162,1850.7145,183.3657,1764.0,1287.0684,1764.0
1145,custom,resnet34,20,6807,128,4,4,0.498776,86.71875,97.65625,0.000335,0.06889,0.069225,1849.0437,183.3657,1764.0,1287.0684,1764.0
1145,custom,resnet34,20,6808,128,4,4,0.386089,87.5,100.0,0.000155,0.068934,0.069089,1852.6742,183.3657,1764.0,1287.0684,1764.0
1145,custom,resnet34,20,6809,128,4,4,0.548192,84.375,96.875,0.000416,0.069113,0.069529,1840.9615,183.3657,1764.0,1287.0684,1764.0
1145,custom,resnet34,20,6810,128,4,4,0.512119,86.71875,96.875,0.000574,0.068788,0.069362,1845.3971,183.3657,1764.0,1287.0684,1764.0
1145,custom,resnet34,20,6811,128,4,4,0.414934,85.15625,99.21875,0.000252,0.068899,0.069151,1851.0192,183.3657,1764.0,1287.0684,1764.0
1145,custom,resnet34,20,6812,128,4,4,0.303413,91.40625,98.4375,0.000176,0.068988,0.069164,1850.6861,183.3657,1764.0,1287.0684,1764.0
1145,custom,resnet34,20,6813,128,4,4,0.378061,91.40625,100.0,0.000272,0.068844,0.069116,1851.9575,183.3657,1764.0,1287.0684,1764.0
1145,custom,resnet34,20,6814,128,4,4,0.48591,85.9375,97.65625,0.000194,0.068992,0.069186,1850.0869,183.3657,1764.0,1287.0684,1764.0
1145,custom,resnet34,20,6815,128,4,4,0.414651,89.84375,98.4375,0.000306,0.068921,0.069227,1848.9852,183.3657,1764.0,1287.0684,1764.0
1145,custom,resnet34,20,6816,128,4,4,0.32739,94.53125,98.4375,0.000155,0.069539,0.069694,1836.5974,183.3657,1764.0,1287.0684,1764.0
1145,custom,resnet34,20,6817,128,4,4,0.400214,89.0625,99.21875,0.00025,0.069026,0.069276,1847.6726,183.3657,1764.0,1287.0684,1764.0
1145,custom,resnet34,20,6818,128,4,4,0.503784,88.28125,96.875,0.000205,0.068841,0.069046,1853.836,183.3657,1764.0,1287.0684,1764.0
1145,custom,resnet34,20,6819,128,4,4,0.406469,88.28125,98.4375,0.000265,0.06904,0.069305,1846.9098,183.3657,1764.0,1287.0684,1764.0
1145,custom,resnet34,20,6820,128,4,4,0.444839,88.28125,99.21875,0.000161,0.069329,0.06949,1841.9922,183.3657,1764.0,1287.0684,1764.0
1145,custom,resnet34,20,6821,128,4,4,0.459445,91.40625,98.4375,0.000247,0.068992,0.06924,1848.6508,183.3657,1764.0,1287.0684,1764.0
1145,custom,resnet34,20,6822,128,4,4,0.32788,91.40625,100.0,0.000205,0.068913,0.069119,1851.8862,183.3657,1764.0,1287.0684,1764.0
1145,custom,resnet34,20,6823,128,4,4,0.320876,92.96875,100.0,0.000157,0.06883,0.068987,1855.416,183.3657,1764.0,1287.0684,1764.0
1145,custom,resnet34,20,6824,128,4,4,0.299472,92.1875,99.21875,0.000154,0.069546,0.0697,1836.4445,183.3657,1764.0,1287.0684,1764.0
1145,custom,resnet34,20,6825,128,4,4,0.35041,90.625,99.21875,0.000237,0.06881,0.069048,1853.7921,183.3657,1764.0,1287.0684,1764.0
1145,custom,resnet34,20,6826,128,4,4,0.471977,85.15625,98.4375,0.000227,0.068757,0.068984,1855.5012,183.3657,1764.0,1287.0684,1764.0
1145,custom,resnet34,20,6827,128,4,4,0.376928,88.28125,99.21875,0.00016,0.06906,0.069221,1849.1541,183.3657,1764.0,1287.0684,1764.0
1145,custom,resnet34,20,6828,128,4,4,0.308076,92.96875,100.0,0.000161,0.069297,0.069458,1842.8336,183.3657,1764.0,1287.0684,1764.0
1145,custom,resnet34,20,6829,128,4,4,0.337609,89.0625,100.0,0.000246,0.068756,0.069002,1855.0214,183.3657,1764.0,1287.0684,1764.0
1145,custom,resnet34,20,6830,128,4,4,0.493069,83.59375,99.21875,0.000224,0.068969,0.069193,1849.8913,183.3657,1764.0,1287.0684,1764.0
1145,custom,resnet34,20,6831,128,4,4,0.322687,92.1875,100.0,0.000295,0.068767,0.069063,1853.3853,183.3657,1764.0,1287.0684,1764.0
1145,custom,resnet34,20,6832,128,4,4,0.409599,89.0625,97.65625,0.000158,0.069155,0.069312,1846.7157,183.3657,1764.0,1287.0684,1764.0
1145,custom,resnet34,20,6833,128,4,4,0.386134,88.28125,99.21875,0.000258,0.068627,0.068885,1858.1723,183.3657,1764.0,1287.0684,1764.0
1145,custom,resnet34,20,6834,128,4,4,0.359345,90.625,98.4375,0.000204,0.068887,0.069091,1852.6199,183.3657,1764.0,1287.0684,1764.0
1145,custom,resnet34,20,6835,128,4,4,0.394171,90.625,99.21875,0.000277,0.069024,0.069301,1847.0279,183.3657,1764.0,1287.0684,1764.0
1145,custom,resnet34,20,6836,128,4,4,0.470821,84.375,100.0,0.000163,0.069405,0.069568,1839.9248,183.3657,1764.0,1287.0684,1764.0
1145,custom,resnet34,20,6837,128,4,4,0.403998,92.96875,97.65625,0.000275,0.069045,0.069319,1846.5224,183.3657,1764.0,1287.0684,1764.0
1145,custom,resnet34,20,6838,128,4,4,0.455706,85.9375,98.4375,0.000194,0.069076,0.06927,1847.8466,183.3657,1764.0,1287.0684,1764.0
1145,custom,resnet34,20,6839,128,4,4,0.31262,91.40625,99.21875,0.000152,0.068771,0.068923,1857.1463,183.3657,1764.0,1287.0684,1764.0
1145,custom,resnet34,20,6840,128,4,4,0.413977,89.84375,98.4375,0.000177,0.069203,0.06938,1844.9106,183.3657,1764.0,1287.0684,1764.0
1145,custom,resnet34,20,6841,128,4,4,0.348347,93.75,98.4375,0.000808,0.068908,0.069715,1836.0399,183.3657,1764.0,1287.0684,1764.0
1145,custom,resnet34,20,6842,128,4,4,0.322013,91.40625,100.0,0.000295,0.068755,0.069051,1853.7106,183.3657,1764.0,1287.0684,1764.0
1145,custom,resnet34,20,6843,128,4,4,0.419005,89.0625,100.0,0.000132,0.068897,0.069029,1854.3001,183.3657,1764.0,1287.0684,1764.0
1145,custom,resnet34,20,6844,128,4,4,0.429759,87.5,98.4375,0.000171,0.069631,0.069801,1833.7721,183.3657,1764.0,1287.0684,1764.0
1145,custom,resnet34,20,6845,128,4,4,0.27819,92.1875,99.21875,0.000242,0.068962,0.069204,1849.5987,183.3657,1764.0,1287.0684,1764.0
1145,custom,resnet34,20,6846,128,4,4,0.330522,93.75,100.0,0.000168,0.068779,0.068948,1856.4841,183.3657,1764.0,1287.0684,1764.0
1145,custom,resnet34,20,6847,128,4,4,0.438497,85.9375,98.4375,0.00017,0.068876,0.069046,1853.8433,183.3657,1764.0,1287.0684,1764.0
1145,custom,resnet34,20,6848,128,4,4,0.475201,84.375,100.0,0.000155,0.069274,0.069429,1843.6095,183.3657,1764.0,1287.0684,1764.0
1145,custom,resnet34,20,6849,128,4,4,0.342404,92.1875,99.21875,0.00025,0.068698,0.068948,1856.4685,183.3657,1764.0,1287.0684,1764.0
1145,custom,resnet34,20,6850,128,4,4,0.373848,90.625,98.4375,0.000169,0.068834,0.069003,1855.0026,183.3657,1764.0,1287.0684,1764.0
1145,custom,resnet34,20,6851,128,4,4,0.271655,95.3125,100.0,0.000286,0.068963,0.069249,1848.3924,183.3657,1764.0,1287.0684,1764.0
1145,custom,resnet34,20,6852,128,4,4,0.514354,84.375,98.4375,0.000158,0.069264,0.069422,1843.8007,183.3657,1764.0,1287.0684,1764.0
1145,custom,resnet34,20,6853,128,4,4,0.374453,87.5,98.4375,0.000303,0.068811,0.069113,1852.0296,183.3657,1764.0,1287.0684,1764.0
1145,custom,resnet34,20,6854,128,4,4,0.357812,91.40625,100.0,0.000449,0.068868,0.069318,1846.5674,183.3657,1764.0,1287.0684,1764.0
1145,custom,resnet34,20,6855,128,4,4,0.397254,88.28125,100.0,0.000185,0.069047,0.069232,1848.8593,183.3657,1764.0,1287.0684,1764.0
1145,custom,resnet34,20,6856,128,4,4,0.366219,89.84375,99.21875,0.000149,0.069366,0.069515,1841.3268,183.3657,1764.0,1287.0684,1764.0
1145,custom,resnet34,20,6857,128,4,4,0.413153,87.5,97.65625,0.000275,0.068577,0.068852,1859.0479,183.3657,1764.0,1287.0684,1764.0
1145,custom,resnet34,20,6858,128,4,4,0.488235,87.5,96.875,0.000178,0.06897,0.069148,1851.1044,183.3657,1764.0,1287.0684,1764.0
1145,custom,resnet34,20,6859,128,4,4,0.381942,88.28125,99.21875,0.000153,0.069088,0.06924,1848.6316,183.3657,1764.0,1287.0684,1764.0
1145,custom,resnet34,20,6860,128,4,4,0.380488,89.0625,99.21875,0.000157,0.069362,0.069519,1841.2183,183.3657,1764.0,1287.0684,1764.0
1145,custom,resnet34,20,6861,128,4,4,0.498828,85.9375,97.65625,0.000175,0.068805,0.06898,1855.6074,183.3657,1764.0,1287.0684,1764.0
1145,custom,resnet34,20,6862,128,4,4,0.461222,86.71875,99.21875,0.000247,0.068964,0.069211,1849.4138,183.3657,1764.0,1287.0684,1764.0
1145,custom,resnet34,20,6863,128,4,4,0.367659,91.40625,100.0,0.000146,0.068861,0.069007,1854.8796,183.3657,1764.0,1287.0684,1764.0
1145,custom,resnet34,20,6864,128,4,4,0.464517,85.9375,97.65625,0.000129,0.069169,0.069298,1847.1027,183.3657,1764.0,1287.0684,1764.0
1145,custom,resnet34,20,6865,128,4,4,0.480055,82.8125,97.65625,0.000134,0.068911,0.069046,1853.8492,183.3657,1764.0,1287.0684,1764.0
1145,custom,resnet34,20,6866,128,4,4,0.476745,86.71875,97.65625,0.000249,0.069033,0.069282,1847.5118,183.3657,1764.0,1287.0684,1764.0
1145,custom,resnet34,20,6867,128,4,4,0.393202,89.0625,100.0,0.000221,0.068701,0.068923,1857.1557,183.3657,1764.0,1287.0684,1764.0
1145,custom,resnet34,20,6868,128,4,4,0.401765,89.84375,97.65625,0.00024,0.068765,0.069005,1854.9441,183.3657,1764.0,1287.0684,1764.0
1145,custom,resnet34,20,6869,128,4,4,0.398055,89.0625,98.4375,0.000243,0.06845,0.068693,1863.3584,183.3657,1764.0,1287.0684,1764.0
1145,custom,resnet34,20,6870,128,4,4,0.385156,88.28125,98.4375,0.000189,0.068638,0.068828,1859.7189,183.3657,1764.0,1287.0684,1764.0
1145,custom,resnet34,20,6871,128,4,4,0.414405,85.15625,100.0,0.000143,0.068543,0.068686,1863.5493,183.3657,1764.0,1287.0684,1764.0
1145,custom,resnet34,20,6872,128,4,4,0.273539,92.96875,100.0,0.000157,0.068732,0.068888,1858.0795,183.3657,1764.0,1287.0684,1764.0
1145,custom,resnet34,20,6873,128,4,4,0.464727,86.71875,98.4375,0.000236,0.068543,0.068779,1861.0332,183.3657,1764.0,1287.0684,1764.0
1145,custom,resnet34,20,6874,128,4,4,0.473042,86.71875,98.4375,0.000174,0.068507,0.068682,1863.6698,183.3657,1764.0,1287.0684,1764.0
1145,custom,resnet34,20,6875,128,4,4,0.369248,91.40625,100.0,0.000146,0.068656,0.068802,1860.4112,183.3657,1764.0,1287.0684,1764.0
1145,custom,resnet34,20,6876,128,4,4,0.390237,89.84375,100.0,0.000158,0.068868,0.069026,1854.3786,183.3657,1764.0,1287.0684,1764.0
1145,custom,resnet34,20,6877,128,4,4,0.361326,92.96875,97.65625,0.000228,0.068589,0.068817,1860.0057,183.3657,1764.0,1287.0684,1764.0
1145,custom,resnet34,20,6878,128,4,4,0.383106,85.9375,100.0,0.000172,0.068632,0.068803,1860.3723,183.3657,1764.0,1287.0684,1764.0
1145,custom,resnet34,20,6879,128,4,4,0.38421,92.96875,99.21875,0.000154,0.068664,0.068818,1859.9764,183.3657,1764.0,1287.0684,1764.0
1145,custom,resnet34,20,6880,128,4,4,0.368351,87.5,99.21875,0.000146,0.0688,0.068946,1856.5376,183.3657,1764.0,1287.0684,1764.0
1145,custom,resnet34,20,6881,128,4,4,0.36653,92.96875,99.21875,0.000229,0.068539,0.068768,1861.3337,183.3657,1764.0,1287.0684,1764.0
1145,custom,resnet34,20,6882,128,4,4,0.374627,90.625,99.21875,0.00023,0.06864,0.06887,1858.5632,183.3657,1764.0,1287.0684,1764.0
1145,custom,resnet34,20,6883,128,4,4,0.438945,88.28125,97.65625,0.000212,0.068514,0.068727,1862.4501,183.3657,1764.0,1287.0684,1764.0
1145,custom,resnet34,20,6884,128,4,4,0.393913,90.625,98.4375,0.000152,0.068866,0.069018,1854.5821,183.3657,1764.0,1287.0684,1764.0
1145,custom,resnet34,20,6885,128,4,4,0.369706,89.84375,99.21875,0.000402,0.068518,0.06892,1857.2272,183.3657,1764.0,1287.0684,1764.0
1145,custom,resnet34,20,6886,128,4,4,0.427979,87.5,98.4375,0.000805,0.068799,0.069604,1838.9655,183.3657,1764.0,1287.0684,1764.0
1145,custom,resnet34,20,6887,128,4,4,0.455214,85.15625,100.0,0.000138,0.068575,0.068713,1862.8284,183.3657,1764.0,1287.0684,1764.0
1145,custom,resnet34,20,6888,128,4,4,0.506907,86.71875,98.4375,0.000151,0.069145,0.069296,1847.1526,183.3657,1764.0,1287.0684,1764.0
1145,custom,resnet34,20,6889,128,4,4,0.346887,88.28125,100.0,0.000243,0.068837,0.06908,1852.931,183.3657,1764.0,1287.0684,1764.0
1145,custom,resnet34,20,6890,128,4,4,0.388383,92.96875,96.875,0.000165,0.069005,0.06917,1850.5143,183.3657,1764.0,1287.0684,1764.0
1145,custom,resnet34,20,6891,128,4,4,0.357569,89.0625,100.0,0.000267,0.069002,0.069268,1847.8853,183.3657,1764.0,1287.0684,1764.0
1145,custom,resnet34,20,6892,128,4,4,0.311163,90.625,100.0,0.000143,0.069285,0.069428,1843.6276,183.3657,1764.0,1287.0684,1764.0
1145,custom,resnet34,20,6893,128,4,4,0.365613,89.84375,99.21875,0.000221,0.069007,0.069228,1848.9744,183.3657,1764.0,1287.0684,1764.0
1145,custom,resnet34,20,6894,128,4,4,0.391585,89.84375,98.4375,0.000167,0.068909,0.069076,1853.0364,183.3657,1764.0,1287.0684,1764.0
1145,custom,resnet34,20,6895,128,4,4,0.366207,91.40625,100.0,0.000247,0.069079,0.069326,1846.3431,183.3657,1764.0,1287.0684,1764.0
1145,custom,resnet34,20,6896,128,4,4,0.311288,93.75,98.4375,0.000144,0.069267,0.069411,1844.1,183.3657,1764.0,1287.0684,1764.0
1145,custom,resnet34,20,6897,128,4,4,0.422632,88.28125,96.875,0.000278,0.068906,0.069184,1850.1313,183.3657,1764.0,1287.0684,1764.0
1145,custom,resnet34,20,6898,128,4,4,0.451921,87.5,97.65625,0.000148,0.068874,0.069023,1854.4658,183.3657,1764.0,1287.0684,1764.0
1145,custom,resnet34,20,6899,128,4,4,0.364348,89.0625,100.0,0.00028,0.068979,0.069259,1848.1351,183.3657,1764.0,1287.0684,1764.0
1145,custom,resnet34,20,6900,128,4,4,0.316179,89.84375,100.0,0.000139,0.069239,0.069378,1844.9549,183.3657,1764.0,1287.0684,1764.0
1145,custom,resnet34,20,6901,128,4,4,0.523204,85.15625,96.875,0.000279,0.068656,0.068935,1856.8301,183.3657,1764.0,1287.0684,1764.0
1145,custom,resnet34,20,6902,128,4,4,0.377039,88.28125,100.0,0.000167,0.069041,0.069208,1849.507,183.3657,1764.0,1287.0684,1764.0
1145,custom,resnet34,20,6903,128,4,4,0.405179,87.5,97.65625,0.000151,0.068976,0.069127,1851.6657,183.3657,1764.0,1287.0684,1764.0
1145,custom,resnet34,20,6904,128,4,4,0.421311,87.5,100.0,0.000147,0.069273,0.06942,1843.8502,183.3657,1764.0,1287.0684,1764.0
1145,custom,resnet34,20,6905,128,4,4,0.322586,88.28125,100.0,0.00025,0.068932,0.069182,1850.1805,183.3657,1764.0,1287.0684,1764.0
1145,custom,resnet34,20,6906,128,4,4,0.459607,90.625,95.3125,0.000264,0.068957,0.069221,1849.1452,183.3657,1764.0,1287.0684,1764.0
1145,custom,resnet34,20,6907,128,4,4,0.559421,82.03125,99.21875,0.000183,0.068995,0.069178,1850.2982,183.3657,1764.0,1287.0684,1764.0
1145,custom,resnet34,20,6908,128,4,4,0.31946,91.40625,99.21875,0.000157,0.06942,0.069577,1839.6813,183.3657,1764.0,1287.0684,1764.0
1145,custom,resnet34,20,6909,128,4,4,0.28133,96.09375,100.0,0.000245,0.068882,0.069127,1851.6523,183.3657,1764.0,1287.0684,1764.0
1145,custom,resnet34,20,6910,128,4,4,0.327812,90.625,100.0,0.000251,0.069157,0.069408,1844.1751,183.3657,1764.0,1287.0684,1764.0
1145,custom,resnet34,20,6911,128,4,4,0.327415,91.40625,100.0,0.00016,0.068937,0.069096,1852.4835,183.3657,1764.0,1287.0684,1764.0
1145,custom,resnet34,20,6912,128,4,4,0.367118,91.40625,100.0,0.00014,0.069132,0.069272,1847.7856,183.3657,1764.0,1287.0684,1764.0
1145,custom,resnet34,20,6913,128,4,4,0.435588,89.0625,96.875,0.00015,0.068911,0.069061,1853.4384,183.3657,1764.0,1287.0684,1764.0
1145,custom,resnet34,20,6914,128,4,4,0.373477,88.28125,99.21875,0.000238,0.068937,0.069175,1850.3723,183.3657,1764.0,1287.0684,1764.0
1145,custom,resnet34,20,6915,128,4,4,0.405593,86.71875,99.21875,0.000237,0.068779,0.069017,1854.6263,183.3657,1764.0,1287.0684,1764.0
1145,custom,resnet34,20,6916,128,4,4,0.430208,87.5,97.65625,0.000138,0.069379,0.069517,1841.2727,183.3657,1764.0,1287.0684,1764.0
1145,custom,resnet34,20,6917,128,4,4,0.422162,87.5,100.0,0.000143,0.068974,0.069117,1851.939,183.3657,1764.0,1287.0684,1764.0
1145,custom,resnet34,20,6918,128,4,4,0.340709,93.75,100.0,0.000159,0.068762,0.068921,1857.1925,183.3657,1764.0,1287.0684,1764.0
1145,custom,resnet34,20,6919,128,4,4,0.417309,91.40625,97.65625,0.000283,0.068909,0.069192,1849.9362,183.3657,1764.0,1287.0684,1764.0
1145,custom,resnet34,20,6920,128,4,4,0.393621,91.40625,99.21875,0.000149,0.069289,0.069438,1843.382,183.3657,1764.0,1287.0684,1764.0
1145,custom,resnet34,20,6921,128,4,4,0.401454,90.625,97.65625,0.00014,0.068923,0.069063,1853.3924,183.3657,1764.0,1287.0684,1764.0
1145,custom,resnet34,20,6922,128,4,4,0.466451,89.0625,100.0,0.000477,0.070865,0.071342,1794.1743,183.3657,1764.0,1287.0684,1764.0
1145,custom,resnet34,20,6923,128,4,4,0.329493,93.75,100.0,0.000166,0.068819,0.068984,1855.4964,183.3657,1764.0,1287.0684,1764.0
1145,custom,resnet34,20,6924,128,4,4,0.415353,90.625,97.65625,0.000161,0.06915,0.069311,1846.7537,183.3657,1764.0,1287.0684,1764.0
1145,custom,resnet34,20,6925,128,4,4,0.388089,87.5,98.4375,0.000147,0.068945,0.069093,1852.5775,183.3657,1764.0,1287.0684,1764.0
1145,custom,resnet34,20,6926,128,4,4,0.362784,91.40625,97.65625,0.000427,0.070251,0.070678,1811.0338,183.3657,1764.0,1287.0684,1764.0
1145,custom,resnet34,20,6927,128,4,4,0.40792,88.28125,98.4375,0.000262,0.068869,0.06913,1851.5769,183.3657,1764.0,1287.0684,1764.0
1145,custom,resnet34,20,6928,128,4,4,0.432783,85.9375,99.21875,0.000156,0.069759,0.069915,1830.785,183.3657,1764.0,1287.0684,1764.0
1145,custom,resnet34,20,6929,128,4,4,0.510657,85.9375,99.21875,0.000267,0.068754,0.069021,1854.5118,183.3657,1764.0,1287.0684,1764.0
1145,custom,resnet34,20,6930,128,4,4,0.274827,90.625,100.0,0.000195,0.069139,0.069334,1846.1423,183.3657,1764.0,1287.0684,1764.0
1145,custom,resnet34,20,6931,128,4,4,0.489809,85.15625,97.65625,0.000296,0.06901,0.069306,1846.8784,183.3657,1764.0,1287.0684,1764.0
1145,custom,resnet34,20,6932,128,4,4,0.316163,94.53125,98.4375,0.000172,0.069505,0.069676,1837.0623,183.3657,1764.0,1287.0684,1764.0
1145,custom,resnet34,20,6933,128,4,4,0.396683,88.28125,97.65625,0.000261,0.068863,0.069123,1851.7646,183.3657,1764.0,1287.0684,1764.0
1145,custom,resnet34,20,6934,128,4,4,0.48523,85.9375,97.65625,0.000207,0.068895,0.069102,1852.332,183.3657,1764.0,1287.0684,1764.0
1145,custom,resnet34,20,6935,128,4,4,0.428196,88.28125,96.875,0.000306,0.069326,0.069632,1838.2378,183.3657,1764.0,1287.0684,1764.0
1145,custom,resnet34,20,6936,128,4,4,0.323947,91.40625,99.21875,0.000187,0.069407,0.069594,1839.2316,183.3657,1764.0,1287.0684,1764.0
1145,custom,resnet34,20,6937,128,4,4,0.394481,89.0625,98.4375,0.000263,0.068922,0.069185,1850.1176,183.3657,1764.0,1287.0684,1764.0
1145,custom,resnet34,20,6938,128,4,4,0.474995,89.84375,97.65625,0.000213,0.069094,0.069307,1846.866,183.3657,1764.0,1287.0684,1764.0
1145,custom,resnet34,20,6939,128,4,4,0.44704,83.59375,99.21875,0.000468,0.069057,0.069525,1841.0608,183.3657,1764.0,1287.0684,1764.0
1145,custom,resnet34,20,6940,128,4,4,0.358849,88.28125,99.21875,0.000158,0.069182,0.06934,1845.9782,183.3657,1764.0,1287.0684,1764.0
1145,custom,resnet34,20,6941,128,4,4,0.355332,92.1875,99.21875,0.000168,0.068801,0.068969,1855.8985,183.3657,1764.0,1287.0684,1764.0
1145,custom,resnet34,20,6942,128,4,4,0.333236,90.625,99.21875,0.001325,0.069686,0.071011,1802.5335,183.3657,1764.0,1287.0684,1764.0
1145,custom,resnet34,20,6943,128,4,4,0.378034,86.71875,99.21875,0.000225,0.068829,0.069054,1853.6105,183.3657,1764.0,1287.0684,1764.0
1145,custom,resnet34,20,6944,128,4,4,0.416262,85.15625,99.21875,0.000187,0.069252,0.069439,1843.3388,183.3657,1764.0,1287.0684,1764.0
1145,custom,resnet34,20,6945,128,4,4,0.315101,93.75,99.21875,0.000531,0.068842,0.069373,1845.0943,183.3657,1764.0,1287.0684,1764.0
1145,custom,resnet34,20,6946,128,4,4,0.399458,87.5,98.4375,0.000437,0.068943,0.06938,1844.911,183.3657,1764.0,1287.0684,1764.0
1145,custom,resnet34,20,6947,128,4,4,0.456303,86.71875,97.65625,0.000174,0.068916,0.06909,1852.6458,183.3657,1764.0,1287.0684,1764.0
1145,custom,resnet34,20,6948,128,4,4,0.366568,89.0625,98.4375,0.000272,0.069132,0.069403,1844.298,183.3657,1764.0,1287.0684,1764.0
1145,custom,resnet34,20,6949,128,4,4,0.359432,89.84375,100.0,0.00025,0.06911,0.06936,1845.4554,183.3657,1764.0,1287.0684,1764.0
1145,custom,resnet34,20,6950,128,4,4,0.548006,82.03125,96.875,0.000324,0.069141,0.069466,1842.638,183.3657,1764.0,1287.0684,1764.0
1145,custom,resnet34,20,6951,128,4,4,0.317526,94.53125,100.0,0.00066,0.06894,0.0696,1839.0805,183.3657,1764.0,1287.0684,1764.0
1145,custom,resnet34,20,6952,128,4,4,0.529684,83.59375,97.65625,0.000286,0.069162,0.069448,1843.1113,183.3657,1764.0,1287.0684,1764.0
1145,custom,resnet34,20,6953,128,4,4,0.352209,93.75,97.65625,0.000749,0.069019,0.069768,1834.6579,183.3657,1764.0,1287.0684,1764.0
1145,custom,resnet34,20,6954,128,4,4,0.432194,89.0625,99.21875,0.000321,0.068978,0.069299,1847.063,183.3657,1764.0,1287.0684,1764.0
1145,custom,resnet34,20,6955,128,4,4,0.379191,87.5,100.0,0.000349,0.06892,0.069269,1847.8663,183.3657,1764.0,1287.0684,1764.0
1145,custom,resnet34,20,6956,128,4,4,0.316786,95.3125,98.4375,0.000469,0.069208,0.069677,1837.06,183.3657,1764.0,1287.0684,1764.0
1145,custom,resnet34,20,6957,128,4,4,0.306129,92.96875,99.21875,0.000298,0.068966,0.069264,1848.0146,183.3657,1764.0,1287.0684,1764.0
1145,custom,resnet34,20,6958,128,4,4,0.416141,86.71875,97.65625,0.000386,0.068671,0.069057,1853.5403,183.3657,1764.0,1287.0684,1764.0
1145,custom,resnet34,20,6959,128,4,4,0.348312,90.625,100.0,0.000296,0.069032,0.069328,1846.3044,183.3657,1764.0,1287.0684,1764.0
1145,custom,resnet34,20,6960,128,4,4,0.400909,87.5,99.21875,0.000184,0.06937,0.069554,1840.3016,183.3657,1764.0,1287.0684,1764.0
1145,custom,resnet34,20,6961,128,4,4,0.428442,90.625,100.0,0.000279,0.06881,0.069089,1852.6818,183.3657,1764.0,1287.0684,1764.0
1145,custom,resnet34,20,6962,128,4,4,0.29405,92.1875,100.0,0.000214,0.0688,0.069014,1854.7006,183.3657,1764.0,1287.0684,1764.0
1145,custom,resnet34,20,6963,128,4,4,0.345318,89.84375,99.21875,0.000338,0.06884,0.069178,1850.2923,183.3657,1764.0,1287.0684,1764.0
1145,custom,resnet34,20,6964,128,4,4,0.263679,92.96875,99.21875,0.000283,0.069482,0.069765,1834.7315,183.3657,1764.0,1287.0684,1764.0
1145,custom,resnet34,20,6965,128,4,4,0.377506,90.625,96.875,0.000281,0.068837,0.069118,1851.8949,183.3657,1764.0,1287.0684,1764.0
1145,custom,resnet34,20,6966,128,4,4,0.418463,82.8125,100.0,0.0003,0.068981,0.069281,1847.5454,183.3657,1764.0,1287.0684,1764.0
1145,custom,resnet34,20,6967,128,4,4,0.348335,89.0625,99.21875,0.00018,0.069205,0.069386,1844.759,183.3657,1764.0,1287.0684,1764.0
1145,custom,resnet34,20,6968,128,4,4,0.348885,92.1875,99.21875,0.000468,0.069452,0.06992,1830.6621,183.3657,1764.0,1287.0684,1764.0
1145,custom,resnet34,20,6969,128,4,4,0.421577,89.0625,97.65625,0.000833,0.068661,0.069494,1841.8858,183.3657,1764.0,1287.0684,1764.0
1145,custom,resnet34,20,6970,128,4,4,0.264389,92.1875,99.21875,0.000187,0.068783,0.06897,1855.8799,183.3657,1764.0,1287.0684,1764.0
1145,custom,resnet34,20,6971,128,4,4,0.450904,85.9375,98.4375,0.000301,0.068633,0.068934,1856.8588,183.3657,1764.0,1287.0684,1764.0
1145,custom,resnet34,20,6972,128,4,4,0.342613,92.96875,100.0,0.000191,0.069272,0.069463,1842.6992,183.3657,1764.0,1287.0684,1764.0
1145,custom,resnet34,20,6973,128,4,4,0.425266,88.28125,98.4375,0.000274,0.06863,0.068903,1857.6757,183.3657,1764.0,1287.0684,1764.0
1145,custom,resnet34,20,6974,128,4,4,0.335469,92.1875,100.0,0.000194,0.068864,0.069058,1853.5153,183.3657,1764.0,1287.0684,1764.0
1145,custom,resnet34,20,6975,128,4,4,0.543304,87.5,97.65625,0.000271,0.068857,0.069128,1851.6468,183.3657,1764.0,1287.0684,1764.0
1145,custom,resnet34,20,6976,128,4,4,0.313322,93.75,100.0,0.000193,0.069269,0.069462,1842.7298,183.3657,1764.0,1287.0684,1764.0
1145,custom,resnet34,20,6977,128,4,4,0.371471,90.625,99.21875,0.000273,0.069072,0.069345,1845.85,183.3657,1764.0,1287.0684,1764.0
1145,custom,resnet34,20,6978,128,4,4,0.524923,85.15625,96.875,0.000211,0.069182,0.069393,1844.5644,183.3657,1764.0,1287.0684,1764.0
1145,custom,resnet34,20,6979,128,4,4,0.41784,88.28125,99.21875,0.000186,0.068882,0.069068,1853.2404,183.3657,1764.0,1287.0684,1764.0
1145,custom,resnet34,20,6980,128,4,4,0.400477,91.40625,98.4375,0.000177,0.069183,0.06936,1845.4503,183.3657,1764.0,1287.0684,1764.0
1145,custom,resnet34,20,6981,128,4,4,0.351923,92.96875,98.4375,0.000267,0.069157,0.069425,1843.7206,183.3657,1764.0,1287.0684,1764.0
1145,custom,resnet34,20,6982,128,4,4,0.503865,85.9375,98.4375,0.00019,0.069134,0.069324,1846.4005,183.3657,1764.0,1287.0684,1764.0
1145,custom,resnet34,20,6983,128,4,4,0.59725,84.375,95.3125,0.000283,0.06893,0.069213,1849.3613,183.3657,1764.0,1287.0684,1764.0
1145,custom,resnet34,20,6984,128,4,4,0.337637,89.0625,100.0,0.000185,0.069305,0.06949,1841.9844,183.3657,1764.0,1287.0684,1764.0
1145,custom,resnet34,20,6985,128,4,4,0.335739,91.40625,99.21875,0.000277,0.068916,0.069193,1849.8954,183.3657,1764.0,1287.0684,1764.0
1145,custom,resnet34,20,6986,128,4,4,0.382224,90.625,99.21875,0.000189,0.068945,0.069134,1851.4843,183.3657,1764.0,1287.0684,1764.0
1145,custom,resnet34,20,6987,128,4,4,0.444014,88.28125,98.4375,0.000172,0.069042,0.069214,1849.3272,183.3657,1764.0,1287.0684,1764.0
1145,custom,resnet34,20,6988,128,4,4,0.435455,88.28125,97.65625,0.000178,0.069333,0.06951,1841.4496,183.3657,1764.0,1287.0684,1764.0
1145,custom,resnet34,20,6989,128,4,4,0.329197,92.96875,100.0,0.000271,0.068995,0.069266,1847.9421,183.3657,1764.0,1287.0684,1764.0
1145,custom,resnet34,20,6990,128,4,4,0.414871,89.84375,98.4375,0.000177,0.068878,0.069056,1853.5765,183.3657,1764.0,1287.0684,1764.0
1145,custom,resnet34,20,6991,128,4,4,0.402413,89.84375,98.4375,0.000172,0.069072,0.069244,1848.5391,183.3657,1764.0,1287.0684,1764.0
1145,custom,resnet34,20,6992,128,4,4,0.31486,92.1875,99.21875,0.000175,0.069266,0.069441,1843.2965,183.3657,1764.0,1287.0684,1764.0
1145,custom,resnet34,20,6993,128,4,4,0.331303,95.3125,98.4375,0.000259,0.068922,0.069182,1850.2054,183.3657,1764.0,1287.0684,1764.0
1145,custom,resnet34,20,6994,128,4,4,0.315732,91.40625,100.0,0.000184,0.06879,0.068975,1855.7529,183.3657,1764.0,1287.0684,1764.0
1145,custom,resnet34,20,6995,128,4,4,0.516513,85.15625,97.65625,0.000286,0.069031,0.069317,1846.5846,183.3657,1764.0,1287.0684,1764.0
1145,custom,resnet34,20,6996,128,4,4,0.319979,89.0625,100.0,0.000179,0.069336,0.069515,1841.3208,183.3657,1764.0,1287.0684,1764.0
1145,custom,resnet34,20,6997,128,4,4,0.367075,89.84375,100.0,0.000252,0.068878,0.06913,1851.5909,183.3657,1764.0,1287.0684,1764.0
1145,custom,resnet34,20,6998,128,4,4,0.437804,88.28125,98.4375,0.000428,0.068874,0.069301,1847.0103,183.3657,1764.0,1287.0684,1764.0
1145,custom,resnet34,20,6999,128,4,4,0.297964,94.53125,100.0,0.000289,0.069043,0.069332,1846.1796,183.3657,1764.0,1287.0684,1764.0
1145,custom,resnet34,20,7000,128,4,4,0.455343,87.5,99.21875,0.000184,0.06916,0.069344,1845.8569,183.3657,1764.0,1287.0684,1764.0
1145,custom,resnet34,20,7001,128,4,4,0.361426,88.28125,100.0,0.00093,0.068897,0.069827,1833.108,183.3657,1764.0,1287.0684,1764.0
1145,custom,resnet34,20,7002,128,4,4,0.410096,89.84375,98.4375,0.000444,0.070422,0.070866,1806.214,183.3657,1764.0,1287.0684,1764.0
1145,custom,resnet34,20,7003,128,4,4,0.424794,88.28125,100.0,0.000312,0.068925,0.069237,1848.7208,183.3657,1764.0,1287.0684,1764.0
1145,custom,resnet34,20,7004,128,4,4,0.448501,92.96875,97.65625,0.000257,0.069244,0.069501,1841.6978,183.3657,1764.0,1287.0684,1764.0
1145,custom,resnet34,20,7005,128,4,4,0.439729,90.625,96.875,0.000256,0.068843,0.069098,1852.4307,183.3657,1764.0,1287.0684,1764.0
1145,custom,resnet34,20,7006,128,4,4,0.373855,88.28125,98.4375,0.000273,0.069085,0.069358,1845.4972,183.3657,1764.0,1287.0684,1764.0
1145,custom,resnet34,20,7007,128,4,4,0.301631,92.1875,100.0,0.000305,0.068914,0.069218,1849.2237,183.3657,1764.0,1287.0684,1764.0
1145,custom,resnet34,20,7008,128,4,4,0.455949,85.9375,98.4375,0.000286,0.069089,0.069376,1845.03,183.3657,1764.0,1287.0684,1764.0
1145,custom,resnet34,20,7009,128,4,4,0.470535,88.28125,96.09375,0.000493,0.070995,0.071488,1790.5202,183.3657,1764.0,1287.0684,1764.0
1145,custom,resnet34,20,7010,128,4,4,0.367537,89.84375,100.0,0.000468,0.071906,0.072373,1768.6092,183.3657,1764.0,1287.0684,1764.0
1145,custom,resnet34,20,7011,128,4,4,0.457612,84.375,100.0,0.000295,0.068918,0.069213,1849.3595,183.3657,1764.0,1287.0684,1764.0
1145,custom,resnet34,20,7012,128,4,4,0.352733,87.5,100.0,0.000175,0.069236,0.069412,1844.0741,183.3657,1764.0,1287.0684,1764.0
1145,custom,resnet34,20,7013,128,4,4,0.421581,86.71875,99.21875,0.000447,0.069628,0.070075,1826.626,183.3657,1764.0,1287.0684,1764.0
1145,custom,resnet34,20,7014,128,4,4,0.319011,92.96875,99.21875,0.000315,0.069183,0.069498,1841.7816,183.3657,1764.0,1287.0684,1764.0
1145,custom,resnet34,20,7015,128,4,4,0.360305,92.1875,100.0,0.000543,0.068793,0.069336,1846.0893,183.3657,1764.0,1287.0684,1764.0
1145,custom,resnet34,20,7016,128,4,4,0.467597,85.9375,96.875,0.000182,0.069093,0.069275,1847.7134,183.3657,1764.0,1287.0684,1764.0
1145,custom,resnet34,20,7017,128,4,4,0.330218,93.75,98.4375,0.000194,0.068977,0.069172,1850.4612,183.3657,1764.0,1287.0684,1764.0
1145,custom,resnet34,20,7018,128,4,4,0.38146,90.625,100.0,0.000274,0.068739,0.069012,1854.7369,183.3657,1764.0,1287.0684,1764.0
1145,custom,resnet34,20,7019,128,4,4,0.289989,89.84375,100.0,0.000295,0.06891,0.069205,1849.5692,183.3657,1764.0,1287.0684,1764.0
1145,custom,resnet34,20,7020,128,4,4,0.494957,86.71875,98.4375,0.000181,0.069312,0.069493,1841.9125,183.3657,1764.0,1287.0684,1764.0
1145,custom,resnet34,20,7021,128,4,4,0.470234,88.28125,98.4375,0.00018,0.068816,0.068996,1855.1746,183.3657,1764.0,1287.0684,1764.0
1145,custom,resnet34,20,7022,128,4,4,0.371226,90.625,97.65625,0.00029,0.068632,0.068922,1857.1726,183.3657,1764.0,1287.0684,1764.0
1145,custom,resnet34,20,7023,128,4,4,0.332005,90.625,99.21875,0.000221,0.068769,0.06899,1855.3423,183.3657,1764.0,1287.0684,1764.0
1145,custom,resnet34,20,7024,128,4,4,0.389827,88.28125,98.4375,0.0002,0.069139,0.069339,1846.0057,183.3657,1764.0,1287.0684,1764.0
1145,custom,resnet34,20,7025,128,4,4,0.411101,88.28125,99.21875,0.000269,0.068989,0.069258,1848.1751,183.3657,1764.0,1287.0684,1764.0
1145,custom,resnet34,20,7026,128,4,4,0.425091,86.71875,99.21875,0.000277,0.068811,0.069088,1852.6975,183.3657,1764.0,1287.0684,1764.0
1145,custom,resnet34,20,7027,128,4,4,0.485432,84.375,99.21875,0.000303,0.069004,0.069307,1846.8557,183.3657,1764.0,1287.0684,1764.0
1145,custom,resnet34,20,7028,128,4,4,0.417169,92.1875,99.21875,0.000182,0.069088,0.06927,1847.8312,183.3657,1764.0,1287.0684,1764.0
1145,custom,resnet34,20,7029,128,4,4,0.377448,89.0625,99.21875,0.00026,0.068938,0.069197,1849.786,183.3657,1764.0,1287.0684,1764.0
1145,custom,resnet34,20,7030,128,4,4,0.373129,92.1875,99.21875,0.000627,0.068643,0.06927,1847.8433,183.3657,1764.0,1287.0684,1764.0
1145,custom,resnet34,20,7031,128,4,4,0.328386,92.1875,99.21875,0.000282,0.068841,0.069123,1851.774,183.3657,1764.0,1287.0684,1764.0
1145,custom,resnet34,20,7032,128,4,4,0.391436,88.28125,99.21875,0.003634,0.069275,0.072909,1755.6043,183.3657,1764.0,1287.0684,1764.0
1145,custom,resnet34,20,7033,128,4,4,0.304102,94.53125,99.21875,0.00013,0.068856,0.068987,1855.4263,183.3657,1764.0,1287.0684,1764.0
1145,custom,resnet34,20,7034,128,4,4,0.265608,94.53125,99.21875,0.000119,0.068728,0.068847,1859.2053,183.3657,1764.0,1287.0684,1764.0
1145,custom,resnet34,20,7035,128,4,4,0.421396,87.5,98.4375,0.000122,0.068905,0.069027,1854.3529,183.3657,1764.0,1287.0684,1764.0
1145,custom,resnet34,20,7036,128,4,4,0.330281,91.40625,99.21875,0.000137,0.069353,0.06949,1841.9849,183.3657,1764.0,1287.0684,1764.0
1145,custom,resnet34,20,7037,128,4,4,0.496554,84.375,96.875,0.000119,0.068829,0.068948,1856.4665,183.3657,1764.0,1287.0684,1764.0
1145,custom,resnet34,20,7038,128,4,4,0.352448,92.1875,98.4375,0.000126,0.068961,0.069086,1852.7577,183.3657,1764.0,1287.0684,1764.0
1145,custom,resnet34,20,7039,128,4,4,0.330249,89.84375,99.21875,0.000301,0.069061,0.069361,1845.4067,183.3657,1764.0,1287.0684,1764.0
1145,custom,resnet34,20,7040,128,4,4,0.49558,83.333333,100.0,0.000136,0.038904,0.03904,1844.2657,182.1885,1764.0,1287.0684,1764.0
